,danceability,energy,key,loudness,mode,speechiness,acousticness,instrumentalness,liveness,valence,tempo,time_signature
mean,0.733,0.6947,5.62,-5.4881,0.6,0.09072399999999994,0.18775080000000005,0.0102252166,0.176782,0.533484,113.82361999999999,3.98
std,0.09873072015356121,0.13894504125659152,3.596426798126957,1.9277437086195999,0.49487165930539356,0.07554517113378362,0.20457089817209773,0.0702572798660834,0.13055113735738239,0.21150628818750788,27.841101637752654,0.1414213562373094
min,0.42700000000000005,0.34700000000000003,0.0,-10.177999999999999,0.0,0.0314,0.0010400000000000001,0.0,0.0501,0.0499,75.023,3.0
max,0.922,0.895,11.0,-2.384,1.0,0.368,0.9840000000000001,0.49700000000000005,0.636,0.917,180.07299999999998,4.0
