,danceability,energy,key,loudness,mode,speechiness,acousticness,instrumentalness,liveness,valence,tempo,time_signature
mean,0.7158199999999999,0.6658600000000001,4.3,-5.662420000000001,0.66,0.09425400000000002,0.19681899999999997,0.0010823821999999999,0.148378,0.5130939999999999,118.94567999999998,3.96
std,0.12678339072317518,0.1924498354992113,3.5528086044131113,2.147204315155036,0.47851812069840666,0.06733815733039523,0.19193476961920036,0.006786161351086545,0.11159833092527022,0.2355142982010707,31.435748115306236,0.1979486637221575
min,0.258,0.134,0.0,-14.898,0.0,0.0232,0.0026100000000000003,0.0,0.0494,0.0967,74.931,3.0
max,0.9359999999999999,0.97,11.0,-2.082,1.0,0.368,0.835,0.0479,0.6970000000000001,0.893,186.125,4.0
