,danceability,energy,key,loudness,mode,speechiness,acousticness,instrumentalness,liveness,valence,tempo,time_signature
mean,0.74982,0.6789999999999999,5.18,-5.28918,0.48,0.12729599999999996,0.27074,0.00031373179999999993,0.15363200000000002,0.6623,124.23108000000003,3.98
std,0.09518846826058246,0.14077061961552478,3.826278631159172,2.3349188395631524,0.5046720495044485,0.09202434008101844,0.20999498147550563,0.001467670701108601,0.10158289756426042,0.19708800996881926,35.630940242504096,0.14142135623730948
min,0.518,0.316,0.0,-12.595,0.0,0.0287,0.0105,0.0,0.0462,0.154,88.792,3.0
max,0.966,0.9109999999999999,11.0,-1.8659999999999999,1.0,0.37799999999999995,0.871,0.00853,0.499,0.961,189.993,4.0
