,danceability,energy,key,loudness,mode,speechiness,acousticness,instrumentalness,liveness,valence,tempo,time_signature
mean,0.7317000000000004,0.66558,5.32,-5.5850599999999995,0.5,0.11241200000000004,0.2383992,0.0017884574,0.16189200000000004,0.53612,119.32082,4.04
std,0.12285668604566237,0.14390289951837631,3.678065152400936,2.3527372543833414,0.5050762722761054,0.08169085238424989,0.22683550803494013,0.0061154016255933205,0.12194194309471326,0.23022239824365748,29.14389366972513,0.1979486637221575
min,0.35100000000000003,0.29600000000000004,0.0,-14.238,0.0,0.0277,0.00966,0.0,0.0433,0.12,70.27600000000001,4.0
max,0.9309999999999999,0.895,11.0,-1.358,1.0,0.41200000000000003,0.934,0.0384,0.506,0.965,180.113,5.0
