,danceability,energy,key,loudness,mode,speechiness,acousticness,instrumentalness,liveness,valence,tempo,time_signature
mean,0.65286,0.6497599999999999,5.34,-6.417860000000001,0.62,0.08262400000000003,0.22911164000000003,0.003868796,0.14892599999999992,0.52171,123.07657999999998,3.86
std,0.14082512096170038,0.17189265278548893,3.6455732171542867,2.2405554159263135,0.4903143514780145,0.08914183964620767,0.2402466492632834,0.015674274855904922,0.11921056796394235,0.23843798855835685,32.661054587676496,0.3505098327538656
min,0.36,0.147,0.0,-11.377,0.0,0.0232,0.00016,0.0,0.0408,0.0765,75.016,3.0
max,0.9129999999999999,0.914,11.0,-1.3969999999999998,1.0,0.431,0.9159999999999999,0.085,0.727,0.946,189.891,4.0
