,danceability,energy,key,loudness,mode,speechiness,acousticness,instrumentalness,liveness,valence,tempo,time_signature
mean,0.6628399999999999,0.6542800000000001,5.6,-6.2373199999999995,0.68,0.07352000000000002,0.28301319999999996,0.0007970024,0.14746400000000004,0.5015839999999998,117.16439999999992,3.96
std,0.15875232410318682,0.18117992410297334,3.597050946289763,2.6064600471027477,0.4712120714991613,0.06817675706633189,0.253915769027801,0.0033779647894840665,0.11418028844501907,0.23810313265388136,29.989448868369877,0.19794866372215744
min,0.306,0.214,0.0,-12.963,0.0,0.027000000000000003,0.00223,0.0,0.0377,0.0862,66.98,3.0
max,0.912,0.953,11.0,-1.7080000000000002,1.0,0.35200000000000004,0.8440000000000001,0.0177,0.636,0.976,197.989,4.0
