,danceability,energy,key,loudness,mode,speechiness,acousticness,instrumentalness,liveness,valence,tempo,time_signature
mean,0.7443000000000001,0.6978200000000001,5.3,-5.1322399999999995,0.66,0.11338000000000001,0.1544742,0.0010888725999999998,0.15759199999999998,0.5853,113.67884,4.0
std,0.09315890527830961,0.14932756624554064,3.677010764638214,1.8614768501578176,0.4785181206984066,0.07984273061871733,0.1628778473692253,0.006766932962442514,0.1310946080554974,0.19883499979343966,30.995948854029823,0.0
min,0.483,0.327,0.0,-9.441,0.0,0.0314,0.00175,0.0,0.0215,0.162,74.931,4.0
max,0.9359999999999999,0.9420000000000001,11.0,-2.082,1.0,0.39,0.845,0.0479,0.6970000000000001,0.9259999999999999,212.11700000000002,4.0
