,danceability,energy,key,loudness,mode,speechiness,acousticness,instrumentalness,liveness,valence,tempo,time_signature
mean,0.70016,0.7168000000000002,5.08,-5.416079999999999,0.62,0.12189400000000003,0.222928,0.0016134029999999996,0.15982600000000002,0.59386,124.41910000000001,3.96
std,0.13627798121217274,0.1439583273034249,3.7841775856849007,2.1191977673503857,0.4903143514780145,0.09144750118767264,0.16727346222059644,0.006873044057559954,0.12415257698263284,0.2236051558311787,34.60328736197042,0.19794866372215744
min,0.315,0.327,0.0,-11.853,0.0,0.0254,0.00125,0.0,0.0338,0.131,74.931,3.0
max,0.929,0.9209999999999999,11.0,-1.9480000000000002,1.0,0.345,0.614,0.0479,0.61,0.934,192.06799999999998,4.0
