,danceability,energy,key,loudness,mode,speechiness,acousticness,instrumentalness,liveness,valence,tempo,time_signature
mean,0.70624,0.6980000000000003,5.06,-5.44438,0.6,0.122424,0.22339999999999996,0.0027347970000000006,0.15690600000000005,0.5449000000000003,122.83374000000003,4.02
std,0.12281536831308021,0.13763720427268206,3.322219567870681,2.1168209885465092,0.49487165930539356,0.09171599366455967,0.21816865036022018,0.01627222948582285,0.11041633901940863,0.21205392556361408,30.723914523134873,0.14142135623730948
min,0.35600000000000004,0.252,0.0,-13.589,0.0,0.0286,0.0104,0.0,0.0344,0.126,80.04,4.0
max,0.903,0.917,11.0,-1.9480000000000002,1.0,0.345,0.94,0.115,0.61,0.965,192.06799999999998,5.0
