,danceability,energy,key,loudness,mode,speechiness,acousticness,instrumentalness,liveness,valence,tempo,time_signature
mean,0.6839400000000002,0.65754,5.72,-5.570560000000001,0.66,0.15421599999999996,0.34619060000000007,0.0095124834,0.20067999999999994,0.6042199999999998,121.32487999999998,4.02
std,0.16004774925257878,0.15347780667854602,3.7744576580278255,2.6320444615064806,0.47851812069840666,0.11931931838045132,0.2361520486709133,0.06573699775326551,0.17225813922892652,0.21146189795259637,34.76262158665745,0.24660966430902953
min,0.307,0.159,0.0,-16.362000000000002,0.0,0.0276,0.00903,0.0,0.0501,0.18899999999999997,68.53399999999999,3.0
max,0.882,0.972,11.0,-2.331,1.0,0.45399999999999996,0.946,0.465,0.667,0.94,183.785,5.0
