,danceability,energy,key,loudness,mode,speechiness,acousticness,instrumentalness,liveness,valence,tempo,time_signature
mean,0.7350399999999999,0.6947599999999998,6.04,-5.228879999999998,0.54,0.11488200000000001,0.25604379999999993,0.0008220228,0.178766,0.59146,119.58533999999996,4.0
std,0.11506093505404084,0.1344322240281059,3.2823585348070083,1.9504899608423873,0.5034574339058886,0.07947599480988211,0.21381827858416094,0.0024945709105273274,0.166268498875666,0.22223541571945726,31.26681363298141,0.20203050891044214
min,0.425,0.31,0.0,-11.585,0.0,0.0284,0.00513,0.0,0.0595,0.11199999999999999,80.04,3.0
max,0.903,0.858,11.0,-1.9480000000000002,1.0,0.345,0.94,0.0129,0.978,0.965,182.18400000000003,5.0
