,danceability,energy,key,loudness,mode,speechiness,acousticness,instrumentalness,liveness,valence,tempo,time_signature
mean,0.7029199999999999,0.6936799999999999,5.28,-5.57808,0.64,0.08672600000000001,0.23387323999999993,0.0044760774,0.162202,0.5598200000000002,109.69831999999997,4.0
std,0.135392225381953,0.171855591965452,3.647979591779649,2.419837208557296,0.4848732213850611,0.07002018895450432,0.24539984935041528,0.027008614778930008,0.1318330661968277,0.2082424695455972,22.854733697536407,0.0
min,0.292,0.115,0.0,-15.73,0.0,0.0302,0.000452,0.0,0.0323,0.121,73.483,4.0
max,0.915,0.917,11.0,-1.964,1.0,0.38299999999999995,0.968,0.191,0.8320000000000001,0.917,180.054,4.0
