,danceability,energy,key,loudness,mode,speechiness,acousticness,instrumentalness,liveness,valence,tempo,time_signature
mean,0.6945399999999999,0.6833000000000001,5.68,-5.7922199999999995,0.54,0.09726599999999998,0.21174980000000002,0.0018659001999999996,0.15407400000000002,0.5269,112.62997999999999,3.98
std,0.13122503027787258,0.1565418702547569,3.6669511330593,2.0047359772217757,0.5034574339058886,0.08003445332085019,0.24300765203782937,0.006802050334016639,0.10583787333772848,0.20730921890957474,24.548646209391624,0.14142135623730948
min,0.33399999999999996,0.35600000000000004,0.0,-10.702,0.0,0.0302,0.0026100000000000003,0.0,0.0497,0.121,71.105,3.0
max,0.953,0.917,11.0,-1.964,1.0,0.38299999999999995,0.966,0.0462,0.634,0.917,169.91400000000002,4.0
