,danceability,energy,key,loudness,mode,speechiness,acousticness,instrumentalness,liveness,valence,tempo,time_signature
mean,0.71914,0.69548,6.08,-5.181059999999999,0.58,0.13122799999999996,0.2834535999999999,0.0007569965999999999,0.156502,0.5712800000000001,121.78551999999999,4.02
std,0.12376063302082083,0.1196710184341273,3.324859978638352,1.7600643124845279,0.49856938190328975,0.09299404422447971,0.21865938667867402,0.002367317638992309,0.1193070494008409,0.21339223634099772,31.44600423157519,0.24660966430902953
min,0.433,0.31,0.0,-11.134,0.0,0.0337,0.00325,0.0,0.0595,0.163,80.04,3.0
max,0.929,0.88,11.0,-1.9480000000000002,1.0,0.353,0.94,0.0129,0.61,0.9009999999999999,187.975,5.0
