,danceability,energy,key,loudness,mode,speechiness,acousticness,instrumentalness,liveness,valence,tempo,time_signature
mean,0.7289600000000002,0.6783,5.34,-5.31292,0.62,0.10231000000000005,0.27248052,0.0058100539999999985,0.17171000000000003,0.6127380000000001,119.62142,3.94
std,0.10087979510895374,0.15243911464407484,3.5318377016817184,2.205990127459545,0.4903143514780145,0.08207005780280104,0.23021325798549377,0.03916515289770685,0.12701039689083465,0.21090612951098914,27.986041382242178,0.3136356914300022
min,0.44299999999999995,0.332,0.0,-13.465,0.0,0.0281,0.000256,0.0,0.0515,0.0989,82.014,3.0
max,0.966,0.904,11.0,-1.694,1.0,0.353,0.9690000000000001,0.27699999999999997,0.638,0.9209999999999999,180.025,5.0
