,danceability,energy,key,loudness,mode,speechiness,acousticness,instrumentalness,liveness,valence,tempo,time_signature
mean,0.6549600000000001,0.6810200000000001,4.56,-6.434640000000002,0.58,0.077018,0.2642256,0.006535423599999998,0.155512,0.58338,124.71392,3.96
std,0.14262895489875188,0.17179811241271375,3.7041620275752805,2.4129335669196004,0.49856938190328975,0.07039303563070799,0.27694421124014956,0.02349471412191762,0.13036770390095917,0.23743139847036202,32.364465977894426,0.1979486637221575
min,0.209,0.121,0.0,-15.133,0.0,0.0236,0.00135,0.0,0.048,0.10400000000000001,82.256,3.0
max,0.9109999999999999,0.953,11.0,-2.801,1.0,0.35200000000000004,0.9159999999999999,0.15,0.7190000000000001,0.96,180.979,4.0
