,danceability,energy,key,loudness,mode,speechiness,acousticness,instrumentalness,liveness,valence,tempo,time_signature
mean,0.7013199999999999,0.68976,4.86,-5.65394,0.64,0.09422999999999997,0.16738244000000002,0.005236218999999999,0.13678200000000004,0.5661999999999999,114.98721999999998,3.98
std,0.13850402484389823,0.16116319020654504,3.4582642809268775,2.04437302808445,0.4848732213850611,0.08033476958379623,0.18220965150103596,0.023071650706075985,0.09167758208604142,0.22648259833139223,28.798211606384907,0.1414213562373094
min,0.292,0.322,0.0,-11.467,0.0,0.0276,0.00028199999999999997,0.0,0.0377,0.121,75.306,3.0
max,0.9109999999999999,0.9179999999999999,11.0,-2.251,1.0,0.431,0.937,0.15,0.457,0.976,196.12099999999998,4.0
