,danceability,energy,key,loudness,mode,speechiness,acousticness,instrumentalness,liveness,valence,tempo,time_signature
mean,0.7283000000000002,0.6839399999999999,5.16,-5.1284600000000005,0.58,0.14720000000000003,0.28515799999999997,0.0103456408,0.17141599999999996,0.65574,132.86182,3.94
std,0.11312450247945618,0.12794648275345277,3.536168801954789,2.0367472989037783,0.4985693819032897,0.10301944734181137,0.2011325688217011,0.041093094942239256,0.13073696190505296,0.1898513715128393,35.66629764442641,0.23989793748209529
min,0.38799999999999996,0.317,0.0,-10.965,0.0,0.0298,0.0105,0.0,0.0462,0.158,90.979,3.0
max,0.966,0.9109999999999999,11.0,-1.9980000000000002,1.0,0.376,0.753,0.225,0.68,0.9520000000000001,191.99400000000003,4.0
