,danceability,energy,key,loudness,mode,speechiness,acousticness,instrumentalness,liveness,valence,tempo,time_signature
mean,0.6337800000000001,0.6850400000000002,5.14,-5.899759999999999,0.62,0.07757000000000001,0.21656464000000003,0.0018961056,0.18381400000000006,0.4838000000000001,117.85342,3.98
std,0.14018315861466266,0.18402184431114005,3.568627472967209,1.9659756425090256,0.4903143514780145,0.05802032807032166,0.2532232582971052,0.009656180625959087,0.14311693949853935,0.23230187959916757,26.28308293979228,0.14142135623730942
min,0.297,0.2,0.0,-11.062999999999999,0.0,0.0302,0.00022,0.0,0.0506,0.121,73.483,3.0
max,0.9109999999999999,0.978,11.0,-1.964,1.0,0.272,0.904,0.0677,0.639,0.9620000000000001,179.864,4.0
