,danceability,energy,key,loudness,mode,speechiness,acousticness,instrumentalness,liveness,valence,tempo,time_signature
mean,0.7196800000000002,0.73358,4.64,-4.993139999999999,0.58,0.090278,0.18563059999999998,0.0005551540000000001,0.167136,0.5758399999999999,120.24224000000004,3.98
std,0.11728900987191722,0.15504483749113693,3.6013602872202815,1.646379478784665,0.49856938190328975,0.05880003571427487,0.19421090208170025,0.0029599581075282883,0.1632491544622914,0.20993501035184334,31.688127345034165,0.14142135623730934
min,0.433,0.299,0.0,-8.751,0.0,0.0263,0.00257,0.0,0.0338,0.11900000000000001,79.997,3.0
max,0.9570000000000001,0.97,11.0,-1.237,1.0,0.275,0.826,0.0205,0.96,0.9259999999999999,187.435,4.0
