,danceability,energy,key,loudness,mode,speechiness,acousticness,instrumentalness,liveness,valence,tempo,time_signature
mean,0.7141599999999998,0.6762199999999997,5.44,-5.19694,0.58,0.11027799999999999,0.2365747999999999,0.008542157199999999,0.15962799999999996,0.5637400000000001,123.16087999999999,3.96
std,0.11584637258376425,0.15873058807878443,3.720653881527069,2.4630367220741376,0.49856938190328975,0.0884306353094022,0.1902754240701127,0.047860824246136996,0.09865920737569303,0.21977584220365654,32.44369446025227,0.1979486637221575
min,0.268,0.10400000000000001,0.0,-14.08,0.0,0.0281,0.00381,0.0,0.0515,0.11199999999999999,64.17699999999999,3.0
max,0.877,0.914,11.0,-1.694,1.0,0.353,0.9790000000000001,0.33399999999999996,0.413,0.9209999999999999,201.80700000000002,4.0
