,danceability,energy,key,loudness,mode,speechiness,acousticness,instrumentalness,liveness,valence,tempo,time_signature
mean,0.7526799999999999,0.65232,5.56,-5.85298,0.52,0.14838600000000002,0.2854899999999999,0.0034531343999999993,0.16215000000000004,0.59616,129.34121999999996,3.98
std,0.0939911936821526,0.1392600621066901,4.051505137297868,2.422459439141492,0.5046720495044485,0.09573214121299328,0.208697885588186,0.022911266776585473,0.09710868358994176,0.2081179375218949,35.70984626424367,0.14142135623730948
min,0.527,0.317,0.0,-14.505,0.0,0.0287,0.0206,0.0,0.0558,0.15,78.972,3.0
max,0.966,0.872,11.0,-2.576,1.0,0.37799999999999995,0.753,0.162,0.439,0.961,189.993,4.0
