,danceability,energy,key,loudness,mode,speechiness,acousticness,instrumentalness,liveness,valence,tempo,time_signature
mean,0.7167600000000003,0.6728000000000003,5.24,-5.768739999999999,0.48,0.10783200000000001,0.22902039999999996,0.014259071199999999,0.19016,0.5359599999999999,111.94702000000001,4.0
std,0.1389008690706125,0.15932267348282317,3.605890871836228,2.305808520025115,0.5046720495044485,0.10376431583553336,0.23368909632820672,0.0859724576146639,0.17624468960012638,0.20885098290701076,24.260626681922126,0.20203050891044214
min,0.35,0.29600000000000004,0.0,-12.963,0.0,0.028999999999999998,0.00267,0.0,0.0291,0.12,64.934,3.0
max,0.9640000000000001,0.9440000000000001,11.0,-0.9279999999999999,1.0,0.53,0.934,0.607,0.9079999999999999,0.9229999999999999,184.801,5.0
