,danceability,energy,key,loudness,mode,speechiness,acousticness,instrumentalness,liveness,valence,tempo,time_signature
mean,0.72776,0.67872,5.62,-4.96246,0.62,0.12545800000000007,0.22939039999999994,0.016909300200000005,0.18378999999999998,0.59349,127.54851999999997,4.02
std,0.09733794695989506,0.11973525898789363,3.8750378536663272,1.581374153277162,0.49031435147801444,0.09399656982451814,0.21394313233498785,0.11450933065260167,0.11768097699687395,0.20655084095195347,36.80263406513513,0.2466096643090295
min,0.504,0.373,0.0,-9.066,0.0,0.0317,0.00502,0.0,0.0469,0.0605,76.469,3.0
max,0.9109999999999999,0.9009999999999999,11.0,-1.3869999999999998,1.0,0.37200000000000005,0.732,0.81,0.544,0.94,195.919,5.0
