,danceability,energy,key,loudness,mode,speechiness,acousticness,instrumentalness,liveness,valence,tempo,time_signature
mean,0.7223400000000001,0.6829199999999997,5.92,-5.246100000000001,0.54,0.14905199999999996,0.24840859999999995,0.009497800799999997,0.16305200000000003,0.6282099999999999,126.08178000000002,3.98
std,0.13490595514911072,0.15034787416290968,3.9735862586713835,2.531721703843905,0.5034574339058886,0.10563653751019508,0.20911599813881251,0.06573928783919882,0.13890308652041522,0.21917596346128762,34.24594441550409,0.47337261502231126
min,0.294,0.235,0.0,-16.541,0.0,0.0261,0.00903,0.0,0.0302,0.0895,75.014,1.0
max,0.9059999999999999,0.972,11.0,-1.681,1.0,0.38,0.753,0.465,0.6709999999999999,0.9620000000000001,192.09099999999998,5.0
