,danceability,energy,key,loudness,mode,speechiness,acousticness,instrumentalness,liveness,valence,tempo,time_signature
mean,0.67668,0.7167600000000002,5.54,-6.436260000000001,0.48,0.11111400000000002,0.13846033,0.0274285652,0.21532399999999993,0.5292960000000001,126.17287999999996,4.02
std,0.14684622527511906,0.12050176728317034,3.6656708604487194,2.014628287079788,0.5046720495044484,0.07787030035611152,0.181786007485523,0.12448882486516824,0.16802894619434972,0.23071736659597084,22.777013015399394,0.14142135623730948
min,0.35,0.391,0.0,-11.062000000000001,0.0,0.0293,5.85e-05,0.0,0.0408,0.0388,83.90299999999999,4.0
max,0.953,0.958,11.0,-2.3209999999999997,1.0,0.317,0.8240000000000001,0.841,0.893,0.88,179.893,5.0
