,danceability,energy,key,loudness,mode,speechiness,acousticness,instrumentalness,liveness,valence,tempo,time_signature
mean,0.68412,0.6621288,5.76,-6.898659999999999,0.44,0.121594,0.18640328,0.0400827066,0.169178,0.513436,117.66406,3.96
std,0.15256763505182255,0.17440791056577212,3.6620502788599123,3.358761558755165,0.5014265364224069,0.11805274056582528,0.2480135567837618,0.1860642944572417,0.10678266749595189,0.2250096839276578,29.07767632296751,0.3475864303027552
min,0.284,0.008440000000000001,0.0,-23.823,0.0,0.0255,0.0008039999999999999,0.0,0.0537,0.0478,71.884,3.0
max,0.966,0.963,11.0,-2.495,1.0,0.429,0.996,0.9590000000000001,0.38299999999999995,0.9520000000000001,202.00599999999997,5.0
