,danceability,energy,key,loudness,mode,speechiness,acousticness,instrumentalness,liveness,valence,tempo,time_signature
mean,0.6317200000000001,0.7520400000000003,5.24,-5.840060000000001,0.64,0.08850200000000001,0.14899767400000002,0.019318347,0.18908000000000005,0.5825920000000001,128.73166,3.98
std,0.1556924021320008,0.16083759840666761,3.667618923965325,1.7814640437526865,0.4848732213850611,0.0803047651266151,0.2072691026033674,0.07003317863625366,0.11003613135730296,0.21518543672746968,29.636884925135334,0.24660966430902945
min,0.102,0.39899999999999997,0.0,-9.804,0.0,0.0273,1.11e-05,0.0,0.0359,0.0976,76.964,3.0
max,0.9420000000000001,0.993,11.0,-2.263,1.0,0.35100000000000003,0.7879999999999999,0.37799999999999995,0.436,0.927,197.44299999999998,5.0
