,danceability,energy,key,loudness,mode,speechiness,acousticness,instrumentalness,liveness,valence,tempo,time_signature
mean,0.6476400000000001,0.6564,5.58,-7.285459999999998,0.56,0.076614,0.21888697199999987,0.030508332,0.22154200000000002,0.5105599999999999,120.87328,3.98
std,0.1408197226446434,0.2144979900957164,3.517246139832022,2.520301392812424,0.5014265364224069,0.06616016746641194,0.24561096458771828,0.1279580085146015,0.1873331421804046,0.2211154615736737,27.854488396636683,0.1414213562373094
min,0.245,0.10400000000000001,0.0,-15.436,0.0,0.0266,5.3200000000000006e-05,0.0,0.0278,0.102,57.87,3.0
max,0.872,0.973,11.0,-3.424,1.0,0.36,0.9790000000000001,0.8220000000000001,0.8420000000000001,0.91,196.166,4.0
