,danceability,energy,key,loudness,mode,speechiness,acousticness,instrumentalness,liveness,valence,tempo,time_signature
mean,0.64306,0.5953919999999999,5.74,-8.066039999999997,0.42,0.09813400000000001,0.3024169479999999,0.0726848442,0.15419799999999997,0.48733400000000016,121.55390000000001,3.88
std,0.19103898629786092,0.21047118067297846,3.503991892638091,4.700617883657771,0.4985693819032897,0.0895301354122665,0.3064173850598508,0.2240638475057956,0.09511321179070159,0.2575503244741398,28.00066176641443,0.6272713828600042
min,0.187,0.0765,0.0,-28.802,0.0,0.0256,1.7899999999999998e-05,0.0,0.0488,0.0723,66.282,1.0
max,0.972,0.971,11.0,-4.258,1.0,0.433,0.993,0.9209999999999999,0.46,0.98,181.888,5.0
