,danceability,energy,key,loudness,mode,speechiness,acousticness,instrumentalness,liveness,valence,tempo,time_signature
mean,0.63106,0.71036,4.88,-6.1406399999999985,0.58,0.10699800000000004,0.145401028,0.021824998199999994,0.199504,0.4712939999999998,124.95177999999999,3.96
std,0.1679410015451855,0.1745392488460836,3.514634129070121,1.8924032529661152,0.49856938190328975,0.09659305229166541,0.22123167260226068,0.09224412420726795,0.139162217720243,0.26171850153341847,24.130714392944885,0.2828427124746189
min,0.311,0.14300000000000002,0.0,-10.589,0.0,0.0259,2.68e-05,0.0,0.057999999999999996,0.0374,75.139,3.0
max,0.938,0.995,11.0,-2.5660000000000003,1.0,0.431,0.946,0.579,0.595,0.9670000000000001,187.997,5.0
