,danceability,energy,key,loudness,mode,speechiness,acousticness,instrumentalness,liveness,valence,tempo,time_signature
mean,0.6661999999999999,0.6734200000000001,4.92,-6.2912799999999995,0.44,0.11300800000000001,0.17730677,0.11577451939999998,0.14911200000000002,0.4355800000000001,129.09246000000002,3.96
std,0.1446254839654647,0.18431484708819001,3.5961430586058705,2.6538379911489147,0.5014265364224069,0.10685653139626429,0.22064953575248658,0.2693989182304047,0.09539851246005798,0.23453106404056584,28.001064113314676,0.19794866372215744
min,0.248,0.317,0.0,-14.505,0.0,0.0259,4.35e-05,0.0,0.0388,0.13699999999999998,70.23100000000001,3.0
max,0.909,0.992,11.0,-1.6640000000000001,1.0,0.588,0.7509999999999999,0.915,0.501,0.95,202.00599999999997,4.0
