,danceability,energy,key,loudness,mode,speechiness,acousticness,instrumentalness,liveness,valence,tempo,time_signature
mean,0.5982200000000001,0.6724000000000001,6.44,-7.1615,0.38,0.09503999999999994,0.23998760199999997,0.042111725399999994,0.19608399999999995,0.415964,120.86959999999999,3.92
std,0.1742558862063231,0.21134834385199142,3.72065388152707,3.38156543419084,0.4903143514780145,0.0967611639922901,0.28163974671090997,0.15596524720820956,0.12010432091328278,0.22729437871605707,26.731755496382334,0.34046786536608536
min,0.15,0.193,0.0,-17.869,0.0,0.0276,1.7100000000000002e-05,0.0,0.0633,0.0531,68.482,3.0
max,0.9009999999999999,0.993,11.0,-2.5380000000000003,1.0,0.457,0.914,0.795,0.5379999999999999,0.96,187.021,5.0
