,danceability,energy,key,loudness,mode,speechiness,acousticness,instrumentalness,liveness,valence,tempo,time_signature
mean,0.61212,0.70856,4.58,-6.64214,0.56,0.08830400000000002,0.18166826419999996,0.0567026816,0.1829720000000001,0.46801000000000004,127.35138,3.92
std,0.13299066101936388,0.18299338228248493,3.4231504763409792,2.110022739117244,0.5014265364224069,0.07970045952803279,0.24144256131507172,0.20924980816341246,0.15107148063491166,0.22370014209076525,27.762146233778726,0.27404751561786983
min,0.295,0.21100000000000002,0.0,-11.589,0.0,0.0268,2.81e-06,0.0,0.0549,0.0578,64.01899999999999,3.0
max,0.9359999999999999,0.968,11.0,-2.27,1.0,0.389,0.958,0.9079999999999999,0.7340000000000001,0.9,199.688,4.0
