,danceability,energy,key,loudness,mode,speechiness,acousticness,instrumentalness,liveness,valence,tempo,time_signature
mean,0.65704,0.63506,5.1,-6.600179999999999,0.48,0.088432,0.27217146000000003,0.042982409400000005,0.18025200000000005,0.47186000000000006,124.24694000000004,3.92
std,0.1468910411127366,0.2065207811849076,3.871665780819329,2.573149548625543,0.5046720495044484,0.07040183914573568,0.2797235025550804,0.158698499947517,0.13709223059603312,0.1940603630054214,25.864749798503443,0.27404751561786983
min,0.316,0.10400000000000001,0.0,-14.08,0.0,0.0271,0.0001,0.0,0.0504,0.0793,77.979,3.0
max,0.9059999999999999,0.9359999999999999,11.0,-2.293,1.0,0.276,0.9790000000000001,0.915,0.816,0.9620000000000001,192.275,4.0
