,danceability,energy,key,loudness,mode,speechiness,acousticness,instrumentalness,liveness,valence,tempo,time_signature
mean,0.6340599999999998,0.6466619999999998,5.52,-6.80718,0.44,0.08572799999999998,0.22883334799999996,0.039683066600000004,0.14911600000000003,0.52226,116.76098,3.94
std,0.14346064097934347,0.1793547902104334,3.6714007781049163,2.698050404893678,0.5014265364224069,0.09292002934276994,0.263885192955724,0.13669991744838905,0.10803210664106354,0.21603106447066017,28.00089915210086,0.2398979374820953
min,0.182,0.0651,0.0,-16.340999999999998,0.0,0.0295,5.539999999999999e-05,0.0,0.0522,0.038,60.812,3.0
max,0.878,0.935,11.0,-1.865,1.0,0.426,0.9420000000000001,0.8859999999999999,0.644,0.922,188.115,4.0
