,danceability,energy,key,loudness,mode,speechiness,acousticness,instrumentalness,liveness,valence,tempo,time_signature
mean,0.6811200000000001,0.663386,4.6,-7.047839999999999,0.66,0.12741200000000003,0.25424972,0.08870604680000001,0.163196,0.49097999999999997,118.88411999999997,3.9
std,0.17554831185721603,0.20952626839358057,3.6811710647786073,4.413395501360441,0.47851812069840666,0.11852164986075024,0.23084687253454664,0.23704427172327724,0.10837609865271804,0.2188485162417705,27.221078522051137,0.46291004988627554
min,0.14300000000000002,0.0187,0.0,-28.343000000000004,0.0,0.0261,0.00011200000000000001,0.0,0.0379,0.107,72.75399999999999,1.0
max,0.946,0.971,11.0,-1.746,1.0,0.546,0.9840000000000001,0.9420000000000001,0.5429999999999999,0.9159999999999999,181.74,4.0
