,danceability,energy,key,loudness,mode,speechiness,acousticness,instrumentalness,liveness,valence,tempo,time_signature
mean,0.5529800000000001,0.72078,5.82,-6.38312,0.5,0.073164,0.17846409000000002,0.0520589822,0.197602,0.4343040000000001,122.8645,3.88
std,0.15283557791807187,0.21425783532930598,3.6404193523857225,2.743289978050711,0.5050762722761054,0.05196499905254125,0.2530271049211142,0.18498064561263125,0.13636888820177331,0.20778837444645948,22.651831968306848,0.47979587496419057
min,0.187,0.188,0.0,-16.252,0.0,0.0275,1.0300000000000001e-05,0.0,0.0308,0.0742,79.015,1.0
max,0.846,0.986,11.0,-2.061,1.0,0.251,0.977,0.903,0.647,0.8909999999999999,178.69400000000002,4.0
