,danceability,energy,key,loudness,mode,speechiness,acousticness,instrumentalness,liveness,valence,tempo,time_signature
mean,0.7359199999999998,0.65774,5.76,-7.253919999999998,0.58,0.128496,0.20052077999999998,0.0336541942,0.15747600000000003,0.5423,115.14248000000002,4.0
std,0.14683001972988205,0.17018283205579407,3.5603255985017626,2.4243928913087855,0.49856938190328975,0.1658143699737629,0.20382334524091075,0.13267652149211429,0.11683366086108948,0.20771853503218812,24.123723568846547,0.0
min,0.22399999999999998,0.21600000000000003,0.0,-14.465,0.0,0.0238,0.000143,0.0,0.0364,0.10099999999999999,71.975,4.0
max,0.978,0.9670000000000001,11.0,-3.138,1.0,0.902,0.7809999999999999,0.769,0.813,0.9740000000000001,179.97400000000002,4.0
