,danceability,energy,key,loudness,mode,speechiness,acousticness,instrumentalness,liveness,valence,tempo,time_signature
mean,0.6440400000000003,0.69342,5.04,-6.9833799999999995,0.54,0.109876,0.144294182,0.047539059,0.21501,0.46257999999999994,125.84754000000001,4.0
std,0.14756775821739018,0.16914576372985254,3.3924285443574815,2.6641631215763324,0.5034574339058886,0.09364720935729033,0.15455733977031502,0.17456916187978194,0.1476686365633874,0.2137082781814156,28.616227050762934,0.0
min,0.31,0.252,0.0,-15.534,0.0,0.0286,2.54e-05,0.0,0.0621,0.1,77.516,4.0
max,0.9470000000000001,0.977,11.0,-2.6839999999999997,1.0,0.424,0.669,0.9420000000000001,0.659,0.9009999999999999,194.12400000000002,4.0
