,danceability,energy,key,loudness,mode,speechiness,acousticness,instrumentalness,liveness,valence,tempo,time_signature
mean,0.6726199999999999,0.7525200000000001,4.76,-6.0599,0.66,0.08772000000000002,0.12671127999999998,0.0436102812,0.187556,0.5810600000000001,119.24702,3.96
std,0.13594550078495965,0.1521198829065754,3.5199721705764455,2.3553837440282748,0.4785181206984066,0.07939283882783672,0.1826979222863707,0.16804152454219315,0.12652966282856445,0.20269263047525826,21.89730865812006,0.2828427124746188
min,0.33799999999999997,0.359,0.0,-14.24,0.0,0.0255,0.000656,0.0,0.0585,0.14400000000000002,75.548,3.0
max,0.946,0.9470000000000001,11.0,-1.401,1.0,0.369,0.7020000000000001,0.795,0.687,0.958,181.017,5.0
