,danceability,energy,key,loudness,mode,speechiness,acousticness,instrumentalness,liveness,valence,tempo,time_signature
mean,0.5685,0.74708,5.24,-5.86922,0.5,0.08180199999999999,0.15983036580000004,0.032432348,0.21031,0.43278,116.06536000000001,3.98
std,0.1448295620404078,0.16063710400674397,3.4496968219345456,2.1288096922257482,0.5050762722761054,0.08404547236163168,0.22902839800641686,0.1212198727892309,0.1587857319580994,0.20274396138368964,22.62095693473787,0.3187987657774485
min,0.223,0.302,0.0,-11.879000000000001,0.0,0.0263,4.99e-06,0.0,0.0339,0.11900000000000001,57.967,3.0
max,0.917,0.977,11.0,-2.555,1.0,0.41200000000000003,0.9520000000000001,0.764,0.727,0.8590000000000001,177.833,5.0
