,danceability,energy,key,loudness,mode,speechiness,acousticness,instrumentalness,liveness,valence,tempo,time_signature
mean,0.6694799999999997,0.6104179999999998,5.54,-7.9631599999999985,0.44,0.11067599999999998,0.260883968,0.059852500200000006,0.19284600000000005,0.4942779999999999,123.17472000000004,3.94
std,0.16405054472475794,0.21492400525938166,3.775376721302803,4.806684959554575,0.5014265364224069,0.1121472584395633,0.2889344523906837,0.19677225327440112,0.13415244786953293,0.23186866381903465,25.77707697844449,0.4699109772399583
min,0.162,0.0434,0.0,-29.006,0.0,0.0282,3.04e-05,0.0,0.0488,0.0723,75.801,1.0
max,0.953,0.976,11.0,-2.3169999999999997,1.0,0.45299999999999996,0.993,0.914,0.624,0.924,206.582,5.0
