,danceability,energy,key,loudness,mode,speechiness,acousticness,instrumentalness,liveness,valence,tempo,time_signature
mean,0.6552600000000001,0.6746199999999999,5.18,-6.549039999999999,0.52,0.11590600000000001,0.22843950100000002,0.050654359200000026,0.18048800000000004,0.44371399999999994,127.16642000000002,3.96
std,0.14492120448783224,0.17929429575364608,3.53807280644046,2.3124381687045457,0.5046720495044485,0.12649753310492917,0.2274822919413012,0.1883403213035237,0.13749533370931805,0.2047840375734836,28.378270500788428,0.19794866372215753
min,0.316,0.32,0.0,-12.89,0.0,0.0287,1.15e-06,0.0,0.064,0.0827,82.014,3.0
max,0.9540000000000001,0.985,11.0,-2.293,1.0,0.54,0.74,0.924,0.816,0.9129999999999999,192.275,4.0
