,danceability,energy,key,loudness,mode,speechiness,acousticness,instrumentalness,liveness,valence,tempo,time_signature
mean,0.6357400000000001,0.6474199999999999,4.96,-6.92686,0.5,0.135444,0.237276766,0.04225136279999999,0.190638,0.398106,125.15097999999998,3.9
std,0.1506902228590366,0.2142953416884925,3.4402183129586885,2.8073893022318286,0.5050762722761054,0.16399376812450367,0.2854195599029594,0.16989633464063997,0.10916651368530592,0.1966078624977098,32.112601935072284,0.5050762722761053
min,0.305,0.15,0.0,-15.145,0.0,0.027999999999999997,2.6300000000000002e-05,0.0,0.0468,0.0598,63.763999999999996,1.0
max,0.9309999999999999,0.975,11.0,-2.499,1.0,0.8690000000000001,0.9670000000000001,0.885,0.46299999999999997,0.785,207.97299999999998,5.0
