,danceability,energy,key,loudness,mode,speechiness,acousticness,instrumentalness,liveness,valence,tempo,time_signature
mean,0.68652,0.6847799999999999,5.68,-7.124060000000001,0.54,0.12110599999999998,0.18265610000000002,0.017804273000000002,0.213126,0.5352800000000001,118.38798000000001,3.92
std,0.146710771970721,0.17156842985365633,3.2541339485494505,2.8262828866746874,0.5034574339058886,0.12592070943774944,0.20701076348120506,0.07403597305783996,0.19582327915021458,0.22628950574024256,25.14879156628584,0.4444671196029722
min,0.27899999999999997,0.319,0.0,-14.040999999999999,0.0,0.0248,0.000143,0.0,0.0625,0.11900000000000001,71.884,1.0
max,0.978,0.9740000000000001,10.0,-2.082,1.0,0.467,0.818,0.498,0.935,0.8959999999999999,179.88400000000001,4.0
