,danceability,energy,key,loudness,mode,speechiness,acousticness,instrumentalness,liveness,valence,tempo,time_signature
mean,0.7193400000000001,0.62688,5.08,-7.800420000000002,0.54,0.16439199999999995,0.21823774,0.026173218,0.18103599999999997,0.5005800000000002,122.59000000000002,3.98
std,0.14165949545675088,0.1817062711619823,3.3736070443660036,3.668287205778962,0.5034574339058886,0.17496948869877343,0.22631420362478086,0.13971769742231624,0.13315914333255988,0.21682816388343382,27.027534016635855,0.3187987657774485
min,0.311,0.018000000000000002,0.0,-26.104,0.0,0.0287,0.000143,0.0,0.0364,0.175,71.975,3.0
max,0.978,0.9670000000000001,11.0,-2.097,1.0,0.902,0.996,0.965,0.62,0.9740000000000001,180.055,5.0
