,danceability,energy,key,loudness,mode,speechiness,acousticness,instrumentalness,liveness,valence,tempo,time_signature
mean,0.6799000000000001,0.7000399999999998,5.2,-6.101539999999999,0.52,0.11266399999999999,0.14447388,0.028771898400000002,0.18617,0.53462,116.0241,4.04
std,0.14905939783063882,0.15997052789785488,3.5225222874108435,2.303897321000718,0.5046720495044484,0.12298968889915204,0.21271560354380614,0.13857047715382867,0.13752704706154856,0.2075163027773176,26.92302891369682,0.19794866372215741
min,0.344,0.179,0.0,-12.800999999999998,0.0,0.0258,0.000171,0.0,0.0566,0.20199999999999999,75.445,4.0
max,0.9259999999999999,0.922,11.0,-2.6519999999999997,1.0,0.588,0.919,0.81,0.6709999999999999,0.976,184.929,5.0
