,danceability,energy,key,loudness,mode,speechiness,acousticness,instrumentalness,liveness,valence,tempo,time_signature
mean,0.62796,0.72812,5.38,-6.106679999999999,0.42,0.09624399999999995,0.1606857,0.0239070324,0.20328999999999994,0.49773999999999996,119.42004000000003,3.92
std,0.16179906409759345,0.1779969777317375,4.040054556107694,2.543941201027593,0.49856938190328975,0.1009508653165651,0.21434067818274527,0.10032387540492918,0.1438612132350808,0.21714481296111668,24.172094784773652,0.48822878544671544
min,0.287,0.34600000000000003,0.0,-12.394,0.0,0.0262,1.89e-05,0.0,0.0208,0.124,73.977,1.0
max,0.9640000000000001,0.98,11.0,0.175,1.0,0.53,0.884,0.583,0.617,0.965,196.172,5.0
