,danceability,energy,key,loudness,mode,speechiness,acousticness,instrumentalness,liveness,valence,tempo,time_signature
mean,0.67732,0.66628,5.18,-7.0014,0.58,0.11390400000000002,0.1625870202,0.034095063599999996,0.2028,0.50776,118.60925999999999,3.96
std,0.1557626975857303,0.16893665519770348,3.497462637106962,2.7474974364438087,0.4985693819032897,0.13331383711883377,0.19356444111578536,0.13306195457042067,0.1867780828815254,0.23126948323882038,24.80552914484007,0.19794866372215753
min,0.158,0.22,0.0,-14.040999999999999,0.0,0.0269,3.68e-06,0.0,0.0468,0.124,71.884,3.0
max,0.898,0.943,11.0,-1.865,1.0,0.745,0.818,0.8009999999999999,0.935,0.888,176.912,4.0
