,danceability,energy,key,loudness,mode,speechiness,acousticness,instrumentalness,liveness,valence,tempo,time_signature
mean,0.6813399999999998,0.6439000000000002,5.4,-6.838159999999999,0.48,0.12170200000000003,0.21634839999999997,0.03796153099999999,0.17523200000000003,0.44190000000000007,119.16184000000001,3.96
std,0.12578027651100018,0.18106456735380447,3.8119040183218096,2.39767450566211,0.5046720495044485,0.10621298488971898,0.22607076035432727,0.15647665427733395,0.10809457393544653,0.21035346831619647,29.868406467581313,0.28284271247461884
min,0.396,0.195,0.0,-12.89,0.0,0.0244,0.00238,0.0,0.0561,0.13699999999999998,70.23100000000001,3.0
max,0.9059999999999999,0.9359999999999999,11.0,-2.6519999999999997,1.0,0.588,0.873,0.915,0.451,0.9620000000000001,202.00599999999997,5.0
