,danceability,energy,key,loudness,mode,speechiness,acousticness,instrumentalness,liveness,valence,tempo,time_signature
mean,0.6085199999999998,0.6854400000000002,5.42,-6.918959999999999,0.46,0.105602,0.16639079539999999,0.0501405968,0.21221999999999996,0.4591820000000002,118.21329999999996,3.9
std,0.1835431595798967,0.1765516817437053,3.969732422998316,2.3680742366328134,0.5034574339058886,0.09409835386445399,0.21743879862121004,0.16962697985102532,0.1287152925281695,0.24978366614626624,27.9466460878801,0.30304576336566336
min,0.166,0.262,0.0,-12.863,0.0,0.025,0.0,0.0,0.048,0.0369,77.009,3.0
max,0.893,0.98,11.0,-2.895,1.0,0.366,0.898,0.951,0.606,0.91,186.005,4.0
