,danceability,energy,key,loudness,mode,speechiness,acousticness,instrumentalness,liveness,valence,tempo,time_signature
mean,0.6807599999999999,0.639694,5.44,-7.4300000000000015,0.64,0.11447800000000002,0.2726428,0.08295205,0.18342200000000003,0.4863899999999998,118.02984000000004,3.98
std,0.13382147108162049,0.19838293253818226,3.3451762407431773,3.822186002372817,0.4848732213850611,0.09286132142246595,0.2550913408960862,0.2541964515573642,0.11321916851119931,0.22706136745786748,25.766429318215824,0.14142135623730934
min,0.281,0.0177,0.0,-22.953000000000003,0.0,0.025,0.00014,0.0,0.0335,0.0454,79.992,3.0
max,0.946,0.9640000000000001,11.0,-1.746,1.0,0.517,0.993,0.966,0.449,0.9259999999999999,182.14,4.0
