,danceability,energy,key,loudness,mode,speechiness,acousticness,instrumentalness,liveness,valence,tempo,time_signature
mean,0.6584399999999998,0.63776,5.34,-7.287420000000001,0.48,0.129114,0.24467555219999998,0.09547764519999999,0.158992,0.5378920000000001,129.13127999999998,3.82
std,0.18057291590707528,0.2397228467737402,3.347920463298289,4.289423205076051,0.5046720495044484,0.11620059188791612,0.29465591610893693,0.24831470343875955,0.08932073333824365,0.24280502368470594,30.52924591877401,0.690755280213519
min,0.247,0.07,0.0,-27.713,0.0,0.0279,1.61e-06,0.0,0.0594,0.0378,73.792,1.0
max,0.9540000000000001,0.995,11.0,-1.632,1.0,0.474,0.993,0.9470000000000001,0.39899999999999997,0.948,190.178,5.0
