,danceability,energy,key,loudness,mode,speechiness,acousticness,instrumentalness,liveness,valence,tempo,time_signature
mean,0.6163000000000001,0.646024,5.26,-7.463319999999999,0.72,0.10623400000000002,0.26304627199999997,0.07432809800000001,0.19441200000000003,0.4490819999999999,119.05775999999997,3.96
std,0.14868186143026102,0.2235109918860313,3.5959728041467813,3.1628169596105304,0.45355736761107274,0.12754432220420714,0.2907958491075638,0.21093417073129658,0.15154969231514895,0.23711821359905733,30.139359696596355,0.19794866372215747
min,0.32899999999999996,0.0612,0.0,-17.043,0.0,0.0266,2.46e-05,0.0,0.0369,0.0617,57.86,3.0
max,0.895,0.9520000000000001,11.0,-3.1830000000000003,1.0,0.588,0.976,0.9470000000000001,0.653,0.9309999999999999,180.005,4.0
