,danceability,energy,key,loudness,mode,speechiness,acousticness,instrumentalness,liveness,valence,tempo,time_signature
mean,0.64608,0.7145400000000001,5.02,-6.31898,0.52,0.09156199999999998,0.17018395399999997,0.033022653400000004,0.15687200000000004,0.467192,118.64018000000004,3.96
std,0.1434397889751114,0.15469657067818873,3.52536001924713,1.8971366016463134,0.5046720495044485,0.07719030786680041,0.22098741134420288,0.1378826821740195,0.0832664129558288,0.21348959429787062,20.903352867169133,0.28284271247461884
min,0.358,0.18,0.0,-13.102,0.0,0.0246,6.37e-05,0.0,0.0645,0.0383,78.457,3.0
max,0.885,0.982,11.0,-2.4730000000000003,1.0,0.35200000000000004,0.9,0.905,0.424,0.94,162.607,5.0
