,danceability,energy,key,loudness,mode,speechiness,acousticness,instrumentalness,liveness,valence,tempo,time_signature
mean,0.6531000000000001,0.7468600000000002,5.22,-5.539059999999998,0.54,0.08413399999999999,0.0918969,0.0172068908,0.21338799999999997,0.57688,120.63865999999996,4.0
std,0.14111643043521016,0.16208010239334356,3.6213088174057195,2.0193084329410746,0.5034574339058886,0.0651666172520995,0.13356565125355288,0.09994417730442699,0.13132021408972583,0.20323442179926518,25.87294748448854,0.20203050891044214
min,0.262,0.273,0.0,-14.220999999999998,0.0,0.0255,0.0005,0.0,0.0502,0.19399999999999998,73.102,3.0
max,0.912,0.99,11.0,-2.589,1.0,0.275,0.73,0.7020000000000001,0.615,0.958,200.041,5.0
