,danceability,energy,key,loudness,mode,speechiness,acousticness,instrumentalness,liveness,valence,tempo,time_signature
mean,0.6479599999999998,0.6223400000000002,5.06,-6.788360000000001,0.54,0.09524600000000001,0.25616783199999993,0.04287745299999998,0.18668199999999996,0.48974000000000006,113.7142,3.94
std,0.15803990196227313,0.14003375832058412,3.7656340767525456,2.4910394581461,0.5034574339058886,0.09757388662454936,0.2424190592767227,0.1629219123345093,0.13300401511508853,0.2042638160091313,26.78607216599016,0.2398979374820953
min,0.2,0.32899999999999996,0.0,-12.603,0.0,0.0236,2.36e-05,0.0,0.0566,0.162,71.028,3.0
max,0.903,0.935,11.0,-1.865,1.0,0.426,0.818,0.8140000000000001,0.647,0.8909999999999999,176.08,4.0
