,danceability,energy,key,loudness,mode,speechiness,acousticness,instrumentalness,liveness,valence,tempo,time_signature
mean,0.6515599999999999,0.74714,5.5,-6.342360000000001,0.54,0.07918599999999999,0.12673597080000001,0.0672163062,0.23216200000000004,0.5491940000000001,119.79576000000003,4.0
std,0.12078859251449474,0.1470847333189621,4.0012753069031195,2.2970237332296786,0.5034574339058886,0.058994793993769876,0.15979888531736827,0.20555143156179798,0.17143387359657522,0.23020726988112794,23.16645690151595,0.20203050891044214
min,0.33799999999999997,0.381,0.0,-14.24,0.0,0.0255,3.14e-06,0.0,0.0313,0.0519,73.483,3.0
max,0.856,0.958,11.0,-1.401,1.0,0.305,0.535,0.93,0.845,0.904,197.81,5.0
