,danceability,energy,key,loudness,mode,speechiness,acousticness,instrumentalness,liveness,valence,tempo,time_signature
mean,0.7154200000000003,0.5788599999999999,5.8,-8.35404,0.36,0.10758199999999998,0.2593372,0.09029666700000001,0.15157199999999996,0.5110000000000002,115.77528000000004,3.98
std,0.16111399057556633,0.20346919839100353,3.822596617217043,4.036282240490369,0.4848732213850611,0.09861890924779329,0.28730978688628567,0.24998953807371949,0.10558380951951422,0.2265785442946747,26.18039978026871,0.47337261502231187
min,0.263,0.114,0.0,-26.351,0.0,0.0255,9.549999999999999e-05,0.0,0.0496,0.11900000000000001,74.982,1.0
max,0.972,0.958,11.0,-3.5669999999999997,1.0,0.46799999999999997,0.973,0.86,0.624,0.941,191.96,5.0
