,danceability,energy,key,loudness,mode,speechiness,acousticness,instrumentalness,liveness,valence,tempo,time_signature
mean,0.6433800000000001,0.68486,4.92,-6.540660000000002,0.54,0.12251199999999995,0.15669332400000002,0.0636874862,0.19367000000000004,0.4804760000000002,124.34219999999999,3.88
std,0.174082890178964,0.16886161584600112,3.8217423102185064,2.3974240224176664,0.5034574339058886,0.103159461742192,0.2308909223148186,0.19924459800541336,0.1197491054885427,0.23804131742199708,27.33096519499075,0.328260722659316
min,0.20800000000000002,0.19399999999999998,0.0,-14.366,0.0,0.0258,6.12e-05,0.0,0.0568,0.0961,75.014,3.0
max,0.922,0.983,11.0,-2.384,1.0,0.40299999999999997,0.9590000000000001,0.8590000000000001,0.516,0.9009999999999999,196.80599999999998,4.0
