,danceability,energy,key,loudness,mode,speechiness,acousticness,instrumentalness,liveness,valence,tempo,time_signature
mean,0.6067000000000001,0.77098,5.18,-6.50656,0.44,0.081738,0.10981177419999998,0.0221058958,0.196084,0.5087019999999999,117.28204,3.94
std,0.16554699067771958,0.17211463787670286,4.003518860365981,1.5760985305364585,0.5014265364224069,0.07686568962037828,0.17387123114294137,0.08395727651749407,0.15378350719668962,0.2536922999563504,25.6341982945137,0.23989793748209526
min,0.17300000000000001,0.231,0.0,-9.666,0.0,0.0273,3.42e-06,0.0,0.0684,0.0931,74.98100000000001,3.0
max,0.938,0.995,11.0,-2.819,1.0,0.431,0.7879999999999999,0.461,0.731,0.9670000000000001,187.997,4.0
