,danceability,energy,key,loudness,mode,speechiness,acousticness,instrumentalness,liveness,valence,tempo,time_signature
mean,0.6739,0.6235400000000001,5.58,-7.54808,0.54,0.12017,0.28776136800000013,0.054432759000000004,0.174696,0.5058699999999999,116.58552000000002,3.94
std,0.15084513615639322,0.2125627119948658,3.1434415041154997,3.042414641466913,0.5034574339058886,0.12006520039936124,0.28319279295865973,0.17067814067389234,0.14816508575482515,0.21623708667354272,22.603996269614246,0.23989793748209526
min,0.3,0.17800000000000002,0.0,-16.541,0.0,0.0259,5.539999999999999e-05,0.0,0.0531,0.0895,69.752,3.0
max,0.9259999999999999,0.943,11.0,-1.865,1.0,0.588,0.905,0.81,0.7390000000000001,0.8740000000000001,172.03900000000002,4.0
