,danceability,energy,key,loudness,mode,speechiness,acousticness,instrumentalness,liveness,valence,tempo,time_signature
mean,0.6314000000000001,0.7574599999999998,5.24,-6.08066,0.44,0.09777800000000003,0.13989182000000003,0.0387779716,0.21370000000000006,0.5991160000000002,121.38242000000002,4.02
std,0.1468347676117337,0.13604159177941705,3.6452933030561643,1.9263397099055983,0.5014265364224069,0.08870143750992161,0.17567727910769002,0.1563953757088996,0.1593916636746715,0.22096863510000508,29.09295773970893,0.2466096643090295
min,0.17800000000000002,0.369,0.0,-13.024000000000001,0.0,0.0269,0.000252,0.0,0.0219,0.0969,84.959,3.0
max,0.9329999999999999,0.966,11.0,-2.101,1.0,0.42200000000000004,0.9690000000000001,0.955,0.638,0.95,206.88400000000001,5.0
