,danceability,energy,key,loudness,mode,speechiness,acousticness,instrumentalness,liveness,valence,tempo,time_signature
mean,0.61626,0.7095400000000001,4.3,-6.100579999999997,0.44,0.110536,0.118836556,0.026936107799999998,0.209552,0.5026800000000001,129.26778000000002,3.9
std,0.15561540897418896,0.14627653570535223,3.5927932399883695,1.8743253381046805,0.501426536422407,0.09157853718786618,0.16536715305187827,0.11685117529723225,0.14139595906820085,0.2060550194011497,31.333703342482423,0.46291004988627577
min,0.26899999999999996,0.409,0.0,-10.595999999999998,0.0,0.0267,1.89e-05,0.0,0.0587,0.14400000000000002,80.007,1.0
max,0.953,0.966,11.0,-0.9279999999999999,1.0,0.35700000000000004,0.733,0.777,0.547,0.902,183.894,4.0
