,danceability,energy,key,loudness,mode,speechiness,acousticness,instrumentalness,liveness,valence,tempo,time_signature
mean,0.6098000000000001,0.7114999999999999,5.88,-6.318299999999999,0.48,0.07861200000000002,0.11565283960000002,0.0162794136,0.16106600000000001,0.47272800000000004,126.67394,3.92
std,0.11131294367040802,0.15268110691294873,3.408512752458684,1.4830149276086886,0.5046720495044484,0.07348161963708881,0.15502202760863573,0.11066581726247018,0.11700515880829826,0.20259306154889684,28.92769382330887,0.4444671196029727
min,0.258,0.37799999999999995,0.0,-10.677,0.0,0.0295,4.88e-06,0.0,0.0273,0.0787,80.404,1.0
max,0.8290000000000001,0.996,11.0,-3.593,1.0,0.42100000000000004,0.6579999999999999,0.7829999999999999,0.664,0.8809999999999999,203.55,4.0
