,danceability,energy,key,loudness,mode,speechiness,acousticness,instrumentalness,liveness,valence,tempo,time_signature
mean,0.6666999999999998,0.6015,6.12,-7.11506,0.54,0.12365799999999999,0.2786376199999999,0.024802846400000002,0.18192799999999998,0.4643319999999999,125.19260000000003,4.04
std,0.18446428225694922,0.18923371253342694,3.5262282561237743,2.774900574868974,0.5034574339058886,0.12219884780177606,0.27663733318736267,0.1289408322352408,0.138643705804424,0.21837844182304542,26.30190378148723,0.19794866372215741
min,0.228,0.179,0.0,-16.616,0.0,0.026000000000000002,0.000151,0.0,0.0608,0.0806,75.57,4.0
max,0.946,0.9309999999999999,11.0,-1.472,1.0,0.657,0.9259999999999999,0.882,0.79,0.9620000000000001,185.25,5.0
