,danceability,energy,key,loudness,mode,speechiness,acousticness,instrumentalness,liveness,valence,tempo,time_signature
mean,0.6398999999999999,0.67,5.76,-7.181120000000002,0.62,0.10648400000000004,0.19241384799999992,0.050876377,0.23567599999999994,0.5164599999999999,125.08512,4.0
std,0.14108880543972355,0.18975247033965068,3.9152240793901867,3.500495764538363,0.4903143514780145,0.1024145126036185,0.22831663379455658,0.18965509288294052,0.22195992427389563,0.21826058288389208,30.611091668350596,0.0
min,0.285,0.21100000000000002,0.0,-17.081,0.0,0.0259,8.14e-05,0.0,0.0278,0.102,56.92,4.0
max,0.872,0.982,11.0,-2.133,1.0,0.457,0.843,0.9420000000000001,0.907,0.924,196.166,4.0
