,danceability,energy,key,loudness,mode,speechiness,acousticness,instrumentalness,liveness,valence,tempo,time_signature
mean,0.6371999999999999,0.6876320000000002,5.86,-6.1702400000000015,0.64,0.08999400000000002,0.21579215999999998,0.04258981959999999,0.194538,0.508426,119.05840000000006,3.98
std,0.12360239083613295,0.22093008353831062,3.7688844232635157,3.7621971954089353,0.4848732213850611,0.0703984009848554,0.269667794104067,0.1731662339717815,0.11757172520358344,0.22720729616949598,26.62381966646884,0.14142135623730945
min,0.319,0.0556,0.0,-19.916,0.0,0.0262,0.0007379999999999999,0.0,0.0529,0.0793,75.023,3.0
max,0.856,0.992,11.0,-0.614,1.0,0.321,0.922,0.888,0.45399999999999996,0.9279999999999999,191.97799999999998,4.0
