,danceability,energy,key,loudness,mode,speechiness,acousticness,instrumentalness,liveness,valence,tempo,time_signature
mean,0.6507799999999997,0.68494,4.34,-6.18254,0.64,0.086528,0.18196604,0.06269902479999998,0.16509399999999996,0.53694,124.09396000000001,4.0
std,0.13568876301360872,0.17366204689169207,3.4676934638436068,3.361944822296057,0.4848732213850611,0.07001392001536814,0.2198164174134593,0.22087068128994045,0.1308024985875067,0.2188075671190817,22.57861665920358,0.2857142857142857
min,0.251,0.14400000000000002,0.0,-22.616999999999997,0.0,0.0241,0.00016999999999999999,0.0,0.0363,0.165,79.014,3.0
max,0.922,0.9790000000000001,11.0,-0.828,1.0,0.298,0.9840000000000001,0.9279999999999999,0.649,0.9690000000000001,161.925,5.0
