,danceability,energy,key,loudness,mode,speechiness,acousticness,instrumentalness,liveness,valence,tempo,time_signature
mean,0.5717099999999999,0.6893679999999998,6.26,-6.485759999999998,0.68,0.073244,0.28393354939999993,0.1288756794,0.26278999999999997,0.5292659999999999,116.06556,3.98
std,0.17563360778527973,0.24797602701775467,3.148112489238268,4.527238607651715,0.4712120714991612,0.06131401997013374,0.300873373144555,0.30419052384823736,0.23808052080704775,0.22805925260326354,28.007765849565402,0.14142135623730936
min,0.0645,0.0394,0.0,-29.480999999999998,0.0,0.0252,5.77e-06,0.0,0.0357,0.0306,67.03399999999999,3.0
max,0.927,0.998,11.0,-0.544,1.0,0.32,0.977,0.9259999999999999,0.975,0.9279999999999999,173.87400000000002,4.0
