,danceability,energy,key,loudness,mode,speechiness,acousticness,instrumentalness,liveness,valence,tempo,time_signature
mean,0.6087400000000001,0.68716,5.44,-5.73914,0.7,0.08654599999999998,0.26539559999999995,0.0275595804,0.18273599999999998,0.5534,124.21640000000004,3.98
std,0.1369097438431015,0.21214120826680036,3.3390698937132233,2.82200003623136,0.46291004988627565,0.06810025985146263,0.313556571695945,0.13190968352700871,0.12012315408337718,0.17502932698871482,26.15338139452233,0.24660966430902947
min,0.293,0.166,0.0,-16.166,0.0,0.026000000000000002,0.00059,0.0,0.0485,0.23600000000000002,75.801,3.0
max,0.9009999999999999,0.9790000000000001,11.0,-0.8240000000000001,1.0,0.34,0.924,0.818,0.5329999999999999,0.8959999999999999,180.005,5.0
