,danceability,energy,key,loudness,mode,speechiness,acousticness,instrumentalness,liveness,valence,tempo,time_signature
mean,0.59256,0.633491,5.26,-6.839800000000002,0.66,0.08222999999999998,0.27998433999999994,0.0470450196,0.164942,0.530622,120.66069999999999,3.94
std,0.1597176283831141,0.22596024792391411,3.5560239203988746,5.5097876621184465,0.47851812069840666,0.0895025578245832,0.30125920980089826,0.15015561438746278,0.09976859570925073,0.22745642622852635,32.870968811740994,0.313635691430002
min,0.105,0.00755,0.0,-38.95,0.0,0.0281,0.000333,0.0,0.0471,0.0361,65.52600000000001,3.0
max,0.851,0.995,11.0,1.893,1.0,0.46299999999999997,0.975,0.8859999999999999,0.49200000000000005,0.96,200.362,5.0
