,danceability,energy,key,loudness,mode,speechiness,acousticness,instrumentalness,liveness,valence,tempo,time_signature
mean,0.58342,0.7724460000000001,6.2,-4.77848,0.66,0.09028200000000002,0.15058146,0.038181870799999997,0.19421400000000003,0.5674600000000002,121.59933999999997,3.96
std,0.13070953777481625,0.17889034060917125,3.562846832382836,3.828692600641122,0.47851812069840666,0.09294917788441033,0.20972993989659414,0.18853722451255062,0.13395143653959224,0.1935125593139755,33.77552420572976,0.19794866372215747
min,0.193,0.0453,0.0,-26.219,0.0,0.0268,0.000843,0.0,0.0524,0.11900000000000001,67.675,3.0
max,0.8420000000000001,0.985,11.0,-1.075,1.0,0.4,0.9520000000000001,0.961,0.7709999999999999,0.9520000000000001,204.426,4.0
