,danceability,energy,key,loudness,mode,speechiness,acousticness,instrumentalness,liveness,valence,tempo,time_signature
mean,0.61566,0.70702,5.86,-5.293679999999999,0.8,0.09222800000000003,0.15142146,0.0849787206,0.17214200000000002,0.46742000000000017,132.29255999999998,4.0
std,0.15197228667874726,0.21308975688614393,3.4286309518642617,2.6497567038103247,0.4040610178208843,0.0790117558806722,0.2230529733639486,0.20744851648828988,0.13366445971849336,0.18127305933540244,30.269453255959114,0.0
min,0.248,0.19699999999999998,0.0,-14.505,0.0,0.0263,0.000732,0.0,0.0388,0.13699999999999998,75.014,4.0
max,0.909,0.993,11.0,-1.84,1.0,0.33399999999999996,0.88,0.871,0.722,0.863,204.426,4.0
