,danceability,energy,key,loudness,mode,speechiness,acousticness,instrumentalness,liveness,valence,tempo,time_signature
mean,0.6060599999999999,0.6184880000000001,5.42,-7.01188,0.68,0.08841999999999998,0.35790323999999996,0.09220259640000002,0.20743999999999996,0.5529660000000001,122.03361999999997,4.02
std,0.1693188526938185,0.24642171637670413,3.546139032922472,3.8419710642813953,0.47121207149916117,0.10896541671932579,0.32300254666100114,0.2406863242639075,0.1896479746417406,0.24277895515325487,29.0412147029714,0.14142135623730948
min,0.157,0.0824,0.0,-20.739,0.0,0.0223,0.000123,0.0,0.038,0.0723,77.729,4.0
max,0.8959999999999999,0.9890000000000001,11.0,-1.41,1.0,0.473,0.981,0.934,0.956,0.96,177.032,5.0
