,danceability,energy,key,loudness,mode,speechiness,acousticness,instrumentalness,liveness,valence,tempo,time_signature
mean,0.6218800000000002,0.78432,5.82,-4.860539999999999,0.8,0.07839399999999999,0.19050259999999994,0.0006414682,0.22569200000000003,0.6473199999999999,123.5168,4.0
std,0.13499850943999495,0.16247366379992612,3.3666430927981827,2.8278895585772443,0.4040610178208844,0.04966669483175022,0.22780037470906808,0.004170630021634374,0.14774648563105158,0.18214766828379791,32.747109940093516,0.0
min,0.297,0.379,0.0,-15.243,0.0,0.027000000000000003,0.00183,0.0,0.0588,0.11800000000000001,79.98,4.0
max,0.862,0.972,11.0,-0.8240000000000001,1.0,0.223,0.856,0.0295,0.7709999999999999,0.9620000000000001,202.937,4.0
