,danceability,energy,key,loudness,mode,speechiness,acousticness,instrumentalness,liveness,valence,tempo,time_signature
mean,0.5738800000000001,0.6853199999999999,5.48,-6.427440000000002,0.64,0.09343200000000002,0.23716945999999986,0.055430732799999986,0.20380600000000001,0.4810980000000001,123.94644000000004,3.92
std,0.18144888975090684,0.21878900841697158,3.150898802771381,2.9434181237854347,0.4848732213850611,0.08968380155426335,0.2809663615551862,0.214921542848753,0.16808140934483784,0.25363773820316315,32.2336316450216,0.3404678653660854
min,0.102,0.11599999999999999,0.0,-13.497,0.0,0.0276,0.000239,0.0,0.0349,0.0834,54.747,3.0
max,0.922,0.971,11.0,-2.384,1.0,0.43799999999999994,0.877,0.972,0.914,0.965,191.702,5.0
