,danceability,energy,key,loudness,mode,speechiness,acousticness,instrumentalness,liveness,valence,tempo,time_signature
mean,0.57774,0.7416799999999997,4.72,-5.13262,0.64,0.0883,0.190039626,0.04575643220000001,0.19947400000000004,0.541182,127.43366000000003,3.96
std,0.16548614961466027,0.20251615607004728,3.0239857466460323,2.7166954107322883,0.4848732213850611,0.07519729152742954,0.2191970116532807,0.17748214955878452,0.15304686331783662,0.21240424271291988,30.302169333409314,0.19794866372215744
min,0.25,0.26899999999999996,0.0,-15.632,0.0,0.0246,3.13e-05,0.0,0.0431,0.0875,69.709,3.0
max,0.878,0.9890000000000001,11.0,-1.661,1.0,0.331,0.9209999999999999,0.778,0.764,0.9620000000000001,180.123,4.0
