,danceability,energy,key,loudness,mode,speechiness,acousticness,instrumentalness,liveness,valence,tempo,time_signature
mean,0.60764,0.7043999999999997,5.06,-5.575740000000001,0.76,0.10464999999999999,0.260718,0.011194897600000005,0.18924599999999997,0.56588,123.31386000000002,4.02
std,0.1302173630229589,0.22451289677060096,3.7710497645258694,2.8806643636353,0.4314191105869001,0.13118958123452412,0.3134134579374767,0.06627004978176206,0.12173492650267731,0.20861111559794793,23.215750179750202,0.2466096643090295
min,0.35200000000000004,0.166,0.0,-14.11,0.0,0.026000000000000002,0.0013800000000000002,0.0,0.0485,0.157,75.801,3.0
max,0.883,0.9790000000000001,11.0,-0.625,1.0,0.883,0.9590000000000001,0.46,0.5329999999999999,0.91,180.019,5.0
