,danceability,energy,key,loudness,mode,speechiness,acousticness,instrumentalness,liveness,valence,tempo,time_signature
mean,0.6092799999999999,0.7335799999999999,5.34,-5.596619999999999,0.68,0.07446000000000001,0.142672842,0.06663490339999999,0.17667199999999997,0.5431999999999999,119.75917999999997,3.98
std,0.15375597416632866,0.19810068456340532,3.712142238654117,2.645409932278156,0.47121207149916117,0.0644650261136745,0.19217306182094507,0.19921689718797983,0.13035661141183252,0.20688772465336097,26.928236002223173,0.2466096643090295
min,0.264,0.204,0.0,-12.587,0.0,0.0238,1.5399999999999998e-05,0.0,0.0404,0.13,75.08800000000001,3.0
max,0.917,0.9740000000000001,11.0,-0.815,1.0,0.38,0.8340000000000001,0.862,0.639,0.9640000000000001,203.68099999999998,5.0
