,danceability,energy,key,loudness,mode,speechiness,acousticness,instrumentalness,liveness,valence,tempo,time_signature
mean,0.61648,0.6767739999999999,6.08,-6.55608,0.74,0.09362,0.18081635399999996,0.030063307799999998,0.18413999999999997,0.4888399999999998,122.86916000000005,3.92
std,0.1477046473782828,0.19213528058349397,3.4807927785702697,3.448004704528254,0.4430874976934521,0.08055524153508269,0.22184966523122962,0.10447677843331357,0.12772066458982,0.21144993714439203,30.834352087030116,0.27404751561786983
min,0.21899999999999997,0.0837,0.0,-17.881,0.0,0.0254,8.669999999999999e-05,0.0,0.0424,0.1,74.994,3.0
max,0.9129999999999999,0.991,11.0,-0.985,1.0,0.305,0.86,0.5489999999999999,0.5579999999999999,0.9,191.72299999999998,4.0
