,danceability,energy,key,loudness,mode,speechiness,acousticness,instrumentalness,liveness,valence,tempo,time_signature
mean,0.5704,0.7174600000000001,5.14,-5.226160000000001,0.82,0.062064000000000015,0.23414240000000006,0.000397469,0.21952000000000005,0.5521400000000001,121.32413999999999,4.0
std,0.13651119412871965,0.17534353569551425,3.481789359346304,2.4137605122737935,0.3880879344916035,0.07033222549341904,0.2397734445778654,0.0014289203887440226,0.16414004349198583,0.22247063644812246,33.18452988601028,0.0
min,0.218,0.27399999999999997,0.0,-13.877,0.0,0.0238,0.0015199999999999999,0.0,0.055,0.105,70.418,4.0
max,0.88,0.99,11.0,-1.7069999999999999,1.0,0.36200000000000004,0.9259999999999999,0.00867,0.7709999999999999,0.9640000000000001,191.977,4.0
