,danceability,energy,key,loudness,mode,speechiness,acousticness,instrumentalness,liveness,valence,tempo,time_signature
mean,0.64544,0.7188599999999999,4.78,-5.740060000000001,0.64,0.103844,0.1374442218,0.053166592600000014,0.202032,0.48346000000000006,125.64410000000002,3.96
std,0.15186045689167058,0.18745339665732214,3.9242313689096746,2.3203628534857934,0.48487322138506106,0.1042894542577904,0.1817304305095107,0.19474967152149647,0.15306586209464051,0.18596194585485074,28.667620487552984,0.19794866372215744
min,0.126,0.19699999999999998,0.0,-12.89,0.0,0.0302,6.89e-06,0.0,0.0472,0.134,75.014,3.0
max,0.9059999999999999,0.985,11.0,-2.4290000000000003,1.0,0.588,0.88,0.853,0.927,0.961,202.00599999999997,4.0
