,danceability,energy,key,loudness,mode,speechiness,acousticness,instrumentalness,liveness,valence,tempo,time_signature
mean,0.5285399999999999,0.743841302,5.32,-6.181060000000001,0.74,0.07679,0.19942236600000005,0.036558543,0.2125899999999999,0.5513800000000001,129.68033999999997,3.92
std,0.13528491627461126,0.23137723752477674,3.542396283389455,4.183659673256496,0.443087497693452,0.07037967369480874,0.3075128514237583,0.17046398853432584,0.14523518330414206,0.20707791001535272,28.961924506616246,0.2740475156178697
min,0.158,6.51e-05,0.0,-29.534000000000002,0.0,0.0253,2.62e-05,0.0,0.0471,0.0,81.094,3.0
max,0.782,0.985,11.0,-0.8240000000000001,1.0,0.413,0.975,0.981,0.645,0.8959999999999999,202.017,4.0
