,danceability,energy,key,loudness,mode,speechiness,acousticness,instrumentalness,liveness,valence,tempo,time_signature
mean,0.6008400000000002,0.7476399999999999,5.88,-4.8682799999999995,0.62,0.09649800000000001,0.21836106,0.0537305384,0.22227,0.53242,125.42254000000003,3.98
std,0.12875294488409392,0.18371681402392664,3.62890887069884,3.0006238537738676,0.4903143514780146,0.09693665192131552,0.2698324654273999,0.18173574346651267,0.1389180837025613,0.18928890455532546,30.12205181997578,0.1414213562373094
min,0.25,0.132,0.0,-19.928,0.0,0.025,0.000843,0.0,0.0492,0.122,63.078,3.0
max,0.878,0.988,11.0,-1.1059999999999999,1.0,0.426,0.97,0.898,0.7709999999999999,0.915,199.977,4.0
