,danceability,energy,key,loudness,mode,speechiness,acousticness,instrumentalness,liveness,valence,tempo,time_signature
mean,0.6482600000000001,0.6874599999999996,5.64,-6.081600000000002,0.56,0.09321200000000002,0.22932825999999998,0.0778918144,0.1967539999999999,0.5186459999999999,121.20512000000004,3.94
std,0.15102396214792255,0.18841575933914587,3.794518065174914,3.5999610088591405,0.5014265364224069,0.06828443704723018,0.25202346279004684,0.24143203665290733,0.12967373691267617,0.21998927729898707,22.667705822394385,0.23989793748209523
min,0.228,0.113,0.0,-25.226,0.0,0.0272,0.000164,0.0,0.0424,0.0343,78.53399999999999,3.0
max,0.903,0.995,11.0,-1.182,1.0,0.245,0.99,0.972,0.539,0.9690000000000001,173.981,4.0
