,danceability,energy,key,loudness,mode,speechiness,acousticness,instrumentalness,liveness,valence,tempo,time_signature
mean,0.6174081632653061,0.6872653061224491,5.3061224489795915,-5.934020408163265,0.7142857142857143,0.06915714285714285,0.23017044897959182,0.018574731020408162,0.18056530612244898,0.4983714285714286,113.25593877551026,4.0
std,0.1543834401697263,0.18766645672466836,3.4713354876800957,2.8030735771187842,0.45643546458763823,0.055891852417563205,0.24301846225004703,0.11858895347405003,0.14329938873883993,0.22853894999904653,25.31886938251141,0.0
min,0.302,0.10300000000000001,0.0,-16.886,0.0,0.0228,0.00020800000000000001,0.0,0.0295,0.0662,48.99100000000001,4.0
max,0.847,0.934,11.0,-1.6540000000000001,1.0,0.287,0.873,0.8290000000000001,0.7709999999999999,0.9620000000000001,184.91,4.0
