,danceability,energy,key,loudness,mode,speechiness,acousticness,instrumentalness,liveness,valence,tempo,time_signature
mean,0.59392,0.68254,5.68,-6.16658,0.5,0.07307200000000001,0.24649949999999998,0.05371733780000001,0.24163199999999999,0.5242119999999997,121.42031999999999,3.88
std,0.13477189194020708,0.19121098615008972,3.536630472927701,2.6977862359909177,0.5050762722761054,0.09134962672086196,0.30236700065981104,0.13847808577518206,0.17990137597459066,0.22417257441169597,25.669756187230075,0.47979587496419046
min,0.21600000000000003,0.192,0.0,-13.658,0.0,0.0241,0.000165,0.0,0.0592,0.0885,59.015,1.0
max,0.929,0.9940000000000001,11.0,-1.556,1.0,0.623,0.968,0.741,0.752,0.934,170.02200000000002,4.0
