,danceability,energy,key,loudness,mode,speechiness,acousticness,instrumentalness,liveness,valence,tempo,time_signature
mean,0.61242,0.7119399999999999,5.1,-6.036579999999999,0.66,0.09603799999999996,0.21097464,0.056667690599999994,0.17814999999999998,0.62474,121.81844000000002,3.98
std,0.11847605286318755,0.20655477210064896,3.682556787042926,2.989500436664348,0.4785181206984065,0.07856097564234772,0.25734966190322556,0.18371989290261428,0.13568135878759832,0.18782719044213952,30.476944152320677,0.2466096643090295
min,0.35200000000000004,0.218,0.0,-15.177,0.0,0.0259,0.000484,0.0,0.0451,0.157,60.648999999999994,3.0
max,0.8340000000000001,0.9790000000000001,11.0,-0.8240000000000001,1.0,0.377,0.9690000000000001,0.7879999999999999,0.713,0.978,195.942,5.0
