,danceability,energy,key,loudness,mode,speechiness,acousticness,instrumentalness,liveness,valence,tempo,time_signature
mean,0.5963400000000001,0.7515939999999999,5.46,-5.55436,0.64,0.073798,0.2148080400000001,0.061132614400000014,0.20751599999999995,0.55639,124.24202,4.02
std,0.14087736887528987,0.20103997207378582,4.096838004199466,3.746755994190174,0.4848732213850611,0.049866775532821615,0.24623507009740903,0.21430070825448921,0.15803119604194918,0.2004092570370003,31.094199610341395,0.2466096643090295
min,0.162,0.0707,0.0,-22.303,0.0,0.0265,0.000234,0.0,0.0355,0.0385,67.579,3.0
max,0.893,0.985,11.0,-1.554,1.0,0.226,0.976,0.925,0.797,0.9620000000000001,200.078,5.0
