,danceability,energy,key,loudness,mode,speechiness,acousticness,instrumentalness,liveness,valence,tempo,time_signature
mean,0.5675600000000002,0.74524,5.78,-5.006899999999999,0.68,0.07285199999999997,0.19788155999999998,0.0032493951999999996,0.2175999999999999,0.5337599999999999,125.65244000000004,3.98
std,0.14677751593372013,0.19481006553218203,3.5472898536942896,2.1774335131254023,0.47121207149916117,0.05215803786844089,0.23394354887269148,0.02177068208464781,0.1362752376925583,0.2178957399064694,30.27482513821323,0.14142135623730948
min,0.265,0.375,0.0,-8.977,0.0,0.0237,0.000272,0.0,0.0372,0.11800000000000001,72.023,3.0
max,0.945,0.993,11.0,-1.646,1.0,0.253,0.9109999999999999,0.154,0.7709999999999999,0.9620000000000001,203.97099999999998,4.0
