,danceability,energy,key,loudness,mode,speechiness,acousticness,instrumentalness,liveness,valence,tempo,time_signature
mean,0.6098999999999998,0.7008800000000001,5.98,-6.285639999999998,0.52,0.111516,0.24872453999999997,0.09416791440000002,0.21032000000000003,0.55572,131.47037999999998,4.0
std,0.15114343100080094,0.2158163088917829,3.359360969358455,3.367115344817597,0.5046720495044485,0.10442262121019642,0.28050959708993844,0.2330422214864554,0.176588561350955,0.21784004991492903,32.09222845455241,0.20203050891044214
min,0.31,0.18100000000000002,0.0,-17.922,0.0,0.0263,0.000177,0.0,0.0373,0.136,69.41,3.0
max,0.866,0.993,11.0,-0.642,1.0,0.45,0.982,0.904,0.825,0.96,191.081,5.0
