,danceability,energy,key,loudness,mode,speechiness,acousticness,instrumentalness,liveness,valence,tempo,time_signature
mean,0.63872,0.7237600000000001,4.72,-5.398959999999997,0.62,0.10267400000000002,0.13067117800000005,0.010634965200000002,0.16742799999999997,0.5487920000000002,122.66521999999998,4.0
std,0.15185950004890056,0.1609249489161748,3.534321515005188,2.2931333697429315,0.4903143514780145,0.10131874095836245,0.1543748679622554,0.03960414243020578,0.11051512970574462,0.22035481576914323,30.55230472103436,0.0
min,0.29600000000000004,0.322,0.0,-12.23,0.0,0.0297,1.89e-05,0.0,0.0516,0.0636,62.839,4.0
max,0.9640000000000001,0.9890000000000001,11.0,-1.8159999999999998,1.0,0.53,0.613,0.248,0.54,0.963,199.69400000000002,4.0
