,danceability,energy,key,loudness,mode,speechiness,acousticness,instrumentalness,liveness,valence,tempo,time_signature
mean,0.59858,0.7718199999999997,5.2,-4.389740000000001,0.78,0.072614,0.14172854000000001,0.018766493000000002,0.22141,0.62314,122.10892000000004,3.94
std,0.13313857902384943,0.15979881356357603,2.9485382057928993,1.9876543329630882,0.4184519575964803,0.06857503862520953,0.20345967089941527,0.1196190962354535,0.15828549413342088,0.23045376799625877,30.487682989612413,0.42426406871192895
min,0.257,0.433,1.0,-8.982000000000001,0.0,0.0275,0.000587,0.0,0.0519,0.149,72.244,1.0
max,0.88,0.99,11.0,-0.8240000000000001,1.0,0.449,0.871,0.8440000000000001,0.7709999999999999,0.963,184.949,4.0
