,danceability,energy,key,loudness,mode,speechiness,acousticness,instrumentalness,liveness,valence,tempo,time_signature
mean,0.5920000000000001,0.7462219999999999,5.72,-5.790479999999999,0.78,0.080142,0.19034229999999996,0.10351698359999999,0.198238,0.5174020000000003,126.54256000000001,3.92
std,0.1547094709711182,0.2000756665945794,3.6423809212533227,4.876566202581819,0.41845195759648024,0.08251598259533403,0.2349148184290664,0.264986270888236,0.13504563233309286,0.21188719803186767,29.121369093572536,0.4882287854467156
min,0.209,0.0101,0.0,-34.219,0.0,0.0268,0.0001,0.0,0.0476,0.0658,68.066,1.0
max,0.833,0.973,11.0,-0.377,1.0,0.54,0.9940000000000001,0.9420000000000001,0.716,0.9159999999999999,215.71200000000002,5.0
