,danceability,energy,key,loudness,mode,speechiness,acousticness,instrumentalness,liveness,valence,tempo,time_signature
mean,0.5883200000000002,0.7658999999999999,5.92,-5.029340000000001,0.8,0.09027600000000001,0.20673300000000008,0.0226438658,0.24467200000000003,0.62796,124.04838000000004,3.98
std,0.12438902766756252,0.18927220976084977,3.6747344760387457,2.745964955184614,0.4040610178208843,0.06407341949446967,0.2348916019927803,0.1217614591105594,0.13844024134799027,0.18249192993060245,31.28801849694061,0.14142135623730948
min,0.297,0.302,0.0,-12.67,0.0,0.0258,0.0015199999999999999,0.0,0.0588,0.11800000000000001,79.98,3.0
max,0.825,0.993,11.0,-0.8240000000000001,1.0,0.295,0.723,0.802,0.7709999999999999,0.9620000000000001,198.52200000000002,4.0
