,danceability,energy,key,loudness,mode,speechiness,acousticness,instrumentalness,liveness,valence,tempo,time_signature
mean,0.60444,0.7604288,6.24,-5.249079999999999,0.64,0.09799599999999999,0.14802958,0.0269773484,0.17746199999999995,0.58652,125.68225999999999,4.0
std,0.12328449924910286,0.18171519766887065,3.771861447019257,3.5733701113449,0.4848732213850611,0.09390172231147426,0.218073352074067,0.14436561071837933,0.13306962101371858,0.19753741469423364,31.070570475382564,0.20203050891044214
min,0.359,0.008440000000000001,0.0,-23.823,0.0,0.0263,0.00021600000000000002,0.0,0.0412,0.18100000000000002,76.18,3.0
max,0.9079999999999999,0.985,11.0,-2.3369999999999997,1.0,0.395,0.996,0.9590000000000001,0.7709999999999999,0.9520000000000001,204.426,5.0
