,danceability,energy,key,loudness,mode,speechiness,acousticness,instrumentalness,liveness,valence,tempo,time_signature
mean,0.63926,0.70384,5.44,-5.58274,0.48,0.104852,0.18245228619999998,0.04748330679999999,0.174642,0.54488,122.06270000000002,3.98
std,0.13304591964691692,0.1884316971472579,3.6709560563083476,1.9595022046948767,0.5046720495044485,0.0983743542156539,0.24098622066409814,0.1616344975386441,0.10631885829226831,0.21703697042350237,27.699701685014148,0.14142135623730942
min,0.366,0.28,0.0,-9.454,0.0,0.0265,7.51e-06,0.0,0.0438,0.106,70.124,3.0
max,0.922,0.97,11.0,-1.7069999999999999,1.0,0.452,0.9259999999999999,0.8740000000000001,0.43,0.882,180.607,4.0
