,danceability,energy,key,loudness,mode,speechiness,acousticness,instrumentalness,liveness,valence,tempo,time_signature
mean,0.6256,0.7265999999999998,4.94,-5.468700000000002,0.66,0.084664,0.20606409999999997,0.0325307204,0.18343999999999996,0.55068,122.72193999999999,3.96
std,0.14265571513691447,0.16442788879093745,3.3891182406312694,2.2627373547839555,0.4785181206984066,0.08388964266784533,0.24837512461352831,0.14109646475317275,0.11811492501036472,0.2193627542660414,26.4707339592854,0.4932193286180589
min,0.321,0.409,0.0,-12.039000000000001,0.0,0.026000000000000002,0.000162,0.0,0.0621,0.12300000000000001,54.924,1.0
max,0.9179999999999999,0.973,11.0,-1.5830000000000002,1.0,0.381,0.9279999999999999,0.8109999999999999,0.527,0.968,178.919,5.0
