,danceability,energy,key,loudness,mode,speechiness,acousticness,instrumentalness,liveness,valence,tempo,time_signature
mean,0.5102800000000002,0.7971779999999999,3.98,-4.5503,0.72,0.06230200000000001,0.14843468,0.0017035524000000002,0.21370200000000003,0.5446280000000001,119.72273999999996,3.94
std,0.10132712028930088,0.2177332212331674,3.1330366048527,2.883257088567634,0.45355736761107274,0.02795512066560564,0.228973622976707,0.012020310489944919,0.11135792172365756,0.23551944504842554,27.680399649711617,0.23989793748209526
min,0.265,0.0839,0.0,-16.97,0.0,0.0261,0.000154,0.0,0.0378,0.0664,70.495,3.0
max,0.7070000000000001,0.975,10.0,-1.631,1.0,0.14300000000000002,0.924,0.085,0.415,0.9620000000000001,203.97099999999998,4.0
