,danceability,energy,key,loudness,mode,speechiness,acousticness,instrumentalness,liveness,valence,tempo,time_signature
mean,0.60952,0.7100600000000001,5.96,-5.404060000000002,0.6,0.066982,0.208025656,0.009997451400000001,0.17445800000000003,0.5045159999999996,117.17344000000007,3.96
std,0.10441913969523921,0.212790249316273,3.307135143465241,2.838865779619366,0.49487165930539356,0.052309247982453316,0.27685716904224866,0.02970708307816903,0.12623301274279422,0.24988765178432829,24.376999992180654,0.1979486637221575
min,0.358,0.212,0.0,-15.372,0.0,0.026000000000000002,8.4e-05,0.0,0.0446,0.0736,78.079,3.0
max,0.802,0.988,11.0,1.107,1.0,0.335,0.9440000000000001,0.14,0.5539999999999999,0.972,177.1,4.0
