,danceability,energy,key,loudness,mode,speechiness,acousticness,instrumentalness,liveness,valence,tempo,time_signature
mean,0.6237199999999998,0.75006,4.94,-5.432159999999998,0.5,0.11105999999999996,0.16358826599999993,0.055580520599999995,0.195934,0.534384,124.57016000000003,4.06
std,0.1565939816916372,0.19050710094430626,3.7656340767525465,2.8095820399453855,0.5050762722761054,0.08218633880222605,0.23557897032436667,0.19605532636527603,0.15487333021616376,0.23802334250134002,29.636598905889514,0.2398979374820953
min,0.287,0.217,0.0,-13.722999999999999,0.0,0.0261,8.13e-05,0.0,0.0388,0.0812,78.271,4.0
max,0.909,0.992,11.0,-0.742,1.0,0.331,0.9279999999999999,0.907,0.64,0.9570000000000001,178.998,5.0
