,danceability,energy,key,loudness,mode,speechiness,acousticness,instrumentalness,liveness,valence,tempo,time_signature
mean,0.5695600000000001,0.6995740000000004,5.44,-6.247199999999999,0.6,0.08765799999999997,0.21558154000000002,0.10985524719999999,0.21608600000000003,0.5531259999999998,126.72574,4.0
std,0.13822772692117857,0.2181183921260962,3.540782802876061,3.0880272283879404,0.4948716593053935,0.0765372420752786,0.27690535722909343,0.25148631236333724,0.1490015477388454,0.21718292375651582,31.647940719550196,0.20203050891044214
min,0.14400000000000002,0.0497,0.0,-18.500999999999998,0.0,0.0273,0.00034700000000000003,0.0,0.0256,0.0523,70.824,3.0
max,0.7909999999999999,0.9940000000000001,11.0,-1.187,1.0,0.35600000000000004,0.976,0.9179999999999999,0.664,0.94,204.308,5.0
