,danceability,energy,key,loudness,mode,speechiness,acousticness,instrumentalness,liveness,valence,tempo,time_signature
mean,0.6539000000000001,0.7329940000000001,5.02,-5.43336,0.62,0.08557800000000002,0.2044558,0.0855969596,0.18016400000000002,0.5546700000000001,122.36295999999994,4.0
std,0.16146728360094925,0.2002651960246101,3.6167975461443675,2.9143837291640797,0.4903143514780145,0.06264012305484823,0.22894430764805873,0.24408075750348604,0.15504925584721624,0.22378154457836227,28.75720348227234,0.0
min,0.162,0.0707,0.0,-16.089000000000002,0.0,0.0279,0.001,0.0,0.0355,0.0385,63.43899999999999,4.0
max,0.91,0.996,11.0,-1.554,1.0,0.33,0.976,0.904,0.797,0.9620000000000001,180.078,4.0
