,danceability,energy,key,loudness,mode,speechiness,acousticness,instrumentalness,liveness,valence,tempo,time_signature
mean,0.6012599999999999,0.7425599999999999,5.52,-5.02398,0.76,0.07851599999999999,0.177259724,0.069257966,0.19048799999999996,0.57462,127.00249999999998,3.92
std,0.13333107634144165,0.1871764593606138,3.376025921169469,2.895908947505929,0.43141911058689997,0.0592588970672983,0.25693299352377935,0.21883734616951867,0.12657125546586034,0.2083547690740924,29.012435732855348,0.4444671196029724
min,0.342,0.218,0.0,-15.177,0.0,0.0266,3.7e-05,0.0,0.0384,0.138,85.984,1.0
max,0.828,0.9790000000000001,11.0,-0.8240000000000001,1.0,0.302,0.871,0.894,0.5329999999999999,0.8909999999999999,195.942,4.0
