,danceability,energy,key,loudness,mode,speechiness,acousticness,instrumentalness,liveness,valence,tempo,time_signature
mean,0.6313999999999999,0.7241999999999997,5.22,-6.532540000000003,0.64,0.085754,0.16963412000000003,0.0795257066,0.200304,0.52484,119.03816000000002,3.98
std,0.16071879358757302,0.18183991614065603,3.483430164979014,2.61994957273484,0.4848732213850611,0.07518195400601972,0.23422233525117167,0.1990694863754653,0.1764730516052157,0.22861984844286995,23.32917745723197,0.14142135623730945
min,0.18899999999999997,0.253,0.0,-12.072000000000001,0.0,0.0271,4.1e-06,0.0,0.0353,0.136,79.959,3.0
max,0.907,0.9790000000000001,11.0,-1.1909999999999998,1.0,0.425,0.956,0.8959999999999999,0.764,0.9640000000000001,179.666,4.0
