,danceability,energy,key,loudness,mode,speechiness,acousticness,instrumentalness,liveness,valence,tempo,time_signature
mean,0.62418,0.7916000000000001,5.68,-5.001640000000001,0.6,0.07823599999999999,0.12706708619999998,0.04479300179999999,0.18074,0.5967199999999999,124.4724,3.98
std,0.12513595708309438,0.16382606505631736,3.291547616894781,2.554529300945236,0.49487165930539356,0.06224711700561083,0.2011815114860752,0.12132981733473616,0.1360525603716206,0.20412721523598953,24.55817630502256,0.14142135623730945
min,0.36,0.081,0.0,-16.394000000000002,0.0,0.0259,4.51e-06,0.0,0.0323,0.18100000000000002,79.987,3.0
max,0.8490000000000001,0.9790000000000001,11.0,1.103,1.0,0.35600000000000004,0.922,0.563,0.6679999999999999,0.929,175.037,4.0
