,danceability,energy,key,loudness,mode,speechiness,acousticness,instrumentalness,liveness,valence,tempo,time_signature
mean,0.63658,0.7164019999999998,4.88,-6.1429399999999985,0.76,0.1066,0.23977158000000012,0.07504466559999999,0.17635800000000004,0.49276000000000003,117.88156000000005,3.96
std,0.1432291000531694,0.2139494280221857,3.6176438380215803,4.312554526883914,0.43141911058690013,0.09804728763328896,0.29362661270243495,0.2507607453776244,0.1066719921736053,0.258715938308203,27.278871976917614,0.1979486637221575
min,0.307,0.0341,0.0,-24.265,0.0,0.0286,0.000273,0.0,0.0141,0.0577,69.319,3.0
max,0.8759999999999999,0.978,11.0,-0.165,1.0,0.408,0.992,0.9359999999999999,0.396,0.961,195.003,4.0
