,danceability,energy,key,loudness,mode,speechiness,acousticness,instrumentalness,liveness,valence,tempo,time_signature
mean,0.59812,0.7510600000000003,5.28,-5.23254,0.6,0.09252,0.17724656,0.0471285752,0.193876,0.509804,119.88177999999999,3.98
std,0.17540502866689042,0.16747164365519146,3.6423809212533227,2.3339406040568615,0.49487165930539356,0.08648312799946259,0.23226248850122583,0.1793785882674234,0.15997090750814535,0.22659807622073666,29.426429619209426,0.1414213562373094
min,0.179,0.298,0.0,-10.876,0.0,0.0256,0.000131,0.0,0.031,0.0342,77.115,3.0
max,0.9129999999999999,0.987,11.0,-1.7169999999999999,1.0,0.39,0.877,0.9279999999999999,0.988,0.937,207.581,4.0
