,danceability,energy,key,loudness,mode,speechiness,acousticness,instrumentalness,liveness,valence,tempo,time_signature
mean,0.62986,0.69694,6.58,-6.229940000000002,0.58,0.11190600000000002,0.225420896,0.06641898600000001,0.17325600000000005,0.5241399999999998,126.20914,4.0
std,0.15405233804503862,0.17169923989229494,3.9179857382203367,2.541975797585453,0.49856938190328975,0.09284927529307367,0.24429080991867136,0.2088073860240689,0.13686936742301217,0.26763537562458795,27.720348721935554,0.20203050891044214
min,0.19699999999999998,0.26899999999999996,0.0,-15.305,0.0,0.0283,1.88e-05,0.0,0.0555,0.11199999999999999,76.005,3.0
max,0.9109999999999999,0.9740000000000001,11.0,-2.371,1.0,0.342,0.9059999999999999,0.9209999999999999,0.7709999999999999,0.968,190.03599999999997,5.0
