,danceability,energy,key,loudness,mode,speechiness,acousticness,instrumentalness,liveness,valence,tempo,time_signature
mean,0.61224,0.57866,4.36,-7.531380000000001,0.52,0.10232800000000003,0.280166474,0.023221136800000007,0.18293199999999998,0.5047180000000001,122.20494,3.84
std,0.1369167123562678,0.19910961087515877,4.039397813273354,2.749412262907942,0.5046720495044485,0.1162191157833744,0.3084664289944315,0.11441005212979914,0.1641320578817246,0.20558207228476405,35.78270890625521,0.54809503123574
min,0.171,0.19899999999999998,0.0,-12.915,0.0,0.0261,2.95e-05,0.0,0.0618,0.0379,72.221,1.0
max,0.855,0.9390000000000001,11.0,-2.431,1.0,0.53,0.9129999999999999,0.785,0.8220000000000001,0.961,196.12099999999998,5.0
