,danceability,energy,key,loudness,mode,speechiness,acousticness,instrumentalness,liveness,valence,tempo,time_signature
mean,0.6276799999999999,0.6258520000000002,4.84,-7.349560000000002,0.52,0.114584,0.280520918,0.0398765258,0.18147399999999997,0.4838520000000001,116.28970000000001,3.96
std,0.19019049955886067,0.21401280739855788,3.151675939002898,4.889472606925777,0.5046720495044484,0.09653555200028639,0.2994143866708463,0.14055184453626818,0.17944217965912115,0.2519565554063734,31.364875530290444,0.3475864303027552
min,0.265,0.0227,0.0,-27.430999999999997,0.0,0.027999999999999997,1.6899999999999997e-05,0.0,0.0215,0.0672,54.747,3.0
max,0.955,0.968,11.0,0.55,1.0,0.423,0.986,0.675,0.912,0.9279999999999999,191.702,5.0
