,danceability,energy,key,loudness,mode,speechiness,acousticness,instrumentalness,liveness,valence,tempo,time_signature
mean,0.6642199999999999,0.6529600000000001,5.9,-6.511999999999998,0.54,0.10878399999999999,0.25785898999999995,0.0030745122000000015,0.17846400000000004,0.515676,123.69781999999995,3.98
std,0.1586494389835524,0.19245131480826147,3.575711717366808,2.8526992445036745,0.5034574339058886,0.09093995408498727,0.26465204474621384,0.017901967423520147,0.1455395545645827,0.2357968881759668,29.51359850029011,0.24660966430902945
min,0.258,0.156,0.0,-17.645,0.0,0.0297,7.950000000000001e-05,0.0,0.0588,0.0771,68.182,3.0
max,0.95,0.9620000000000001,11.0,-1.839,1.0,0.506,0.847,0.126,0.9590000000000001,0.9620000000000001,191.859,5.0
