,danceability,energy,key,loudness,mode,speechiness,acousticness,instrumentalness,liveness,valence,tempo,time_signature
mean,0.684,0.6470799999999999,5.6,-6.3508799999999965,0.48,0.162496,0.367814,0.0382589722,0.23166399999999995,0.556622,127.46628000000001,4.02
std,0.17143226186503893,0.18759550928004862,3.7471077281725718,3.252349220900775,0.5046720495044484,0.15004242523842573,0.26414408020268487,0.15164213645131472,0.2379611628062059,0.2602789596818406,23.77100179136121,0.14142135623730948
min,0.24,0.235,0.0,-16.541,0.0,0.0285,0.0164,0.0,0.0428,0.0792,75.132,4.0
max,0.9570000000000001,0.951,11.0,-2.318,1.0,0.532,0.945,0.9470000000000001,0.925,0.973,199.678,5.0
