,danceability,energy,key,loudness,mode,speechiness,acousticness,instrumentalness,liveness,valence,tempo,time_signature
mean,0.7053800000000001,0.6501399999999999,5.28,-6.102539999999999,0.54,0.176648,0.377314,0.019059468200000002,0.224742,0.5657540000000001,121.72599999999998,4.0
std,0.16085725577260684,0.18052022443086935,3.3322175003123298,2.9774028691640173,0.5034574339058886,0.14815267668241186,0.2588320084060513,0.07624182236992548,0.19923756826503194,0.2483147469545497,24.263638188929242,0.0
min,0.302,0.235,0.0,-16.541,0.0,0.0309,0.0164,0.0,0.0438,0.0792,75.132,4.0
max,0.95,0.951,11.0,-2.318,1.0,0.532,0.945,0.462,0.8690000000000001,0.973,171.92700000000002,4.0
