,danceability,energy,key,loudness,mode,speechiness,acousticness,instrumentalness,liveness,valence,tempo,time_signature
mean,0.73162,0.6354400000000001,6.5,-5.978160000000002,0.56,0.14731200000000003,0.38958500000000007,0.0256933274,0.25519800000000004,0.6212599999999999,124.00374,4.04
std,0.1218252160486741,0.17743802137245399,3.3273756282434617,2.3062307295583375,0.5014265364224069,0.13108230105158972,0.2722439016782936,0.13087927025230384,0.2307251288827447,0.2072456700515165,25.29146440415285,0.3475864303027552
min,0.47200000000000003,0.213,0.0,-11.258,0.0,0.026000000000000002,0.00122,0.0,0.0568,0.171,73.41199999999999,3.0
max,0.9540000000000001,0.972,11.0,-1.1520000000000001,1.0,0.698,0.89,0.81,0.971,0.9640000000000001,180.043,5.0
