,danceability,energy,key,loudness,mode,speechiness,acousticness,instrumentalness,liveness,valence,tempo,time_signature
mean,0.7148399999999999,0.67718,5.84,-5.973060000000001,0.58,0.127486,0.2992654599999999,0.0022341174000000004,0.19355199999999997,0.575958,126.59741999999997,3.98
std,0.12376151523418427,0.16074338657167397,3.303430498924488,2.331371466475019,0.49856938190328975,0.1026491190256141,0.22204888341554482,0.015264925048872705,0.19245612300374507,0.23587028265726123,26.83642916884222,0.14142135623730936
min,0.355,0.235,0.0,-16.541,0.0,0.0301,0.0001,0.0,0.0467,0.0794,81.01100000000001,3.0
max,0.94,0.971,11.0,-2.417,1.0,0.45899999999999996,0.917,0.10800000000000001,0.912,0.9159999999999999,175.02200000000002,4.0
