,danceability,energy,key,loudness,mode,speechiness,acousticness,instrumentalness,liveness,valence,tempo,time_signature
mean,0.7194999999999999,0.677,5.46,-5.56276,0.54,0.137596,0.22749099999999994,0.00047168920000000003,0.17792399999999997,0.5585199999999999,131.51170000000005,3.88
std,0.1327625239105601,0.18011470268262106,3.8608976433266,2.5835531660162623,0.5034574339058886,0.12566774131877786,0.22032731320441767,0.0032085161326489754,0.18541849803146637,0.2233626894098658,27.090800975231275,0.5205962045225315
min,0.38299999999999995,0.10400000000000001,0.0,-14.08,0.0,0.0334,0.00447,0.0,0.0508,0.0683,81.47,1.0
max,0.9359999999999999,0.9840000000000001,11.0,-0.672,1.0,0.534,0.9790000000000001,0.0227,0.948,0.963,180.08,5.0
