,danceability,energy,key,loudness,mode,speechiness,acousticness,instrumentalness,liveness,valence,tempo,time_signature
mean,0.67104,0.6868400000000001,5.6,-6.034859999999998,0.54,0.10163200000000001,0.18608504,0.00021448259999999996,0.16399600000000003,0.5197459999999999,126.08846,3.92
std,0.16590468864467248,0.14660572698115676,3.1879876577744852,1.6702092867759577,0.5034574339058886,0.08358134602937209,0.1972529325217938,0.000656721841653943,0.09781877028673056,0.21851190899222991,25.3421257554391,0.5283783431116259
min,0.305,0.32799999999999996,0.0,-10.954,0.0,0.0256,0.000932,0.0,0.0232,0.0793,71.91199999999999,1.0
max,0.98,0.998,11.0,-3.003,1.0,0.41100000000000003,0.866,0.00404,0.42,0.966,186.32299999999998,5.0
