,danceability,energy,key,loudness,mode,speechiness,acousticness,instrumentalness,liveness,valence,tempo,time_signature
mean,0.68176,0.6424599999999999,4.62,-6.46138,0.56,0.11093800000000004,0.281035,0.019892513799999997,0.15211399999999997,0.5065580000000001,124.91488000000001,4.02
std,0.12629129916545304,0.18831467477255692,3.421957907158904,2.8263825722095364,0.5014265364224069,0.10641239549171756,0.26970458992295665,0.11985691505948581,0.10096501719882577,0.25701412816721,24.044690529910834,0.14142135623730945
min,0.44799999999999995,0.052000000000000005,0.0,-15.808,0.0,0.0286,0.00396,0.0,0.047,0.0564,75.235,4.0
max,0.953,0.9840000000000001,11.0,-1.895,1.0,0.429,0.986,0.841,0.535,0.946,163.945,5.0
