,danceability,energy,key,loudness,mode,speechiness,acousticness,instrumentalness,liveness,valence,tempo,time_signature
mean,0.7458400000000001,0.7033600000000001,6.48,-5.309600000000001,0.46,0.13415600000000003,0.35719,0.0093910078,0.23721800000000012,0.6389,130.37748,4.0
std,0.11783754988655062,0.16653782557406824,3.682501368164119,2.0795265159675758,0.5034574339058886,0.1056908954046117,0.2488673360549794,0.06574841856819055,0.2510127305414559,0.1779274387760015,29.113308928826797,0.20203050891044214
min,0.39,0.311,0.0,-10.077,0.0,0.0296,0.00147,0.0,0.0197,0.23600000000000002,79.975,3.0
max,0.932,0.972,11.0,-1.94,1.0,0.409,0.848,0.465,0.9620000000000001,0.963,195.62,5.0
