,danceability,energy,key,loudness,mode,speechiness,acousticness,instrumentalness,liveness,valence,tempo,time_signature
mean,0.7068000000000001,0.65622,6.04,-5.6521799999999995,0.62,0.143694,0.3955534599999999,0.024113243200000002,0.276886,0.5989800000000001,131.19934,3.94
std,0.15974763260358188,0.1835114732552887,3.763194474520447,2.341093619291146,0.49031435147801444,0.11541895718447213,0.25521296143154965,0.12147192630330356,0.3032686496847847,0.19778513284751764,29.860511056502535,0.31363569143000175
min,0.33299999999999996,0.162,0.0,-13.200999999999999,0.0,0.0272,0.000643,0.0,0.0197,0.152,39.262,3.0
max,0.917,0.972,11.0,-1.94,1.0,0.43,0.887,0.732,0.965,0.963,195.62,5.0
