,danceability,energy,key,loudness,mode,speechiness,acousticness,instrumentalness,liveness,valence,tempo,time_signature
mean,0.63508,0.6603599999999998,6.02,-6.28482,0.58,0.10574200000000002,0.21065620000000002,0.0043578966,0.15240199999999995,0.4774779999999999,124.12980000000003,3.98
std,0.14881392846814592,0.17631370002449198,3.7606447558353393,2.949610667425068,0.49856938190328975,0.08562839527604742,0.26478816592868637,0.019104240114294825,0.09189842993484597,0.22066784651533236,28.450442763313387,0.2466096643090295
min,0.161,0.27399999999999997,0.0,-17.645,0.0,0.0273,0.00124,0.0,0.0555,0.0403,75.016,3.0
max,0.9309999999999999,0.971,11.0,-2.7060000000000004,1.0,0.409,0.96,0.115,0.39899999999999997,0.8809999999999999,186.581,5.0
