,danceability,energy,key,loudness,mode,speechiness,acousticness,instrumentalness,liveness,valence,tempo,time_signature
mean,0.6944200000000003,0.6356279999999999,6.34,-6.406479999999999,0.62,0.12776200000000001,0.3476248,0.007885941,0.19604000000000008,0.5998239999999998,126.74526000000006,4.0
std,0.14589723668894275,0.19202207785479636,3.560612192260408,3.5075038815635926,0.4903143514780145,0.12323607656586173,0.23610175833901687,0.04700929882991263,0.16200084277936483,0.23083933325928624,23.98516730067199,0.2857142857142857
min,0.327,0.0854,0.0,-16.224,0.0,0.0287,0.00281,0.0,0.0613,0.0792,80.16199999999999,3.0
max,0.919,0.961,11.0,0.302,1.0,0.491,0.922,0.33,0.784,0.9690000000000001,170.063,5.0
