,danceability,energy,key,loudness,mode,speechiness,acousticness,instrumentalness,liveness,valence,tempo,time_signature
mean,0.71072,0.6479200000000002,5.66,-6.492520000000001,0.52,0.13438799999999998,0.30873459999999997,0.015285964999999999,0.20207799999999995,0.558304,130.85456,3.98
std,0.10993542445918152,0.18349429619117288,3.3903223614113323,2.9836595885603576,0.5046720495044485,0.13547511653436584,0.22478782581249857,0.10560998459194056,0.1638525909070063,0.25493547880006895,26.300996307007544,0.2466096643090295
min,0.327,0.195,0.0,-14.794,0.0,0.0285,0.0036299999999999995,0.0,0.0372,0.0792,77.044,3.0
max,0.878,0.961,11.0,0.302,1.0,0.546,0.809,0.747,0.753,0.9690000000000001,189.921,5.0
