,danceability,energy,key,loudness,mode,speechiness,acousticness,instrumentalness,liveness,valence,tempo,time_signature
mean,0.69998,0.6521399999999998,6.02,-6.440460000000002,0.48,0.11891,0.29739104799999994,0.0001914542,0.23221400000000006,0.53082,122.67871999999997,4.0
std,0.15209281403680006,0.16854116072088404,3.700468806483187,2.2730267262765187,0.5046720495044484,0.09489163798345814,0.2554532983545551,0.0006523158641179591,0.22099887340187496,0.23765321073242113,27.016705411040387,0.2857142857142857
min,0.337,0.326,0.0,-12.79,0.0,0.0279,4.24e-05,0.0,0.0349,0.11800000000000001,63.01,3.0
max,0.9740000000000001,0.973,11.0,-2.384,1.0,0.39,0.9359999999999999,0.00372,0.9159999999999999,0.968,172.047,5.0
