,danceability,energy,key,loudness,mode,speechiness,acousticness,instrumentalness,liveness,valence,tempo,time_signature
mean,0.7057400000000001,0.6501,5.46,-6.696860000000002,0.54,0.13576599999999997,0.2828866,0.030227937999999996,0.22817199999999999,0.5475240000000001,127.25805999999999,3.96
std,0.11755620627024786,0.1797251018775562,3.494660650367142,3.459402691217084,0.5034574339058886,0.1241638312217913,0.21098198026942527,0.13637731551216672,0.200957949749063,0.2557632479542001,25.997431965335444,0.19794866372215744
min,0.327,0.242,0.0,-16.004,0.0,0.0287,0.0036299999999999995,0.0,0.0372,0.0792,76.98,3.0
max,0.878,0.961,11.0,0.302,1.0,0.499,0.743,0.747,0.857,0.9690000000000001,180.055,4.0
