,danceability,energy,key,loudness,mode,speechiness,acousticness,instrumentalness,liveness,valence,tempo,time_signature
mean,0.71128,0.6271000000000001,5.94,-6.045220000000003,0.58,0.163062,0.3503593999999999,0.0041481338,0.2373899999999999,0.5870840000000004,124.16364,3.96
std,0.15046147245683045,0.17931653121602295,3.413119944435303,3.4012140526942582,0.49856938190328964,0.1468603055384849,0.24514695702873604,0.019530023272004884,0.21430957986148955,0.24877218851710864,25.956624162409323,0.1979486637221575
min,0.327,0.23800000000000002,0.0,-15.742,0.0,0.0285,0.004070000000000001,0.0,0.0438,0.0792,63.04600000000001,3.0
max,0.9540000000000001,0.951,11.0,-0.685,1.0,0.584,0.945,0.13,0.8690000000000001,0.975,176.03599999999997,4.0
