,danceability,energy,key,loudness,mode,speechiness,acousticness,instrumentalness,liveness,valence,tempo,time_signature
mean,0.6396799999999998,0.6200399999999999,3.76,-6.38806,0.62,0.092102,0.3263806200000001,0.03320767799999999,0.17838000000000004,0.5267440000000001,121.49818000000003,3.98
std,0.1447517847339834,0.18263468164282354,3.443775811044426,2.6164558940112337,0.49031435147801455,0.09203035987529067,0.30224406519457486,0.12039925775303324,0.17937120443257287,0.2732573812211424,31.664773553452566,0.377424137532083
min,0.389,0.157,0.0,-11.369000000000002,0.0,0.0254,0.000101,0.0,0.0529,0.0453,75.515,3.0
max,0.9570000000000001,0.932,11.0,1.001,1.0,0.441,0.9690000000000001,0.58,0.968,0.943,189.938,5.0
