,danceability,energy,key,loudness,mode,speechiness,acousticness,instrumentalness,liveness,valence,tempo,time_signature
mean,0.66354,0.65626,5.76,-6.953120000000001,0.48,0.10970400000000001,0.2597237999999999,0.0394964186,0.21190400000000004,0.49130399999999996,120.88266000000002,4.06
std,0.1475442804512515,0.1726681150623463,3.490862708411717,2.5617827708254186,0.5046720495044484,0.08824744422500233,0.27167817561532887,0.14411597577119611,0.17441701255722664,0.23079544875787072,30.80032231252637,0.31363569143000186
min,0.365,0.273,0.0,-16.526,0.0,0.0261,0.0010400000000000001,0.0,0.0349,0.0812,71.91199999999999,3.0
max,0.9740000000000001,0.961,11.0,-2.384,1.0,0.433,0.94,0.9009999999999999,0.826,0.965,180.07299999999998,5.0
