,danceability,energy,key,loudness,mode,speechiness,acousticness,instrumentalness,liveness,valence,tempo,time_signature
mean,0.7071200000000001,0.6307419999999999,5.96,-6.032139999999999,0.54,0.147124,0.37288310800000013,0.0380774636,0.23212399999999994,0.586304,121.64899999999997,3.96
std,0.16787053320451253,0.1923369960167172,3.2195829366106237,3.312230021404594,0.5034574339058886,0.13253922570703516,0.27830150444650364,0.14758574937000193,0.20830158920494612,0.24320872111108557,26.80656783137221,0.1979486637221575
min,0.182,0.0651,0.0,-16.340999999999998,0.0,0.0285,5.539999999999999e-05,0.0,0.0438,0.038,60.812,3.0
max,0.9540000000000001,0.951,11.0,-0.685,1.0,0.446,0.945,0.8859999999999999,0.8690000000000001,0.975,182.123,4.0
