,danceability,energy,key,loudness,mode,speechiness,acousticness,instrumentalness,liveness,valence,tempo,time_signature
mean,0.7115600000000001,0.6666799999999999,5.48,-6.16548,0.54,0.15927599999999997,0.3729679999999999,0.0004599928000000001,0.21099800000000002,0.59018,128.5843,3.96
std,0.12269743107268684,0.18813449813299818,3.6658378778853233,3.174818543681847,0.5034574339058886,0.12744286684708594,0.25590216437266067,0.0018804801870658206,0.20889160013787833,0.21943161177209164,25.867884266371057,0.2828427124746189
min,0.39899999999999997,0.183,0.0,-15.449000000000002,0.0,0.0271,0.0116,0.0,0.0574,0.21,79.282,3.0
max,0.94,0.973,11.0,0.706,1.0,0.495,0.917,0.0119,0.948,0.963,172.05900000000003,5.0
