,danceability,energy,key,loudness,mode,speechiness,acousticness,instrumentalness,liveness,valence,tempo,time_signature
mean,0.70696,0.6783999999999999,6.36,-5.550920000000001,0.52,0.13584799999999997,0.38234685999999996,0.024037671800000004,0.24106799999999992,0.60234,132.98438,3.96
std,0.16467419410484946,0.19182996297210075,3.503700667486727,2.4165006141027945,0.5046720495044484,0.11674839550529686,0.27776249389251273,0.12148437194721655,0.2800122624428568,0.2031897283680593,29.967775180363596,0.2828427124746188
min,0.32299999999999995,0.162,0.0,-13.200999999999999,0.0,0.0329,0.000643,0.0,0.0197,0.152,39.262,3.0
max,0.932,0.972,11.0,-1.94,1.0,0.43,0.887,0.732,0.9620000000000001,0.963,195.62,5.0
