,danceability,energy,key,loudness,mode,speechiness,acousticness,instrumentalness,liveness,valence,tempo,time_signature
mean,0.6685,0.58064,4.56,-7.1213399999999965,0.64,0.11671400000000003,0.24710876000000007,0.028050034999999997,0.19174599999999997,0.41623599999999994,129.48532,3.94
std,0.18919531534088993,0.18181398545250155,3.5407828028760613,4.007128615253531,0.4848732213850611,0.11250732585671287,0.2826745907137862,0.12793790941226454,0.1528613273259026,0.24786657846181556,27.586229783923507,0.3136356914300021
min,0.265,0.0541,0.0,-19.375999999999998,0.0,0.0262,0.000239,0.0,0.0424,0.0601,54.747,3.0
max,0.9329999999999999,0.9359999999999999,11.0,-0.777,1.0,0.473,0.986,0.675,0.877,0.9179999999999999,191.702,5.0
