,danceability,energy,key,loudness,mode,speechiness,acousticness,instrumentalness,liveness,valence,tempo,time_signature
mean,0.6692999999999999,0.64476,5.92,-6.147460000000002,0.48,0.08954400000000003,0.2646585199999999,0.0037548844,0.163618,0.5257399999999999,124.78269999999999,4.02
std,0.14965064759809968,0.17696160773525116,3.6187719193231334,2.4154513856268216,0.5046720495044485,0.07427607124224915,0.2750232845634177,0.01565918131577781,0.09725378055712312,0.2074953463948293,20.451977555448554,0.24660966430902953
min,0.33799999999999997,0.138,0.0,-12.697000000000001,0.0,0.0256,0.000164,0.0,0.0254,0.115,77.533,3.0
max,0.929,0.995,11.0,-0.787,1.0,0.36,0.946,0.0902,0.392,0.934,159.966,5.0
