,danceability,energy,key,loudness,mode,speechiness,acousticness,instrumentalness,liveness,valence,tempo,time_signature
mean,0.6995600000000001,0.6850799999999998,5.46,-5.4916599999999995,0.5,0.158944,0.2543346,0.004885654600000001,0.158488,0.5329800000000001,126.8175,3.98
std,0.13081286836780334,0.1554552025504454,3.4829614422446977,2.143972915321612,0.5050762722761054,0.15371763161520463,0.21116536370680816,0.030219990853036092,0.136245776777836,0.1991398329346103,30.589844345995694,0.514682386704338
min,0.375,0.361,0.0,-12.100999999999999,0.0,0.0282,0.00196,0.0,0.0467,0.12,71.18,1.0
max,0.94,0.9420000000000001,11.0,-1.624,1.0,0.685,0.7709999999999999,0.212,0.866,0.9159999999999999,186.687,5.0
