,danceability,energy,key,loudness,mode,speechiness,acousticness,instrumentalness,liveness,valence,tempo,time_signature
mean,0.6632199999999999,0.64412,4.74,-6.313980000000003,0.72,0.10675999999999997,0.26118055999999995,0.0262541708,0.20399199999999992,0.49349400000000015,128.3314,3.94
std,0.13586146755922718,0.1940620182796611,3.3308085676432553,2.143683026466176,0.4535573676110727,0.1027251613554839,0.29331041809285,0.07412278914847334,0.2052623218007153,0.2480777481898342,30.50838839883021,0.23989793748209529
min,0.381,0.153,0.0,-12.97,0.0,0.0256,0.000718,0.0,0.047,0.0577,75.235,3.0
max,0.9309999999999999,0.975,11.0,-2.258,1.0,0.46299999999999997,0.91,0.423,0.9520000000000001,0.9640000000000001,191.97400000000002,4.0
