,danceability,energy,key,loudness,mode,speechiness,acousticness,instrumentalness,liveness,valence,tempo,time_signature
mean,0.6224800000000001,0.61212,5.22,-7.405939999999999,0.66,0.079834,0.26950725999999997,0.042238666599999995,0.186162,0.5293199999999999,125.60519999999998,3.9
std,0.1581701795987022,0.19413498775179028,3.802738003929618,4.768899096034981,0.47851812069840655,0.07701328697977103,0.2616170358988934,0.15576573089698906,0.15462092538640085,0.2591530278363244,32.65480079465768,0.5050762722761053
min,0.183,0.228,0.0,-20.943,0.0,0.0273,0.000633,0.0,0.0219,0.0661,69.352,1.0
max,0.895,0.98,11.0,-1.214,1.0,0.441,0.9690000000000001,0.7759999999999999,0.6679999999999999,0.943,189.938,5.0
