,danceability,energy,key,loudness,mode,speechiness,acousticness,instrumentalness,liveness,valence,tempo,time_signature
mean,0.69836,0.6879399999999998,4.42,-5.73462,0.58,0.131724,0.2524073600000001,0.007728763600000001,0.17886600000000002,0.5835199999999999,123.38302,4.0
std,0.14792176089723502,0.18437798465242478,3.20133900556805,2.7166939608912255,0.49856938190328975,0.12068240417538514,0.23816617157601094,0.026309759333794498,0.13024659125940255,0.26708267007250996,24.390393050602054,0.20203050891044214
min,0.35100000000000003,0.154,0.0,-12.972999999999999,0.0,0.0256,0.000628,0.0,0.0423,0.12,77.01100000000001,3.0
max,0.9640000000000001,0.9540000000000001,11.0,0.017,1.0,0.53,0.934,0.161,0.564,0.96,169.96,5.0
