,danceability,energy,key,loudness,mode,speechiness,acousticness,instrumentalness,liveness,valence,tempo,time_signature
mean,0.66908,0.6932400000000001,6.38,-5.497059999999999,0.48,0.09839400000000001,0.18748732000000012,0.017659481600000002,0.24064399999999997,0.4661959999999999,126.30744,4.02
std,0.1475550177571272,0.15992811650544625,3.043158938756011,1.8498697737949015,0.5046720495044485,0.09170725030870606,0.19930871076056453,0.09022294020729314,0.2480883509180237,0.22380723389304719,30.84753376584751,0.14142135623730942
min,0.32899999999999996,0.324,1.0,-9.621,0.0,0.0256,0.00016,0.0,0.043,0.0675,71.91199999999999,4.0
max,0.9740000000000001,0.972,11.0,-1.131,1.0,0.418,0.6509999999999999,0.611,0.973,0.95,198.05200000000002,5.0
