,danceability,energy,key,loudness,mode,speechiness,acousticness,instrumentalness,liveness,valence,tempo,time_signature
mean,0.6526,0.6098200000000001,5.68,-6.7569799999999995,0.52,0.09892400000000003,0.25853848,0.0192291654,0.17437000000000002,0.43182000000000004,120.53825999999998,3.98
std,0.16812920201865164,0.17673266909807764,3.930207451553275,2.5881215352499374,0.5046720495044485,0.08741143753677147,0.29126308357721503,0.10040945360964659,0.13725034366709138,0.21349087730832328,24.947163975097617,0.24660966430902947
min,0.162,0.156,0.0,-13.932,0.0,0.026000000000000002,0.00011499999999999999,0.0,0.0695,0.109,72.635,3.0
max,0.929,0.986,11.0,-3.045,1.0,0.467,0.96,0.672,0.9159999999999999,0.887,197.923,5.0
