,danceability,energy,key,loudness,mode,speechiness,acousticness,instrumentalness,liveness,valence,tempo,time_signature
mean,0.6738000000000003,0.67766,4.98,-6.08508,0.62,0.140314,0.30784940000000005,0.0006872760000000001,0.17813800000000002,0.5651779999999998,127.25876,3.98
std,0.12875225379442046,0.18501865432701534,3.3835737657943015,2.6152482446652154,0.49031435147801455,0.1436756523051353,0.25103048125684024,0.004466887290153023,0.16406534274427348,0.2473413746799581,31.96772606261968,0.24660966430902945
min,0.355,0.235,0.0,-16.541,0.0,0.027999999999999997,0.0001,0.0,0.0467,0.0794,71.18,3.0
max,0.94,0.971,11.0,-2.293,1.0,0.685,0.917,0.0316,0.866,0.9490000000000001,192.00099999999998,5.0
