,danceability,energy,key,loudness,mode,speechiness,acousticness,instrumentalness,liveness,valence,tempo,time_signature
mean,0.7171,0.6307400000000001,5.72,-6.64288,0.46,0.13614000000000004,0.25257360000000006,0.0016125438,0.16328999999999996,0.5265059999999998,119.9422,3.98
std,0.13819835640949468,0.16121487878870594,3.264152857565193,2.755182749892668,0.5034574339058886,0.11901146060401932,0.22863681705459674,0.010153166114174838,0.12295330497421218,0.24220880215387783,32.09691554829351,0.24660966430902945
min,0.373,0.21,0.0,-14.043,0.0,0.0262,0.000143,0.0,0.0372,0.0393,74.986,3.0
max,0.978,0.978,11.0,-1.736,1.0,0.428,0.9520000000000001,0.0718,0.664,0.9620000000000001,198.52200000000002,5.0
