,danceability,energy,key,loudness,mode,speechiness,acousticness,instrumentalness,liveness,valence,tempo,time_signature
mean,0.7369199999999998,0.5623999999999999,5.0,-7.32556,0.54,0.13692000000000001,0.22028699999999993,0.014218264800000005,0.159244,0.44524000000000014,121.69956,3.96
std,0.12952248878878456,0.1590968130364884,3.636549160387959,2.8022041409124605,0.5034574339058886,0.11755177929885421,0.2379983826411346,0.09282477785922513,0.11788609542213854,0.22039640724506063,26.45953347048882,0.493219328618059
min,0.376,0.113,0.0,-15.763,0.0,0.0296,0.00147,0.0,0.0692,0.0806,75.012,1.0
max,0.929,0.858,11.0,-2.2030000000000003,1.0,0.52,0.915,0.657,0.79,0.898,171.017,5.0
