,danceability,energy,key,loudness,mode,speechiness,acousticness,instrumentalness,liveness,valence,tempo,time_signature
mean,0.6847400000000001,0.7056399999999998,4.4,-5.8087800000000005,0.66,0.148204,0.16277080000000002,0.010185319200000001,0.1989720000000001,0.4795400000000001,126.62281999999996,3.98
std,0.14651458240442436,0.13315952685345772,3.927922024247863,1.7550992330803363,0.47851812069840666,0.11024910561902948,0.1980898200501737,0.06024664429926609,0.15102287033183184,0.19146430476723333,31.14589031539101,0.14142135623730948
min,0.31,0.385,0.0,-11.767000000000001,0.0,0.0248,0.00124,0.0,0.0556,0.1,88.964,3.0
max,0.9209999999999999,0.946,11.0,-2.188,1.0,0.42,0.8809999999999999,0.425,0.6409999999999999,0.9420000000000001,203.93200000000002,4.0
