,danceability,energy,key,loudness,mode,speechiness,acousticness,instrumentalness,liveness,valence,tempo,time_signature
mean,0.7136400000000002,0.6127199999999999,5.32,-6.544479999999998,0.48,0.146516,0.2152531399999999,0.009527351799999998,0.173722,0.521798,122.68951999999997,3.94
std,0.15365290330442039,0.14466443084262423,3.6446214215090222,2.799064233136584,0.5046720495044484,0.1282865993606121,0.19103486727991167,0.041613815548308716,0.17206628918376018,0.20059945722961547,35.47678472894173,0.5115003939990904
min,0.214,0.33899999999999997,0.0,-14.908,0.0,0.0287,0.00034700000000000003,0.0,0.0565,0.0369,74.986,1.0
max,0.97,0.9690000000000001,11.0,-2.331,1.0,0.474,0.688,0.24600000000000002,0.826,0.941,204.077,5.0
