,danceability,energy,key,loudness,mode,speechiness,acousticness,instrumentalness,liveness,valence,tempo,time_signature
mean,0.6805600000000002,0.6313979999999997,5.36,-7.086720000000001,0.54,0.111738,0.2921810000000001,0.053633031399999996,0.18577399999999994,0.4612239999999999,124.17055999999998,4.04
std,0.13224901681668408,0.19076558378046615,3.433092257568909,3.9763515943176677,0.5034574339058886,0.10432217540692224,0.2536474173162906,0.21009419903286816,0.13885956466142035,0.18762927142073954,24.447362758450357,0.1979486637221575
min,0.319,0.0119,0.0,-27.588,0.0,0.0287,0.00488,0.0,0.0431,0.0747,74.99,4.0
max,0.9009999999999999,0.977,11.0,-2.806,1.0,0.442,0.995,0.9670000000000001,0.7340000000000001,0.9620000000000001,171.993,5.0
