,danceability,energy,key,loudness,mode,speechiness,acousticness,instrumentalness,liveness,valence,tempo,time_signature
mean,0.74268,0.6091199999999999,6.0,-6.880799999999997,0.46,0.08982799999999999,0.25144206,0.0007851764000000001,0.16596599999999995,0.5036980000000001,116.13481999999998,4.02
std,0.10844794481544531,0.14985566389029145,2.864276807966203,2.5408090949819226,0.5034574339058886,0.0830498154908319,0.24709495477950602,0.004275015820494302,0.12494942423367357,0.23873590950193121,25.52845340023079,0.14142135623730942
min,0.42700000000000005,0.21,0.0,-14.043,0.0,0.0262,0.000143,0.0,0.0372,0.0393,75.025,4.0
max,0.978,0.9279999999999999,11.0,-2.253,1.0,0.42,0.9520000000000001,0.03,0.664,0.9620000000000001,180.055,5.0
