,danceability,energy,key,loudness,mode,speechiness,acousticness,instrumentalness,liveness,valence,tempo,time_signature
mean,0.7441600000000002,0.64968,5.66,-6.62238,0.44,0.14781800000000006,0.25848119999999997,0.004291743,0.172938,0.5842,120.22693999999996,4.0
std,0.1254180535778853,0.14323413685006683,3.384297473295618,2.6108504196674214,0.5014265364224069,0.11942385959604693,0.20655861281762825,0.020369473994383408,0.16415222140390523,0.20224878597551935,30.425575389330547,0.0
min,0.41200000000000003,0.322,0.0,-14.323,0.0,0.0278,0.00456,0.0,0.042,0.131,71.156,4.0
max,0.938,0.8640000000000001,11.0,-1.865,1.0,0.467,0.765,0.13,0.795,0.941,192.128,4.0
