,danceability,energy,key,loudness,mode,speechiness,acousticness,instrumentalness,liveness,valence,tempo,time_signature
mean,0.7361599999999997,0.65258,4.74,-5.875900000000001,0.4,0.106292,0.2115394,0.005963495400000001,0.16104600000000002,0.5546,119.51234000000005,4.0
std,0.10284213382556741,0.14164976785965405,3.3308085676432557,2.1716147594049238,0.4948716593053936,0.08704201856527893,0.2076894952037777,0.022461818413448444,0.11189780725906902,0.18735680246143033,28.69014404229709,0.20203050891044214
min,0.491,0.341,0.0,-14.043,0.0,0.0275,0.00456,0.0,0.042,0.131,78.616,3.0
max,0.938,0.882,11.0,-1.865,1.0,0.375,0.8590000000000001,0.13,0.6940000000000001,0.941,197.705,5.0
