,danceability,energy,key,loudness,mode,speechiness,acousticness,instrumentalness,liveness,valence,tempo,time_signature
mean,0.7527199999999997,0.6616799999999998,5.4,-6.27482,0.52,0.18767799999999998,0.21390758,0.019426826,0.1875879999999999,0.5446599999999999,126.63667999999998,3.98
std,0.11735678027941555,0.14070818550954226,3.602720060833854,2.3953201710921266,0.5046720495044485,0.16775905132671923,0.21358604026137637,0.12097702463011241,0.14530065471712264,0.2102466588343805,30.124230125781146,0.14142135623730948
min,0.42100000000000004,0.37200000000000005,0.0,-12.675999999999998,0.0,0.0295,0.000376,0.0,0.0405,0.13699999999999998,75.445,3.0
max,0.966,0.9790000000000001,11.0,-2.6519999999999997,1.0,0.85,0.8270000000000001,0.851,0.619,0.9520000000000001,202.00599999999997,4.0
