,danceability,energy,key,loudness,mode,speechiness,acousticness,instrumentalness,liveness,valence,tempo,time_signature
mean,0.7004,0.64152,5.88,-6.493539999999999,0.6,0.10587399999999998,0.2626806,0.0165379542,0.172062,0.46672000000000013,123.21362000000003,3.98
std,0.12162589010098608,0.17395029081168384,3.7830988269795274,2.295831628346096,0.49487165930539356,0.07991618264769403,0.24242614842976368,0.10633111475119365,0.10706751615838732,0.17804173324114264,27.71539493722077,0.14142135623730942
min,0.42700000000000005,0.195,0.0,-13.289000000000001,0.0,0.0287,0.00381,0.0,0.0546,0.126,75.014,3.0
max,0.9359999999999999,0.9440000000000001,11.0,-2.853,1.0,0.326,0.88,0.7509999999999999,0.597,0.8240000000000001,202.00599999999997,4.0
