,danceability,energy,key,loudness,mode,speechiness,acousticness,instrumentalness,liveness,valence,tempo,time_signature
mean,0.6985999999999997,0.6814,4.94,-5.765479999999999,0.52,0.13505599999999998,0.19689795999999998,0.020049677000000002,0.18440199999999998,0.4876259999999999,128.1709,3.94
std,0.14857225274496674,0.14544555051037247,3.6276151720840915,1.9484449921275524,0.5046720495044485,0.11826395272561167,0.21222561118194333,0.12642614871280838,0.12611247084266017,0.21994677910061494,24.917208660658105,0.46991097723995834
min,0.382,0.198,0.0,-10.550999999999998,0.0,0.0293,0.0007379999999999999,0.0,0.0501,0.0793,76.028,1.0
max,0.98,0.914,11.0,-1.431,1.0,0.5529999999999999,0.953,0.894,0.601,0.945,189.99200000000002,5.0
