,danceability,energy,key,loudness,mode,speechiness,acousticness,instrumentalness,liveness,valence,tempo,time_signature
mean,0.6635,0.65754,4.84,-5.652499999999999,0.52,0.128364,0.1756824,0.017228023199999998,0.18243800000000004,0.3629879999999999,124.91168000000005,3.94
std,0.14979186239851724,0.13699727540862905,3.4955365124976283,1.4354366647007966,0.5046720495044484,0.11906669672661517,0.16921614869094476,0.11888388452582913,0.10650755054196384,0.18866285947938663,26.731857009972813,0.5115003939990904
min,0.37799999999999995,0.387,0.0,-9.127,0.0,0.0311,0.00146,0.0,0.0712,0.0564,74.946,1.0
max,0.9309999999999999,0.963,11.0,-2.371,1.0,0.46399999999999997,0.6970000000000001,0.841,0.41100000000000003,0.7509999999999999,175.903,5.0
