,danceability,energy,key,loudness,mode,speechiness,acousticness,instrumentalness,liveness,valence,tempo,time_signature
mean,0.6924600000000001,0.6497200000000001,6.28,-5.867820000000002,0.62,0.11449,0.22210599999999997,0.0322767448,0.14635200000000004,0.46731999999999985,127.24142,4.02
std,0.13345215606794694,0.14254394811024823,3.458441314599773,1.9834642616248113,0.4903143514780146,0.10041855721256436,0.20434646798903044,0.15798991917792396,0.0841086936223429,0.21169205975488387,28.048774734118176,0.1414213562373095
min,0.414,0.267,0.0,-13.147,0.0,0.0311,0.00175,0.0,0.0429,0.11199999999999999,79.992,4.0
max,0.9309999999999999,0.9640000000000001,11.0,-1.746,1.0,0.41200000000000003,0.701,0.8859999999999999,0.377,0.9009999999999999,180.049,5.0
