,danceability,energy,key,loudness,mode,speechiness,acousticness,instrumentalness,liveness,valence,tempo,time_signature
mean,0.69974,0.6608999999999999,5.26,-6.0342199999999995,0.5,0.11476800000000002,0.20317069999999998,0.007308314399999999,0.15516000000000002,0.475594,119.78581999999997,3.94
std,0.14411486490197423,0.13070441024365956,3.7515167000855016,1.9186509321895522,0.5050762722761054,0.10349563224541193,0.2107797936414219,0.03397510058639458,0.10172630546957752,0.23393478282702326,25.34427259269149,0.23989793748209529
min,0.332,0.387,0.0,-12.675999999999998,0.0,0.0298,0.000718,0.0,0.0429,0.0577,75.235,3.0
max,0.9420000000000001,0.903,11.0,-2.8280000000000003,1.0,0.41200000000000003,0.6970000000000001,0.207,0.40700000000000003,0.965,180.09,4.0
