,danceability,energy,key,loudness,mode,speechiness,acousticness,instrumentalness,liveness,valence,tempo,time_signature
mean,0.7194399999999999,0.6137399999999998,4.82,-7.05976,0.38,0.17689400000000005,0.240226,0.0016286464,0.16858599999999999,0.5408199999999999,124.1427,3.88
std,0.12821763385998458,0.14318915846543975,3.4622748213819636,2.4917056494026952,0.49031435147801455,0.12083003986879205,0.21210176591938704,0.010173524933672707,0.12428601151031783,0.20560430492594656,30.656636461168485,0.6590035768383306
min,0.46799999999999997,0.33899999999999997,0.0,-14.908,0.0,0.0287,0.0107,0.0,0.0591,0.18600000000000003,74.985,1.0
max,0.9490000000000001,0.887,11.0,-2.592,1.0,0.46299999999999997,0.892,0.0718,0.68,0.941,180.092,5.0
