,danceability,energy,key,loudness,mode,speechiness,acousticness,instrumentalness,liveness,valence,tempo,time_signature
mean,0.7106399999999999,0.6129800000000002,5.12,-6.483499999999999,0.54,0.12560200000000005,0.2533804000000001,0.017863171200000003,0.150854,0.4747760000000001,126.84813999999994,4.0
std,0.13039684483474723,0.15123174404920173,3.6847174731779444,2.3885279238177524,0.5034574339058886,0.11684753451591944,0.22224638145361217,0.11866214031395793,0.14194633537548834,0.21750961748382341,29.09834121298578,0.20203050891044214
min,0.319,0.18100000000000002,0.0,-15.359000000000002,0.0,0.0301,0.00107,0.0,0.0431,0.047,74.96300000000001,3.0
max,0.915,0.872,11.0,-3.083,1.0,0.452,0.7509999999999999,0.8390000000000001,0.951,0.927,190.08900000000003,5.0
