,danceability,energy,key,loudness,mode,speechiness,acousticness,instrumentalness,liveness,valence,tempo,time_signature
mean,0.68574,0.7158599999999999,5.5,-5.3146200000000015,0.72,0.12305200000000005,0.17392574000000008,0.0507778474,0.168464,0.45773600000000003,127.81831999999999,4.0
std,0.14117825033391987,0.1270286822825813,3.960261793036889,1.7163789350173895,0.4535573676110727,0.10547911920259433,0.18961397816711612,0.19659551122470723,0.10780331818754418,0.18389089573628672,29.45670966457145,0.20203050891044214
min,0.289,0.41100000000000003,0.0,-10.97,0.0,0.0288,0.00047699999999999994,0.0,0.0559,0.0697,79.982,3.0
max,0.9390000000000001,0.9640000000000001,11.0,-1.746,1.0,0.484,0.705,0.909,0.5429999999999999,0.8029999999999999,183.97099999999998,5.0
