,danceability,energy,key,loudness,mode,speechiness,acousticness,instrumentalness,liveness,valence,tempo,time_signature
mean,0.70422,0.6229539999999999,5.28,-6.744640000000001,0.4,0.10941600000000001,0.28321660000000004,0.041382563799999994,0.17719800000000002,0.4918200000000001,124.28769999999999,4.0
std,0.13687075536238336,0.17750534250080063,3.5516021104595046,3.216853893137815,0.4948716593053935,0.09872586320365156,0.2541363168724813,0.17394813925989808,0.13071060648998456,0.1930239162510645,28.906747555806096,0.20203050891044214
min,0.317,0.0407,0.0,-23.967,0.0,0.0273,0.00196,0.0,0.0546,0.11599999999999999,65.59100000000001,3.0
max,0.9279999999999999,0.9440000000000001,11.0,-2.7289999999999996,1.0,0.442,0.9940000000000001,0.945,0.7340000000000001,0.9670000000000001,191.97099999999998,5.0
