,danceability,energy,key,loudness,mode,speechiness,acousticness,instrumentalness,liveness,valence,tempo,time_signature
mean,0.6456799999999998,0.6802199999999999,4.78,-5.639359999999998,0.44,0.16209199999999999,0.23138112,0.0136221846,0.199494,0.42502799999999996,123.0071,4.02
std,0.15606349309672338,0.16487500398415617,3.38236724251896,2.335026309863574,0.5014265364224069,0.14169760103394663,0.2556215037469713,0.05413970198856052,0.15224481682139326,0.2147277374742637,28.810437042530836,0.24660966430902953
min,0.322,0.29600000000000004,0.0,-10.109,0.0,0.0315,0.000103,0.0,0.0572,0.0636,62.839,3.0
max,0.9640000000000001,0.9440000000000001,11.0,0.175,1.0,0.53,0.9620000000000001,0.336,0.72,0.853,174.127,5.0
