,danceability,energy,key,loudness,mode,speechiness,acousticness,instrumentalness,liveness,valence,tempo,time_signature
mean,0.7237399999999998,0.6103799999999999,6.56,-6.69582,0.46,0.14079,0.23748845999999996,0.005824066400000001,0.15529399999999996,0.46419999999999995,120.00316000000001,3.96
std,0.13043065402812362,0.13719268291311298,3.6598204483670664,2.523874028115492,0.5034574339058886,0.11555724484745511,0.2181298587749789,0.027254108499580623,0.09441146464885956,0.17108214997718588,29.123330438866855,0.19794866372215744
min,0.42100000000000004,0.299,0.0,-14.505,0.0,0.0277,0.000573,0.0,0.0558,0.13699999999999998,73.51,3.0
max,0.938,0.8809999999999999,11.0,-2.6519999999999997,1.0,0.402,0.746,0.162,0.55,0.865,202.00599999999997,4.0
