,danceability,energy,key,loudness,mode,speechiness,acousticness,instrumentalness,liveness,valence,tempo,time_signature
mean,0.7233799999999999,0.6294339999999999,5.22,-6.6848399999999994,0.44,0.11865600000000003,0.28900899999999996,0.037373183399999996,0.16652800000000004,0.48560000000000003,127.14256000000003,4.0
std,0.11312966914481952,0.17620613347289985,3.436241420802796,3.3474797913459287,0.501426536422407,0.11856180022869672,0.23497016971982482,0.18408228811054253,0.1342365685752476,0.18286428557478226,28.13950266096632,0.20203050891044214
min,0.429,0.0407,0.0,-23.967,0.0,0.0289,0.00195,0.0,0.0431,0.11599999999999999,76.986,3.0
max,0.9420000000000001,0.9329999999999999,11.0,-2.293,1.0,0.565,0.9940000000000001,0.945,0.7340000000000001,0.9129999999999999,191.97099999999998,5.0
