,danceability,energy,key,loudness,mode,speechiness,acousticness,instrumentalness,liveness,valence,tempo,time_signature
mean,0.7221600000000001,0.5843799999999999,5.42,-7.188999999999998,0.32,0.144722,0.27591,0.012527703800000001,0.184608,0.5209199999999998,115.99557999999999,3.86
std,0.12881617340463208,0.17547764436950194,3.440989416325674,3.136904082768518,0.4712120714991611,0.13028168585564034,0.25848082944744033,0.06219587253050897,0.14619843635222896,0.2057793389204334,26.172496056746446,0.6391959234627744
min,0.391,0.13,0.0,-18.725,0.0,0.027999999999999997,0.00268,0.0,0.0738,0.11900000000000001,75.07300000000001,1.0
max,0.932,0.885,11.0,-1.109,1.0,0.457,0.898,0.405,0.7170000000000001,0.961,182.87,5.0
