,danceability,energy,key,loudness,mode,speechiness,acousticness,instrumentalness,liveness,valence,tempo,time_signature
mean,0.7283,0.6135600000000001,5.94,-7.054879999999997,0.46,0.17938999999999994,0.28082566,0.008110617,0.17062199999999997,0.5337460000000002,125.58200000000001,3.94
std,0.15335463102607252,0.18080005418095635,3.5016614132524615,3.6146093905885066,0.5034574339058886,0.1349928951267209,0.24738597928970615,0.030608269456499873,0.11562838838278426,0.20790281600315277,31.231224767687163,0.2398979374820953
min,0.365,0.125,0.0,-18.435,0.0,0.0295,0.000573,0.0,0.0501,0.0528,75.445,3.0
max,0.9390000000000001,0.9790000000000001,11.0,-1.865,1.0,0.588,0.9520000000000001,0.14300000000000002,0.619,0.9390000000000001,185.044,4.0
