,danceability,energy,key,loudness,mode,speechiness,acousticness,instrumentalness,liveness,valence,tempo,time_signature
mean,0.6475399999999999,0.6727200000000001,5.98,-6.229240000000002,0.62,0.11962400000000002,0.1681107,0.0127280596,0.19228999999999996,0.5175840000000002,125.48695999999998,3.92
std,0.13217138070532147,0.2028081470005481,3.7714826835944857,2.8033019128688004,0.4903143514780145,0.10232683842093672,0.23465216274169973,0.05346919102139638,0.19438746521484626,0.23055149441179124,33.525714083591026,0.44446711960297214
min,0.322,0.22,0.0,-14.74,0.0,0.026000000000000002,0.000153,0.0,0.0371,0.0862,70.429,1.0
max,0.898,0.985,11.0,-0.312,1.0,0.431,0.898,0.358,0.9229999999999999,0.9309999999999999,208.205,4.0
