,danceability,energy,key,loudness,mode,speechiness,acousticness,instrumentalness,liveness,valence,tempo,time_signature
mean,0.7457000000000003,0.6794199999999999,6.22,-6.067240000000001,0.6,0.124054,0.23383199999999996,0.0005553258000000001,0.13243000000000005,0.6395000000000001,124.89998000000001,3.98
std,0.10852823388879229,0.15382458735023277,3.4064165143722165,2.7284232387582237,0.4948716593053936,0.10267108809500483,0.22674255961962048,0.0034321165894164096,0.07938739233168254,0.20203124126970956,31.027487420876565,0.24660966430902945
min,0.439,0.23399999999999999,0.0,-14.89,0.0,0.0289,0.0095,0.0,0.0393,0.209,79.946,3.0
max,0.976,0.905,11.0,-1.986,1.0,0.501,0.825,0.0243,0.46,0.976,178.22799999999998,5.0
