,danceability,energy,key,loudness,mode,speechiness,acousticness,instrumentalness,liveness,valence,tempo,time_signature
mean,0.71146,0.6818400000000001,4.72,-5.7741799999999985,0.5,0.10963799999999999,0.21344288,0.0113642276,0.19424600000000003,0.569404,119.88460000000005,3.92
std,0.1259431698855334,0.1554508072329885,3.4643372602939824,2.4006552395510012,0.5050762722761054,0.08638614517126587,0.2317234408214857,0.05909178608838014,0.17033060075952894,0.2394811457450188,31.927383651923986,0.48822878544671544
min,0.302,0.373,0.0,-11.135,0.0,0.0283,0.000354,0.0,0.043,0.0499,76.484,1.0
max,0.909,0.972,11.0,-1.064,1.0,0.419,0.9840000000000001,0.402,0.8809999999999999,0.905,180.07299999999998,5.0
