,danceability,energy,key,loudness,mode,speechiness,acousticness,instrumentalness,liveness,valence,tempo,time_signature
mean,0.62234,0.6633199999999999,6.18,-6.281499999999999,0.46,0.09926000000000004,0.2731870999999999,0.0222122548,0.17623599999999992,0.4879200000000001,121.45362000000002,3.92
std,0.1554088235879147,0.2354462926756203,3.6460210350127036,3.1374799145629146,0.5034574339058886,0.10047400516693715,0.31930693671573396,0.07098476866141508,0.11220963027534941,0.23531133003069854,28.044588584849475,0.2740475156178697
min,0.242,0.145,0.0,-16.643,0.0,0.0229,0.000575,0.0,0.0373,0.11,83.73200000000001,3.0
max,0.871,0.968,11.0,-1.3969999999999998,1.0,0.439,0.912,0.391,0.5710000000000001,0.963,182.785,4.0
