,danceability,energy,key,loudness,mode,speechiness,acousticness,instrumentalness,liveness,valence,tempo,time_signature
mean,0.6571399999999998,0.6850999999999999,4.78,-6.781059999999999,0.66,0.08885799999999999,0.24225082,0.036929546800000004,0.19766199999999998,0.6001779999999999,118.91400000000004,3.96
std,0.11650873839523358,0.1677351228233712,3.5645075796965684,2.5900530008760323,0.47851812069840666,0.10669004522925468,0.2573711197056071,0.10504870318150474,0.1535248153709812,0.2560195155906387,28.706492807483862,0.1979486637221575
min,0.389,0.262,0.0,-14.947000000000001,0.0,0.0266,0.000101,0.0,0.0497,0.0989,75.515,3.0
max,0.8420000000000001,0.93,11.0,-2.923,1.0,0.506,0.9690000000000001,0.58,0.6409999999999999,0.943,189.86599999999999,4.0
