,danceability,energy,key,loudness,mode,speechiness,acousticness,instrumentalness,liveness,valence,tempo,time_signature
mean,0.7242599999999997,0.6475799999999999,6.04,-5.8498199999999985,0.56,0.150708,0.29115934000000004,0.0035943352000000007,0.15904600000000005,0.5748800000000001,125.1353,3.94
std,0.13486483180259728,0.16183338496674882,3.838366999713524,3.2434482764552945,0.5014265364224069,0.12165265179927612,0.2571061271484797,0.018634920598568368,0.14753026145471976,0.21659655338618736,34.682470909344836,0.3136356914300021
min,0.341,0.222,0.0,-20.915,0.0,0.0281,0.000197,0.0,0.0267,0.124,71.884,3.0
max,0.9279999999999999,0.9440000000000001,11.0,-1.8,1.0,0.556,0.9329999999999999,0.13,0.809,0.9109999999999999,194.97799999999998,5.0
