,danceability,energy,key,loudness,mode,speechiness,acousticness,instrumentalness,liveness,valence,tempo,time_signature
mean,0.7518400000000001,0.6710799999999999,6.22,-5.33162,0.66,0.15266,0.23851434000000002,0.0113376198,0.177472,0.62802,125.12826000000001,3.88
std,0.10736593158589053,0.1607383270907047,3.754126980771309,2.2018931732785343,0.47851812069840655,0.11429096952203055,0.20090483763068687,0.06646034065076116,0.1382825059250011,0.18715915850485357,33.19426863106685,0.47979587496419046
min,0.473,0.161,0.0,-12.762,0.0,0.028999999999999998,0.00026000000000000003,0.0,0.0491,0.23199999999999998,75.003,1.0
max,0.914,0.972,11.0,-2.279,1.0,0.556,0.772,0.465,0.6709999999999999,0.94,183.785,4.0
