,danceability,energy,key,loudness,mode,speechiness,acousticness,instrumentalness,liveness,valence,tempo,time_signature
mean,0.7182800000000001,0.66916,6.06,-6.1676199999999985,0.6,0.11538199999999998,0.25024482000000003,0.054116419,0.17612200000000006,0.5520400000000002,123.46118,3.96
std,0.11027184220676405,0.21170381312058584,3.6276151720840915,3.638547674441503,0.49487165930539356,0.0884117285829228,0.2761169980173437,0.19917680067711194,0.140936696297541,0.2108069007118958,29.487265703710552,0.19794866372215744
min,0.419,0.10400000000000001,0.0,-17.211,0.0,0.0308,0.000573,0.0,0.0515,0.139,88.41799999999999,3.0
max,0.9209999999999999,0.9990000000000001,11.0,-1.2109999999999999,1.0,0.45299999999999996,0.9790000000000001,0.8909999999999999,0.6990000000000001,0.9690000000000001,192.44299999999998,4.0
