,danceability,energy,key,loudness,mode,speechiness,acousticness,instrumentalness,liveness,valence,tempo,time_signature
mean,0.7292400000000003,0.6411899999999998,6.18,-6.540040000000001,0.54,0.09943199999999999,0.23854019999999998,0.0235435998,0.15363600000000002,0.6005319999999998,124.46264,3.98
std,0.13578036887351783,0.17759242750219517,3.390803889995434,3.5693985599817792,0.5034574339058886,0.07202395417852454,0.24103964849986562,0.13371577771319096,0.11518062259081674,0.22888306473491868,31.462996729725123,0.24660966430902947
min,0.295,0.0285,0.0,-22.689,0.0,0.0289,0.0053100000000000005,0.0,0.0414,0.0916,79.946,3.0
max,0.976,0.9009999999999999,11.0,-1.986,1.0,0.33399999999999996,0.993,0.9309999999999999,0.591,0.976,202.81,5.0
