,danceability,energy,key,loudness,mode,speechiness,acousticness,instrumentalness,liveness,valence,tempo,time_signature
mean,0.68452,0.6902599999999999,5.22,-5.769699999999999,0.52,0.090932,0.22088956000000004,0.012175293999999998,0.22040600000000005,0.567286,124.37934,3.96
std,0.14057277002844254,0.15013800590232484,3.2406222632484076,2.4393893619477134,0.5046720495044485,0.06569086365200977,0.22641179594433952,0.08213757171124579,0.20066669635116283,0.2057337887679521,33.60879714198382,0.28284271247461884
min,0.302,0.307,0.0,-15.335999999999999,0.0,0.0283,0.0007379999999999999,0.0,0.043,0.0793,77.093,3.0
max,0.9209999999999999,0.9470000000000001,11.0,-2.313,1.0,0.35600000000000004,0.9840000000000001,0.581,0.95,0.9059999999999999,207.68900000000002,5.0
