,danceability,energy,key,loudness,mode,speechiness,acousticness,instrumentalness,liveness,valence,tempo,time_signature
mean,0.6083400000000001,0.6469240000000002,4.1,-6.86108,0.74,0.078444,0.268283586,0.08903062420000002,0.19132000000000002,0.4903040000000001,120.81548000000004,3.92
std,0.1478296882723287,0.2048863971540705,3.637951879499098,3.9545976798905755,0.4430874976934521,0.07899071802872713,0.32356175358774714,0.23707750312477446,0.16366544896120702,0.2510675240175968,25.13172175269123,0.2740475156178699
min,0.248,0.0162,0.0,-25.949,0.0,0.0251,4.03e-05,0.0,0.0397,0.0388,67.882,3.0
max,0.907,0.919,11.0,-2.211,1.0,0.363,0.986,0.9359999999999999,0.915,0.9440000000000001,173.666,4.0
