,danceability,energy,key,loudness,mode,speechiness,acousticness,instrumentalness,liveness,valence,tempo,time_signature
mean,0.6994399999999998,0.69314,6.2,-5.82248,0.56,0.142204,0.21390720000000002,0.0008490598,0.19587600000000008,0.555324,128.59342000000004,3.94
std,0.1392400892307226,0.15684361247915135,3.3012057166546698,2.4650904130456954,0.5014265364224069,0.10017765028351648,0.23132125300101417,0.004074467437038077,0.15136364316925446,0.2157400548089751,31.293431532270443,0.23989793748209529
min,0.337,0.19399999999999998,0.0,-14.366,0.0,0.0268,0.0010400000000000001,0.0,0.0349,0.0752,87.23700000000001,3.0
max,0.922,0.961,11.0,-0.5329999999999999,1.0,0.39,0.9590000000000001,0.0274,0.784,0.965,212.11700000000002,4.0
