,danceability,energy,key,loudness,mode,speechiness,acousticness,instrumentalness,liveness,valence,tempo,time_signature
mean,0.5945400000000001,0.6476000000000001,4.44,-6.5138799999999994,0.7,0.09196199999999999,0.26434760000000007,0.0214508718,0.19847800000000004,0.49421200000000004,122.93367999999997,3.94
std,0.1689039347785405,0.2241498223446604,3.423567777411543,3.3203694326052924,0.4629100498862757,0.112701445747024,0.288784968074793,0.12414823755594785,0.14967365627816231,0.21407971587943692,28.594221019853734,0.31363569143000175
min,0.147,0.11800000000000001,0.0,-18.663,0.0,0.0253,0.0011099999999999999,0.0,0.0388,0.0746,71.812,3.0
max,0.9159999999999999,0.985,11.0,-2.068,1.0,0.765,0.915,0.875,0.6990000000000001,0.884,177.833,5.0
