,danceability,energy,key,loudness,mode,speechiness,acousticness,instrumentalness,liveness,valence,tempo,time_signature
mean,0.6306400000000001,0.6530800000000001,5.02,-6.488160000000001,0.68,0.08997399999999997,0.23394292000000008,0.06909426420000002,0.15606800000000004,0.5519,112.78763999999997,3.9
std,0.13742393220562837,0.1861846614607801,3.3165632568571186,2.407592483314875,0.47121207149916117,0.10406891517702319,0.2535507140851619,0.21196435189635487,0.09214788345094961,0.2759503682082807,28.224145707691132,0.5050762722761053
min,0.235,0.242,0.0,-16.643,0.0,0.0232,0.00035800000000000003,0.0,0.0509,0.0757,78.842,1.0
max,0.884,0.9259999999999999,11.0,-3.1830000000000003,1.0,0.475,0.915,0.904,0.447,0.971,180.085,5.0
