,danceability,energy,key,loudness,mode,speechiness,acousticness,instrumentalness,liveness,valence,tempo,time_signature
mean,0.7362799999999998,0.6465999999999998,5.24,-5.706979999999999,0.5,0.12540600000000002,0.24386939999999988,0.017629820999999993,0.14732200000000004,0.59736,123.82402000000002,3.92
std,0.14970965641697861,0.1543100509906425,3.977282427764475,2.043901785750949,0.5050762722761054,0.0825616143697962,0.22419691090382202,0.08705868275314436,0.1345628527598057,0.21689259638666078,31.910199402347057,0.2740475156178697
min,0.325,0.18600000000000003,0.0,-11.172,0.0,0.0322,0.00147,0.0,0.038,0.129,64.921,3.0
max,0.971,0.9009999999999999,11.0,-1.986,1.0,0.311,0.895,0.591,0.79,0.976,207.993,4.0
