,danceability,energy,key,loudness,mode,speechiness,acousticness,instrumentalness,liveness,valence,tempo,time_signature
mean,0.7233600000000001,0.6705800000000001,6.24,-5.681819999999999,0.54,0.12532000000000004,0.25456169999999995,0.023185418,0.19011599999999998,0.57768,121.44268,4.02
std,0.12388733525560512,0.17743099722289282,3.543087550111498,2.7862457345807434,0.5034574339058886,0.07945230375155005,0.20112478114195165,0.10896267814178173,0.17330285907412296,0.21403665907636343,31.85682199354109,0.14142135623730945
min,0.392,0.275,0.0,-16.429000000000002,0.0,0.0308,0.000585,0.0,0.0632,0.15,77.506,4.0
max,0.9470000000000001,0.9840000000000001,11.0,-1.624,1.0,0.35700000000000004,0.9109999999999999,0.74,0.866,0.91,192.44299999999998,5.0
