,danceability,energy,key,loudness,mode,speechiness,acousticness,instrumentalness,liveness,valence,tempo,time_signature
mean,0.6541999999999998,0.6884799999999999,5.12,-6.430580000000003,0.7,0.08098599999999999,0.150024684,0.0010462131999999997,0.18487600000000004,0.56122,117.68186000000006,3.98
std,0.16499721704517642,0.16977911700626955,3.42642790136686,2.5941930764611922,0.4629100498862757,0.06695484927035776,0.19734119150451424,0.004429853559971666,0.17888711588197576,0.22196895260005925,28.553478096879545,0.14142135623730948
min,0.165,0.307,0.0,-17.735,0.0,0.0243,6.42e-05,0.0,0.0286,0.15,77.01899999999999,3.0
max,0.945,0.987,11.0,-2.064,1.0,0.35100000000000003,0.7490000000000001,0.0311,0.9490000000000001,0.966,182.067,4.0
