,danceability,energy,key,loudness,mode,speechiness,acousticness,instrumentalness,liveness,valence,tempo,time_signature
mean,0.73826,0.6616,5.96,-5.683260000000001,0.52,0.16851000000000005,0.27261581999999995,0.002907098800000001,0.16063000000000005,0.6074899999999999,120.27555999999993,3.94
std,0.1393862362543119,0.14822831258926622,3.917308530413322,2.874683058377471,0.5046720495044485,0.12599590574818742,0.23923083096932354,0.01838603392502168,0.1339000682050092,0.2144858229937497,34.93637990203896,0.31363569143000214
min,0.256,0.235,0.0,-16.541,0.0,0.0281,0.000121,0.0,0.0451,0.0895,71.884,3.0
max,0.9279999999999999,0.9109999999999999,11.0,-1.8,1.0,0.556,0.9329999999999999,0.13,0.809,0.9179999999999999,194.97799999999998,5.0
