,danceability,energy,key,loudness,mode,speechiness,acousticness,instrumentalness,liveness,valence,tempo,time_signature
mean,0.67702,0.6661119999999999,5.72,-6.159240000000002,0.58,0.11917,0.227869336,0.0266890708,0.18656399999999995,0.48822000000000015,127.16964000000002,4.0
std,0.17735154642801448,0.18231942885709004,3.647979591779649,2.6089317194466197,0.49856938190328964,0.12216253016170793,0.21752243533689058,0.11580593127797338,0.16234934461820036,0.25601309676320416,29.856193359994634,0.20203050891044214
min,0.27,0.0946,0.0,-20.055,0.0,0.0269,1.89e-05,0.0,0.037000000000000005,0.04,77.501,3.0
max,0.925,0.899,11.0,-1.921,1.0,0.524,0.92,0.777,0.8809999999999999,0.905,183.894,5.0
