,danceability,energy,key,loudness,mode,speechiness,acousticness,instrumentalness,liveness,valence,tempo,time_signature
mean,0.7381799999999998,0.6612200000000001,5.84,-5.691499999999999,0.54,0.13043000000000002,0.25850400000000007,0.0004320536,0.17803400000000003,0.5562600000000001,125.31804000000002,3.98
std,0.11664033152720163,0.16218247344851278,3.632955731486248,2.4447843797082203,0.5034574339058886,0.10426501017569977,0.20938500030092988,0.001780460078402989,0.14754616242009805,0.22420278812735947,35.1329250610493,0.14142135623730948
min,0.392,0.19699999999999998,0.0,-12.89,0.0,0.0294,0.0105,0.0,0.0542,0.13699999999999998,89.859,3.0
max,0.9059999999999999,0.9109999999999999,11.0,-1.9980000000000002,1.0,0.47200000000000003,0.88,0.00889,0.956,0.9520000000000001,203.577,4.0
