,danceability,energy,key,loudness,mode,speechiness,acousticness,instrumentalness,liveness,valence,tempo,time_signature
mean,0.7151599999999999,0.6845399999999999,5.24,-6.0148199999999985,0.4,0.11685000000000001,0.20781605999999997,0.051634865200000005,0.13862800000000003,0.53292,123.55256000000003,4.0
std,0.10274207055157343,0.1680227402005151,3.461508459664158,2.597859124002544,0.4948716593053935,0.09264517840466742,0.17512271623722164,0.18483284230612987,0.1112621321795644,0.18924509968583608,33.66164113474091,0.0
min,0.419,0.184,0.0,-14.800999999999998,0.0,0.0301,0.000413,0.0,0.0448,0.11599999999999999,76.837,4.0
max,0.887,0.96,11.0,-1.9480000000000002,1.0,0.41,0.616,0.855,0.6990000000000001,0.9129999999999999,192.44299999999998,4.0
