,danceability,energy,key,loudness,mode,speechiness,acousticness,instrumentalness,liveness,valence,tempo,time_signature
mean,0.7432000000000001,0.6544800000000001,5.82,-6.06542,0.5,0.10082,0.24395219999999995,0.005121776,0.15505599999999997,0.6098319999999999,123.01182000000003,3.98
std,0.10656683253207051,0.1512925588631078,3.5207258064327642,2.549978568057195,0.5050762722761054,0.06870717218896497,0.2302491069741817,0.027051359265391227,0.11905908010354374,0.21845053373657833,30.939197169570367,0.24660966430902945
min,0.46399999999999997,0.23399999999999999,0.0,-14.89,0.0,0.0319,0.0053100000000000005,0.0,0.0414,0.0916,75.801,3.0
max,0.941,0.9009999999999999,11.0,-1.986,1.0,0.32899999999999996,0.866,0.18899999999999997,0.591,0.976,181.857,5.0
