,danceability,energy,key,loudness,mode,speechiness,acousticness,instrumentalness,liveness,valence,tempo,time_signature
mean,0.6030200000000001,0.587996,5.32,-8.127120000000001,0.56,0.09618999999999998,0.2979473478,0.0779934954,0.18425799999999992,0.47063199999999994,121.34562,3.96
std,0.14773134607199956,0.24382281117438456,3.490161097971828,4.272074880105039,0.5014265364224069,0.09857257400990792,0.3252192840262866,0.22788668717128002,0.1660505001743845,0.23800669639010288,32.334124029746356,0.3475864303027552
min,0.25,0.0126,0.0,-24.789,0.0,0.0277,4.99e-06,0.0,0.0308,0.0396,57.967,3.0
max,0.852,0.977,11.0,-3.1830000000000003,1.0,0.419,0.9790000000000001,0.9109999999999999,0.799,0.9309999999999999,195.37599999999998,5.0
