,danceability,energy,key,loudness,mode,speechiness,acousticness,instrumentalness,liveness,valence,tempo,time_signature
mean,0.7097599999999997,0.75506,4.2,-5.187679999999999,0.64,0.10108,0.18727427999999993,0.04649545199999999,0.17366600000000001,0.62454,125.05499999999998,4.0
std,0.1373497784222933,0.15064899194986403,3.7850403712833627,2.7017827934268035,0.4848732213850611,0.07629237798611017,0.21303389973985123,0.18275891647778425,0.12910112095815846,0.20475422898126985,32.26322888113858,0.20203050891044214
min,0.35200000000000004,0.266,0.0,-16.545,0.0,0.0312,0.000234,0.0,0.0483,0.10300000000000001,79.997,3.0
max,0.9359999999999999,0.9740000000000001,11.0,-0.19,1.0,0.32899999999999996,0.8370000000000001,0.902,0.5760000000000001,0.927,197.095,5.0
