,danceability,energy,key,loudness,mode,speechiness,acousticness,instrumentalness,liveness,valence,tempo,time_signature
mean,0.6940799999999997,0.6796800000000002,5.48,-5.8486199999999995,0.56,0.117296,0.23243279999999994,0.0226945484,0.17715,0.502254,124.08430000000003,4.04
std,0.13803960390010528,0.1478652778990499,3.5006704897135097,2.0406110118375462,0.5014265364224069,0.0936401513393541,0.209173878066716,0.13328238327549433,0.1465038332715745,0.23473419723385092,29.816562050310228,0.19794866372215753
min,0.302,0.307,0.0,-13.725,0.0,0.0247,0.00228,0.0,0.047,0.0478,75.235,4.0
max,0.9309999999999999,0.9420000000000001,11.0,-3.445,1.0,0.41200000000000003,0.838,0.937,0.8809999999999999,0.965,199.989,5.0
