,danceability,energy,key,loudness,mode,speechiness,acousticness,instrumentalness,liveness,valence,tempo,time_signature
mean,0.6650800000000001,0.6851599999999999,5.4,-5.905899999999998,0.54,0.08936999999999999,0.21578959999999994,0.0151576942,0.20255399999999998,0.5784699999999999,117.75386000000002,4.0
std,0.13819268417388697,0.17412830831057322,3.6140316116210056,2.6070623960186867,0.5034574339058886,0.0715041121980022,0.2378631913513243,0.1060447325505593,0.16085845750541192,0.24719125062945715,30.575232789348593,0.20203050891044214
min,0.32799999999999996,0.247,0.0,-15.179,0.0,0.0265,0.0008,0.0,0.0494,0.0745,73.483,3.0
max,0.915,0.94,11.0,-1.401,1.0,0.331,0.9159999999999999,0.75,0.754,0.961,200.21200000000002,5.0
