,danceability,energy,key,loudness,mode,speechiness,acousticness,instrumentalness,liveness,valence,tempo,time_signature
mean,0.6389600000000001,0.6649399999999999,5.2,-6.9815200000000015,0.48,0.06457199999999999,0.16729968199999998,0.008816098000000001,0.181448,0.56528,117.86836,3.98
std,0.12494504261261982,0.17678401557625426,3.568570284799086,2.385896427948615,0.5046720495044484,0.0596801065545911,0.24142076186410302,0.02288761881301267,0.13153275876591133,0.20276446977732968,25.54339212348034,0.24660966430902945
min,0.396,0.213,0.0,-14.911,0.0,0.024,4.11e-05,0.0,0.0353,0.127,75.016,3.0
max,0.887,0.9590000000000001,11.0,-1.5030000000000001,1.0,0.35100000000000003,0.94,0.115,0.602,0.9109999999999999,180.03900000000002,5.0
