,danceability,energy,key,loudness,mode,speechiness,acousticness,instrumentalness,liveness,valence,tempo,time_signature
mean,0.6472199999999999,0.70674,4.82,-5.52022,0.56,0.095958,0.19102399999999997,0.0151543834,0.20896,0.4884200000000001,122.79570000000004,3.96
std,0.16359984656447074,0.16641095063064787,3.684994392596736,2.108436980711696,0.5014265364224069,0.1066544259154159,0.20461653617816675,0.10389079181445009,0.18577544926878906,0.23398204099931275,28.94558411300172,0.1979486637221575
min,0.278,0.225,0.0,-11.907,0.0,0.0288,0.0019,0.0,0.0548,0.11199999999999999,79.997,3.0
max,0.9359999999999999,0.945,11.0,-2.175,1.0,0.623,0.897,0.735,0.919,0.893,183.817,4.0
