,danceability,energy,key,loudness,mode,speechiness,acousticness,instrumentalness,liveness,valence,tempo,time_signature
mean,0.7130399999999999,0.6608799999999999,5.74,-6.49776,0.5,0.11686599999999998,0.19759740000000003,0.013742351200000003,0.194972,0.549318,129.88056000000003,4.04
std,0.14091392075030942,0.163658384871584,3.756952738264219,2.433522252511653,0.5050762722761054,0.08417077055799436,0.1765389987187314,0.08254682095959402,0.17399328750833803,0.2526763741974129,29.965747644336886,0.19794866372215747
min,0.302,0.28300000000000003,0.0,-12.39,0.0,0.0245,0.0027199999999999998,0.0,0.0389,0.0729,80.04,4.0
max,0.9329999999999999,0.9590000000000001,11.0,-1.785,1.0,0.311,0.662,0.581,0.8809999999999999,0.965,181.995,5.0
