,danceability,energy,key,loudness,mode,speechiness,acousticness,instrumentalness,liveness,valence,tempo,time_signature
mean,0.63266,0.6928,4.74,-6.293140000000002,0.62,0.089194,0.15716762000000004,0.07108087480000003,0.17497000000000004,0.48274199999999984,116.2533,3.94
std,0.18675353287372187,0.185726702881587,3.7351611171981016,2.8029969894484625,0.4903143514780145,0.08913822884047186,0.2148769800244886,0.2038189811142544,0.15084183127111817,0.26002796324508587,23.576734867886444,0.23989793748209526
min,0.174,0.114,0.0,-19.22,0.0,0.0251,0.00035099999999999997,0.0,0.0342,0.0409,79.568,3.0
max,0.955,0.987,11.0,-2.687,1.0,0.49200000000000005,0.9790000000000001,0.9690000000000001,0.754,0.9009999999999999,180.02,4.0
