,danceability,energy,key,loudness,mode,speechiness,acousticness,instrumentalness,liveness,valence,tempo,time_signature
mean,0.65928,0.6772,5.54,-6.313519999999998,0.44,0.10226800000000003,0.22581019999999996,0.020836913800000002,0.18967800000000004,0.5671199999999998,111.74436000000003,4.0
std,0.16968242125109087,0.157607624388245,3.64893051147196,2.5211832599404747,0.5014265364224069,0.08644233760497368,0.2642690495617012,0.0900991976481126,0.12810992296955495,0.232708509969543,28.183624508554317,0.20203050891044214
min,0.27399999999999997,0.327,0.0,-12.675999999999998,0.0,0.0258,0.000245,0.0,0.0501,0.125,70.361,3.0
max,0.922,0.9229999999999999,11.0,-2.5140000000000002,1.0,0.45299999999999996,0.9840000000000001,0.461,0.636,0.9740000000000001,185.78599999999997,5.0
