,danceability,energy,key,loudness,mode,speechiness,acousticness,instrumentalness,liveness,valence,tempo,time_signature
mean,0.73564,0.6514279999999998,6.08,-6.574440000000001,0.48,0.13624799999999998,0.2648356,0.020353748,0.16460199999999994,0.5981960000000001,117.65267999999998,3.98
std,0.09955077875647388,0.19054626096396365,3.527385572855885,3.8579864006700575,0.5046720495044485,0.12776450952387972,0.22055815083241026,0.1268376933299996,0.11310226993878647,0.2333005646222512,32.773027482753335,0.1414213562373095
min,0.384,0.0414,0.0,-23.019000000000002,0.0,0.0287,0.00828,0.0,0.0537,0.0618,71.22399999999999,3.0
max,0.887,0.9109999999999999,11.0,-1.8659999999999999,1.0,0.557,0.992,0.897,0.499,0.9690000000000001,195.801,4.0
