,danceability,energy,key,loudness,mode,speechiness,acousticness,instrumentalness,liveness,valence,tempo,time_signature
mean,0.7471800000000001,0.6592199999999998,5.56,-5.98358,0.52,0.14008399999999993,0.2589758,0.005970698200000002,0.17674199999999995,0.6005559999999999,119.84001999999998,3.98
std,0.11775462034351307,0.17234058472355587,3.523449145021256,2.9048584642889272,0.5046720495044485,0.14965418417410292,0.21317338783722511,0.02698994396763901,0.14236937169180167,0.20362938439173042,31.863155350937223,0.14142135623730948
min,0.424,0.125,0.0,-17.832,0.0,0.0281,0.004520000000000001,0.0,0.0453,0.0528,79.9,3.0
max,0.945,0.9790000000000001,11.0,-1.6580000000000001,1.0,0.9359999999999999,0.753,0.14300000000000002,0.752,0.976,188.12400000000002,4.0
