,danceability,energy,key,loudness,mode,speechiness,acousticness,instrumentalness,liveness,valence,tempo,time_signature
mean,0.69768,0.65944,5.94,-6.273300000000001,0.4,0.11237799999999998,0.27648239999999996,0.0163738002,0.21106799999999992,0.5005800000000001,126.98499999999999,4.02
std,0.15133142975817368,0.1726576369345901,3.7275039522830444,2.3568298515123214,0.49487165930539356,0.08116867117054359,0.26062992329464285,0.08374272799940148,0.195318875269992,0.2218914139660134,29.694474702839095,0.14142135623730948
min,0.302,0.204,0.0,-13.89,0.0,0.0333,0.0021,0.0,0.047,0.1,79.215,4.0
max,0.9329999999999999,0.973,11.0,-1.182,1.0,0.37200000000000005,0.9209999999999999,0.56,0.8809999999999999,0.976,181.995,5.0
