,danceability,energy,key,loudness,mode,speechiness,acousticness,instrumentalness,liveness,valence,tempo,time_signature
mean,0.7354399999999999,0.69664,5.42,-5.7895400000000015,0.48,0.11609199999999996,0.1949511200000001,0.0024142198,0.18595800000000004,0.6372000000000001,116.67401999999997,3.92
std,0.11364124718263385,0.14075014191459842,3.517246139832022,2.3542978259917304,0.5046720495044485,0.08431643227165397,0.1984675894795471,0.012991017265585032,0.13526087128967054,0.1971319872779739,26.43920658716474,0.44446711960297247
min,0.41600000000000004,0.42100000000000004,0.0,-12.999,0.0,0.0278,0.000164,0.0,0.036000000000000004,0.252,77.533,1.0
max,0.917,0.995,11.0,-0.858,1.0,0.32299999999999995,0.769,0.0902,0.636,0.9620000000000001,180.07299999999998,4.0
