,danceability,energy,key,loudness,mode,speechiness,acousticness,instrumentalness,liveness,valence,tempo,time_signature
mean,0.63924,0.5955980000000001,4.78,-7.3760200000000005,0.54,0.09663400000000001,0.399963922,0.12499729279999999,0.15323199999999995,0.42385599999999996,116.69444,3.86
std,0.16917754953097683,0.23587903029878235,3.4004201421084934,4.328790166514691,0.5034574339058886,0.10713748674159818,0.33837268955420896,0.284196063413479,0.10276697126836748,0.27312388170788665,27.724161314975344,0.4952838806674206
min,0.27699999999999997,0.0809,0.0,-22.085,0.0,0.0288,6.21e-05,0.0,0.0337,0.0392,57.86,1.0
max,0.9309999999999999,0.9309999999999999,10.0,-1.41,1.0,0.605,0.99,0.948,0.515,0.963,177.952,4.0
