,danceability,energy,key,loudness,mode,speechiness,acousticness,instrumentalness,liveness,valence,tempo,time_signature
mean,0.7049599999999999,0.66192,6.2,-6.337320000000001,0.58,0.10969999999999996,0.24048914,0.07400206520000001,0.17682000000000006,0.574354,119.56782000000003,3.96
std,0.13589581243266732,0.20875205877024625,3.6083802686614534,4.753324771705182,0.4985693819032897,0.07193104691441717,0.24019790971995808,0.23709821179786425,0.16122438034096004,0.22990459530609025,31.310526020838946,0.4932193286180591
min,0.16699999999999998,0.02,0.0,-31.02,0.0,0.0319,0.000573,0.0,0.052000000000000005,0.0767,72.104,1.0
max,0.893,0.9179999999999999,11.0,-1.624,1.0,0.345,0.9790000000000001,0.9259999999999999,0.866,0.9129999999999999,192.44299999999998,5.0
