,danceability,energy,key,loudness,mode,speechiness,acousticness,instrumentalness,liveness,valence,tempo,time_signature
mean,0.65244,0.52694,5.64,-7.175220000000001,0.54,0.05998200000000001,0.43016139999999986,0.037658402599999995,0.17615600000000003,0.43944800000000006,122.70438000000001,3.96
std,0.11876630457348082,0.2252887181609684,3.7294197174053005,3.364133537898923,0.5034574339058886,0.05466834583865413,0.31168355794606545,0.18300691183713455,0.14786577912666168,0.1871956929122515,26.633973572886656,0.19794866372215744
min,0.38299999999999995,0.0485,0.0,-16.08,0.0,0.027000000000000003,0.00987,0.0,0.0394,0.0747,64.002,3.0
max,0.889,0.912,11.0,-1.2109999999999999,1.0,0.336,0.981,0.932,0.764,0.825,177.91299999999998,4.0
