,danceability,energy,key,loudness,mode,speechiness,acousticness,instrumentalness,liveness,valence,tempo,time_signature
mean,0.57222,0.5286900000000001,5.7,-7.216339999999999,0.52,0.06274200000000002,0.43949400000000005,0.012694280399999995,0.157718,0.3763660000000001,119.87020000000001,3.9
std,0.15432754591637693,0.19597294924742728,3.2903693732231494,3.178449703030375,0.5046720495044484,0.06319205933711376,0.3197205510748282,0.06641522458446693,0.09199657422636863,0.20377049976753311,28.78762416209367,0.4164965639175214
min,0.32899999999999996,0.0485,0.0,-16.526,0.0,0.025,0.006,0.0,0.0623,0.0499,74.541,3.0
max,0.8640000000000001,0.88,11.0,-2.384,1.0,0.35600000000000004,0.9470000000000001,0.431,0.409,0.9670000000000001,199.842,5.0
