,danceability,energy,key,loudness,mode,speechiness,acousticness,instrumentalness,liveness,valence,tempo,time_signature
mean,0.6424599999999999,0.49242000000000014,5.22,-8.303199999999999,0.46,0.058544,0.44658802000000003,0.0046626198,0.18260400000000004,0.4168479999999999,119.06826000000002,3.98
std,0.12511092384482708,0.22593877444103827,3.471693111613481,3.8220145505335013,0.5034574339058886,0.049985304615967084,0.3268269065112196,0.019024007313793254,0.13578596897849413,0.1919877560296649,26.529910084549577,0.24660966430902945
min,0.32899999999999996,0.06,0.0,-19.28,0.0,0.026000000000000002,0.000371,0.0,0.0394,0.0747,64.002,3.0
max,0.867,0.872,11.0,-2.806,1.0,0.27699999999999997,0.971,0.12300000000000001,0.625,0.7609999999999999,177.91299999999998,5.0
