,danceability,energy,key,loudness,mode,speechiness,acousticness,instrumentalness,liveness,valence,tempo,time_signature
mean,0.6518200000000003,0.50163,5.7,-7.597200000000002,0.5,0.060038000000000015,0.4360134,0.018463719400000002,0.17776399999999998,0.43714800000000004,116.58668000000003,3.96
std,0.11976860172509184,0.21084065968287571,3.6547425158474383,3.3205772488087253,0.5050762722761054,0.057290230994009254,0.3011890892921127,0.12044928338743119,0.14988077814430661,0.18183860778622524,29.647990399901527,0.1979486637221575
min,0.38299999999999995,0.0835,0.0,-17.527,0.0,0.0263,0.00987,0.0,0.0659,0.0747,64.002,3.0
max,0.889,0.9079999999999999,11.0,-1.2109999999999999,1.0,0.336,0.9490000000000001,0.852,0.764,0.7609999999999999,177.94099999999997,4.0
