,danceability,energy,key,loudness,mode,speechiness,acousticness,instrumentalness,liveness,valence,tempo,time_signature
mean,0.6496399999999999,0.5815199999999998,4.82,-7.372180000000001,0.62,0.10892999999999997,0.3897288000000001,0.021597842399999997,0.18875599999999998,0.467868,124.63985999999998,3.94
std,0.12851264688023226,0.23429531687638167,3.826278631159172,3.8709095840325576,0.4903143514780145,0.09598362583571964,0.33953181097481383,0.08302109539241423,0.13640868839405998,0.2247307426904563,30.2555489968774,0.23989793748209526
min,0.397,0.125,0.0,-18.435,0.0,0.026000000000000002,0.00116,0.0,0.0501,0.0528,73.454,3.0
max,0.892,0.9790000000000001,11.0,-2.3209999999999997,1.0,0.37799999999999995,0.958,0.462,0.752,0.9520000000000001,185.044,4.0
