,danceability,energy,key,loudness,mode,speechiness,acousticness,instrumentalness,liveness,valence,tempo,time_signature
mean,0.6348799999999999,0.5366259999999999,4.68,-7.393519999999999,0.58,0.09727599999999999,0.455249,0.0419515056,0.18097799999999997,0.4167020000000001,121.41610000000003,3.9
std,0.1508273293050902,0.1994109128592188,3.824944977595448,4.477778636779626,0.4985693819032897,0.08454037451093402,0.3237330708724868,0.16116763181857938,0.14074111896438415,0.18866646792254144,31.347702603221176,0.30304576336566325
min,0.193,0.0453,0.0,-26.219,0.0,0.026000000000000002,0.00116,0.0,0.0558,0.0681,67.675,3.0
max,0.922,0.8809999999999999,11.0,-2.6519999999999997,1.0,0.36200000000000004,0.958,0.961,0.752,0.9520000000000001,202.00599999999997,4.0
