,danceability,energy,key,loudness,mode,speechiness,acousticness,instrumentalness,liveness,valence,tempo,time_signature
mean,0.6375600000000001,0.5451599999999999,6.14,-6.8252,0.54,0.086586,0.41902973999999993,0.0185231144,0.15865,0.47172000000000014,122.45010000000006,3.94
std,0.15269499544075785,0.16451615639287745,3.9071363280175273,2.2863931938174353,0.5034574339058886,0.09472846049932104,0.2876096087189398,0.11483920504832898,0.0870148878887154,0.19534731393398913,31.437079708230424,0.4699109772399583
min,0.293,0.165,0.0,-11.467,0.0,0.0246,0.000587,0.0,0.0618,0.12,68.055,1.0
max,0.9279999999999999,0.863,11.0,-1.865,1.0,0.461,0.924,0.81,0.39899999999999997,0.884,190.097,5.0
