,danceability,energy,key,loudness,mode,speechiness,acousticness,instrumentalness,liveness,valence,tempo,time_signature
mean,0.63548,0.5736200000000002,5.54,-6.883419999999997,0.6,0.07212000000000002,0.4160617399999999,0.0024313674,0.17093000000000008,0.49424000000000007,127.3993,3.94
std,0.16242615150854728,0.18872698021540132,3.4119238692848817,3.039928175104787,0.4948716593053935,0.07445503505403754,0.2862435305383398,0.011959401204867368,0.1149666752958066,0.23103763806808972,29.401052682285556,0.23989793748209526
min,0.242,0.10300000000000001,0.0,-19.311,0.0,0.0246,0.000587,0.0,0.0596,0.12,68.53399999999999,3.0
max,0.9279999999999999,0.887,11.0,-1.865,1.0,0.461,0.922,0.0795,0.7040000000000001,0.94,190.097,4.0
