,danceability,energy,key,loudness,mode,speechiness,acousticness,instrumentalness,liveness,valence,tempo,time_signature
mean,0.6450599999999999,0.6032399999999999,4.9,-6.3684400000000005,0.54,0.07443000000000001,0.3312128,0.018403232999999998,0.16870000000000004,0.454134,114.6058,4.0
std,0.1326339769317602,0.2086372264120139,3.598469062231428,3.1061071847676645,0.5034574339058886,0.05595263394066413,0.32272490052763425,0.11971687310133917,0.12431833726201393,0.20280720472852024,25.267820723648665,0.0
min,0.342,0.107,0.0,-16.875,0.0,0.0276,0.0022,0.0,0.0418,0.0358,62.977,4.0
max,0.893,0.963,11.0,-1.182,1.0,0.233,0.972,0.847,0.544,0.917,178.446,4.0
