,danceability,energy,key,loudness,mode,speechiness,acousticness,instrumentalness,liveness,valence,tempo,time_signature
mean,0.64384,0.5967600000000001,6.02,-6.556659999999999,0.54,0.08530599999999999,0.35475840000000003,0.0039621249999999995,0.19633599999999998,0.49379999999999996,118.68986000000001,3.94
std,0.15866179664394864,0.20626232158618413,3.793065638606259,3.0596589953383866,0.5034574339058886,0.0833117759028196,0.30660597666712236,0.020344092316243314,0.15714441396631423,0.22058132842328154,30.085314726019963,0.2398979374820953
min,0.24600000000000002,0.10300000000000001,0.0,-19.311,0.0,0.0289,0.00464,0.0,0.0658,0.105,52.571999999999996,3.0
max,0.88,0.9440000000000001,11.0,-1.665,1.0,0.375,0.922,0.13,0.7040000000000001,0.865,182.123,4.0
