,danceability,energy,key,loudness,mode,speechiness,acousticness,instrumentalness,liveness,valence,tempo,time_signature
mean,0.6064,0.471796,5.5,-8.717660000000002,0.66,0.07124799999999999,0.48109680000000005,0.0394672468,0.16978400000000005,0.41147799999999995,119.76029999999999,3.98
std,0.1498689223206433,0.23052409760263723,3.5355339059327378,4.982874756726732,0.4785181206984066,0.06838959593865913,0.3377516704376583,0.19065314435099706,0.16093220699716881,0.21636299835494713,32.05663884391792,0.2466096643090295
min,0.14400000000000002,0.0151,0.0,-32.452,0.0,0.0257,0.00557,0.0,0.051,0.0385,64.002,3.0
max,0.8390000000000001,0.9259999999999999,11.0,-1.2109999999999999,1.0,0.336,0.986,0.982,0.764,0.927,183.78099999999998,5.0
