,danceability,energy,key,loudness,mode,speechiness,acousticness,instrumentalness,liveness,valence,tempo,time_signature
mean,0.6389,0.558142,5.04,-7.41682,0.66,0.059396000000000004,0.4158488000000001,0.024910798400000003,0.13890000000000002,0.4147799999999999,119.64102000000001,3.98
std,0.12563573032658298,0.22050331117880365,3.9895782601520113,3.7105989542918585,0.47851812069840666,0.04869895007878004,0.3340960709787359,0.11206845391127382,0.10000374074636062,0.17620202806403099,28.732118483512703,0.24660966430902945
min,0.266,0.0596,0.0,-20.883000000000003,0.0,0.0246,0.00175,0.0,0.0429,0.1,62.015,3.0
max,0.91,0.902,11.0,-1.746,1.0,0.33,0.9540000000000001,0.675,0.625,0.8240000000000001,181.74,5.0
