,danceability,energy,key,loudness,mode,speechiness,acousticness,instrumentalness,liveness,valence,tempo,time_signature
mean,0.62302,0.6294199999999999,6.04,-5.919440000000001,0.64,0.08419200000000002,0.3161034,0.0001564204,0.18305800000000003,0.4060979999999999,125.56027999999996,3.92
std,0.14029538663193483,0.1595949068288656,3.4104281854575484,2.2360768593266926,0.4848732213850611,0.0787797338489165,0.2929904227494441,0.0007649338467354347,0.1560075457227918,0.19278956116418117,31.08147691119623,0.5283783431116263
min,0.285,0.225,0.0,-13.356,0.0,0.0301,0.00277,0.0,0.047,0.0564,73.945,1.0
max,0.8809999999999999,0.924,11.0,-2.371,1.0,0.342,0.973,0.005370000000000001,0.9490000000000001,0.8540000000000001,194.162,5.0
