,danceability,energy,key,loudness,mode,speechiness,acousticness,instrumentalness,liveness,valence,tempo,time_signature
mean,0.68226,0.563556,5.1,-7.3055,0.5,0.07270599999999999,0.4447503999999999,0.055851792,0.16553200000000004,0.4832599999999999,117.7107,3.9
std,0.15808868732842488,0.21480199630433267,3.5355339059327378,3.9663600866203126,0.5050762722761054,0.07040585669632077,0.312121459724007,0.21266573161157015,0.12931240993526222,0.20985902070539775,27.579350531230613,0.46291004988627565
min,0.273,0.0368,0.0,-24.304000000000002,0.0,0.0245,0.00502,0.0,0.0409,0.11900000000000001,75.053,1.0
max,0.917,0.9590000000000001,11.0,-1.339,1.0,0.408,0.993,0.9440000000000001,0.6559999999999999,0.884,185.91299999999998,4.0
