,danceability,energy,key,loudness,mode,speechiness,acousticness,instrumentalness,liveness,valence,tempo,time_signature
mean,0.6568200000000001,0.48675999999999997,5.18,-7.742239999999999,0.56,0.07167799999999999,0.49797979999999986,0.014255900000000004,0.15614800000000004,0.4363999999999998,118.93638000000004,3.98
std,0.1354678499399283,0.19623554775850788,3.5667969967922946,3.5527919780341315,0.5014265364224069,0.0655941955184625,0.3446166441222502,0.09284856970985694,0.12960727530599855,0.19809088823063012,27.62247467219254,0.2466096643090295
min,0.273,0.128,0.0,-18.717,0.0,0.0256,0.00122,0.0,0.0425,0.11800000000000001,79.882,3.0
max,0.917,0.823,11.0,-2.188,1.0,0.311,0.9640000000000001,0.657,0.79,0.8490000000000001,184.06099999999998,5.0
