,danceability,energy,key,loudness,mode,speechiness,acousticness,instrumentalness,liveness,valence,tempo,time_signature
mean,0.6403,0.5312420000000001,5.18,-7.21104,0.66,0.07326400000000002,0.4478488,0.0188074046,0.18385399999999996,0.445734,125.1988,3.9
std,0.13763234817914766,0.20846861858489366,3.9159016476778006,3.3706541420481155,0.47851812069840666,0.061988401680129986,0.3015134989880221,0.1299183401983472,0.13621098611630233,0.20245054383221395,26.911034435862238,0.30304576336566325
min,0.242,0.0711,0.0,-21.96,0.0,0.026000000000000002,0.00579,0.0,0.0703,0.0644,74.818,3.0
max,0.838,0.8909999999999999,11.0,-2.853,1.0,0.276,0.97,0.919,0.764,0.925,188.09799999999998,4.0
