,danceability,energy,key,loudness,mode,speechiness,acousticness,instrumentalness,liveness,valence,tempo,time_signature
mean,0.6631400000000001,0.552,6.08,-7.1705999999999985,0.5,0.07516800000000003,0.45363339999999985,0.036494917,0.171512,0.4782360000000001,111.25822000000002,3.92
std,0.153645764068934,0.19850564172314694,3.5790775233804797,3.1793124657859666,0.5050762722761054,0.08119008293718477,0.31639673282976066,0.16986805240333727,0.12032591225161633,0.20198066462320757,21.400752839408938,0.4882287854467155
min,0.293,0.13,0.0,-18.725,0.0,0.0245,0.00268,0.0,0.0424,0.0778,68.055,1.0
max,0.917,0.9790000000000001,11.0,-1.339,1.0,0.408,0.915,0.905,0.506,0.884,175.895,5.0
