,danceability,energy,key,loudness,mode,speechiness,acousticness,instrumentalness,liveness,valence,tempo,time_signature
mean,0.642312,0.5389820000000001,5.1,-7.309080000000002,0.5,0.06329200000000001,0.387826,0.0174633688,0.14811400000000005,0.46577599999999997,117.27486000000003,3.98
std,0.1702956668232504,0.2221272017358982,3.5181743874356437,4.169560197235117,0.5050762722761054,0.05412068464203358,0.30952169156784537,0.11439702555911414,0.1041739773412825,0.17957849350802627,29.464740222302233,0.2466096643090295
min,0.0756,0.0351,0.0,-29.021,0.0,0.0273,0.0036299999999999995,0.0,0.064,0.0638,62.483999999999995,3.0
max,0.889,0.912,11.0,-1.2109999999999999,1.0,0.336,0.963,0.809,0.625,0.9129999999999999,174.44799999999998,5.0
