,danceability,energy,key,loudness,mode,speechiness,acousticness,instrumentalness,liveness,valence,tempo,time_signature
mean,0.6710200000000001,0.46358000000000005,6.14,-8.433519999999998,0.52,0.07581800000000001,0.531714,0.031148102599999995,0.16495400000000005,0.44371799999999995,115.42865999999998,4.02
std,0.16674635387501652,0.17144917614266914,3.2702118760541667,3.3529491328302217,0.5046720495044484,0.07367895523755721,0.32219256633262044,0.15110550043176768,0.12405734554500782,0.2012334330257945,22.12989463406217,0.14142135623730948
min,0.16,0.128,0.0,-18.717,0.0,0.0256,0.0128,0.0,0.0692,0.0549,81.949,4.0
max,0.929,0.799,11.0,-2.2030000000000003,1.0,0.415,0.9690000000000001,0.87,0.79,0.9009999999999999,184.06099999999998,5.0
