,danceability,energy,key,loudness,mode,speechiness,acousticness,instrumentalness,liveness,valence,tempo,time_signature
mean,0.6860799999999999,0.5797,6.34,-6.83354,0.46,0.08248600000000002,0.3960217999999998,0.018503757,0.1562,0.4825220000000002,112.35346,3.96
std,0.15599906331482266,0.1874293608432853,3.8630114085849065,2.9167765000816526,0.5034574339058886,0.08031853424245952,0.3125098352195316,0.11467476706829326,0.09718754224357634,0.2149638311200187,24.308593376988213,0.449943307086389
min,0.293,0.13,0.0,-18.725,0.0,0.0246,0.00339,0.0,0.0704,0.0851,68.055,1.0
max,0.9279999999999999,0.9790000000000001,11.0,-1.865,1.0,0.386,0.924,0.81,0.39899999999999997,0.946,175.895,5.0
