,danceability,energy,key,loudness,mode,speechiness,acousticness,instrumentalness,liveness,valence,tempo,time_signature
mean,0.7285599999999998,0.69638,6.04,-5.26784,0.6,0.12869800000000003,0.27217859999999994,0.00034582720000000006,0.15184399999999998,0.6201000000000001,123.73146000000001,4.0
std,0.11333968449591103,0.15611807279447568,3.4873532446629527,1.964703782627139,0.49487165930539356,0.09136027692602512,0.22443615550530177,0.0011332661146313302,0.13082969637303768,0.20808742766207763,32.92274126088258,0.0
min,0.433,0.179,0.0,-11.134,0.0,0.0351,0.00175,0.0,0.0344,0.163,79.992,4.0
max,0.9309999999999999,0.9390000000000001,11.0,-1.0979999999999999,1.0,0.41200000000000003,0.94,0.00524,0.737,0.9009999999999999,182.18400000000003,4.0
