,danceability,energy,key,loudness,mode,speechiness,acousticness,instrumentalness,liveness,valence,tempo,time_signature
mean,0.6703800000000001,0.7111599999999999,4.8,-5.228480000000001,0.66,0.08555600000000002,0.21402306000000004,0.010134392400000001,0.154792,0.5648380000000001,117.74866,3.92
std,0.14207670966267283,0.14247024179076262,3.7525501533039143,1.7908039266411804,0.47851812069840666,0.060292823412924045,0.22725444248713636,0.04372271335198892,0.1204559312083274,0.20450597006404667,29.258991170418234,0.4444671196029723
min,0.278,0.369,0.0,-9.514,0.0,0.0291,0.000221,0.0,0.0219,0.0989,74.638,1.0
max,0.9079999999999999,0.9620000000000001,11.0,-1.3969999999999998,1.0,0.35700000000000004,0.9690000000000001,0.27699999999999997,0.638,0.966,200.04,4.0
