,danceability,energy,key,loudness,mode,speechiness,acousticness,instrumentalness,liveness,valence,tempo,time_signature
mean,0.7431399999999998,0.6590599999999999,5.8,-5.6556,0.54,0.14803200000000005,0.2928346,0.03378589160000001,0.17461200000000004,0.6163999999999998,121.36313999999999,4.0
std,0.09980920778757675,0.1614764037857911,3.9538150008851556,2.471920999662293,0.5034574339058886,0.11283945510578924,0.25605850507504196,0.13949740194600477,0.1322515192459321,0.2176528784790224,35.31623559053432,0.20203050891044214
min,0.43799999999999994,0.159,0.0,-14.460999999999999,0.0,0.0287,0.00903,0.0,0.0302,0.11900000000000001,75.014,3.0
max,0.89,0.972,11.0,-1.681,1.0,0.433,0.9520000000000001,0.81,0.634,0.9620000000000001,188.023,5.0
