,danceability,energy,key,loudness,mode,speechiness,acousticness,instrumentalness,liveness,valence,tempo,time_signature
mean,0.7140200000000001,0.6706399999999999,5.84,-5.618840000000002,0.56,0.12145399999999999,0.2574040000000001,0.006481324000000002,0.18002200000000002,0.5740599999999999,126.00758,3.96
std,0.13471579911284437,0.18374691556483835,3.4779773620039918,2.8697169337758734,0.5014265364224069,0.08980185037409999,0.2233395867375097,0.04409769928302166,0.14385744969466496,0.23051605017385474,33.07582036441702,0.19794866372215747
min,0.32899999999999996,0.10400000000000001,0.0,-14.402999999999999,0.0,0.0264,0.0138,0.0,0.0642,0.13699999999999998,84.141,3.0
max,0.9329999999999999,0.934,11.0,-1.0979999999999999,1.0,0.353,0.9790000000000001,0.312,0.955,0.927,192.44299999999998,4.0
