,danceability,energy,key,loudness,mode,speechiness,acousticness,instrumentalness,liveness,valence,tempo,time_signature
mean,0.6794400000000002,0.6738600000000001,5.4,-5.769240000000002,0.54,0.09743399999999999,0.2887399600000001,0.0001103376,0.17242600000000008,0.539644,125.74745999999999,3.94
std,0.14455860473898338,0.14274638706604156,3.6140316116210047,1.9664088116904574,0.5034574339058886,0.06618292710976395,0.2529793789774872,0.00037436991964218754,0.12718129244090412,0.2554457953285206,38.56958705932614,0.2398979374820953
min,0.32,0.374,0.0,-10.177999999999999,0.0,0.031,0.0007379999999999999,0.0,0.049,0.0499,71.91199999999999,3.0
max,0.909,0.919,11.0,-2.733,1.0,0.35600000000000004,0.9840000000000001,0.00214,0.636,0.9620000000000001,195.99,4.0
