,danceability,energy,key,loudness,mode,speechiness,acousticness,instrumentalness,liveness,valence,tempo,time_signature
mean,0.6604800000000002,0.68806,5.0,-5.81026,0.44,0.07595800000000001,0.26476538,0.025465695200000003,0.16542199999999999,0.5256780000000001,116.66890000000004,3.98
std,0.15115018075694495,0.17414237782659925,3.7525501533039134,2.2788144591395922,0.5014265364224069,0.04664374354878581,0.22958507764446695,0.12762371861454697,0.1462290379744693,0.22490044082133914,30.493930327632917,0.1414213562373094
min,0.258,0.294,0.0,-10.033,0.0,0.0312,0.00078,0.0,0.0544,0.0763,74.038,3.0
max,0.872,0.971,11.0,-2.082,1.0,0.242,0.804,0.88,0.9690000000000001,0.945,196.072,4.0
