,danceability,energy,key,loudness,mode,speechiness,acousticness,instrumentalness,liveness,valence,tempo,time_signature
mean,0.73232,0.6966400000000001,5.62,-5.265419999999999,0.4,0.12354400000000001,0.2598816,0.0024261546,0.15451999999999996,0.5794000000000001,124.58424000000001,4.02
std,0.09390495411938214,0.1253290786656619,3.6583145444483645,1.641262282886099,0.49487165930539356,0.09316337013383465,0.20405318580753423,0.015431386829518518,0.10108423442347274,0.22664977928288302,35.15169039309838,0.14142135623730945
min,0.395,0.37,0.0,-10.05,0.0,0.0326,0.0036299999999999995,0.0,0.0515,0.11599999999999999,80.09899999999999,4.0
max,0.887,0.914,11.0,-2.576,1.0,0.41,0.795,0.109,0.418,0.919,192.44299999999998,5.0
