,danceability,energy,key,loudness,mode,speechiness,acousticness,instrumentalness,liveness,valence,tempo,time_signature
mean,0.7351800000000001,0.70124,6.02,-5.528620000000001,0.52,0.142348,0.24778180000000002,0.0003958805999999999,0.17883400000000002,0.6003599999999999,128.46608,4.0
std,0.08987944079460562,0.15129503006526346,3.9304670751160637,2.4088118833540646,0.5046720495044485,0.09674194632935518,0.20843631991560202,0.0017215868429391724,0.15420199925912179,0.194732444389627,38.34988050634072,0.0
min,0.433,0.192,0.0,-12.89,0.0,0.0287,0.00579,0.0,0.0515,0.13699999999999998,80.969,4.0
max,0.9059999999999999,0.912,11.0,-1.9980000000000002,1.0,0.37799999999999995,0.929,0.00889,0.7759999999999999,0.961,202.00599999999997,4.0
