,danceability,energy,key,loudness,mode,speechiness,acousticness,instrumentalness,liveness,valence,tempo,time_signature
mean,0.7462799999999998,0.6751599999999999,5.92,-5.398180000000002,0.64,0.14069599999999993,0.2781726,0.020393315800000002,0.166856,0.6056800000000002,120.97628,4.02
std,0.09527447781252321,0.157373773195523,4.0144636462853835,2.4835708384895963,0.4848732213850611,0.11267920323119225,0.24686539467697857,0.08539728078085003,0.12264667713495093,0.1995786827600706,36.26821804619756,0.14142135623730948
min,0.485,0.159,0.0,-14.460999999999999,0.0,0.0287,0.00903,0.0,0.0302,0.18899999999999997,74.93,4.0
max,0.8909999999999999,0.972,11.0,-1.8,1.0,0.433,0.946,0.465,0.634,0.934,188.023,5.0
