,danceability,energy,key,loudness,mode,speechiness,acousticness,instrumentalness,liveness,valence,tempo,time_signature
mean,0.7481199999999998,0.6764399999999999,5.4,-5.2879,0.52,0.13332000000000005,0.21387779999999995,0.0037467336000000006,0.16787800000000005,0.5996599999999997,121.23472000000004,4.02
std,0.11000327267858898,0.14773903633482538,3.5856858280031814,2.0779945714018386,0.5046720495044484,0.09869085932489247,0.21904907299684126,0.022230576317396705,0.13712260310259813,0.20042237135303914,35.103591826827206,0.14142135623730945
min,0.46399999999999997,0.212,0.0,-11.958,0.0,0.0296,0.00122,0.0,0.0569,0.209,60.00899999999999,4.0
max,0.9790000000000001,0.9229999999999999,11.0,-1.406,1.0,0.368,0.9309999999999999,0.157,0.79,0.991,195.567,5.0
