,danceability,energy,key,loudness,mode,speechiness,acousticness,instrumentalness,liveness,valence,tempo,time_signature
mean,0.6284600000000001,0.66828,6.0,-6.197980000000001,0.54,0.08637600000000001,0.2435736599999999,0.019978384000000002,0.18675399999999998,0.55842,128.46644000000003,3.96
std,0.1374373638411034,0.18893029056738772,3.880879344916036,3.014955467163585,0.5034574339058886,0.07248737415746895,0.26498910570595385,0.12778209332397095,0.18438524577965693,0.22682881165301372,35.01886901060685,0.1979486637221575
min,0.317,0.121,0.0,-16.252,0.0,0.0261,0.00048300000000000003,0.0,0.0437,0.1,70.429,3.0
max,0.841,0.951,11.0,-1.376,1.0,0.35100000000000003,0.977,0.903,0.961,0.9390000000000001,209.795,4.0
