,danceability,energy,key,loudness,mode,speechiness,acousticness,instrumentalness,liveness,valence,tempo,time_signature
mean,0.6599200000000001,0.7200280000000001,5.1,-6.193679999999997,0.6,0.091188,0.18337019999999996,0.03186032640000001,0.15970800000000002,0.5808800000000001,115.40289999999999,3.96
std,0.13517273001155045,0.18420571468455854,3.6267149356531725,4.128270441030446,0.4948716593053935,0.06282366524078102,0.21959664980614263,0.12680281284143854,0.12067425175543744,0.22416144327930537,29.566319789377832,0.19794866372215744
min,0.195,0.0434,0.0,-31.041999999999998,0.0,0.0335,0.00245,0.0,0.0494,0.126,73.102,3.0
max,0.893,0.9440000000000001,11.0,-1.715,1.0,0.326,0.852,0.7020000000000001,0.607,0.948,180.054,4.0
