,danceability,energy,key,loudness,mode,speechiness,acousticness,instrumentalness,liveness,valence,tempo,time_signature
mean,0.7269,0.7269000000000001,4.7,-5.210639999999999,0.6,0.08399399999999999,0.17050940000000003,0.0001044812,0.16791,0.6024600000000001,116.81330000000001,4.0
std,0.11171469674750838,0.15511842085901958,3.704657851397126,1.9288898124494895,0.4948716593053935,0.05090722818650267,0.1465692913017385,0.0006350730820668419,0.14874626285821677,0.21927507745258407,32.118222779923805,0.0
min,0.368,0.225,0.0,-11.777000000000001,0.0,0.0288,0.00257,0.0,0.0544,0.11900000000000001,79.997,4.0
max,0.9359999999999999,0.97,11.0,-2.082,1.0,0.226,0.6409999999999999,0.0045,0.919,0.945,197.095,4.0
