,danceability,energy,key,loudness,mode,speechiness,acousticness,instrumentalness,liveness,valence,tempo,time_signature
mean,0.65532,0.6601659999999998,5.04,-6.396239999999999,0.62,0.06660200000000002,0.299389,0.022994161799999996,0.17471600000000007,0.5499800000000001,118.57677999999999,4.0
std,0.12521841163441141,0.20394599686371565,3.5740561762541465,3.7934187776802526,0.49031435147801455,0.04017678530633108,0.271385579010562,0.12870310282352315,0.1463075951269678,0.22899153268367006,30.272846252982806,0.0
min,0.33299999999999996,0.0533,0.0,-22.085,0.0,0.0235,0.00223,0.0,0.0497,0.111,80.012,4.0
max,0.885,0.932,11.0,-2.595,1.0,0.18899999999999997,0.99,0.9009999999999999,0.727,0.9309999999999999,179.91,4.0
