,danceability,energy,key,loudness,mode,speechiness,acousticness,instrumentalness,liveness,valence,tempo,time_signature
mean,0.71986,0.6995000000000001,5.8,-4.994980000000001,0.52,0.13462399999999997,0.23849800000000004,0.0006644864000000002,0.16540600000000003,0.6299199999999999,126.82032000000001,4.0
std,0.10286785856879986,0.13803981235831336,3.907084094622098,1.8962402165273027,0.5046720495044484,0.10098125419086051,0.15835051856755075,0.0029268005261933296,0.12565744885625055,0.197830151846456,36.97110630707417,0.0
min,0.433,0.31,0.0,-11.134,0.0,0.0286,0.0104,0.0,0.0498,0.273,77.811,4.0
max,0.8759999999999999,0.902,11.0,-1.0979999999999999,1.0,0.353,0.94,0.02,0.764,0.96,192.44299999999998,4.0
