,danceability,energy,key,loudness,mode,speechiness,acousticness,instrumentalness,liveness,valence,tempo,time_signature
mean,0.7464800000000001,0.6880000000000002,5.46,-5.5543000000000005,0.66,0.13981200000000002,0.2042869999999999,0.048302477999999996,0.19072200000000003,0.6274399999999999,126.93393999999998,4.04
std,0.07389519329318202,0.15308461045834645,3.8661798896036257,2.3650986884530734,0.4785181206984066,0.10713251691056193,0.21210923473906515,0.1904364319921387,0.12260370918582542,0.21279588380244885,34.953120442526966,0.19794866372215744
min,0.61,0.218,0.0,-15.177,0.0,0.0326,0.000292,0.0,0.0469,0.14400000000000002,75.91199999999999,4.0
max,0.9109999999999999,0.905,11.0,-2.454,1.0,0.48,0.732,0.81,0.544,0.961,195.919,5.0
