,danceability,energy,key,loudness,mode,speechiness,acousticness,instrumentalness,liveness,valence,tempo,time_signature
mean,0.6506799999999998,0.6487199999999999,4.86,-6.58822,0.54,0.06799200000000001,0.28660280000000005,0.028103867999999994,0.16881600000000002,0.5354439999999999,122.12892000000004,3.94
std,0.10975416685874455,0.20581049734240123,3.8704004960727247,3.0457825259709868,0.5034574339058886,0.05038259271791788,0.264799833775458,0.12832876193053247,0.11746987865762329,0.24175610003067305,26.70780378568582,0.2398979374820953
min,0.433,0.121,0.0,-15.133,0.0,0.0235,0.00026000000000000003,0.0,0.0488,0.0862,80.016,3.0
max,0.9309999999999999,0.932,11.0,-1.41,1.0,0.24600000000000002,0.91,0.89,0.653,0.965,177.843,4.0
