,danceability,energy,key,loudness,mode,speechiness,acousticness,instrumentalness,liveness,valence,tempo,time_signature
mean,0.7073600000000002,0.6834200000000001,5.0,-6.103359999999999,0.46,0.08395599999999998,0.20232,0.04204230280000001,0.15400599999999998,0.593468,110.35809999999998,4.0
std,0.13238545453118544,0.16182052164200247,3.708787138784906,2.236686669050943,0.5034574339058886,0.06462127709246564,0.21530508071012125,0.1519729703898297,0.1134452855803544,0.21820895288316508,22.308054805246414,0.20203050891044214
min,0.33399999999999996,0.192,0.0,-13.107999999999999,0.0,0.0278,0.0073,0.0,0.0494,0.0834,74.931,3.0
max,0.893,0.932,11.0,-2.984,1.0,0.38299999999999995,0.894,0.779,0.687,0.96,181.017,5.0
