,danceability,energy,key,loudness,mode,speechiness,acousticness,instrumentalness,liveness,valence,tempo,time_signature
mean,0.7463599999999998,0.6673399999999998,4.98,-5.37144,0.52,0.12820000000000004,0.2170074,0.0214079168,0.15624200000000005,0.5595880000000001,125.21892000000004,3.98
std,0.12860630638042728,0.15127426234815886,3.6392979811934016,1.9012648331345858,0.5046720495044485,0.0982838330384743,0.2229547427381364,0.12828600873488136,0.13018626544380205,0.21458420509802448,35.54841719995477,0.14142135623730942
min,0.376,0.33399999999999996,0.0,-9.682,0.0,0.0263,0.00147,0.0,0.0569,0.0454,64.921,3.0
max,0.9790000000000001,0.9229999999999999,11.0,-1.406,1.0,0.368,0.968,0.897,0.79,0.9309999999999999,195.567,4.0
