,danceability,energy,key,loudness,mode,speechiness,acousticness,instrumentalness,liveness,valence,tempo,time_signature
mean,0.7385999999999998,0.70872,4.92,-5.380580000000001,0.42,0.09153999999999998,0.21865600000000002,0.002125756,0.1750060000000001,0.5966400000000001,117.35298000000003,4.04
std,0.10219988418061252,0.1459313565219159,3.9684469794330663,1.9873039175768579,0.49856938190328975,0.061199259699404075,0.20855069030950582,0.007961573820264585,0.1234069779557188,0.19859072465341213,27.848500956608135,0.1979486637221575
min,0.506,0.308,0.0,-10.068,0.0,0.028999999999999998,0.00573,0.0,0.0343,0.218,64.934,4.0
max,0.9209999999999999,0.975,11.0,-0.9279999999999999,1.0,0.258,0.883,0.0404,0.547,0.953,175.859,5.0
