,danceability,energy,key,loudness,mode,speechiness,acousticness,instrumentalness,liveness,valence,tempo,time_signature
mean,0.72104,0.7188800000000002,4.76,-5.1599,0.74,0.10231000000000004,0.20771486,0.0043988006,0.18599999999999997,0.5938920000000001,119.19168000000008,3.94
std,0.1380091626653529,0.1448435665658306,3.7988182910167296,1.7491811991177297,0.4430874976934519,0.06937351211862831,0.20047278211594344,0.023469532747501864,0.16038275137550023,0.24018371271395828,31.817650438172116,0.23989793748209526
min,0.27699999999999997,0.299,0.0,-11.434000000000001,0.0,0.0263,0.000239,0.0,0.0311,0.0986,79.997,3.0
max,0.91,0.975,11.0,-2.573,1.0,0.302,0.779,0.158,0.8759999999999999,0.976,191.702,4.0
