,danceability,energy,key,loudness,mode,speechiness,acousticness,instrumentalness,liveness,valence,tempo,time_signature
mean,0.7102599999999997,0.6831800000000001,5.62,-5.47392,0.56,0.075338,0.24158280000000001,0.0025412006,0.17040000000000002,0.6249099999999999,117.85125999999998,3.98
std,0.11538309040331866,0.17637988802003243,3.6638888673993733,2.879373123668783,0.5014265364224069,0.05013044978771253,0.24819639198844454,0.008415471899669088,0.12613593250691,0.21104051477749722,29.648448574760273,0.14142135623730945
min,0.47600000000000003,0.19,0.0,-16.615,0.0,0.0261,0.00944,0.0,0.0433,0.0835,70.27600000000001,3.0
max,0.917,0.9159999999999999,11.0,-2.7260000000000004,1.0,0.231,0.898,0.0384,0.636,0.925,184.11900000000003,4.0
