,danceability,energy,key,loudness,mode,speechiness,acousticness,instrumentalness,liveness,valence,tempo,time_signature
mean,0.7008999999999999,0.7701,5.72,-4.718420000000002,0.58,0.082306,0.15203860000000002,0.002892314999999999,0.165856,0.6082820000000001,116.54973999999999,4.02
std,0.11660245560476512,0.1165548395058948,3.664724284531191,1.4680339634896677,0.49856938190328975,0.05388122390773913,0.156375156385964,0.0158667475564595,0.11855520914884563,0.20709767161355316,29.04891669258344,0.14142135623730945
min,0.264,0.47700000000000004,0.0,-9.484,0.0,0.0302,0.00057,0.0,0.0266,0.0921,75.016,4.0
max,0.893,0.971,11.0,-2.7680000000000002,1.0,0.319,0.616,0.111,0.575,0.9390000000000001,180.141,5.0
