,danceability,energy,key,loudness,mode,speechiness,acousticness,instrumentalness,liveness,valence,tempo,time_signature
mean,0.6446600000000001,0.617998,4.98,-6.842139999999998,0.7,0.09942200000000004,0.24083384000000005,0.010104051199999999,0.18622199999999997,0.49348400000000003,115.65162000000002,3.92
std,0.17020499165322228,0.19906764565578902,3.1589845953200517,4.0171796483277635,0.46291004988627565,0.07168495213965974,0.2862934993535416,0.05982447602300541,0.15335983468261027,0.22254744448071728,30.59143674624635,0.3958973274443149
min,0.265,0.0413,0.0,-19.666,0.0,0.0235,0.000239,0.0,0.0215,0.0624,54.747,3.0
max,0.91,0.895,11.0,-2.573,1.0,0.368,0.973,0.42100000000000004,0.742,0.9259999999999999,191.702,5.0
