,danceability,energy,key,loudness,mode,speechiness,acousticness,instrumentalness,liveness,valence,tempo,time_signature
mean,0.7119199999999999,0.69498,5.18,-5.44314,0.54,0.12428600000000001,0.3014528,0.015188457999999998,0.16073,0.61418,120.17954,4.02
std,0.12602459105674738,0.17123196940682187,3.491622627293587,2.317633892044,0.5034574339058886,0.0795486297423001,0.25891781449214296,0.09886454210096308,0.11393350414758135,0.20778459116722447,31.843767201768202,0.14142135623730948
min,0.272,0.179,0.0,-12.148,0.0,0.0349,0.00182,0.0,0.0344,0.11900000000000001,80.04,4.0
max,0.929,0.9640000000000001,11.0,-1.0979999999999999,1.0,0.353,0.94,0.7,0.61,0.9009999999999999,182.18400000000003,5.0
