,danceability,energy,key,loudness,mode,speechiness,acousticness,instrumentalness,liveness,valence,tempo,time_signature
mean,0.6398799999999999,0.6520199999999998,5.34,-6.457059999999999,0.66,0.080722,0.27050324000000003,0.024931510599999998,0.16743799999999998,0.5287439999999999,120.17411999999999,3.92
std,0.14733920879718201,0.2251055525657205,3.915484696453718,3.2305235717058216,0.47851812069840655,0.0544543669281998,0.2922176549891005,0.12820154223425267,0.15936770329355077,0.2366105283078554,28.327518488925353,0.4882287854467159
min,0.309,0.121,0.0,-16.252,0.0,0.0294,0.000502,0.0,0.0461,0.0862,75.016,1.0
max,0.898,0.946,11.0,-2.511,1.0,0.289,0.977,0.903,0.9229999999999999,0.9309999999999999,195.815,5.0
