,danceability,energy,key,loudness,mode,speechiness,acousticness,instrumentalness,liveness,valence,tempo,time_signature
mean,0.7319199999999998,0.66762,6.48,-5.75136,0.58,0.13184799999999997,0.26556296,0.03609439500000001,0.15920799999999993,0.6213,124.28239999999997,4.02
std,0.10251427775123396,0.16005928620995663,3.5813576265125486,2.3780013882352926,0.49856938190328975,0.10757837055953626,0.24977126573294034,0.1589297573731726,0.09526640378326412,0.1972157473945936,33.88411179359459,0.2466096643090295
min,0.46399999999999997,0.218,0.0,-15.177,0.0,0.0326,0.0005480000000000001,0.0,0.0403,0.14400000000000002,75.801,3.0
max,0.9790000000000001,0.9229999999999999,11.0,-1.3869999999999998,1.0,0.48,0.866,0.81,0.46,0.961,189.983,5.0
