,danceability,energy,key,loudness,mode,speechiness,acousticness,instrumentalness,liveness,valence,tempo,time_signature
mean,0.7085999999999999,0.7186200000000003,5.18,-4.765059999999999,0.44,0.10115600000000002,0.1998514,0.00027332340000000004,0.176936,0.6113399999999999,121.06848,3.98
std,0.12360057459743591,0.16103262313669772,3.6179258913225465,1.9022944407172286,0.5014265364224069,0.09034118811144647,0.1964342178306384,0.001262034155187423,0.13398616248992098,0.20055643106322055,28.985351202569998,0.2466096643090295
min,0.35100000000000003,0.271,0.0,-10.109,0.0,0.0333,0.00267,0.0,0.0481,0.12,77.501,3.0
max,0.9640000000000001,0.9159999999999999,11.0,0.175,1.0,0.53,0.934,0.00847,0.636,0.929,184.11900000000003,5.0
