,danceability,energy,key,loudness,mode,speechiness,acousticness,instrumentalness,liveness,valence,tempo,time_signature
mean,0.6733,0.6521400000000003,5.24,-5.935159999999999,0.62,0.10021600000000003,0.19402627400000003,0.0541985536,0.184904,0.49349799999999994,120.44729999999996,3.98
std,0.1399670879681567,0.17157398713448518,3.2297090284053867,1.9783313558323306,0.4903143514780145,0.09570122802189092,0.22168209924122115,0.1465915394404359,0.1590990411084638,0.20281052833638016,29.55025448714616,0.14142135623730945
min,0.33399999999999996,0.303,0.0,-12.783,0.0,0.0248,2.95e-05,0.0,0.0342,0.0989,80.984,3.0
max,0.9309999999999999,0.9390000000000001,11.0,-1.715,1.0,0.45299999999999996,0.9690000000000001,0.565,0.6990000000000001,0.884,196.12099999999998,4.0
