,danceability,energy,key,loudness,mode,speechiness,acousticness,instrumentalness,liveness,valence,tempo,time_signature
mean,0.7580999999999996,0.7156400000000002,4.98,-4.78518,0.72,0.10607000000000001,0.18653188,0.016020446,0.15072999999999998,0.6137940000000001,117.26619999999998,3.98
std,0.10798077115290254,0.14585144245192136,3.599829927955498,1.7057868217407737,0.4535573676110727,0.08173877068229654,0.16786237430749207,0.10387232224019471,0.11878093410191069,0.21222241164420325,32.29605068987949,0.14142135623730945
min,0.39799999999999996,0.39799999999999996,0.0,-10.037,0.0,0.0247,0.000704,0.0,0.0506,0.0801,79.997,3.0
max,0.9359999999999999,0.97,11.0,-0.5820000000000001,1.0,0.473,0.82,0.735,0.6970000000000001,0.893,186.125,4.0
