,danceability,energy,key,loudness,mode,speechiness,acousticness,instrumentalness,liveness,valence,tempo,time_signature
mean,0.6513799999999997,0.6727400000000001,5.82,-5.8922,0.5,0.09889,0.20698525999999998,0.0144048156,0.14601199999999998,0.5425,122.94694000000001,3.9
std,0.13719803800584415,0.190503608621882,3.884506114694896,2.7617183204723568,0.5050762722761054,0.08564793682064183,0.22370811825222486,0.05767765696802901,0.11023843294404717,0.20333929120300084,34.76983852064068,0.30304576336566325
min,0.313,0.139,0.0,-15.102,0.0,0.0232,0.00048300000000000003,0.0,0.0408,0.158,70.429,3.0
max,0.8740000000000001,0.9570000000000001,11.0,-1.376,1.0,0.425,0.925,0.391,0.708,0.9309999999999999,198.632,4.0
