,danceability,energy,key,loudness,mode,speechiness,acousticness,instrumentalness,liveness,valence,tempo,time_signature
mean,0.7443399999999998,0.6761,5.2,-5.5285400000000005,0.52,0.148826,0.25570899999999985,0.0163675144,0.15908599999999995,0.6259800000000001,125.47708000000003,3.98
std,0.08870947997105325,0.1642909626490857,3.6477558099439156,2.43763526435782,0.5046720495044484,0.10983813844536357,0.20960202856015164,0.0836590284376667,0.13365655806688168,0.2150914840959824,35.06972827699183,0.14142135623730936
min,0.5329999999999999,0.294,0.0,-14.505,0.0,0.0287,0.00945,0.0,0.0419,0.187,82.022,3.0
max,0.905,0.9109999999999999,11.0,-1.8659999999999999,1.0,0.445,0.777,0.57,0.752,0.961,195.801,4.0
