,danceability,energy,key,loudness,mode,speechiness,acousticness,instrumentalness,liveness,valence,tempo,time_signature
mean,0.69828,0.7335400000000003,5.84,-5.171980000000001,0.54,0.09638600000000004,0.16590840000000007,0.0016805857999999995,0.165294,0.5921020000000001,116.89656000000001,4.02
std,0.12118126749558585,0.15729618623501854,3.851106387541542,1.7536244506386056,0.5034574339058886,0.07522649883206457,0.18928799071795552,0.008007143221792553,0.10809208925348641,0.21913356703161663,30.33524523110075,0.14142135623730942
min,0.375,0.2,0.0,-11.062999999999999,0.0,0.0266,0.0012900000000000001,0.0,0.0473,0.0921,75.016,4.0
max,0.922,0.9570000000000001,11.0,-1.715,1.0,0.35100000000000003,0.904,0.0559,0.423,0.953,180.141,5.0
