,danceability,energy,key,loudness,mode,speechiness,acousticness,instrumentalness,liveness,valence,tempo,time_signature
mean,0.69048,0.6645800000000002,6.0,-6.50836,0.56,0.077202,0.27233079999999993,0.044198141600000004,0.143656,0.5399040000000002,117.78905999999999,3.94
std,0.12124208200529878,0.16261938659938177,3.619674131234265,2.2111616280376527,0.5014265364224069,0.07137806068350956,0.23213852518015263,0.16529843746349335,0.10015513101877385,0.23919256093817645,25.272011145194934,0.23989793748209526
min,0.341,0.386,0.0,-11.161,0.0,0.0233,0.0038299999999999996,0.0,0.0259,0.0862,75.95,3.0
max,0.9279999999999999,0.932,11.0,-3.15,1.0,0.425,0.809,0.846,0.5920000000000001,0.963,189.12,4.0
