,danceability,energy,key,loudness,mode,speechiness,acousticness,instrumentalness,liveness,valence,tempo,time_signature
mean,0.7432199999999999,0.7017399999999999,4.86,-5.384060000000002,0.7,0.10267,0.20722559999999995,0.006916640599999999,0.156052,0.5985199999999999,119.43675999999998,3.94
std,0.10742520701418644,0.163004671273994,3.2135554726051025,2.0099704171850847,0.46291004988627565,0.0799847058084563,0.2177860621386905,0.03448056036125185,0.1158290898571808,0.2176729657077332,30.88926345311455,0.23989793748209529
min,0.447,0.299,0.0,-11.573,0.0,0.0263,0.00257,0.0,0.0494,0.10300000000000001,79.997,3.0
max,0.9359999999999999,0.97,11.0,-2.573,1.0,0.46299999999999997,0.8740000000000001,0.24,0.6970000000000001,0.9440000000000001,186.125,4.0
