,danceability,energy,key,loudness,mode,speechiness,acousticness,instrumentalness,liveness,valence,tempo,time_signature
mean,0.7361600000000001,0.65656,5.58,-5.826739999999998,0.52,0.13892800000000002,0.22872479999999992,0.020756899199999998,0.13827599999999995,0.5970399999999999,127.26666000000003,4.02
std,0.10897563105238396,0.1345612917019222,3.3630040021337093,2.142446758893644,0.5046720495044484,0.10437302028429236,0.24437307144175593,0.09976344026614706,0.09499723639374452,0.18986149194201804,32.28847670015937,0.14142135623730942
min,0.46399999999999997,0.212,0.0,-14.454,0.0,0.0266,0.00122,0.0,0.0341,0.209,80.002,4.0
max,0.9490000000000001,0.9009999999999999,11.0,-1.3869999999999998,1.0,0.415,0.9309999999999999,0.657,0.46,0.9179999999999999,189.983,5.0
