,danceability,energy,key,loudness,mode,speechiness,acousticness,instrumentalness,liveness,valence,tempo,time_signature
mean,0.7366999999999999,0.7052999999999997,6.18,-5.274840000000001,0.6,0.16667600000000005,0.24143659999999995,0.025601328600000008,0.1996459999999999,0.61726,115.65764000000003,4.02
std,0.10732256357850022,0.12881457168174343,4.114136902070663,1.9914870288612097,0.4948716593053935,0.10795475537540376,0.2032592598950957,0.13089680837351508,0.15823047928736803,0.2060099868789801,33.77473137146606,0.2466096643090295
min,0.43799999999999994,0.373,0.0,-11.568,0.0,0.028999999999999998,0.00903,0.0,0.0302,0.182,75.014,3.0
max,0.898,0.972,11.0,-1.681,1.0,0.41200000000000003,0.74,0.81,0.6709999999999999,0.9620000000000001,192.09099999999998,5.0
