,danceability,energy,key,loudness,mode,speechiness,acousticness,instrumentalness,liveness,valence,tempo,time_signature
mean,0.71398,0.67608,5.84,-5.07818,0.58,0.12541999999999998,0.24897,0.0065154489999999995,0.15620199999999998,0.56162,126.66884,3.96
std,0.12175745210399708,0.14438396089339461,3.4307136164896286,1.673832162970923,0.49856938190328975,0.0950098147454208,0.18375260459073103,0.044093575608899684,0.11542321502777045,0.2146858064945237,34.87859796983279,0.1979486637221575
min,0.392,0.282,0.0,-9.961,0.0,0.0308,0.0141,0.0,0.0498,0.13699999999999998,77.811,3.0
max,0.9329999999999999,0.902,11.0,-1.694,1.0,0.386,0.7979999999999999,0.312,0.764,0.9209999999999999,192.44299999999998,4.0
