,danceability,energy,key,loudness,mode,speechiness,acousticness,instrumentalness,liveness,valence,tempo,time_signature
mean,0.67322,0.65932,5.52,-6.2404399999999995,0.66,0.092934,0.152636,0.004801619399999999,0.156178,0.5466199999999999,120.58728000000005,3.98
std,0.1192745572198866,0.15560749155670955,3.412103307285967,1.9668979737606305,0.47851812069840666,0.071443325933275,0.1922400781442256,0.02698010894086895,0.09613914297644274,0.21047631986636833,28.767597270824105,0.14142135623730948
min,0.379,0.115,0.0,-11.467,0.0,0.0285,0.0017100000000000001,0.0,0.0352,0.13,77.01899999999999,3.0
max,0.889,0.9159999999999999,11.0,-1.715,1.0,0.289,0.968,0.191,0.457,0.9420000000000001,196.12099999999998,4.0
