,danceability,energy,key,loudness,mode,speechiness,acousticness,instrumentalness,liveness,valence,tempo,time_signature
mean,0.7367400000000002,0.65888,5.64,-5.894820000000001,0.62,0.11566399999999998,0.24198739999999985,0.016470894600000004,0.15235200000000002,0.6328119999999998,120.03490000000004,3.98
std,0.10230043988175225,0.14207207713706732,3.5211315435437474,2.5537013608502006,0.4903143514780145,0.09010039697300938,0.23703731579828766,0.11451572132401591,0.08389044906840087,0.19833604717288097,32.61073289280881,0.24660966430902945
min,0.46399999999999997,0.321,0.0,-12.954,0.0,0.032,0.00677,0.0,0.0469,0.0916,75.801,3.0
max,0.9590000000000001,0.905,11.0,-1.3869999999999998,1.0,0.317,0.866,0.81,0.46,0.961,189.983,5.0
