,danceability,energy,key,loudness,mode,speechiness,acousticness,instrumentalness,liveness,valence,tempo,time_signature
mean,0.7321000000000001,0.6929399999999998,5.3,-4.880759999999999,0.64,0.12190200000000001,0.26079822,0.0001734738,0.17850000000000005,0.6328599999999998,129.29852,3.96
std,0.12082898185924955,0.15667741589987122,3.6658935486732402,1.994333253219722,0.4848732213850611,0.0904053648624813,0.2001606278417707,0.0008026207543350395,0.1576178936801379,0.1983967381644308,30.068415475270214,0.1979486637221575
min,0.373,0.31,0.0,-11.134,0.0,0.0281,0.000811,0.0,0.043,0.25,92.975,3.0
max,0.897,0.937,11.0,-1.0979999999999999,1.0,0.353,0.94,0.00524,0.815,0.9670000000000001,192.06799999999998,4.0
