,danceability,energy,key,loudness,mode,speechiness,acousticness,instrumentalness,liveness,valence,tempo,time_signature
mean,0.6430600000000001,0.6827999999999997,5.86,-5.859540000000001,0.58,0.07760600000000001,0.21318300000000004,0.0026084855999999996,0.20314800000000002,0.507148,116.64570000000002,4.0
std,0.13631976364116713,0.18440273139771757,3.6589839115943272,2.118099882114213,0.49856938190328975,0.0659360680152079,0.2539195347256807,0.01018033591466735,0.16520237834923837,0.22421440471484574,27.42972639030398,0.0
min,0.29,0.2,0.0,-11.062999999999999,0.0,0.0286,0.00037999999999999997,0.0,0.0506,0.0634,73.483,4.0
max,0.893,0.972,11.0,-1.715,1.0,0.295,0.904,0.0677,0.6890000000000001,0.889,179.864,4.0
