,danceability,energy,key,loudness,mode,speechiness,acousticness,instrumentalness,liveness,valence,tempo,time_signature
mean,0.7172599999999997,0.69512,4.24,-5.38928,0.62,0.138152,0.25091040000000003,0.008094625600000004,0.163614,0.5783600000000001,122.42141999999996,4.0
std,0.11666379568867884,0.14683721932668106,3.6115461102030046,2.381113005401003,0.4903143514780145,0.10940470877453502,0.20182431139291546,0.05526321151970435,0.11967523913167873,0.19555141919970923,31.19167311835068,0.20203050891044214
min,0.433,0.31,0.0,-13.148,0.0,0.0298,0.00381,0.0,0.0344,0.11599999999999999,80.04,3.0
max,0.9009999999999999,0.951,11.0,-1.565,1.0,0.486,0.94,0.391,0.61,0.966,192.06799999999998,5.0
