,danceability,energy,key,loudness,mode,speechiness,acousticness,instrumentalness,liveness,valence,tempo,time_signature
mean,0.67074,0.69278,5.58,-6.387060000000002,0.62,0.09883199999999998,0.21787579999999998,0.004956800999999999,0.136082,0.5288200000000001,125.67366000000001,3.98
std,0.12712613212627744,0.17169304479987843,4.0862636993234,2.5617048166709413,0.4903143514780145,0.08446539791475537,0.21238479817125538,0.02448408325390492,0.07130431961612402,0.23690932477060772,29.094763469239968,0.14142135623730948
min,0.309,0.121,0.0,-15.133,0.0,0.0269,0.00303,0.0,0.0529,0.154,81.425,3.0
max,0.927,0.95,11.0,-3.073,1.0,0.35200000000000004,0.91,0.171,0.34700000000000003,0.9309999999999999,180.979,4.0
