,danceability,energy,key,loudness,mode,speechiness,acousticness,instrumentalness,liveness,valence,tempo,time_signature
mean,0.73676,0.67448,4.68,-5.276660000000001,0.68,0.13725,0.25422335999999995,0.03263140280000001,0.160672,0.6261200000000001,123.58734,3.9
std,0.08403559984206886,0.16017901210323204,3.6669511330593014,2.56995530501912,0.4712120714991612,0.09456883736199787,0.23756551071658324,0.1580814894136458,0.09557390566937168,0.19556111211441957,33.911610112058156,0.5050762722761054
min,0.534,0.218,0.0,-15.177,0.0,0.0334,0.0005480000000000001,0.0,0.0469,0.168,75.233,1.0
max,0.9,0.9590000000000001,11.0,-1.339,1.0,0.364,0.8370000000000001,0.81,0.474,0.9620000000000001,180.007,5.0
