,danceability,energy,key,loudness,mode,speechiness,acousticness,instrumentalness,liveness,valence,tempo,time_signature
mean,0.7576599999999998,0.67938,5.4,-5.639219999999999,0.58,0.13985400000000003,0.27245600000000003,0.0021118248000000003,0.15072200000000002,0.57028,132.35958,3.98
std,0.07728970414839831,0.13100613632613564,3.9641248358604595,2.6434393821192073,0.49856938190328975,0.09882679800581234,0.18601287771966493,0.01169980970932403,0.08782611598482305,0.23241571129582198,34.19953959833915,0.1414213562373095
min,0.61,0.355,0.0,-12.89,0.0,0.0287,0.0141,0.0,0.0515,0.15,91.98700000000001,3.0
max,0.9059999999999999,0.9590000000000001,11.0,-1.3869999999999998,1.0,0.5,0.74,0.0823,0.499,0.961,191.91099999999997,4.0
