,danceability,energy,key,loudness,mode,speechiness,acousticness,instrumentalness,liveness,valence,tempo,time_signature
mean,0.6166000000000001,0.66268,5.74,-7.261559999999999,0.5,0.06751199999999999,0.23431709999999994,0.009762254199999999,0.18795599999999996,0.5450639999999999,120.38907999999999,3.96
std,0.13773962422495808,0.1941597743076142,3.696716689944508,2.7285849974232548,0.5050762722761054,0.04997352621587733,0.2494298736222145,0.02892278635731612,0.16438036051319813,0.25228066793205717,30.26356581755477,0.19794866372215744
min,0.29100000000000004,0.134,0.0,-14.898,0.0,0.0264,0.000785,0.0,0.0444,0.0862,75.089,3.0
max,0.818,0.946,11.0,-0.899,1.0,0.282,0.895,0.127,0.987,0.961,202.049,4.0
