,danceability,energy,key,loudness,mode,speechiness,acousticness,instrumentalness,liveness,valence,tempo,time_signature
mean,0.6123,0.6968599999999999,6.38,-6.78106,0.6,0.097598,0.17778292,0.0294324954,0.187462,0.5236440000000001,121.74743999999997,3.94
std,0.14768903486856486,0.19193366307244847,3.6134103965474984,2.820204829802406,0.49487165930539356,0.09961422628094353,0.24779942711030942,0.11119246010980106,0.1558959594062132,0.2365792141230967,30.96921376448236,0.23989793748209526
min,0.258,0.139,0.0,-17.117,0.0,0.0261,0.00038500000000000003,0.0,0.0459,0.0862,75.01,3.0
max,0.884,0.9640000000000001,11.0,-1.68,1.0,0.405,0.925,0.7390000000000001,0.647,0.941,198.632,4.0
