,danceability,energy,key,loudness,mode,speechiness,acousticness,instrumentalness,liveness,valence,tempo,time_signature
mean,0.63156,0.67216,4.72,-6.957359999999999,0.66,0.06902800000000002,0.24196877999999994,0.025731769199999994,0.19066800000000003,0.512708,115.69830000000003,3.84
std,0.17652728990621436,0.19023566051246082,3.7852560369552446,2.741860739850712,0.47851812069840666,0.05819778044719224,0.24777245267557282,0.13163837630008843,0.17330092671419847,0.24076975608430964,26.636351426505964,0.5095015571464864
min,0.21600000000000003,0.24,0.0,-14.134,0.0,0.0243,0.00016,0.0,0.0497,0.0394,70.171,1.0
max,0.927,0.953,11.0,-2.501,1.0,0.266,0.9279999999999999,0.925,0.754,0.96,184.028,4.0
