,danceability,energy,key,loudness,mode,speechiness,acousticness,instrumentalness,liveness,valence,tempo,time_signature
mean,0.7204,0.66862,5.48,-5.417539999999999,0.44,0.11765600000000001,0.2224262000000001,0.004177948,0.18068400000000004,0.5339200000000001,113.10395999999999,4.02
std,0.13795414795784688,0.15411907535329655,3.6040793214220526,2.2168932224155133,0.5014265364224069,0.08760665374040853,0.2068405318990592,0.014408686850567834,0.1356132832576454,0.21322363846440662,29.758189407534417,0.14142135623730948
min,0.325,0.29600000000000004,0.0,-14.238,0.0,0.0277,0.00214,0.0,0.0433,0.12,70.27600000000001,4.0
max,0.925,0.862,11.0,0.175,1.0,0.39,0.934,0.0816,0.609,0.892,184.11900000000003,5.0
