,danceability,energy,key,loudness,mode,speechiness,acousticness,instrumentalness,liveness,valence,tempo,time_signature
mean,0.7119000000000001,0.69018,5.18,-5.490260000000001,0.56,0.137818,0.2279680000000001,0.010019842800000003,0.167218,0.56256,118.78099999999995,4.0
std,0.12546635454355473,0.13120597454042268,3.5896108594733467,2.3403274217990293,0.5014265364224069,0.10795498625419235,0.17944454141850616,0.056204674104238336,0.11505166841068248,0.21348098036966157,32.23060723876595,0.20203050891044214
min,0.42,0.425,0.0,-12.88,0.0,0.0261,0.0104,0.0,0.043,0.11599999999999999,79.992,3.0
max,0.9009999999999999,0.951,11.0,-1.0979999999999999,1.0,0.486,0.614,0.391,0.61,0.966,192.06799999999998,5.0
