,danceability,energy,key,loudness,mode,speechiness,acousticness,instrumentalness,liveness,valence,tempo,time_signature
mean,0.6836799999999996,0.6515199999999999,5.34,-6.631479999999999,0.6,0.073698,0.2389352,0.036969848,0.16791799999999998,0.5968239999999999,115.50664000000005,4.0
std,0.12239154966161442,0.20847974893088708,3.946633802032681,3.381423316068099,0.4948716593053936,0.07002583922512942,0.25578514276267583,0.13581751826147695,0.149234365317901,0.2171178129918578,28.08563069800089,0.0
min,0.387,0.11599999999999999,0.0,-15.880999999999998,0.0,0.0267,0.00132,0.0,0.0408,0.0862,75.089,4.0
max,0.884,0.972,11.0,-1.3969999999999998,1.0,0.375,0.909,0.851,0.8320000000000001,0.9490000000000001,192.392,4.0
