,danceability,energy,key,loudness,mode,speechiness,acousticness,instrumentalness,liveness,valence,tempo,time_signature
mean,0.7211799999999997,0.66708,5.18,-5.525659999999999,0.5,0.12608000000000003,0.19446255999999998,0.0019400924,0.16806800000000002,0.5243999999999999,124.47794000000003,3.94
std,0.10608519679762977,0.13807567283403485,3.4622748213819636,2.050205232235474,0.5050762722761054,0.09177778398203491,0.22451938592752266,0.008038454012278517,0.12521630010603613,0.1983587761648893,29.742247869023767,0.2398979374820953
min,0.479,0.37799999999999995,0.0,-10.674000000000001,0.0,0.0366,0.000813,0.0,0.0501,0.162,77.176,3.0
max,0.922,0.895,11.0,-1.915,1.0,0.368,0.9840000000000001,0.0476,0.636,0.848,199.75599999999997,4.0
