,danceability,energy,key,loudness,mode,speechiness,acousticness,instrumentalness,liveness,valence,tempo,time_signature
mean,0.7210799999999997,0.67914,5.84,-5.4533000000000005,0.64,0.13889200000000002,0.270999,0.0005399444,0.188344,0.5919999999999999,122.96441999999999,4.02
std,0.11899165465506822,0.13596458272322995,3.3767512463300937,1.669888231014769,0.4848732213850611,0.10828409693477427,0.19526584626961202,0.0016720070582864884,0.1897892914980899,0.20934543272801923,30.131821497187442,0.2466096643090295
min,0.433,0.31,0.0,-11.134,0.0,0.0281,0.004220000000000001,0.0,0.043,0.163,80.04,3.0
max,0.9309999999999999,0.8859999999999999,11.0,-1.746,1.0,0.45799999999999996,0.94,0.00847,0.978,0.961,180.049,5.0
