,danceability,energy,key,loudness,mode,speechiness,acousticness,instrumentalness,liveness,valence,tempo,time_signature
mean,0.7358399999999999,0.6578399999999999,5.14,-5.7902999999999984,0.64,0.130332,0.30975799999999987,0.0034384932,0.166378,0.5748400000000002,124.69340000000004,4.0
std,0.10467312775239587,0.15564537924921723,3.922774944513911,2.6836927973619193,0.4848732213850611,0.08510440752153695,0.22448865712902252,0.022913465016424824,0.10160987877812926,0.2075145787846321,36.769883441285394,0.0
min,0.44,0.316,0.0,-14.505,0.0,0.0287,0.0361,0.0,0.0537,0.13699999999999998,78.972,4.0
max,0.905,0.9109999999999999,11.0,-1.3869999999999998,1.0,0.336,0.871,0.162,0.499,0.9179999999999999,202.00599999999997,4.0
