,danceability,energy,key,loudness,mode,speechiness,acousticness,instrumentalness,liveness,valence,tempo,time_signature
mean,0.7225799999999998,0.6706200000000001,5.4,-5.203280000000002,0.54,0.10545800000000001,0.2413602,0.0012075434,0.171128,0.5845940000000002,118.98558000000004,3.98
std,0.10708914653746407,0.14912190465850278,3.730732816343027,2.2880492363048273,0.5034574339058886,0.07733167392366941,0.19031145948198513,0.008182397286958574,0.12497341927998376,0.22039283333101706,30.184219482351622,0.14142135623730934
min,0.38299999999999995,0.175,0.0,-12.954,0.0,0.0281,0.00381,0.0,0.0451,0.0827,80.04,3.0
max,0.917,0.914,11.0,-1.3869999999999998,1.0,0.353,0.621,0.0579,0.625,0.9640000000000001,192.44299999999998,4.0
