,danceability,energy,key,loudness,mode,speechiness,acousticness,instrumentalness,liveness,valence,tempo,time_signature
mean,0.70988,0.6511199999999999,5.76,-5.8152800000000004,0.68,0.10256800000000003,0.2851697399999999,0.0355902134,0.18173799999999996,0.577392,124.98603999999997,4.0
std,0.11520339422437312,0.14926303860593734,3.6002267502285497,2.319633618501343,0.4712120714991613,0.0836431107474501,0.25876743699525695,0.1639669110788982,0.13547228783566242,0.22768688116152244,33.92741683446578,0.20203050891044214
min,0.4,0.32,0.0,-12.914000000000001,0.0,0.0291,0.000117,0.0,0.0403,0.0916,75.801,3.0
max,0.9,0.9009999999999999,11.0,-1.3869999999999998,1.0,0.317,0.866,0.846,0.735,0.955,195.593,5.0
