,danceability,energy,key,loudness,mode,speechiness,acousticness,instrumentalness,liveness,valence,tempo,time_signature
mean,0.73366,0.6481999999999999,5.56,-5.437779999999999,0.46,0.115108,0.2859814,9.12144e-05,0.16545400000000005,0.60572,125.81419999999997,4.0
std,0.11607256878560841,0.135874191509526,3.4768035988974306,1.5868917030291818,0.5034574339058886,0.08425111842048176,0.22024657145294116,0.0002555729041413923,0.10393619159103809,0.21963002657065941,35.331414399502705,0.20203050891044214
min,0.395,0.37,0.0,-10.219,0.0,0.0281,0.00987,0.0,0.0515,0.15,75.208,3.0
max,0.966,0.8809999999999999,11.0,-2.576,1.0,0.37799999999999995,0.795,0.00125,0.418,0.9209999999999999,191.91099999999997,5.0
