,danceability,energy,key,loudness,mode,speechiness,acousticness,instrumentalness,liveness,valence,tempo,time_signature
mean,0.6799800000000001,0.6888199999999999,4.58,-5.296320000000001,0.7,0.078594,0.14909704,0.021922730600000002,0.14023799999999997,0.5162800000000001,123.00046000000002,3.98
std,0.13691968299640753,0.15495643759140953,3.3690669694884305,1.797237817613803,0.46291004988627565,0.06135990983283693,0.19207587391051525,0.10384158072974489,0.10183512462880018,0.23090443645696854,27.82137832470064,0.1414213562373094
min,0.348,0.115,0.0,-10.092,0.0,0.0287,0.00028199999999999997,0.0,0.0342,0.121,73.102,3.0
max,0.953,0.941,11.0,-1.715,1.0,0.326,0.968,0.7020000000000001,0.607,0.9620000000000001,180.054,4.0
