,danceability,energy,key,loudness,mode,speechiness,acousticness,instrumentalness,liveness,valence,tempo,time_signature
mean,0.7336599999999998,0.65658,5.7,-5.728620000000001,0.62,0.130618,0.24262599999999995,0.007486461399999997,0.14835800000000002,0.61463,128.80782000000005,3.94
std,0.12435623779107753,0.15954106246432262,3.797152531429147,3.0273876115575695,0.49031435147801444,0.09723575534939474,0.23270123072212545,0.03637359638443118,0.13457903237541147,0.21086529238025933,35.98047064880886,0.23989793748209523
min,0.39399999999999996,0.131,0.0,-18.435,0.0,0.0281,0.0104,0.0,0.0462,0.0895,79.007,3.0
max,0.966,0.9109999999999999,11.0,-1.9980000000000002,1.0,0.444,0.9520000000000001,0.225,0.802,0.9570000000000001,191.99400000000003,4.0
