,danceability,energy,key,loudness,mode,speechiness,acousticness,instrumentalness,liveness,valence,tempo,time_signature
mean,0.71214,0.6796199999999999,5.16,-5.37032,0.54,0.09361599999999999,0.22374539999999998,0.0098734522,0.154938,0.5317399999999999,118.06244000000001,3.98
std,0.10672910778686193,0.15771517727491274,3.965977759876716,1.763370455944513,0.5034574339058886,0.07539129587609933,0.22426529012747204,0.04044463401723763,0.1161884252375583,0.23397015421037043,25.488350035197158,0.14142135623730948
min,0.379,0.115,0.0,-10.245999999999999,0.0,0.0304,0.00264,0.0,0.0349,0.121,88.921,3.0
max,0.893,0.889,11.0,-1.715,1.0,0.35200000000000004,0.968,0.21,0.634,0.9620000000000001,180.054,4.0
