,danceability,energy,key,loudness,mode,speechiness,acousticness,instrumentalness,liveness,valence,tempo,time_signature
mean,0.6820000000000003,0.64788,5.06,-6.090660000000001,0.5,0.09548200000000003,0.208626,0.0051002658,0.14910999999999996,0.5170939999999998,123.63734000000001,3.96
std,0.14655137707455695,0.17019444342113102,3.808743967798951,2.1952001499561145,0.5050762722761054,0.06646535906095777,0.20622282065567735,0.0334825770395183,0.10324847827114025,0.240580363262996,33.59123624266622,0.19794866372215744
min,0.258,0.14800000000000002,0.0,-13.519,0.0,0.0319,0.0149,0.0,0.0548,0.0967,79.028,3.0
max,0.929,0.884,11.0,-2.082,1.0,0.35600000000000004,0.9109999999999999,0.237,0.493,0.9009999999999999,195.981,4.0
