,danceability,energy,key,loudness,mode,speechiness,acousticness,instrumentalness,liveness,valence,tempo,time_signature
mean,0.7294800000000002,0.6848399999999999,6.1,-5.344720000000001,0.52,0.14082200000000003,0.2744306000000001,0.009570190799999998,0.16990000000000005,0.6481699999999999,124.73020000000004,4.04
std,0.1169230062381014,0.15278975283515767,3.609793933855221,2.678376518927624,0.5046720495044484,0.10470481401325835,0.22442125477215877,0.06573073633801262,0.12507377251617774,0.23349709629798795,35.855284996832495,0.1979486637221575
min,0.433,0.159,0.0,-16.541,0.0,0.0287,0.00903,0.0,0.0302,0.0895,74.973,4.0
max,0.9059999999999999,0.972,11.0,-1.681,1.0,0.38,0.946,0.465,0.634,0.9620000000000001,195.593,5.0
