,danceability,energy,key,loudness,mode,speechiness,acousticness,instrumentalness,liveness,valence,tempo,time_signature
mean,0.7396600000000001,0.6659799999999998,5.16,-5.490360000000001,0.54,0.13588,0.2557800000000001,0.0027684845999999996,0.14906,0.62445,120.60059999999997,4.02
std,0.12993979924784949,0.1509944572573741,3.829850532597952,2.6738213558996993,0.5034574339058886,0.10451459814059372,0.2463778879556146,0.018374736088100863,0.1073299566376356,0.21945773266980462,33.59144691368775,0.14142135623730945
min,0.302,0.196,0.0,-16.541,0.0,0.0287,0.0134,0.0,0.0501,0.0895,74.93,4.0
max,0.9179999999999999,0.895,11.0,-1.8,1.0,0.426,0.934,0.13,0.605,0.9109999999999999,188.085,5.0
