,danceability,energy,key,loudness,mode,speechiness,acousticness,instrumentalness,liveness,valence,tempo,time_signature
mean,0.7304400000000002,0.6789799999999999,5.64,-5.569900000000001,0.52,0.12446000000000002,0.2557386,0.0001138058,0.157672,0.568602,122.65674000000001,4.0
std,0.12081984564648647,0.1492816117002919,3.712966798798447,2.7165390364827626,0.5046720495044484,0.09057082244051348,0.1946298171465251,0.00032824682605730364,0.11078569685916782,0.22714927887597966,31.35880485202437,0.0
min,0.38299999999999995,0.18100000000000002,0.0,-15.359000000000002,0.0,0.0295,0.00513,0.0,0.0515,0.0727,75.003,4.0
max,0.907,0.96,11.0,-1.3869999999999998,1.0,0.374,0.745,0.0018100000000000002,0.465,0.97,189.983,4.0
