,danceability,energy,key,loudness,mode,speechiness,acousticness,instrumentalness,liveness,valence,tempo,time_signature
mean,0.72344,0.6761399999999999,5.14,-5.9215800000000005,0.64,0.09475399999999999,0.22875316,0.023413778,0.175118,0.5232999999999999,118.17017999999996,3.96
std,0.10960246533798074,0.16207368064921485,3.545678600027627,2.4219373345842503,0.48487322138506106,0.06955544905956362,0.26012836345420237,0.09324646177474359,0.14007244727538062,0.1964363375088162,30.817313234072472,0.28284271247461884
min,0.365,0.273,0.0,-16.526,0.0,0.0326,0.000515,0.0,0.0443,0.15,74.931,3.0
max,0.922,0.961,10.0,-2.384,1.0,0.299,0.9840000000000001,0.49700000000000005,0.636,0.856,199.75599999999997,5.0
