,danceability,energy,key,loudness,mode,speechiness,acousticness,instrumentalness,liveness,valence,tempo,time_signature
mean,0.7008199999999998,0.6701799999999999,5.72,-5.62674,0.62,0.14489600000000005,0.26931639999999996,0.002564716599999999,0.189002,0.5222279999999998,122.78994,4.04
std,0.13150815758044854,0.152411324502921,3.7852560369552446,1.8553290132337552,0.4903143514780145,0.09668291949692552,0.21813459301176455,0.01795714783668015,0.19400776072211173,0.24941637021376972,34.07593083485222,0.28284271247461884
min,0.425,0.31,0.0,-11.134,0.0,0.0281,0.00513,0.0,0.0595,0.0564,74.946,3.0
max,0.932,0.951,11.0,-1.565,1.0,0.41200000000000003,0.94,0.127,0.978,0.966,203.91099999999997,5.0
