,danceability,energy,key,loudness,mode,speechiness,acousticness,instrumentalness,liveness,valence,tempo,time_signature
mean,0.565,0.68376,5.76,-6.504320000000003,0.74,0.06423999999999999,0.19078603000000005,0.013947844199999998,0.18182599999999993,0.465504,122.00229999999999,4.02
std,0.17217527851178935,0.19875577876337766,3.6171925069939337,2.540428080911899,0.4430874976934522,0.05539022974334381,0.2439130832786425,0.08365415516701845,0.14259903942487817,0.23500794338290187,25.800988827949986,0.1414213562373095
min,0.256,0.182,0.0,-13.015,0.0,0.0242,2.55e-05,0.0,0.027999999999999997,0.0842,79.297,4.0
max,0.924,0.9670000000000001,11.0,-2.42,1.0,0.298,0.915,0.5920000000000001,0.8220000000000001,0.968,203.00599999999997,5.0
