,danceability,energy,key,loudness,mode,speechiness,acousticness,instrumentalness,liveness,valence,tempo,time_signature
mean,0.7433399999999996,0.6832400000000001,4.74,-5.575540000000001,0.66,0.13585400000000003,0.26770436,0.0030369427999999998,0.167244,0.5200740000000001,113.9127,3.96
std,0.1322518639195837,0.14203729892431172,3.6856589143127527,1.9836424259118755,0.4785181206984067,0.10134053162984892,0.22083033783804182,0.018011810735773865,0.15090502238027678,0.26262563625893065,26.71763763482307,0.19794866372215747
min,0.397,0.303,0.0,-10.413,0.0,0.032,0.000718,0.0,0.0504,0.0577,75.235,3.0
max,0.9329999999999999,0.951,11.0,-1.565,1.0,0.46299999999999997,0.831,0.127,0.875,0.966,180.09,4.0
