,danceability,energy,key,loudness,mode,speechiness,acousticness,instrumentalness,liveness,valence,tempo,time_signature
mean,0.74178,0.67958,5.64,-5.2217400000000005,0.5,0.144646,0.257424,0.0003241778000000001,0.17401599999999998,0.6535800000000002,128.23594,4.0
std,0.09320512598674002,0.13663403974239555,3.7998925870962963,2.2276567794296267,0.5050762722761054,0.10346719328228772,0.22687246310269946,0.0014674304820140674,0.12569288837382608,0.18260966400427747,37.193866923333104,0.0
min,0.507,0.316,0.0,-12.595,0.0,0.0287,0.0105,0.0,0.0462,0.158,79.351,4.0
max,0.9079999999999999,0.9109999999999999,11.0,-1.3869999999999998,1.0,0.395,0.871,0.00853,0.5660000000000001,0.961,189.983,4.0
