,danceability,energy,key,loudness,mode,speechiness,acousticness,instrumentalness,liveness,valence,tempo,time_signature
mean,0.7360199999999999,0.6809199999999999,5.5,-5.598360000000001,0.68,0.12927200000000005,0.19651666,0.002213842,0.183814,0.5417400000000001,120.94288,3.98
std,0.10665039012720823,0.14262078160961947,3.5239703952982886,2.065642863416538,0.4712120714991611,0.09747033466022116,0.21044997268201684,0.009485203304616843,0.15265133542869275,0.19893838754955345,32.516870541016466,0.1414213562373094
min,0.44299999999999995,0.327,0.0,-10.674000000000001,0.0,0.0304,0.000813,0.0,0.0505,0.162,70.124,3.0
max,0.965,0.9420000000000001,11.0,-2.384,1.0,0.452,0.863,0.0479,0.784,0.848,199.75599999999997,4.0
