,danceability,energy,key,loudness,mode,speechiness,acousticness,instrumentalness,liveness,valence,tempo,time_signature
mean,0.73966,0.6441999999999999,5.44,-5.77102,0.52,0.121624,0.2614707999999999,0.0025110593999999997,0.13639400000000002,0.635708,119.79014000000002,3.98
std,0.10870003848824956,0.14536161804272818,3.6986484017813854,2.577376022790843,0.5046720495044484,0.10408543108074879,0.20013440520381723,0.009466743015727542,0.0967542340158817,0.2568687553707424,33.9972445972389,0.1414213562373094
min,0.395,0.18100000000000002,0.0,-15.359000000000002,0.0,0.0263,0.00527,0.0,0.0348,0.0727,75.003,3.0
max,0.889,0.838,11.0,-1.694,1.0,0.5,0.795,0.0568,0.38799999999999996,0.97,209.94799999999998,4.0
