,danceability,energy,key,loudness,mode,speechiness,acousticness,instrumentalness,liveness,valence,tempo,time_signature
mean,0.70792,0.6950999999999999,5.14,-5.421800000000002,0.48,0.08815200000000002,0.12448804,0.01277133,0.18903600000000004,0.557896,116.33876000000001,4.0
std,0.12079107278812505,0.1416003646369109,3.9175690088083335,1.8237058369133536,0.5046720495044485,0.06917066217785146,0.13042413850532233,0.08322460822463591,0.11025912292302666,0.21566889301019956,26.142305893142105,0.0
min,0.358,0.34600000000000003,0.0,-9.74,0.0,0.0287,0.00011499999999999999,0.0,0.0404,0.0378,75.016,4.0
max,0.922,0.9009999999999999,11.0,-1.715,1.0,0.35100000000000003,0.5489999999999999,0.589,0.493,0.9009999999999999,180.044,4.0
