,danceability,energy,key,loudness,mode,speechiness,acousticness,instrumentalness,liveness,valence,tempo,time_signature
mean,0.6339599999999999,0.7397600000000001,5.18,-5.438659999999999,0.5,0.09479999999999998,0.16124622219999998,0.051025082,0.186454,0.5232559999999999,124.47836,3.94
std,0.16922982320272187,0.1435085946370247,3.5782221101250484,2.2975327459637023,0.5050762722761054,0.07220696161813242,0.20678685715774692,0.1859491377019013,0.15222822850937354,0.2311686266405049,28.020013785164636,0.31363569143000214
min,0.20199999999999999,0.28,0.0,-13.72,0.0,0.0332,6.11e-06,0.0,0.0403,0.049,87.023,3.0
max,0.903,0.9440000000000001,11.0,-2.552,1.0,0.327,0.77,0.94,0.638,0.938,200.00799999999998,5.0
