,danceability,energy,key,loudness,mode,speechiness,acousticness,instrumentalness,liveness,valence,tempo,time_signature
mean,0.7587599999999998,0.6673200000000001,5.26,-6.13346,0.52,0.10989400000000002,0.25997700000000007,0.024068324799999995,0.158394,0.55562,125.01084,3.98
std,0.08677123571171942,0.15174191838749884,3.8534903341129634,2.4778967645804717,0.5046720495044484,0.08251596607410505,0.20069496328192865,0.11656353999698837,0.10642551176810024,0.20941949795195525,31.90301220335389,0.14142135623730942
min,0.5329999999999999,0.19699999999999998,0.0,-12.89,0.0,0.0282,0.00615,0.0,0.03,0.15,89.978,3.0
max,0.9179999999999999,0.8909999999999999,11.0,-2.576,1.0,0.37799999999999995,0.88,0.608,0.612,0.966,189.993,4.0
