,danceability,energy,key,loudness,mode,speechiness,acousticness,instrumentalness,liveness,valence,tempo,time_signature
mean,0.6945200000000002,0.6811299999999999,5.1,-5.6816,0.54,0.10932000000000003,0.2688460000000001,0.0185014606,0.16718400000000003,0.5932000000000001,117.26851999999994,4.0
std,0.1537064841355306,0.18551062486762182,3.569999714171372,2.802636011373025,0.5034574339058886,0.08304120196920199,0.23769241589817333,0.12793676994970762,0.12965716073789466,0.18286986562881827,28.463431204409694,0.2857142857142857
min,0.268,0.0935,0.0,-15.662,0.0,0.03,0.0104,0.0,0.044000000000000004,0.1,79.992,3.0
max,0.9009999999999999,0.9129999999999999,11.0,-1.746,1.0,0.353,0.9890000000000001,0.905,0.6990000000000001,0.9009999999999999,183.97099999999998,5.0
