,danceability,energy,key,loudness,mode,speechiness,acousticness,instrumentalness,liveness,valence,tempo,time_signature
mean,0.6956600000000001,0.6986800000000001,5.0,-5.64524,0.5,0.08810399999999997,0.25933991800000006,0.039504972799999996,0.18047400000000002,0.5676399999999998,120.91930000000002,3.96
std,0.14882486762799355,0.14772249769933699,3.7032803990902057,1.878320641163379,0.5050762722761054,0.06375375446327272,0.25366111211447556,0.18229181392085556,0.13321206020354714,0.21305568496982,34.12339675429485,0.1979486637221575
min,0.337,0.37799999999999995,0.0,-11.485,0.0,0.0253,2.59e-05,0.0,0.0496,0.121,71.91199999999999,3.0
max,0.9209999999999999,0.95,11.0,-3.112,1.0,0.36200000000000004,0.9840000000000001,0.958,0.636,0.938,189.855,4.0
