,danceability,energy,key,loudness,mode,speechiness,acousticness,instrumentalness,liveness,valence,tempo,time_signature
mean,0.7501599999999999,0.6879260000000004,4.42,-5.5786,0.64,0.09662400000000002,0.2278932,0.030902422000000006,0.17863999999999997,0.5593100000000001,117.58150000000002,3.96
std,0.10769483719837118,0.18368715730606666,3.17573709907621,3.516987834578253,0.4848732213850611,0.07251072140288874,0.2560685259244932,0.13550695965932857,0.17001793062701911,0.23679419140180077,27.61189883650059,0.19794866372215741
min,0.39799999999999996,0.0413,0.0,-19.447,0.0,0.0321,0.00119,0.0,0.0548,0.0624,77.968,3.0
max,0.91,0.97,11.0,-0.5820000000000001,1.0,0.473,0.973,0.735,0.9690000000000001,0.9540000000000001,183.817,4.0
