,danceability,energy,key,loudness,mode,speechiness,acousticness,instrumentalness,liveness,valence,tempo,time_signature
mean,0.7433800000000003,0.66408,5.28,-5.959799999999998,0.54,0.14742599999999995,0.27017340000000006,0.031517779200000005,0.15712600000000002,0.5852500000000002,127.87004000000003,4.02
std,0.08308610974557097,0.1609989022652398,3.8281449655872515,2.9261664410652255,0.5034574339058886,0.10834861687899777,0.22979816233088782,0.11347840260545468,0.11754888311867952,0.19303045783777548,34.61747669859777,0.14142135623730948
min,0.498,0.19399999999999998,0.0,-16.541,0.0,0.0278,0.00824,0.0,0.0302,0.0895,75.014,4.0
max,0.897,0.972,11.0,-2.443,1.0,0.433,0.865,0.55,0.634,0.934,188.023,5.0
