,danceability,energy,key,loudness,mode,speechiness,acousticness,instrumentalness,liveness,valence,tempo,time_signature
mean,0.70408,0.7155199999999999,6.2,-5.684280000000001,0.54,0.10218800000000001,0.22092476800000005,0.009960251399999998,0.16442800000000005,0.576424,122.40056,3.96
std,0.13254569331489624,0.15828226401603188,3.251373336211726,2.0243365558692488,0.5034574339058886,0.06989910407881068,0.22261255172608155,0.06560203818655931,0.12798804000246847,0.23498141963889443,30.76191989189072,0.1979486637221575
min,0.337,0.20199999999999999,0.0,-11.485,0.0,0.0353,2.84e-05,0.0,0.0232,0.0499,72.458,3.0
max,0.98,0.9359999999999999,11.0,-3.003,1.0,0.395,0.9840000000000001,0.46399999999999997,0.636,0.963,187.97099999999998,4.0
