,danceability,energy,key,loudness,mode,speechiness,acousticness,instrumentalness,liveness,valence,tempo,time_signature
mean,0.7556400000000001,0.68924,5.92,-5.3779,0.66,0.12942199999999998,0.24232379999999995,0.0172080568,0.16878599999999996,0.6356200000000001,125.29902,4.0
std,0.07522937984482349,0.14810111824186137,3.7787807125406725,2.3010196076291654,0.4785181206984066,0.09940188535558518,0.22235208088304548,0.11448364215341242,0.10864893663839083,0.19290633129335394,32.21449429548565,0.20203050891044214
min,0.584,0.319,0.0,-12.122,0.0,0.0326,0.0045899999999999995,0.0,0.0393,0.14400000000000002,75.233,3.0
max,0.9329999999999999,0.9059999999999999,11.0,-0.698,1.0,0.48,0.825,0.81,0.544,0.966,176.135,5.0
