,danceability,energy,key,loudness,mode,speechiness,acousticness,instrumentalness,liveness,valence,tempo,time_signature
mean,0.6469000000000001,0.6816200000000002,5.26,-6.194900000000001,0.56,0.07357199999999998,0.23275346,0.003022941,0.180938,0.518904,117.02369999999998,4.0
std,0.14948991502398265,0.17569870894952702,3.8162381305924495,2.3603567721505017,0.5014265364224069,0.05205256385694784,0.25328828319503083,0.012713261743297543,0.12077261463137223,0.27041723541254403,29.026349932748467,0.20203050891044214
min,0.205,0.2,0.0,-11.062999999999999,0.0,0.0311,3.3e-05,0.0,0.037000000000000005,0.0392,75.016,3.0
max,0.8490000000000001,0.951,11.0,-1.274,1.0,0.278,0.904,0.0677,0.639,0.9390000000000001,203.94400000000002,5.0
