,danceability,energy,key,loudness,mode,speechiness,acousticness,instrumentalness,liveness,valence,tempo,time_signature
mean,0.66066,0.7090000000000001,5.26,-5.975959999999999,0.66,0.09084199999999999,0.17746254399999997,0.0142381976,0.18036400000000005,0.5914600000000002,118.23116,3.96
std,0.12931366864318397,0.18676690700180373,3.5789064570859392,2.5783268816368934,0.4785181206984066,0.06788783693771391,0.22367143741380122,0.09494912612648866,0.11644638910113907,0.19655546135316393,31.35387966317823,0.1979486637221575
min,0.195,0.242,0.0,-16.614,0.0,0.0287,6.42e-05,0.0,0.0398,0.15,77.01899999999999,3.0
max,0.868,0.9440000000000001,11.0,-1.715,1.0,0.289,0.879,0.672,0.457,0.9620000000000001,183.817,4.0
