,danceability,energy,key,loudness,mode,speechiness,acousticness,instrumentalness,liveness,valence,tempo,time_signature
mean,0.7515400000000001,0.6981999999999999,6.36,-5.4667,0.38,0.11346600000000001,0.21058406000000002,0.032742145,0.13634,0.5567540000000002,120.15912000000002,4.0
std,0.08915229116746334,0.16255561057869472,3.427142559399736,2.5293144207028733,0.4903143514780145,0.07398465535887445,0.16994413156194377,0.16150156841453792,0.08847785840859525,0.20813997763475406,31.271354058281,0.0
min,0.499,0.18100000000000002,0.0,-15.359000000000002,0.0,0.0298,0.000413,0.0,0.0448,0.0747,89.917,4.0
max,0.9329999999999999,0.96,11.0,-1.694,1.0,0.336,0.745,0.855,0.413,0.9520000000000001,192.07,4.0
