,danceability,energy,key,loudness,mode,speechiness,acousticness,instrumentalness,liveness,valence,tempo,time_signature
mean,0.6480199999999999,0.66196,5.0,-6.534540000000001,0.62,0.10181799999999999,0.26729442,0.056194912,0.16210400000000003,0.5119659999999999,115.32400000000001,3.94
std,0.15141017273671958,0.20787024602783696,3.67006645104718,2.9535491773907037,0.4903143514780145,0.09718291755913754,0.2999326731099179,0.20964005724864934,0.1336971539086203,0.2631772830048139,25.633512618907172,0.23989793748209526
min,0.28300000000000003,0.188,0.0,-16.252,0.0,0.0269,0.000251,0.0,0.0337,0.0634,73.992,3.0
max,0.9309999999999999,0.961,11.0,-1.41,1.0,0.42100000000000004,0.977,0.903,0.6679999999999999,0.963,193.951,4.0
