,danceability,energy,key,loudness,mode,speechiness,acousticness,instrumentalness,liveness,valence,tempo,time_signature
mean,0.7435799999999998,0.6921199999999998,5.68,-5.284040000000001,0.58,0.134668,0.22940779999999997,0.03382529160000001,0.153664,0.6261999999999999,124.96597999999999,3.92
std,0.10134243626317213,0.15296106480715532,3.7167025104278126,2.3613439960656097,0.49856938190328975,0.09806061107752674,0.21022858413864365,0.11643835831646457,0.09662763317952867,0.19318490666526025,37.49756213980001,0.2740475156178697
min,0.473,0.161,0.0,-11.873,0.0,0.028999999999999998,0.00554,0.0,0.0425,0.14400000000000002,75.003,3.0
max,0.915,0.972,11.0,-1.681,1.0,0.418,0.772,0.617,0.446,0.9620000000000001,204.033,4.0
