,danceability,energy,key,loudness,mode,speechiness,acousticness,instrumentalness,liveness,valence,tempo,time_signature
mean,0.7375799999999998,0.6755599999999998,5.96,-5.8909199999999995,0.52,0.15328399999999992,0.27738800000000013,0.0394125594,0.15288400000000002,0.57318,117.51545999999995,4.02
std,0.1255895631306477,0.1413883290510102,3.6587050234993783,2.493657504263853,0.5046720495044484,0.11788637448745258,0.22847410019786588,0.14884925913608238,0.10018980631679014,0.21580156134178227,33.481015265255095,0.14142135623730945
min,0.359,0.281,0.0,-14.412,0.0,0.0347,0.00903,0.0,0.0501,0.135,68.102,4.0
max,0.935,0.972,11.0,-2.443,1.0,0.479,0.865,0.746,0.43700000000000006,0.9259999999999999,188.00900000000001,5.0
