,danceability,energy,key,loudness,mode,speechiness,acousticness,instrumentalness,liveness,valence,tempo,time_signature
mean,0.7334199999999997,0.6869999999999998,5.96,-5.248899999999997,0.54,0.144222,0.2395262,0.016593810199999996,0.15202000000000004,0.61665,122.18241999999998,4.02
std,0.12030625715316756,0.14815298215847356,3.6809493008057097,2.517902587229202,0.5034574339058886,0.09689692038239314,0.1665406869315503,0.06944508607315099,0.09814637132406696,0.19008366176341343,35.09894223947788,0.2466096643090295
min,0.41100000000000003,0.235,0.0,-16.541,0.0,0.0281,0.008709999999999999,0.0,0.0501,0.0895,78.616,3.0
max,0.92,0.963,11.0,-1.865,1.0,0.375,0.72,0.426,0.499,0.9179999999999999,191.99400000000003,5.0
