,danceability,energy,key,loudness,mode,speechiness,acousticness,instrumentalness,liveness,valence,tempo,time_signature
mean,0.7472999999999999,0.67072,5.84,-5.50254,0.52,0.12108799999999999,0.26327399999999995,0.025804094000000003,0.162292,0.587856,121.21167999999996,3.98
std,0.1212599249041294,0.13919565440085274,3.7327015986400243,2.0079219759822973,0.5046720495044485,0.08562109848701106,0.20279390311046214,0.0986067768623975,0.13231566899360217,0.18988615295938321,30.863229177168893,0.14142135623730945
min,0.45299999999999996,0.36,0.0,-11.779000000000002,0.0,0.0262,0.00134,0.0,0.053,0.0608,64.921,3.0
max,0.909,0.996,11.0,-2.2030000000000003,1.0,0.36,0.7709999999999999,0.503,0.79,0.9620000000000001,181.857,4.0
