,danceability,energy,key,loudness,mode,speechiness,acousticness,instrumentalness,liveness,valence,tempo,time_signature
mean,0.7342,0.67608,5.48,-5.45846,0.56,0.14282600000000004,0.31176859999999995,0.0004442635999999999,0.192742,0.5658800000000002,116.64831999999996,4.0
std,0.1209891207792617,0.14472124366293612,3.6546866751990583,2.142837287622298,0.5014265364224069,0.11136677922201806,0.23006961367102505,0.0017052409813658692,0.21129507666883723,0.2070692125244847,26.530024481661357,0.20203050891044214
min,0.41200000000000003,0.262,0.0,-11.134,0.0,0.0281,0.00513,0.0,0.0501,0.163,80.04,3.0
max,0.938,0.8859999999999999,11.0,-0.787,1.0,0.431,0.94,0.0107,0.978,0.888,177.601,5.0
