,danceability,energy,key,loudness,mode,speechiness,acousticness,instrumentalness,liveness,valence,tempo,time_signature
mean,0.7452400000000005,0.72674,6.02,-5.0357,0.44,0.10967800000000004,0.21713339999999995,0.0287415026,0.13289,0.5780200000000001,118.91473999999998,4.0
std,0.10812758148387035,0.14791969829220564,3.548440301234977,1.9856190136445964,0.5014265364224069,0.0721383429705078,0.19819880375686694,0.14061038566181858,0.08259443142271042,0.2048151471200212,30.495953400885497,0.0
min,0.376,0.35200000000000004,0.0,-10.904000000000002,0.0,0.0298,0.00196,0.0,0.0515,0.158,86.00299999999999,4.0
max,0.895,0.96,11.0,-1.9480000000000002,1.0,0.336,0.795,0.855,0.38799999999999996,0.9520000000000001,192.07,4.0
