,danceability,energy,key,loudness,mode,speechiness,acousticness,instrumentalness,liveness,valence,tempo,time_signature
mean,0.7143599999999997,0.6945999999999999,5.02,-5.595319999999999,0.6,0.10651799999999997,0.2133717600000001,0.028469083200000002,0.18667800000000004,0.558134,113.53063999999999,3.98
std,0.12969206228759014,0.14040829674886868,3.4492826820091396,1.9383214855189759,0.49487165930539356,0.09455098762691214,0.2036026187509064,0.12612857135172928,0.17974644419292418,0.24723359986466406,26.46644334351539,0.14142135623730942
min,0.44799999999999995,0.387,0.0,-10.905999999999999,0.0,0.0254,0.000718,0.0,0.047,0.0577,75.235,3.0
max,0.9309999999999999,0.9640000000000001,11.0,-1.182,1.0,0.41200000000000003,0.831,0.7,0.978,0.976,180.113,4.0
