,danceability,energy,key,loudness,mode,speechiness,acousticness,instrumentalness,liveness,valence,tempo,time_signature
mean,0.7110800000000002,0.7022399999999999,5.86,-5.883920000000001,0.56,0.09597200000000003,0.22644503999999993,0.012100942400000002,0.21229400000000007,0.59604,117.38102,3.98
std,0.1199765011005344,0.14612652610889326,3.5283689936147606,2.5186650970346194,0.5014265364224069,0.07952871908426336,0.23855577752399962,0.06718892187393592,0.18538091662568612,0.222087587060895,28.983051148862,0.24660966430902945
min,0.42700000000000005,0.369,0.0,-13.398,0.0,0.0258,0.000262,0.0,0.0349,0.16399999999999998,73.539,3.0
max,0.909,0.9209999999999999,11.0,-2.5140000000000002,1.0,0.45299999999999996,0.9840000000000001,0.461,0.9390000000000001,0.965,179.90900000000002,5.0
