,danceability,energy,key,loudness,mode,speechiness,acousticness,instrumentalness,liveness,valence,tempo,time_signature
mean,0.65688,0.7196799999999999,5.52,-5.3228599999999995,0.54,0.09753000000000002,0.14198408,0.0056719982,0.16277799999999998,0.511486,120.15039999999999,3.96
std,0.16243864022065282,0.14294232317652472,3.682501368164119,1.9878837892572685,0.5034574339058886,0.08579757917235623,0.1574389639591295,0.034758388416666335,0.09360446372140287,0.22435960931013393,30.312374446279012,0.1979486637221575
min,0.162,0.391,0.0,-11.296,0.0,0.0267,0.00011499999999999999,0.0,0.0506,0.0383,72.635,3.0
max,0.883,0.986,11.0,-1.715,1.0,0.368,0.5489999999999999,0.24600000000000002,0.419,0.884,197.923,4.0
