,danceability,energy,key,loudness,mode,speechiness,acousticness,instrumentalness,liveness,valence,tempo,time_signature
mean,0.5866999999999998,0.6326799999999998,5.52,-7.153,0.58,0.07476599999999999,0.2718912280000001,0.050680786599999986,0.16838399999999992,0.43154,120.09894000000003,3.92
std,0.1785162486173406,0.21176097807843328,3.506495430494903,3.6565720425065913,0.49856938190328975,0.07520976545906896,0.3128845143720603,0.15692169881292722,0.11561073560770685,0.24706050485908201,31.019666899361557,0.3404678653660855
min,0.161,0.141,0.0,-19.82,0.0,0.0249,4.1e-05,0.0,0.0408,0.0397,64.053,3.0
max,0.907,0.981,11.0,-1.3969999999999998,1.0,0.371,0.993,0.892,0.6409999999999999,0.9309999999999999,188.78799999999998,5.0
