,danceability,energy,key,loudness,mode,speechiness,acousticness,instrumentalness,liveness,valence,tempo,time_signature
mean,0.70804,0.6719799999999999,5.74,-6.2279399999999985,0.6,0.11079200000000002,0.3074832,0.032790890200000006,0.16879000000000002,0.591898,117.4672,3.92
std,0.10148850543137326,0.1553054252176685,3.5329931809057507,3.234932560316508,0.4948716593053935,0.08186813399159229,0.2279992627130936,0.16018305078321493,0.12455792398948945,0.2217475071668087,28.78797886590292,0.3404678653660853
min,0.501,0.31,0.0,-17.868,0.0,0.0287,0.00182,0.0,0.0396,0.0349,79.992,3.0
max,0.877,0.9640000000000001,11.0,-1.746,1.0,0.345,0.94,0.9059999999999999,0.622,0.9359999999999999,182.18400000000003,5.0
