,danceability,energy,key,loudness,mode,speechiness,acousticness,instrumentalness,liveness,valence,tempo,time_signature
mean,0.74816,0.6775399999999998,5.44,-5.58868,0.56,0.16346200000000002,0.2564842,0.028684313599999997,0.16314599999999996,0.6308299999999999,127.42011999999997,4.02
std,0.10474913861610666,0.15668702849297758,3.6486508549359016,2.869545818005465,0.5014265364224069,0.11681542722061454,0.2279271120344557,0.10258786536128436,0.1282270311372985,0.19139433622439175,37.54171953301433,0.14142135623730942
min,0.498,0.235,0.0,-16.541,0.0,0.045,0.008709999999999999,0.0,0.0501,0.0895,74.93,4.0
max,0.9179999999999999,0.963,11.0,-1.8,1.0,0.556,0.9329999999999999,0.55,0.627,0.9179999999999999,200.007,5.0
