,danceability,energy,key,loudness,mode,speechiness,acousticness,instrumentalness,liveness,valence,tempo,time_signature
mean,0.7291199999999999,0.7086999999999999,5.82,-5.113140000000001,0.58,0.12203599999999996,0.22048769999999998,0.0190304948,0.20862599999999998,0.5749200000000001,116.69838,3.98
std,0.12446385263298293,0.15501800422097126,3.444546118022471,2.2922972615047206,0.4985693819032897,0.07223845366392544,0.17541580046933036,0.08783404114946347,0.16486760527583263,0.2169487704035029,31.714541238282063,0.14142135623730945
min,0.281,0.301,0.0,-12.209000000000001,0.0,0.0296,0.000585,0.0,0.0642,0.062,64.808,3.0
max,0.8759999999999999,0.978,11.0,-1.208,1.0,0.331,0.9520000000000001,0.581,0.866,0.9129999999999999,192.44299999999998,4.0
