,danceability,energy,key,loudness,mode,speechiness,acousticness,instrumentalness,liveness,valence,tempo,time_signature
mean,0.7418599999999997,0.65884,6.06,-5.96162,0.52,0.17326400000000006,0.28004619999999997,0.02833014099999999,0.156092,0.6109100000000001,122.88484,4.02
std,0.12695025701077584,0.16389274242750398,3.7926351831744984,2.957469712025978,0.5046720495044485,0.1205300432697684,0.22440033183148736,0.10272285755272616,0.12548646538937325,0.19165215328073637,35.85286233776338,0.2466096643090295
min,0.43700000000000006,0.235,0.0,-16.541,0.0,0.0432,0.008709999999999999,0.0,0.0267,0.0895,71.884,3.0
max,0.9179999999999999,0.963,11.0,-1.8,1.0,0.556,0.9329999999999999,0.55,0.605,0.9109999999999999,191.99400000000003,5.0
