,danceability,energy,key,loudness,mode,speechiness,acousticness,instrumentalness,liveness,valence,tempo,time_signature
mean,0.7165200000000002,0.7388800000000002,5.56,-4.97968,0.52,0.128744,0.22025699999999993,0.015401818599999999,0.189548,0.6185000000000002,122.11528000000003,3.94
std,0.1293164509635024,0.14159955609292807,3.3876124877776292,1.802330038860694,0.5046720495044484,0.08920252389583916,0.189606870411235,0.10615736039007262,0.19276933899648785,0.18599015225192403,31.92878869088113,0.42426406871192884
min,0.302,0.29100000000000004,0.0,-10.904000000000002,0.0,0.0286,0.00245,0.0,0.049,0.13699999999999998,75.972,1.0
max,0.8959999999999999,0.9840000000000001,11.0,-1.9480000000000002,1.0,0.35100000000000003,0.8690000000000001,0.7509999999999999,0.8809999999999999,0.958,192.06799999999998,4.0
