,danceability,energy,key,loudness,mode,speechiness,acousticness,instrumentalness,liveness,valence,tempo,time_signature
mean,0.7204,0.6909199999999999,5.82,-5.58458,0.64,0.17384,0.26414508,0.044271069600000004,0.16835999999999998,0.6258,127.51258,3.96
std,0.12011949832375686,0.13794509999360216,3.750863846080891,2.842824465641342,0.4848732213850611,0.12354336923377415,0.19962158667500499,0.14999052359414702,0.1410481072947403,0.20285523137932426,35.15396242193556,0.28284271247461895
min,0.313,0.349,0.0,-17.868,0.0,0.028999999999999998,0.000824,0.0,0.0425,0.159,75.221,3.0
max,0.915,0.972,11.0,-1.681,1.0,0.556,0.759,0.785,0.6709999999999999,0.9620000000000001,189.929,5.0
