,danceability,energy,key,loudness,mode,speechiness,acousticness,instrumentalness,liveness,valence,tempo,time_signature
mean,0.6928599999999999,0.7000460000000001,4.46,-5.78568,0.62,0.094726,0.180771518,0.022444667400000014,0.178004,0.5662040000000002,114.02072,3.92
std,0.16496332430982028,0.16895226860064982,3.240118415573538,2.879718335432924,0.4903143514780145,0.06044517100612079,0.20090719478006702,0.08637472756138084,0.1518939425375213,0.24700516887923868,30.487295804498967,0.2740475156178698
min,0.22699999999999998,0.0413,0.0,-19.447,0.0,0.0318,1.6899999999999997e-05,0.0,0.0215,0.0834,54.747,3.0
max,0.909,0.915,11.0,-2.883,1.0,0.306,0.973,0.43,0.6970000000000001,0.9540000000000001,191.702,4.0
