,danceability,energy,key,loudness,mode,speechiness,acousticness,instrumentalness,liveness,valence,tempo,time_signature
mean,0.7154799999999999,0.6838799999999999,4.9,-5.67904,0.66,0.10311800000000002,0.23037938000000005,0.0003405230000000001,0.15639599999999998,0.572024,121.21136,3.98
std,0.1282894113371189,0.15774619759963424,3.7809943622474416,2.155676805127166,0.4785181206984066,0.071411505647028,0.20360402595864094,0.0011502527293479684,0.10263650335240461,0.23399481117568155,33.88577221794614,0.1414213562373095
min,0.36200000000000004,0.217,0.0,-15.372,0.0,0.0297,0.000149,0.0,0.0359,0.0872,78.01100000000001,3.0
max,0.919,0.973,11.0,-2.545,1.0,0.302,0.8370000000000001,0.00527,0.5379999999999999,0.9259999999999999,205.169,4.0
