,danceability,energy,key,loudness,mode,speechiness,acousticness,instrumentalness,liveness,valence,tempo,time_signature
mean,0.7038399999999999,0.6967000000000002,6.06,-5.630760000000002,0.5,0.09571400000000002,0.2081191,0.0014650816,0.197494,0.59796,113.75179999999999,4.0
std,0.1330122535401785,0.14361104641726288,3.872509074309865,2.050610248244186,0.5050762722761054,0.06561753439750814,0.19624492855969033,0.0058401268572797135,0.14173706961144927,0.20485165961978344,27.255308636248145,0.20203050891044214
min,0.40299999999999997,0.41100000000000003,0.0,-12.607999999999999,0.0,0.0268,0.000125,0.0,0.0501,0.141,74.997,3.0
max,0.917,0.912,11.0,-2.7260000000000004,1.0,0.27,0.769,0.0384,0.636,0.9620000000000001,184.11900000000003,5.0
