,danceability,energy,key,loudness,mode,speechiness,acousticness,instrumentalness,liveness,valence,tempo,time_signature
mean,0.7654799999999998,0.6812400000000001,5.36,-5.982100000000002,0.52,0.12829000000000002,0.22982000000000002,0.024042997599999994,0.15975,0.5443199999999999,125.3188,3.98
std,0.08496367531156462,0.13612532640840908,3.95257601354574,2.5575236528122036,0.5046720495044485,0.09044377044465193,0.16097206501218064,0.11656873552984796,0.11459276653810721,0.21622318779163235,35.587886779472754,0.14142135623730948
min,0.5329999999999999,0.364,0.0,-12.89,0.0,0.0282,0.0105,0.0,0.03,0.13699999999999998,89.978,3.0
max,0.9179999999999999,0.9109999999999999,11.0,-1.9980000000000002,1.0,0.37799999999999995,0.657,0.608,0.612,0.966,202.00599999999997,4.0
