,danceability,energy,key,loudness,mode,speechiness,acousticness,instrumentalness,liveness,valence,tempo,time_signature
mean,0.72088,0.7227999999999999,5.92,-5.50028,0.48,0.11028200000000002,0.21226484000000007,0.012408815600000003,0.18792799999999996,0.6001399999999999,123.32662000000002,3.92
std,0.12140766878915155,0.13726988164984794,3.250368895861464,1.953312560963126,0.5046720495044484,0.08381942127975753,0.22567931457760762,0.06393862798025698,0.16778688869016714,0.20405251524936377,29.177629325507834,0.27404751561786983
min,0.42700000000000005,0.369,0.0,-11.485,0.0,0.0276,0.000837,0.0,0.0349,0.154,87.23700000000001,3.0
max,0.922,0.9490000000000001,11.0,-2.384,1.0,0.39,0.9840000000000001,0.43700000000000006,0.784,0.976,212.11700000000002,4.0
