,danceability,energy,key,loudness,mode,speechiness,acousticness,instrumentalness,liveness,valence,tempo,time_signature
mean,0.77318,0.6791800000000001,5.16,-5.660699999999999,0.58,0.134102,0.266246,0.017625886,0.16123800000000008,0.5784199999999999,118.82847999999998,4.0
std,0.11212196165655632,0.1539163157202574,3.1774717198760793,2.2688255187858495,0.49856938190328964,0.10165378917217609,0.2381015605722457,0.0948445881478327,0.10899184184036484,0.20272411030254683,28.540635056676077,0.20203050891044214
min,0.325,0.18600000000000003,0.0,-14.454,0.0,0.0351,0.0125,0.0,0.0366,0.14400000000000002,80.002,3.0
max,0.9490000000000001,0.929,11.0,-0.887,1.0,0.48,0.902,0.657,0.47200000000000003,0.965,181.857,5.0
