,danceability,energy,key,loudness,mode,speechiness,acousticness,instrumentalness,liveness,valence,tempo,time_signature
mean,0.7473399999999999,0.6860199999999997,5.52,-5.828719999999999,0.6,0.14261399999999996,0.2762602,0.024559546,0.15421999999999997,0.6134560000000001,127.56042000000001,3.98
std,0.1011677955534411,0.15188415160971894,3.5412438723230157,2.715218185993719,0.49487165930539356,0.14169980630234624,0.2366226245888295,0.11906491655280851,0.1318170578289998,0.1922334169594828,35.828327944086084,0.14142135623730948
min,0.435,0.125,0.0,-17.832,0.0,0.0295,0.00911,0.0,0.0462,0.0528,80.884,3.0
max,0.92,0.9790000000000001,11.0,-1.9980000000000002,1.0,0.9359999999999999,0.753,0.81,0.802,0.9179999999999999,191.99400000000003,4.0
