,danceability,energy,key,loudness,mode,speechiness,acousticness,instrumentalness,liveness,valence,tempo,time_signature
mean,0.74658,0.6901,5.94,-5.238340000000002,0.44,0.10397600000000003,0.23362480000000002,0.00012941439999999998,0.150832,0.5968400000000001,119.44156,4.0
std,0.06954460908698261,0.15785995472608766,3.650048923351185,2.261847588741089,0.5014265364224069,0.067682857564994,0.17907132787324082,0.00046683547225522085,0.09888419827954188,0.18947169946448253,33.35371027377522,0.0
min,0.5660000000000001,0.35200000000000004,0.0,-10.904000000000002,0.0,0.0301,0.009040000000000001,0.0,0.0515,0.158,80.055,4.0
max,0.8759999999999999,0.961,11.0,-1.694,1.0,0.336,0.737,0.00307,0.413,0.9520000000000001,192.07,4.0
