,danceability,energy,key,loudness,mode,speechiness,acousticness,instrumentalness,liveness,valence,tempo,time_signature
mean,0.6835599999999998,0.6924799999999999,5.6,-6.220400000000003,0.56,0.08823200000000002,0.2786736,0.0350465502,0.19690600000000008,0.5478799999999999,116.24792000000001,4.0
std,0.15638155327301756,0.1815077712397135,3.1943828249996997,3.4072471861834592,0.5014265364224069,0.05953631524248928,0.28761271662839827,0.13127195135988332,0.14594136984643205,0.22189348796213015,29.269746936175494,0.2857142857142857
min,0.252,0.23199999999999998,0.0,-18.197,0.0,0.0282,0.0011,0.0,0.0501,0.16399999999999998,71.91199999999999,3.0
max,0.909,0.9840000000000001,11.0,-0.98,1.0,0.342,0.9840000000000001,0.6759999999999999,0.636,0.938,180.07299999999998,5.0
