,danceability,energy,key,loudness,mode,speechiness,acousticness,instrumentalness,liveness,valence,tempo,time_signature
mean,0.6937999999999999,0.6956000000000002,4.98,-5.440059999999997,0.54,0.11915399999999997,0.2324730000000001,0.0195979922,0.18057800000000004,0.5158799999999999,116.3554,3.94
std,0.14478668334301115,0.15216974946769557,3.966646658613005,1.760934983676199,0.5034574339058886,0.09541054194524687,0.21195185170655323,0.12891994770881215,0.12069065075469533,0.22139231408225055,27.958433970478975,0.5115003939990902
min,0.409,0.33399999999999996,0.0,-9.144,0.0,0.0318,0.00267,0.0,0.033,0.152,75.023,1.0
max,0.9209999999999999,0.972,11.0,-1.515,1.0,0.46299999999999997,0.85,0.912,0.503,0.9229999999999999,177.62099999999998,5.0
