,danceability,energy,key,loudness,mode,speechiness,acousticness,instrumentalness,liveness,valence,tempo,time_signature
mean,0.7373399999999998,0.7212999999999999,5.54,-4.994939999999999,0.64,0.131976,0.2347086,0.0379617052,0.150782,0.6290200000000001,120.92328000000002,3.9
std,0.11411945227591615,0.1427070997761871,3.447625624829296,2.240613585878763,0.4848732213850611,0.08910174775536799,0.21183817601265204,0.14841804426466498,0.092430747799504,0.20204076068851015,35.40303100481882,0.46291004988627565
min,0.41700000000000004,0.371,0.0,-12.048,0.0,0.0281,0.00339,0.0,0.0439,0.133,75.003,1.0
max,0.9790000000000001,0.9790000000000001,11.0,-0.698,1.0,0.368,0.861,0.81,0.41200000000000003,0.966,204.033,4.0
