,danceability,energy,key,loudness,mode,speechiness,acousticness,instrumentalness,liveness,valence,tempo,time_signature
mean,0.7547199999999998,0.70562,5.24,-5.53148,0.48,0.12269200000000001,0.22885919999999996,0.0011715762000000002,0.136786,0.6284020000000003,122.07125999999998,3.98
std,0.09480421070473052,0.11766172370184702,3.7008548378195325,1.9795630340340986,0.5046720495044484,0.08849517648563954,0.2092890479679884,0.004731789214013732,0.09790979190571499,0.2077647772096598,34.138843124361955,0.1414213562373094
min,0.435,0.382,0.0,-11.534,0.0,0.0282,0.00116,0.0,0.0462,0.0681,79.351,3.0
max,0.92,0.9109999999999999,11.0,-1.8659999999999999,1.0,0.395,0.753,0.0314,0.499,0.9520000000000001,188.12400000000002,4.0
