,danceability,energy,key,loudness,mode,speechiness,acousticness,instrumentalness,liveness,valence,tempo,time_signature
mean,0.7045399999999999,0.6868460000000001,4.64,-5.810079999999998,0.68,0.11748800000000002,0.24085435599999996,0.041163437600000005,0.19376800000000002,0.5312600000000001,117.44938000000002,3.94
std,0.12896704372570128,0.18621565861732925,3.342735040505066,3.280695339685893,0.471212071499161,0.09238502317000546,0.24481650158635493,0.15346437909754557,0.14222199583031866,0.2425654020789327,32.035178669763546,0.3136356914300021
min,0.255,0.0413,0.0,-19.447,0.0,0.0247,8.78e-05,0.0,0.0533,0.0624,77.968,3.0
max,0.91,0.945,11.0,-2.573,1.0,0.473,0.973,0.735,0.6970000000000001,0.9540000000000001,187.972,5.0
