,danceability,energy,key,loudness,mode,speechiness,acousticness,instrumentalness,liveness,valence,tempo,time_signature
mean,0.6823999999999999,0.6930000000000001,5.38,-5.3926599999999985,0.4,0.11481800000000002,0.230133178,0.0110284966,0.197538,0.5616199999999999,120.50862000000001,3.96
std,0.14138989370112817,0.15735946110736398,3.7952171834280786,1.8795841768750832,0.49487165930539356,0.10889844490184794,0.22035518968054157,0.05232832303692382,0.15818216557539744,0.2407230511333279,27.811854725293244,0.28284271247461895
min,0.39,0.271,0.0,-10.329,0.0,0.0313,1.89e-05,0.0,0.037000000000000005,0.131,77.501,3.0
max,0.9640000000000001,0.91,11.0,-1.578,1.0,0.53,0.9620000000000001,0.336,0.664,0.9620000000000001,184.11900000000003,5.0
