,danceability,energy,key,loudness,mode,speechiness,acousticness,instrumentalness,liveness,valence,tempo,time_signature
mean,0.61418,0.6978000000000002,5.58,-6.3028200000000005,0.7,0.11175399999999999,0.25910246000000003,0.0205630412,0.227562,0.5623419999999999,116.30488,4.0
std,0.15502174830964716,0.16914949311306895,3.7584734200177055,2.7303303357742226,0.46291004988627565,0.15815087243850798,0.2832444928499852,0.09421117999962787,0.22396841786287636,0.2178318187529648,25.778334672261163,0.0
min,0.264,0.26899999999999996,0.0,-13.375,0.0,0.028999999999999998,0.000127,0.0,0.0408,0.0681,81.995,4.0
max,0.889,0.9390000000000001,11.0,-1.3969999999999998,1.0,0.8740000000000001,0.8740000000000001,0.544,0.919,0.981,176.075,4.0
