,danceability,energy,key,loudness,mode,speechiness,acousticness,instrumentalness,liveness,valence,tempo,time_signature
mean,0.7074999999999997,0.7034200000000002,5.92,-5.202359999999999,0.56,0.12108200000000004,0.25417478,0.0009318192,0.17314799999999994,0.6670480000000001,120.08972,4.02
std,0.10818677160827199,0.12170809675747349,3.206116603224123,2.1078579877037567,0.5014265364224069,0.0901793670459952,0.2121874456421357,0.003194465198693617,0.1537573867347849,0.2214971895892098,31.63705636674583,0.24660966430902953
min,0.442,0.31,0.0,-14.050999999999998,0.0,0.0265,0.000839,0.0,0.0527,0.0564,67.35600000000001,3.0
max,0.903,0.858,11.0,-1.9480000000000002,1.0,0.345,0.94,0.0136,0.737,0.965,199.989,5.0
