,danceability,energy,key,loudness,mode,speechiness,acousticness,instrumentalness,liveness,valence,tempo,time_signature
mean,0.72788,0.6828399999999999,5.84,-5.646459999999999,0.48,0.116212,0.26979904,0.0118887124,0.144976,0.5869360000000001,125.99832,4.0
std,0.10110867864807244,0.1242995657306023,3.929792018176337,1.8933765563356997,0.5046720495044484,0.08852651543291352,0.21087427409395257,0.0811351680469803,0.11761336617086006,0.22599169368878702,35.21214187066728,0.0
min,0.395,0.382,0.0,-10.128,0.0,0.0308,0.000252,0.0,0.03,0.0388,79.185,4.0
max,0.8859999999999999,0.887,11.0,-2.576,1.0,0.37799999999999995,0.795,0.574,0.7759999999999999,0.966,199.826,4.0
