,danceability,energy,key,loudness,mode,speechiness,acousticness,instrumentalness,liveness,valence,tempo,time_signature
mean,0.67966,0.6742599999999997,5.08,-5.746719999999999,0.58,0.09580399999999997,0.20007628399999994,0.0037524201999999994,0.16981599999999997,0.546374,116.89375999999999,4.0
std,0.12872904782954794,0.15446468587892015,3.7407845952092864,1.8578817655313478,0.49856938190328975,0.07037304087242965,0.21170051746532373,0.02401341886234816,0.13797294079578332,0.2216263216611719,30.263415189988603,0.20203050891044214
min,0.35100000000000003,0.115,0.0,-10.38,0.0,0.0251,6.42e-05,0.0,0.0494,0.0707,75.548,3.0
max,0.893,0.9390000000000001,11.0,-2.883,1.0,0.332,0.968,0.17,0.754,0.9620000000000001,199.545,5.0
