,danceability,energy,key,loudness,mode,speechiness,acousticness,instrumentalness,liveness,valence,tempo,time_signature
mean,0.7205199999999998,0.7095199999999999,6.02,-5.0244,0.38,0.117296,0.22800948000000004,0.0026513413999999995,0.12981800000000004,0.6721,130.40092,4.0
std,0.1092858524742357,0.11619129898225457,3.639297981193402,1.6892622348111566,0.4903143514780145,0.08797276934903649,0.19440828919593792,0.015433787746533282,0.10886809598063607,0.20806506537276132,38.41638442486725,0.0
min,0.395,0.41200000000000003,0.0,-8.969,0.0,0.0301,0.00043099999999999996,0.0,0.03,0.158,76.986,4.0
max,0.877,0.934,11.0,-1.9480000000000002,1.0,0.37799999999999995,0.795,0.10800000000000001,0.6990000000000001,0.966,203.953,4.0
