,danceability,energy,key,loudness,mode,speechiness,acousticness,instrumentalness,liveness,valence,tempo,time_signature
mean,0.7083400000000001,0.68946,6.08,-5.47154,0.42,0.118702,0.254274,0.003984918400000001,0.14603600000000003,0.5822939999999999,129.97325999999998,4.0
std,0.11003090660429578,0.15611863751516614,3.538937924385374,2.6958811002213383,0.49856938190328975,0.07840797931593547,0.19255132664262986,0.02377890240829766,0.11477126988857766,0.22461463452967168,33.90415012632175,0.0
min,0.419,0.18100000000000002,0.0,-15.359000000000002,0.0,0.0298,0.0141,0.0,0.0515,0.0747,88.41799999999999,4.0
max,0.877,0.96,11.0,-1.9480000000000002,1.0,0.336,0.745,0.166,0.6990000000000001,0.9129999999999999,192.44299999999998,4.0
