,danceability,energy,key,loudness,mode,speechiness,acousticness,instrumentalness,liveness,valence,tempo,time_signature
mean,0.7454400000000001,0.71938,5.98,-5.314680000000001,0.7,0.172446,0.22210459999999993,0.0136775774,0.18277200000000005,0.61198,125.80826,3.96
std,0.10145113632298305,0.13438156002022522,3.976923228746934,2.5350479159823647,0.46291004988627565,0.1277390854956513,0.1710985486312326,0.06879488267004315,0.14230732629899046,0.19494556958813097,35.313552510193645,0.19794866372215744
min,0.4,0.42,0.0,-15.65,0.0,0.0261,0.00903,0.0,0.0491,0.22699999999999998,76.97399999999999,3.0
max,0.904,0.972,11.0,-1.8430000000000002,1.0,0.556,0.74,0.465,0.675,0.9390000000000001,190.097,4.0
