,danceability,energy,key,loudness,mode,speechiness,acousticness,instrumentalness,liveness,valence,tempo,time_signature
mean,0.7299999999999999,0.7192400000000002,4.18,-5.473419999999999,0.6,0.10614600000000003,0.17438988,0.026324402000000004,0.16095600000000002,0.6154519999999999,121.55950000000003,3.98
std,0.12025024926784807,0.12768161295078584,3.549590375907436,2.009121323730697,0.4948716593053935,0.08509968754589033,0.14528054433808052,0.1293083520034604,0.1242685820047424,0.22802272285624411,33.95080766329125,0.1414213562373095
min,0.39799999999999996,0.45799999999999996,0.0,-12.380999999999998,0.0,0.03,0.000704,0.0,0.0496,0.0986,79.997,3.0
max,0.909,0.945,11.0,-2.0380000000000003,1.0,0.473,0.644,0.735,0.6970000000000001,0.932,205.977,4.0
