,danceability,energy,key,loudness,mode,speechiness,acousticness,instrumentalness,liveness,valence,tempo,time_signature
mean,0.7349200000000005,0.6908800000000003,6.28,-5.230580000000001,0.64,0.17715999999999998,0.2449011399999999,0.010960283599999999,0.17655799999999996,0.6181999999999999,122.29509999999999,3.98
std,0.11590264035308397,0.14414443436769828,3.8013960915560947,1.9963824844156575,0.4848732213850611,0.1308331777805739,0.19610784665191086,0.06647719335073655,0.13726759965223298,0.1987349788958519,34.115508815864175,0.14142135623730934
min,0.46299999999999997,0.292,0.0,-11.102,0.0,0.028999999999999998,0.000587,0.0,0.0568,0.188,75.003,3.0
max,0.914,0.972,11.0,-2.279,1.0,0.556,0.74,0.465,0.6709999999999999,0.94,188.64,4.0
