,danceability,energy,key,loudness,mode,speechiness,acousticness,instrumentalness,liveness,valence,tempo,time_signature
mean,0.7194799999999999,0.7124199999999999,5.52,-5.4401600000000006,0.56,0.11726799999999997,0.2268860000000001,0.0082346258,0.210532,0.5922600000000001,125.80847999999996,3.98
std,0.1132245808748512,0.11752343926004805,3.5412438723230153,2.0722005395034446,0.5014265364224069,0.08787404120880833,0.1843281844860367,0.05524943889708234,0.1650731098882046,0.22231645123516147,32.47639787457586,0.14142135623730942
min,0.419,0.425,0.0,-12.005,0.0,0.0261,0.0104,0.0,0.0498,0.1,79.992,3.0
max,0.9009999999999999,0.9129999999999999,11.0,-1.9480000000000002,1.0,0.345,0.711,0.391,0.797,0.961,199.989,4.0
