,danceability,energy,key,loudness,mode,speechiness,acousticness,instrumentalness,liveness,valence,tempo,time_signature
mean,0.6276400000000002,0.6369799999999999,6.2,-6.61424,0.64,0.07803399999999999,0.28327569199999997,0.10194485860000001,0.17787200000000003,0.5115399999999998,117.12539999999998,3.9
std,0.15754490904928328,0.20218202447400746,3.356382892705923,3.283192209433014,0.4848732213850611,0.08062096909081941,0.28109401821328417,0.2605028018030542,0.12542367227659595,0.26993961607465217,28.76885123439827,0.3030457633656634
min,0.28600000000000003,0.141,0.0,-22.085,0.0,0.0232,3.96e-05,0.0,0.0456,0.14400000000000002,78.842,3.0
max,0.899,0.889,11.0,-3.097,1.0,0.441,0.99,0.903,0.6890000000000001,0.946,190.065,4.0
