,danceability,energy,key,loudness,mode,speechiness,acousticness,instrumentalness,liveness,valence,tempo,time_signature
mean,0.7152200000000001,0.7242599999999999,4.38,-5.389920000000001,0.58,0.11291200000000004,0.17465659999999994,0.0162937566,0.18819999999999992,0.5686060000000001,113.9783,3.92
std,0.12223568569424752,0.14796853085183004,3.421957907158904,2.010094757031344,0.49856938190328975,0.09173911911235141,0.17668552285392056,0.10389604882447123,0.12743045802575245,0.24472579942057765,30.273426020022836,0.44446711960297264
min,0.38299999999999995,0.299,0.0,-13.44,0.0,0.024,0.003,0.0,0.0537,0.0573,75.017,1.0
max,0.909,0.948,11.0,-3.023,1.0,0.46299999999999997,0.779,0.735,0.59,0.8909999999999999,186.125,4.0
