,danceability,energy,key,loudness,mode,speechiness,acousticness,instrumentalness,liveness,valence,tempo,time_signature
mean,0.7524,0.68418,5.46,-5.25926,0.56,0.163552,0.2387792,0.012507831999999998,0.17573799999999995,0.65502,122.91893999999998,3.9
std,0.09620344089904648,0.15563217887712302,3.87145492874528,1.9920210515443653,0.5014265364224069,0.1227385311820811,0.21126710538006965,0.06882826391732354,0.14000880714280448,0.18866042164131183,35.30792090088661,0.46291004988627565
min,0.473,0.161,0.0,-11.102,0.0,0.028999999999999998,0.0036899999999999997,0.0,0.0568,0.23199999999999998,75.003,1.0
max,0.94,0.972,11.0,-2.279,1.0,0.556,0.772,0.465,0.6709999999999999,0.9590000000000001,180.08599999999998,4.0
