,danceability,energy,key,loudness,mode,speechiness,acousticness,instrumentalness,liveness,valence,tempo,time_signature
mean,0.6458000000000002,0.6841000000000002,4.82,-5.978040000000001,0.54,0.08859600000000001,0.22153033999999994,0.0073210284,0.174948,0.5291240000000001,118.78946,3.98
std,0.14555313217417987,0.18915453675635224,3.7290366431176682,3.1234023309231755,0.5034574339058886,0.06636990945927719,0.24264711718465748,0.025261826850124982,0.13994778069854835,0.21812335356726154,28.641743377141704,0.24660966430902953
min,0.209,0.121,0.0,-16.401,0.0,0.027000000000000003,0.00025699999999999996,0.0,0.0458,0.0862,75.07300000000001,3.0
max,0.9309999999999999,0.961,11.0,-1.41,1.0,0.307,0.91,0.15,0.845,0.9309999999999999,190.065,5.0
