,danceability,energy,key,loudness,mode,speechiness,acousticness,instrumentalness,liveness,valence,tempo,time_signature
mean,0.73752,0.6861199999999998,5.4,-5.5018,0.52,0.17498599999999997,0.2310085999999999,0.019891901799999997,0.194116,0.6031200000000001,123.38904000000001,3.96
std,0.10035269232632904,0.125802670228953,3.964124835860459,1.9830892103802416,0.5046720495044485,0.12362765361671922,0.1851141587767739,0.08545278495454975,0.15537645313159618,0.22885675405709796,37.420602822923904,0.1979486637221575
min,0.42700000000000005,0.391,0.0,-11.568,0.0,0.0287,0.00903,0.0,0.0302,0.13,74.973,3.0
max,0.904,0.972,11.0,-1.681,1.0,0.556,0.74,0.465,0.6709999999999999,0.961,188.00900000000001,4.0
