,danceability,energy,key,loudness,mode,speechiness,acousticness,instrumentalness,liveness,valence,tempo,time_signature
mean,0.7011000000000002,0.6667999999999998,5.1,-6.237460000000001,0.52,0.11996199999999999,0.3163443200000001,0.0188282202,0.19551400000000008,0.5843479999999999,118.81417999999998,3.96
std,0.13567506952198666,0.1764995230380328,3.6267149356531725,3.0723213932245605,0.5046720495044484,0.1403457507408771,0.3071922770143196,0.11498098454184225,0.16981494370673758,0.2249328927044868,32.00909738776124,0.28284271247461884
min,0.337,0.14300000000000002,0.0,-18.849,0.0,0.0307,0.00024300000000000002,0.0,0.0349,0.0624,73.539,3.0
max,0.909,0.902,11.0,-2.384,1.0,0.9309999999999999,0.9840000000000001,0.8059999999999999,0.971,0.966,186.125,5.0
