,danceability,energy,key,loudness,mode,speechiness,acousticness,instrumentalness,liveness,valence,tempo,time_signature
mean,0.6716399999999999,0.7123600000000002,5.46,-5.414320000000001,0.58,0.091506,0.19786286,0.0041627618,0.1868200000000001,0.5894600000000001,119.87078000000007,3.98
std,0.11793871808905587,0.12163793044297068,3.693402833403895,1.5458555710449189,0.49856938190328975,0.07182530794381943,0.1801415296824331,0.02096887091115359,0.1415303082850642,0.2147270892485223,29.79056714443931,0.14142135623730936
min,0.386,0.376,0.0,-10.54,0.0,0.0291,0.000713,0.0,0.0404,0.121,68.844,3.0
max,0.8959999999999999,0.971,11.0,-2.984,1.0,0.368,0.7,0.145,0.733,0.937,182.18400000000003,4.0
