,danceability,energy,key,loudness,mode,speechiness,acousticness,instrumentalness,liveness,valence,tempo,time_signature
mean,0.7538599999999999,0.6857799999999998,5.56,-5.32082,0.58,0.175268,0.22896450799999996,0.0096994752,0.13856,0.6169000000000002,122.42585999999997,3.98
std,0.10903248158606833,0.1203815854790465,3.8287846422506835,2.1178722927909104,0.4985693819032897,0.12313350219686481,0.20192299915425713,0.052296250535309015,0.09103466260671464,0.19049412117984546,35.36823137985816,0.24660966430902947
min,0.519,0.425,0.0,-11.102,0.0,0.0281,5.539999999999999e-05,0.0,0.0267,0.193,74.93,3.0
max,0.9279999999999999,0.895,11.0,-1.8,1.0,0.556,0.9329999999999999,0.349,0.43700000000000006,0.9109999999999999,194.97799999999998,5.0
