,danceability,energy,key,loudness,mode,speechiness,acousticness,instrumentalness,liveness,valence,tempo,time_signature
mean,0.69246,0.6808399999999999,5.76,-5.97616,0.54,0.09341999999999999,0.20041488000000002,0.0013510474,0.18991000000000008,0.5873800000000002,117.56276,3.98
std,0.11909646407472407,0.15087897028237363,3.809547618973214,2.3971215762719615,0.5034574339058886,0.07407100013652097,0.22513475830499055,0.005173930924975282,0.1329791056934149,0.20012586753626543,27.846106203128627,0.1414213562373094
min,0.358,0.314,0.0,-13.932,0.0,0.0285,0.00011499999999999999,0.0,0.0506,0.253,72.635,3.0
max,0.883,0.971,11.0,-2.984,1.0,0.368,0.96,0.0338,0.733,0.937,182.18400000000003,4.0
