,danceability,energy,key,loudness,mode,speechiness,acousticness,instrumentalness,liveness,valence,tempo,time_signature
mean,0.7045399999999999,0.7139399999999999,5.56,-5.248779999999999,0.52,0.09966800000000005,0.2044820800000001,0.0269667082,0.19513200000000008,0.58486,121.79535999999996,3.96
std,0.11914049500912952,0.15894542896149955,3.709667458554907,2.2101611566506514,0.5046720495044484,0.07426513572110045,0.24794717060226146,0.12842869025586062,0.1489278601421863,0.21858394081833524,26.637864314067937,0.282842712474619
min,0.337,0.33299999999999996,0.0,-11.485,0.0,0.0258,0.000813,0.0,0.0501,0.15,73.539,3.0
max,0.922,0.958,11.0,-0.5329999999999999,1.0,0.342,0.9840000000000001,0.8059999999999999,0.784,0.948,171.98,5.0
