,danceability,energy,key,loudness,mode,speechiness,acousticness,instrumentalness,liveness,valence,tempo,time_signature
mean,0.68024,0.6606279999999998,5.12,-6.2425999999999995,0.68,0.08706600000000002,0.23640839999999996,0.0095845356,0.170596,0.576644,116.31154000000001,3.96
std,0.10749381757257734,0.18040011317250623,3.3541932330886897,4.276076978555299,0.471212071499161,0.07647962943403523,0.2554946822751056,0.044213596454481086,0.1251138827514471,0.2164729404402711,29.158403493577723,0.19794866372215753
min,0.409,0.0434,0.0,-31.041999999999998,0.0,0.0276,0.00502,0.0,0.0497,0.0453,80.984,3.0
max,0.895,0.8740000000000001,11.0,-1.214,1.0,0.418,0.9690000000000001,0.27699999999999997,0.638,0.961,181.76,4.0
