,danceability,energy,key,loudness,mode,speechiness,acousticness,instrumentalness,liveness,valence,tempo,time_signature
mean,0.7061,0.7021000000000001,6.18,-5.69956,0.5,0.10725600000000006,0.26515,0.0037291332000000004,0.16845800000000005,0.6113399999999998,119.50744000000005,4.02
std,0.1073632495174153,0.15126450006393383,3.6009635898617756,2.1251220772617527,0.5050762722761054,0.0879014386824754,0.21966270456204032,0.01873035035464562,0.1696099054794109,0.23934183648889623,31.731709643580345,0.14142135623730942
min,0.512,0.307,0.0,-11.134,0.0,0.0245,0.0064,0.0,0.0384,0.163,75.235,4.0
max,0.9309999999999999,0.9109999999999999,11.0,-2.738,1.0,0.41200000000000003,0.94,0.127,0.978,0.958,189.83700000000002,5.0
