,danceability,energy,key,loudness,mode,speechiness,acousticness,instrumentalness,liveness,valence,tempo,time_signature
mean,0.7211599999999998,0.7184599999999999,6.48,-5.018400000000001,0.34,0.10012800000000001,0.22731139999999997,0.00042809399999999996,0.14168799999999998,0.6195800000000001,121.66770000000002,4.0
std,0.10394157699675058,0.1273454581611991,3.471399176830282,1.7690699851178582,0.4785181206984064,0.06523683083932867,0.20301763261121245,0.0026068832100500433,0.12141809810295487,0.1990175963915487,36.298496147097005,0.0
min,0.395,0.355,0.0,-10.661,0.0,0.0326,0.00987,0.0,0.0497,0.158,80.09899999999999,4.0
max,0.889,0.96,11.0,-1.9480000000000002,1.0,0.336,0.795,0.0184,0.6990000000000001,0.9129999999999999,203.953,4.0
