,danceability,energy,key,loudness,mode,speechiness,acousticness,instrumentalness,liveness,valence,tempo,time_signature
mean,0.6748200000000001,0.6416000000000001,5.28,-6.451740000000002,0.54,0.08158400000000002,0.31009680000000006,0.0030073096000000003,0.16209399999999996,0.5509340000000001,114.09089999999996,4.02
std,0.1425520585181256,0.17512957302220197,3.9899874686520005,2.9026280900211083,0.5034574339058886,0.07187418247272416,0.2848924313751721,0.011629681953135153,0.1276687940871749,0.22577581766171578,27.02453257218148,0.24660966430902953
min,0.258,0.168,0.0,-15.845999999999998,0.0,0.0263,0.0011300000000000001,0.0,0.0601,0.0967,77.538,3.0
max,0.9209999999999999,0.889,11.0,-2.082,1.0,0.415,0.9,0.0646,0.733,0.9620000000000001,187.046,5.0
