,danceability,energy,key,loudness,mode,speechiness,acousticness,instrumentalness,liveness,valence,tempo,time_signature
mean,0.7417800000000001,0.6827799999999999,5.44,-5.569540000000002,0.54,0.10464000000000001,0.23088400000000003,0.00021203260000000006,0.13741,0.6432599999999999,126.52463999999998,3.98
std,0.08929937952569138,0.14165829683158163,3.753420208996872,2.2772102088085853,0.5034574339058886,0.07740541298374211,0.20007883789003916,0.0007073906608085977,0.0809465261888416,0.18810329446279006,31.424862986248478,0.24660966430902945
min,0.46399999999999997,0.23399999999999999,0.0,-14.89,0.0,0.0319,0.0125,0.0,0.0414,0.209,75.801,3.0
max,0.941,0.9590000000000001,11.0,-1.339,1.0,0.311,0.866,0.00451,0.46,0.976,181.857,5.0
