,danceability,energy,key,loudness,mode,speechiness,acousticness,instrumentalness,liveness,valence,tempo,time_signature
mean,0.73938,0.686,5.18,-5.492240000000001,0.58,0.134678,0.21690740000000003,0.013487716200000005,0.155114,0.6569400000000001,124.48418000000004,3.94
std,0.09377782906684176,0.15583481573742872,3.852854759255579,2.4949726231371923,0.49856938190328975,0.0990907485333417,0.2017528971423879,0.06899660160695131,0.10668138335765075,0.18641214049103394,34.69691585993528,0.23989793748209529
min,0.473,0.161,0.0,-17.128,0.0,0.0414,0.00554,0.0,0.0491,0.243,75.003,3.0
max,0.888,0.972,11.0,-2.331,1.0,0.419,0.772,0.465,0.667,0.961,192.077,4.0
