,danceability,energy,key,loudness,mode,speechiness,acousticness,instrumentalness,liveness,valence,tempo,time_signature
mean,0.59396,0.7167399999999999,4.78,-6.751759999999999,0.58,0.08384000000000003,0.15343299999999999,0.0025356526,0.2339019999999999,0.53252,125.42442,3.96
std,0.15882231889628057,0.1663741554203559,3.7919894084068044,2.8432251991464237,0.49856938190328975,0.08265494293650401,0.1960793649629805,0.012457496857039877,0.22823965071648636,0.22206849834945896,30.555931076680633,0.1979486637221575
min,0.29100000000000004,0.271,0.0,-13.338,0.0,0.0228,0.00133,0.0,0.0461,0.155,76.958,3.0
max,0.925,0.96,11.0,-2.8160000000000003,1.0,0.385,0.721,0.0847,0.96,0.922,179.666,4.0
