,danceability,energy,key,loudness,mode,speechiness,acousticness,instrumentalness,liveness,valence,tempo,time_signature
mean,0.7322199999999998,0.7281400000000001,6.36,-4.56448,0.48,0.11552399999999999,0.25543580000000005,0.0004790268000000001,0.17808799999999997,0.6106200000000002,121.40847999999998,4.0
std,0.09401417392052747,0.12941122715701955,3.5095205789220776,1.6460556471363257,0.5046720495044485,0.07836400558565502,0.2101961562017726,0.0019968967395011597,0.1454208581170879,0.1860908150032436,32.563674772722955,0.20203050891044214
min,0.449,0.31,0.0,-11.134,0.0,0.0362,0.0021899999999999997,0.0,0.0264,0.163,80.04,3.0
max,0.903,0.904,11.0,-0.787,1.0,0.345,0.94,0.0129,0.797,0.9009999999999999,199.989,5.0
