,danceability,energy,key,loudness,mode,speechiness,acousticness,instrumentalness,liveness,valence,tempo,time_signature
mean,0.7415200000000002,0.67612,4.56,-5.70788,0.62,0.11880399999999998,0.2494334,0.013131170400000001,0.16079600000000002,0.6443000000000001,124.32858,3.88
std,0.08396409339468769,0.17643749427985847,3.6205761183230805,2.951931540879771,0.4903143514780145,0.0821785660520269,0.232918032824285,0.06881801915510782,0.1048262390426974,0.18914741578451236,33.92065546036539,0.47979587496419046
min,0.473,0.161,0.0,-17.128,0.0,0.034,0.00554,0.0,0.0469,0.195,75.003,1.0
max,0.9,0.972,11.0,-2.454,1.0,0.337,0.8370000000000001,0.465,0.667,0.961,192.077,4.0
