,danceability,energy,key,loudness,mode,speechiness,acousticness,instrumentalness,liveness,valence,tempo,time_signature
mean,0.7501799999999998,0.619042,5.58,-6.9902,0.54,0.133586,0.2892992,0.015310354799999999,0.17119600000000001,0.612596,118.48631999999998,3.98
std,0.11557375770211747,0.1887230625081338,3.276944819025608,4.018440610333256,0.5034574339058886,0.10220326886820665,0.2544703134751935,0.07081331715007745,0.1593593371943433,0.21493187716206308,32.69470518915432,0.14142135623730948
min,0.319,0.0561,0.0,-23.023000000000003,0.0,0.0295,0.00476,0.0,0.0501,0.0528,79.764,3.0
max,0.945,0.9109999999999999,11.0,-1.9980000000000002,1.0,0.375,0.945,0.469,0.802,0.9520000000000001,185.044,4.0
