,danceability,energy,key,loudness,mode,speechiness,acousticness,instrumentalness,liveness,valence,tempo,time_signature
mean,0.74604,0.6805800000000002,5.4,-5.360719999999999,0.68,0.11655800000000001,0.21949886000000002,0.0009386619999999999,0.16216999999999998,0.5719599999999999,123.32551999999998,4.02
std,0.10311653007888795,0.11483103647871298,3.670066451047179,1.9441776399059332,0.4712120714991612,0.08926515212373454,0.19696304070602602,0.004945738289163505,0.12401606421618722,0.19439145861810253,31.664457191530786,0.14142135623730948
min,0.528,0.37799999999999995,0.0,-11.4,0.0,0.03,0.000813,0.0,0.0505,0.159,77.176,4.0
max,0.943,0.895,11.0,-1.915,1.0,0.39,0.845,0.0345,0.6970000000000001,0.904,212.11700000000002,5.0
