,danceability,energy,key,loudness,mode,speechiness,acousticness,instrumentalness,liveness,valence,tempo,time_signature
mean,0.7237399999999999,0.7042400000000002,4.74,-5.486599999999999,0.62,0.12644199999999997,0.16035959999999996,0.0148901944,0.17119999999999996,0.5697000000000001,124.06841999999997,3.94
std,0.12886788203585933,0.1471855083816033,3.409530460222298,2.34413621008434,0.49031435147801444,0.09322388257111294,0.16179808174690943,0.10391992587645536,0.11940733577437651,0.22105196083218784,32.07075900865816,0.2398979374820953
min,0.39799999999999996,0.299,0.0,-13.44,0.0,0.0263,0.00257,0.0,0.0548,0.13,79.997,3.0
max,0.9209999999999999,0.97,11.0,0.642,1.0,0.39399999999999996,0.779,0.735,0.6970000000000001,0.893,183.817,4.0
