,danceability,energy,key,loudness,mode,speechiness,acousticness,instrumentalness,liveness,valence,tempo,time_signature
mean,0.7294799999999999,0.73422,4.92,-5.170840000000001,0.56,0.09040200000000001,0.20794,0.001612823,0.13303799999999996,0.6098600000000001,122.09968,4.0
std,0.11636224929600016,0.13150949216924326,3.9991835901537587,1.5964654755721708,0.5014265364224069,0.06077597366978339,0.16715025380458978,0.009525956114575016,0.07427487802832428,0.2242489514911897,30.927423274920958,0.0
min,0.368,0.428,0.0,-10.644,0.0,0.0307,0.0112,0.0,0.0362,0.11199999999999999,79.997,4.0
max,0.9359999999999999,0.97,11.0,-2.7969999999999997,1.0,0.311,0.688,0.067,0.353,0.9620000000000001,187.046,4.0
