,danceability,energy,key,loudness,mode,speechiness,acousticness,instrumentalness,liveness,valence,tempo,time_signature
mean,0.69304,0.6807800000000002,6.06,-6.423799999999997,0.5,0.10602800000000004,0.2277972,0.0011873868000000002,0.18850999999999996,0.5695020000000001,117.50968000000003,4.02
std,0.12454356831311386,0.16376542332724273,3.9248553853509516,2.3803348503939525,0.5050762722761054,0.06950228021512705,0.22342265700100278,0.0037763513002202617,0.18477931818407445,0.24468101057232436,31.683846225005514,0.14142135623730948
min,0.413,0.317,0.0,-13.404000000000002,0.0,0.0304,0.0039,0.0,0.0261,0.0604,68.741,4.0
max,0.909,0.9790000000000001,11.0,-0.9279999999999999,1.0,0.284,0.831,0.0185,0.912,0.975,181.995,5.0
