,danceability,energy,key,loudness,mode,speechiness,acousticness,instrumentalness,liveness,valence,tempo,time_signature
mean,0.7335600000000001,0.68644,5.4,-5.904119999999998,0.46,0.10765000000000002,0.22357480000000002,0.010014253800000001,0.16672799999999996,0.5686399999999999,119.82677999999999,4.0
std,0.11564392216927734,0.13808222336044296,3.6421567954234186,2.1594303258602485,0.5034574339058886,0.070265927092753,0.19886397767646632,0.04482090685449118,0.1335705225943301,0.2405012418823212,31.28947215545412,0.0
min,0.498,0.317,0.0,-12.39,0.0,0.0312,0.006229999999999999,0.0,0.0389,0.125,80.04,4.0
max,0.9329999999999999,0.963,11.0,-1.182,1.0,0.321,0.831,0.245,0.677,0.953,185.949,4.0
