,danceability,energy,key,loudness,mode,speechiness,acousticness,instrumentalness,liveness,valence,tempo,time_signature
mean,0.73702,0.6517600000000001,6.5,-5.692259999999999,0.52,0.16746399999999997,0.29877879999999996,0.0003004342,0.16581400000000002,0.5773000000000001,123.15635999999996,4.0
std,0.1173005019388325,0.14068020762113811,3.649154221269943,2.1466991159186035,0.5046720495044484,0.1268334513913295,0.24440419403896638,0.0013498232037492761,0.10772140183011406,0.1905767026470884,34.817585946372866,0.20203050891044214
min,0.341,0.21600000000000003,0.0,-14.465,0.0,0.0316,0.00464,0.0,0.0267,0.13699999999999998,74.93,3.0
max,0.898,0.875,11.0,-2.443,1.0,0.556,0.9329999999999999,0.00894,0.43700000000000006,0.9109999999999999,188.00900000000001,5.0
