,danceability,energy,key,loudness,mode,speechiness,acousticness,instrumentalness,liveness,valence,tempo,time_signature
mean,0.7308,0.6766200000000002,4.96,-5.5535000000000005,0.56,0.11737199999999998,0.24501586,0.0280538474,0.159552,0.6485000000000002,122.77377999999997,3.86
std,0.09175277341078812,0.16747962288479348,3.6920211819765156,2.9497566295322377,0.5014265364224069,0.0826235970642572,0.21638472538664424,0.12411928265765806,0.11252690243416717,0.2007380514653922,33.715701236198115,0.4952838806674206
min,0.473,0.161,0.0,-17.128,0.0,0.034,0.000223,0.0,0.0414,0.187,75.003,1.0
max,0.9,0.972,11.0,-1.9240000000000002,1.0,0.337,0.772,0.7440000000000001,0.667,0.976,192.077,4.0
