,danceability,energy,key,loudness,mode,speechiness,acousticness,instrumentalness,liveness,valence,tempo,time_signature
mean,0.6453399999999999,0.6727600000000001,5.26,-6.406700000000002,0.56,0.084772,0.192273558,0.0483976382,0.19024400000000008,0.5440839999999999,117.06788,3.92
std,0.1307889107825028,0.20420753349152881,3.8215821063949895,2.54223229281123,0.5014265364224069,0.06488796007939614,0.2572914028535025,0.16861899213512788,0.15749448990685486,0.20946786257815594,25.45279798551484,0.4444671196029725
min,0.354,0.139,0.0,-15.102,0.0,0.0261,5.59e-05,0.0,0.0456,0.0862,76.805,1.0
max,0.889,0.9570000000000001,11.0,-1.68,1.0,0.3,0.925,0.836,0.7609999999999999,0.9309999999999999,189.891,4.0
