,danceability,energy,key,loudness,mode,speechiness,acousticness,instrumentalness,liveness,valence,tempo,time_signature
mean,0.7658999999999999,0.6500199999999999,4.94,-5.485319999999998,0.52,0.13097399999999998,0.2332324,0.0035305774000000006,0.15724800000000005,0.5917400000000002,119.30640000000001,3.96
std,0.10363795892727841,0.1342455091788693,3.840758853589818,1.8183450026250318,0.5046720495044485,0.0955834047802638,0.19376971962384124,0.022177104703531965,0.12981043359217226,0.18676251535802665,32.769577086819105,0.19794866372215744
min,0.45299999999999996,0.29,0.0,-10.495999999999999,0.0,0.0322,0.00122,0.0,0.0414,0.235,64.921,3.0
max,0.9790000000000001,0.9229999999999999,11.0,-1.986,1.0,0.431,0.698,0.157,0.79,0.976,204.135,4.0
