,danceability,energy,key,loudness,mode,speechiness,acousticness,instrumentalness,liveness,valence,tempo,time_signature
mean,0.70364,0.6979799999999996,5.38,-5.30754,0.54,0.13240800000000003,0.19375099999999995,0.015036265599999998,0.1886420000000001,0.536906,124.40328000000001,3.84
std,0.12580122967505167,0.1396819258464146,3.613410396547498,1.6323607320662417,0.5034574339058886,0.10057380646539522,0.17834586022154614,0.10390445435282121,0.1429315293332826,0.26140548876238623,32.93693783521498,0.5095015571464859
min,0.39799999999999996,0.299,0.0,-11.107000000000001,0.0,0.024,0.00603,0.0,0.0533,0.0573,78.75399999999999,1.0
max,0.909,0.945,11.0,-2.7969999999999997,1.0,0.473,0.779,0.735,0.7170000000000001,0.893,187.972,4.0
