,danceability,energy,key,loudness,mode,speechiness,acousticness,instrumentalness,liveness,valence,tempo,time_signature
mean,0.6942,0.7297399999999999,5.12,-5.153340000000001,0.48,0.114222,0.18172800000000003,0.0168731162,0.19872599999999996,0.5648460000000001,124.09762,4.0
std,0.12454537735463393,0.09440075449369878,3.2553879984432212,1.5832212011708073,0.5046720495044485,0.09359294036258442,0.19170493700859503,0.11706084253570505,0.1440717463131279,0.19460516301853192,26.993344054800183,0.20203050891044214
min,0.469,0.486,0.0,-8.339,0.0,0.028999999999999998,0.0038,0.0,0.0505,0.0793,87.023,3.0
max,0.934,0.887,11.0,-2.8810000000000002,1.0,0.46299999999999997,0.764,0.828,0.636,0.9079999999999999,180.705,5.0
