,danceability,energy,key,loudness,mode,speechiness,acousticness,instrumentalness,liveness,valence,tempo,time_signature
mean,0.6664600000000002,0.67818,5.48,-6.002599999999998,0.52,0.09471800000000004,0.24504640000000008,0.0029872455999999997,0.17950800000000006,0.5264759999999999,116.30546,3.96
std,0.1214867440488543,0.16844446671632446,3.8451665922881646,2.2016744740755656,0.5046720495044485,0.07674431093719254,0.25822366462919427,0.012701169366080348,0.12535892931571996,0.24558099005735567,25.663455605206565,0.19794866372215747
min,0.355,0.2,0.0,-11.062999999999999,0.0,0.0311,0.00037999999999999997,0.0,0.0365,0.0398,69.45100000000001,3.0
max,0.821,0.951,11.0,-1.715,1.0,0.35100000000000003,0.904,0.0677,0.639,0.922,179.864,4.0
