,danceability,energy,key,loudness,mode,speechiness,acousticness,instrumentalness,liveness,valence,tempo,time_signature
mean,0.6661999999999999,0.6430199999999999,5.08,-6.791,0.66,0.07628200000000002,0.25866386399999997,0.007569358799999998,0.175276,0.6122000000000001,118.46618000000002,3.98
std,0.11981277912149574,0.16986386986559054,3.821742310218506,3.1391089597566517,0.47851812069840677,0.07649986978780435,0.22378058259636754,0.04290148445984822,0.10953352400809833,0.2266408648780115,27.97884283882362,0.1414213562373095
min,0.278,0.168,0.0,-15.845999999999998,0.0,0.0253,4.22e-05,0.0,0.0601,0.141,79.78,3.0
max,0.847,0.9109999999999999,11.0,-2.738,1.0,0.415,0.797,0.298,0.43,0.965,187.046,4.0
