,danceability,energy,key,loudness,mode,speechiness,acousticness,instrumentalness,liveness,valence,tempo,time_signature
mean,0.6949600000000002,0.71836,5.68,-5.47988,0.52,0.088278,0.21458139999999998,0.036990516999999994,0.19361,0.5744659999999999,114.00425999999997,3.98
std,0.12503321354662497,0.11642914285574062,3.6669511330593014,1.8386359256086497,0.5046720495044485,0.0629418237707793,0.2241430266138848,0.15583959749697723,0.17666830589022595,0.23256320765568667,25.356393006063758,0.14142135623730942
min,0.348,0.47700000000000004,0.0,-10.742,0.0,0.0315,0.00173,0.0,0.0497,0.0783,69.45100000000001,3.0
max,0.9129999999999999,0.917,11.0,-1.715,1.0,0.272,0.7559999999999999,0.852,0.988,0.919,199.545,4.0
