,danceability,energy,key,loudness,mode,speechiness,acousticness,instrumentalness,liveness,valence,tempo,time_signature
mean,0.7393400000000001,0.66716,6.08,-5.7869199999999985,0.54,0.16066600000000006,0.25488800000000006,0.020079371,0.169326,0.6074999999999999,124.27103999999996,4.0
std,0.0852407419115569,0.12894063813734327,3.8003222204954987,2.561016450313334,0.5034574339058886,0.12598398280118378,0.22341211706857175,0.0854126854715795,0.12413216592135391,0.210889394552438,37.88115722967808,0.20203050891044214
min,0.46299999999999997,0.21600000000000003,0.0,-14.465,0.0,0.0287,0.00807,0.0,0.0267,0.17,74.93,3.0
max,0.887,0.972,11.0,-1.8,1.0,0.556,0.9329999999999999,0.465,0.634,0.976,189.921,5.0
