,danceability,energy,key,loudness,mode,speechiness,acousticness,instrumentalness,liveness,valence,tempo,time_signature
mean,0.6869199999999998,0.6933000000000001,6.36,-5.304140000000001,0.56,0.137578,0.24665799999999996,1.8578e-05,0.13857799999999998,0.5788479999999998,123.68681999999997,4.0
std,0.12788528660722565,0.1277301444292551,3.5900088113131585,1.5178892703826778,0.5014265364224069,0.10315087877394323,0.21337795056602055,5.8217425927574746e-05,0.1012176605748468,0.2395650226931285,33.80442490761063,0.2857142857142857
min,0.414,0.31,0.0,-11.134,0.0,0.0311,0.00513,0.0,0.047,0.0564,67.35600000000001,3.0
max,0.9309999999999999,0.855,11.0,-2.86,1.0,0.435,0.94,0.000363,0.507,0.955,200.234,5.0
