,danceability,energy,key,loudness,mode,speechiness,acousticness,instrumentalness,liveness,valence,tempo,time_signature
mean,0.7511599999999998,0.7332999999999998,4.78,-5.459920000000002,0.48,0.11466799999999999,0.2134988,0.019487529,0.16259,0.6274200000000003,122.03002000000002,3.94
std,0.10872815004516956,0.14751689629963596,3.9242313689096737,2.4068425403165765,0.5046720495044484,0.07482621891245538,0.18987255085967322,0.1277054300633174,0.12657804118489147,0.20309242793790783,33.900802099649376,0.424264068711929
min,0.35200000000000004,0.419,0.0,-16.545,0.0,0.0319,0.0026100000000000003,0.0,0.0465,0.10300000000000001,78.75399999999999,1.0
max,0.9359999999999999,0.97,11.0,-2.7969999999999997,1.0,0.311,0.8009999999999999,0.902,0.655,0.9620000000000001,197.095,4.0
