,danceability,energy,key,loudness,mode,speechiness,acousticness,instrumentalness,liveness,valence,tempo,time_signature
mean,0.6506200000000001,0.6466399999999999,5.68,-6.597340000000002,0.6,0.09287999999999996,0.24138046000000002,0.056698190800000006,0.19793000000000002,0.46877399999999986,125.66776000000002,3.96
std,0.14569031875725938,0.2004499795103863,3.5824971338838103,2.9195023101863913,0.4948716593053936,0.07080965574650659,0.2587726571343578,0.2126743568962657,0.16652959931789782,0.22852057095810957,28.05396788011948,0.2828427124746189
min,0.228,0.10400000000000001,0.0,-15.359000000000002,0.0,0.0299,0.000573,0.0,0.036000000000000004,0.0377,75.038,3.0
max,0.9440000000000001,0.9329999999999999,11.0,-2.015,1.0,0.324,0.9790000000000001,0.915,0.809,0.968,180.08,5.0
