,danceability,energy,key,loudness,mode,speechiness,acousticness,instrumentalness,liveness,valence,tempo,time_signature
mean,0.6236199999999998,0.5137619999999999,5.02,-8.86458,0.78,0.102134,0.44412179999999984,0.045717398000000006,0.17601399999999998,0.48406000000000016,121.56272000000001,3.9
std,0.20742737996509447,0.22584766392867742,3.2918576109261237,4.903191414220926,0.41845195759647996,0.09232977632334201,0.3451100839968107,0.19396494708358192,0.1329080302084022,0.23628203572883674,28.38443528072585,0.5439837932759934
min,0.126,0.0129,0.0,-28.324,0.0,0.0277,0.00122,0.0,0.0508,0.078,62.619,1.0
max,0.978,0.9390000000000001,11.0,-3.263,1.0,0.426,0.996,0.965,0.8009999999999999,0.971,175.02900000000002,5.0
