,danceability,energy,key,loudness,mode,speechiness,acousticness,instrumentalness,liveness,valence,tempo,time_signature
mean,0.64992,0.616548,4.88,-7.246,0.54,0.11177400000000003,0.29198961999999995,0.043398242600000005,0.18473400000000006,0.473454,129.67225999999997,3.94
std,0.13788664969193107,0.1930681462011562,3.706805654908995,5.353497891422895,0.5034574339058886,0.1188734858441305,0.2541648668620549,0.1653818923316276,0.1613737272322119,0.22769809783830797,30.436950968813534,0.46991097723995795
min,0.319,0.0114,0.0,-38.855,0.0,0.0271,6.659999999999999e-05,0.0,0.036000000000000004,0.0583,74.65,1.0
max,0.9109999999999999,0.9840000000000001,11.0,-1.11,1.0,0.6759999999999999,0.893,0.915,0.727,0.966,188.053,5.0
