,danceability,energy,key,loudness,mode,speechiness,acousticness,instrumentalness,liveness,valence,tempo,time_signature
mean,0.6983799999999998,0.6121199999999999,5.12,-7.319040000000001,0.66,0.15038000000000004,0.3249224,0.006656696,0.15327599999999994,0.4531600000000002,117.35142,4.02
std,0.1328413032032383,0.15092755932322408,3.134013531611906,2.939022112533212,0.4785181206984066,0.12680638946111217,0.2527339488963338,0.04062517828655362,0.0984613786502824,0.21739255943559613,24.429493415424844,0.2466096643090295
min,0.319,0.264,0.0,-17.073,0.0,0.0249,0.00122,0.0,0.038,0.145,62.474,3.0
max,0.934,0.922,11.0,-2.3169999999999997,1.0,0.47100000000000003,0.912,0.287,0.521,0.971,169.953,5.0
