,danceability,energy,key,loudness,mode,speechiness,acousticness,instrumentalness,liveness,valence,tempo,time_signature
mean,0.66982,0.6657599999999998,4.88,-6.984220000000001,0.46,0.17119599999999996,0.23797529800000003,0.0420714946,0.173114,0.40577400000000013,127.41149999999998,3.96
std,0.1366620574965256,0.16813157626922887,3.815328910313965,2.1563467621826296,0.5034574339058886,0.14639261295069025,0.2274179006786535,0.17344933209481955,0.1534072797277541,0.20839171887068247,26.70373051692231,0.1979486637221575
min,0.258,0.26899999999999996,0.0,-10.538,0.0,0.0298,3.929999999999999e-05,0.0,0.0714,0.0387,77.527,3.0
max,0.872,0.9840000000000001,11.0,-2.693,1.0,0.607,0.9470000000000001,0.88,0.882,0.948,180.043,4.0
