,danceability,energy,key,loudness,mode,speechiness,acousticness,instrumentalness,liveness,valence,tempo,time_signature
mean,0.6922400000000002,0.68634,5.88,-6.601920000000002,0.42,0.15269600000000003,0.22387760000000007,0.0356721068,0.21260399999999996,0.510126,119.87720000000004,4.0
std,0.12254904224473581,0.13476882852817687,3.7342321561357656,3.0405431364968263,0.49856938190328975,0.14423284740095701,0.260191007604343,0.11392061913649382,0.16746560653288953,0.2348835306778095,32.89000292440466,0.0
min,0.309,0.368,0.0,-15.118,0.0,0.0287,0.000303,0.0,0.0537,0.0599,75.068,4.0
max,0.935,0.968,11.0,1.605,1.0,0.888,0.887,0.545,0.727,0.958,203.878,4.0
