,danceability,energy,key,loudness,mode,speechiness,acousticness,instrumentalness,liveness,valence,tempo,time_signature
mean,0.69812,0.5993799999999998,5.5,-7.30426,0.56,0.13360399999999997,0.21780509999999997,0.0205325306,0.18119399999999997,0.448384,124.94255999999997,4.02
std,0.15837190020805522,0.1768032331868004,3.598469062231428,2.9769073173208414,0.5014265364224069,0.1108684179833123,0.24712734800736452,0.1357719793359183,0.16387060899953212,0.2021829877984348,27.059093464278725,0.31879876577744853
min,0.375,0.162,0.0,-21.289,0.0,0.0289,0.000735,0.0,0.0568,0.0592,75.012,3.0
max,0.978,0.932,11.0,-3.28,1.0,0.405,0.995,0.961,0.79,0.898,179.981,5.0
