,danceability,energy,key,loudness,mode,speechiness,acousticness,instrumentalness,liveness,valence,tempo,time_signature
mean,0.6327400000000001,0.541202,5.26,-8.199580000000003,0.64,0.09789399999999998,0.38939419999999997,0.05530864419999999,0.161984,0.414218,119.98330000000001,3.94
std,0.1951536087814114,0.19859210425761997,3.0426223920178077,3.5172212715524775,0.48487322138506106,0.0962543450596239,0.3221922805678469,0.17176623029528112,0.11078966532514277,0.23182880883997845,26.75685138217416,0.5499536158548619
min,0.126,0.0831,0.0,-17.073,0.0,0.0226,0.00122,0.0,0.0508,0.0509,62.619,1.0
max,0.9570000000000001,0.922,11.0,-3.0,1.0,0.47100000000000003,0.9259999999999999,0.7170000000000001,0.521,0.971,175.02900000000002,5.0
