,danceability,energy,key,loudness,mode,speechiness,acousticness,instrumentalness,liveness,valence,tempo,time_signature
mean,0.6522000000000001,0.63036,4.96,-7.483979999999999,0.46,0.133608,0.21254913599999994,0.036892141999999996,0.14568400000000004,0.38526400000000005,125.96254,4.0
std,0.12484733534544157,0.15721255077902968,3.4756294393965534,2.286837665816251,0.5034574339058886,0.13036260394040328,0.2554800270558892,0.1500368009433372,0.08888618119912264,0.1855846105072909,26.995051233709713,0.0
min,0.258,0.151,0.0,-13.845,0.0,0.0275,3.929999999999999e-05,0.0,0.0481,0.0692,60.878,4.0
max,0.95,0.9840000000000001,11.0,-2.7089999999999996,1.0,0.585,0.884,0.88,0.509,0.82,180.043,4.0
