,danceability,energy,key,loudness,mode,speechiness,acousticness,instrumentalness,liveness,valence,tempo,time_signature
mean,0.6735199999999999,0.6545800000000002,5.32,-6.6390199999999995,0.58,0.14500199999999996,0.21693023999999997,0.04396842740000001,0.163514,0.5005780000000001,132.69018,4.02
std,0.17151679158589217,0.1878348264854426,3.8884444190447165,2.8475686405874643,0.4985693819032897,0.13412418931417133,0.23623342750326684,0.13869578808797722,0.11744528732258998,0.243658966498469,30.543588893873604,0.2466096643090295
min,0.214,0.172,0.0,-13.372,0.0,0.0287,0.000143,0.0,0.0505,0.0369,71.975,3.0
max,0.978,0.9690000000000001,11.0,1.2209999999999999,1.0,0.6609999999999999,0.958,0.848,0.639,0.9620000000000001,192.09099999999998,5.0
