,danceability,energy,key,loudness,mode,speechiness,acousticness,instrumentalness,liveness,valence,tempo,time_signature
mean,0.68838,0.6601600000000001,5.06,-5.948240000000001,0.6,0.15651,0.18443797999999997,7.468960000000002e-05,0.2089459999999999,0.393422,123.89110000000001,4.02
std,0.14765996376120097,0.1537315922280765,3.4547217023685612,2.140204658914847,0.4948716593053936,0.1278226916873686,0.2284396799280997,0.0003247835681726199,0.14737149948760275,0.2282968961055506,25.29851426568407,0.14142135623730948
min,0.319,0.24100000000000002,1.0,-10.775,0.0,0.0336,0.000704,0.0,0.0473,0.0601,75.813,4.0
max,0.912,0.9359999999999999,11.0,-0.777,1.0,0.489,0.867,0.0021100000000000003,0.685,0.863,179.47299999999998,5.0
