,danceability,energy,key,loudness,mode,speechiness,acousticness,instrumentalness,liveness,valence,tempo,time_signature
mean,0.6226999999999999,0.70178,5.04,-5.946919999999999,0.62,0.092432,0.187363928,0.080746284,0.17455800000000007,0.381524,120.89068000000002,4.0
std,0.15162012816676462,0.18638201827079212,3.3561396677414597,2.9378924893848097,0.4903143514780145,0.074737894221426,0.24400935297939558,0.21159015773066026,0.12139307563549452,0.2220842564507113,29.81748857218953,0.20203050891044214
min,0.16,0.198,0.0,-13.91,0.0,0.026000000000000002,4.5799999999999995e-05,0.0,0.055999999999999994,0.0385,65.059,3.0
max,0.94,0.9890000000000001,11.0,-1.382,1.0,0.33,0.943,0.8740000000000001,0.659,0.9009999999999999,188.053,5.0
