,danceability,energy,key,loudness,mode,speechiness,acousticness,instrumentalness,liveness,valence,tempo,time_signature
mean,0.67634,0.61128,5.94,-7.4253800000000005,0.6,0.10761599999999998,0.32704395999999997,0.0598057834,0.17846199999999995,0.4270299999999999,115.46546000000001,3.96
std,0.16970990975599437,0.18249697117978678,3.4547217023685612,2.9394377561092897,0.49487165930539356,0.08797671621468015,0.2869199925521413,0.1903111009486193,0.15155171258601832,0.23190989827596264,23.63243751599371,0.5329930887479322
min,0.223,0.218,0.0,-15.177,0.0,0.0298,0.0005480000000000001,0.0,0.038,0.0384,69.995,1.0
max,0.958,0.9490000000000001,11.0,-2.707,1.0,0.395,0.925,0.91,0.735,0.968,174.97400000000002,5.0
