,danceability,energy,key,loudness,mode,speechiness,acousticness,instrumentalness,liveness,valence,tempo,time_signature
mean,0.6479999999999998,0.62116,4.06,-7.15402,0.66,0.12279599999999999,0.22843199399999992,0.06362592540000002,0.19837799999999997,0.43309799999999987,124.76459999999999,3.98
std,0.16467469478350585,0.18612771125751046,3.1519996892157733,3.2485399451295103,0.47851812069840666,0.10368035052850798,0.25205228381684525,0.16510079749507742,0.16745692628011444,0.22141478896277136,24.645558488792453,0.14142135623730948
min,0.264,0.075,0.0,-21.393,0.0,0.0292,2.95e-05,0.0,0.0462,0.038,75.01899999999999,3.0
max,0.8690000000000001,0.9390000000000001,11.0,-3.78,1.0,0.408,0.9359999999999999,0.7090000000000001,0.722,0.9620000000000001,182.067,4.0
