,danceability,energy,key,loudness,mode,speechiness,acousticness,instrumentalness,liveness,valence,tempo,time_signature
mean,0.6713000000000001,0.64632,5.22,-6.3145999999999995,0.66,0.12595000000000003,0.17103729999999998,0.0005069586,0.1820579999999999,0.4200319999999999,125.40616000000001,3.94
std,0.17215966130192006,0.18003768766453274,3.7213668763737107,2.371528242311618,0.4785181206984065,0.10697584936301639,0.2524258261710411,0.0016660461859156618,0.12765369462346324,0.19339719669580507,32.429475435706664,0.23989793748209526
min,0.259,0.156,0.0,-14.08,0.0,0.035,0.000572,0.0,0.0282,0.0956,75.015,3.0
max,0.9359999999999999,0.932,11.0,-2.573,1.0,0.473,0.892,0.00817,0.628,0.8759999999999999,207.57299999999998,4.0
