,danceability,energy,key,loudness,mode,speechiness,acousticness,instrumentalness,liveness,valence,tempo,time_signature
mean,0.70898,0.7023800000000001,4.52,-6.379940000000001,0.52,0.18493600000000004,0.11659313999999998,0.0005181221999999999,0.17556800000000003,0.4268699999999999,130.1706,4.04
std,0.11356819222702405,0.1496805973548001,3.9343593726894577,2.861495551673093,0.5046720495044485,0.11177394965021216,0.14638826006764705,0.002663544043262883,0.11173659156192992,0.15742619942470226,26.552155657905306,0.19794866372215744
min,0.425,0.34600000000000003,0.0,-13.987,0.0,0.0302,0.000907,0.0,0.0515,0.0845,73.483,4.0
max,0.884,0.9640000000000001,11.0,-2.332,1.0,0.395,0.638,0.0184,0.633,0.845,180.05599999999998,5.0
