,danceability,energy,key,loudness,mode,speechiness,acousticness,instrumentalness,liveness,valence,tempo,time_signature
mean,0.52354,0.6807600000000003,5.74,-7.360420000000001,0.54,0.066434,0.20567777999999998,0.16675610600000002,0.21961600000000003,0.40535200000000005,121.78633999999994,3.98
std,0.17944713393518164,0.22110986834049495,3.696716689944509,3.395687151102596,0.5034574339058886,0.0469570433742264,0.25621707669890836,0.3275896730375436,0.1859754530214421,0.20534847955887775,25.558603290229833,0.1414213562373094
min,0.152,0.17600000000000002,0.0,-16.576,0.0,0.0254,0.000106,0.0,0.0536,0.0397,77.997,3.0
max,0.8220000000000001,0.973,11.0,-1.297,1.0,0.21899999999999997,0.951,0.9640000000000001,0.8740000000000001,0.8270000000000001,179.92700000000002,4.0
