,danceability,energy,key,loudness,mode,speechiness,acousticness,instrumentalness,liveness,valence,tempo,time_signature
mean,0.7073999999999999,0.6492399999999999,5.82,-7.18254,0.42,0.14782600000000004,0.23879050000000007,0.057822919000000014,0.16393000000000002,0.46829000000000015,117.76094000000005,4.0
std,0.1331082113108254,0.15392876168367428,3.6291900485043858,2.8676262900147353,0.49856938190328975,0.11121202183217423,0.2491311881282917,0.19781941934840921,0.13499812886080445,0.2093206233684272,26.900643738909952,0.20203050891044214
min,0.32799999999999996,0.235,0.0,-16.541,0.0,0.0287,0.00035499999999999996,0.0,0.0577,0.0895,67.467,3.0
max,0.951,0.904,11.0,-1.865,1.0,0.489,0.958,0.9470000000000001,0.727,0.922,173.998,5.0
