,danceability,energy,key,loudness,mode,speechiness,acousticness,instrumentalness,liveness,valence,tempo,time_signature
mean,0.6371800000000001,0.6838800000000002,5.78,-5.802740000000003,0.4,0.09287000000000001,0.147045932,0.005451988400000001,0.17166199999999993,0.4710000000000001,113.05666,3.98
std,0.15134697127556176,0.18166403617892105,3.710382564576085,2.4357119799737723,0.4948716593053935,0.07349058318129291,0.1904649747401819,0.026114800556690215,0.100677875667793,0.22643331315449688,24.264064036676096,0.1414213562373094
min,0.264,0.228,0.0,-11.975,0.0,0.0263,3.16e-05,0.0,0.0625,0.0909,75.016,3.0
max,0.929,0.9670000000000001,11.0,0.605,1.0,0.35100000000000003,0.838,0.147,0.39399999999999996,0.872,174.00900000000001,4.0
