,danceability,energy,key,loudness,mode,speechiness,acousticness,instrumentalness,liveness,valence,tempo,time_signature
mean,0.67122,0.69308,6.24,-6.186699999999998,0.46,0.17669800000000002,0.23568940000000002,0.0134966824,0.220512,0.493106,114.62036000000002,3.98
std,0.13354725373287102,0.14720509640689505,3.2360217450897757,2.1291194428779274,0.5034574339058886,0.14229254787089815,0.22702730459185938,0.09287018900382542,0.16819622607331627,0.229061155197489,30.377938447444624,0.14142135623730942
min,0.387,0.308,0.0,-13.155999999999999,0.0,0.0273,0.0014199999999999998,0.0,0.0503,0.0675,64.934,3.0
max,0.9209999999999999,0.9470000000000001,11.0,-2.313,1.0,0.5660000000000001,0.883,0.657,0.907,0.898,180.07299999999998,4.0
