,danceability,energy,key,loudness,mode,speechiness,acousticness,instrumentalness,liveness,valence,tempo,time_signature
mean,0.6394,0.6861000000000002,5.66,-5.494460000000001,0.52,0.12348999999999999,0.19281250800000002,0.0628500902,0.17987999999999993,0.395874,118.05371999999997,4.0
std,0.1652731813991487,0.16402230435684842,3.7285987957397393,1.9563353204710203,0.5046720495044484,0.10907606267637089,0.21423080128804892,0.20005144961962576,0.12002436827407942,0.21716187210916926,31.107565225303805,0.0
min,0.18899999999999997,0.29600000000000004,0.0,-10.109,0.0,0.0287,3.64e-05,0.0,0.05,0.0394,74.848,4.0
max,0.953,0.995,11.0,-2.234,1.0,0.46299999999999997,0.934,0.9059999999999999,0.609,0.934,199.669,4.0
