,danceability,energy,key,loudness,mode,speechiness,acousticness,instrumentalness,liveness,valence,tempo,time_signature
mean,0.6970200000000001,0.66766,5.48,-6.647620000000001,0.54,0.12234600000000001,0.20262199999999997,0.03998687460000001,0.187012,0.48407999999999995,118.59734,3.98
std,0.13305522714041623,0.15866414406615278,4.066990061859667,2.9554872721631487,0.5034574339058886,0.10458353796006759,0.21434692657141657,0.13520693591544516,0.11963616721594877,0.20598532145048884,27.100393651489906,0.14142135623730945
min,0.248,0.364,0.0,-15.118,0.0,0.0291,0.00463,0.0,0.0574,0.11900000000000001,75.014,3.0
max,0.9059999999999999,0.937,11.0,-2.6519999999999997,1.0,0.47200000000000003,0.74,0.807,0.675,0.9259999999999999,202.00599999999997,4.0
