,danceability,energy,key,loudness,mode,speechiness,acousticness,instrumentalness,liveness,valence,tempo,time_signature
mean,0.66596,0.69426,5.32,-6.2624,0.58,0.122506,0.23615488000000004,0.08731816700000002,0.198798,0.5137360000000001,123.62852000000001,3.96
std,0.14373756698673212,0.21259781038287257,3.542396283389455,3.3885535111547505,0.4985693819032897,0.11064477524852186,0.24338378447927603,0.2543558931760085,0.15553026674403084,0.19600380333669287,24.109364343138623,0.19794866372215744
min,0.21100000000000002,0.053,0.0,-20.408,0.0,0.0289,0.0008039999999999999,0.0,0.0372,0.0363,79.982,3.0
max,0.9420000000000001,0.9940000000000001,11.0,-1.501,1.0,0.565,0.9490000000000001,0.915,0.727,0.875,184.16299999999998,4.0
