,danceability,energy,key,loudness,mode,speechiness,acousticness,instrumentalness,liveness,valence,tempo,time_signature
mean,0.6911599999999999,0.66692,5.44,-6.720879999999999,0.62,0.15307799999999994,0.1406628,0.017227214,0.16644399999999998,0.43010400000000004,126.13261999999997,3.96
std,0.15016771032578805,0.1682958813324598,3.76969657199329,2.421213413449832,0.4903143514780145,0.1360430383431385,0.1784707427579418,0.11760953213021871,0.12270283691812142,0.2135420094023465,31.802011744792466,0.1979486637221575
min,0.24,0.217,0.0,-15.372,0.0,0.0312,0.0019399999999999999,0.0,0.047,0.0872,79.943,3.0
max,0.9359999999999999,0.983,11.0,-2.64,1.0,0.504,0.8370000000000001,0.8320000000000001,0.557,0.96,202.082,4.0
