,danceability,energy,key,loudness,mode,speechiness,acousticness,instrumentalness,liveness,valence,tempo,time_signature
mean,0.69152,0.6418,5.76,-7.601600000000001,0.52,0.11263200000000001,0.26382079999999997,0.05207404079999999,0.168588,0.44001599999999996,118.99552,3.94
std,0.13661344840722778,0.1839469755008719,3.3960361047094,3.9825196977362394,0.5046720495044484,0.08328989560687468,0.273585113979514,0.19513207196573004,0.1342679162065494,0.21799142031422303,26.186274743624217,0.469910977239958
min,0.303,0.10400000000000001,0.0,-24.515,0.0,0.0249,0.00195,0.0,0.038,0.0384,75.801,1.0
max,0.922,0.922,11.0,-2.707,1.0,0.322,0.9840000000000001,0.956,0.6579999999999999,0.968,174.97400000000002,5.0
