,danceability,energy,key,loudness,mode,speechiness,acousticness,instrumentalness,liveness,valence,tempo,time_signature
mean,0.6718999999999999,0.7142600000000001,5.38,-5.59038,0.7,0.10593400000000003,0.16440826,0.0331274826,0.184312,0.45454000000000017,120.60967999999997,4.0
std,0.12815492059795985,0.1625285921470623,4.01471782117666,2.032042682843537,0.4629100498862757,0.09004807017841718,0.19352263157213548,0.13911418609990303,0.13284107067147138,0.2030401799986336,25.68504610877302,0.20203050891044214
min,0.37799999999999995,0.31,0.0,-11.440999999999999,0.0,0.0247,0.00019099999999999998,0.0,0.0508,0.10800000000000001,72.988,3.0
max,0.9390000000000001,0.996,11.0,-1.746,1.0,0.345,0.852,0.703,0.614,0.9009999999999999,180.049,5.0
