,danceability,energy,key,loudness,mode,speechiness,acousticness,instrumentalness,liveness,valence,tempo,time_signature
mean,0.63904,0.620244,5.78,-8.213239999999999,0.58,0.12276800000000002,0.264945524,0.11299589019999999,0.15603399999999998,0.441712,119.63158000000001,3.96
std,0.1611284137397427,0.25883688202008137,3.8929030141465146,5.183323457365309,0.49856938190328975,0.10556307223839294,0.29383295837718343,0.26641261682463163,0.11301405838140995,0.265389986154377,30.28072492128905,0.1979486637221575
min,0.212,0.0076,0.0,-28.166999999999998,0.0,0.0279,3.01e-05,0.0,0.0371,0.0369,63.98,3.0
max,0.897,0.97,11.0,-0.9570000000000001,1.0,0.385,0.996,0.965,0.653,0.858,204.08,4.0
