,danceability,energy,key,loudness,mode,speechiness,acousticness,instrumentalness,liveness,valence,tempo,time_signature
mean,0.6385199999999999,0.6767199999999999,5.68,-6.576020000000001,0.46,0.108094,0.18815563199999996,0.023276031600000004,0.20217400000000008,0.412216,120.32291999999995,4.0
std,0.11475746207563507,0.18860476328739387,3.6165154048433665,2.75359862124798,0.5034574339058886,0.09393049625404207,0.26826354315176437,0.11842466426485432,0.1440940124094159,0.18777871840470706,22.871785818428812,0.0
min,0.297,0.2,0.0,-13.302999999999999,0.0,0.0269,3.16e-05,0.0,0.0365,0.0398,75.016,4.0
max,0.884,0.9670000000000001,11.0,-2.332,1.0,0.397,0.9420000000000001,0.8190000000000001,0.748,0.868,174.00900000000001,4.0
