,danceability,energy,key,loudness,mode,speechiness,acousticness,instrumentalness,liveness,valence,tempo,time_signature
mean,0.6542600000000002,0.6591800000000001,5.92,-6.467939999999998,0.68,0.11856199999999997,0.19319696000000003,0.04692448659999998,0.135394,0.42822600000000016,122.26304,3.98
std,0.16666216715014742,0.17051443053421658,3.4749247532596055,2.656791224121954,0.4712120714991612,0.11072808188696916,0.22039531010982638,0.18556032932532124,0.08226640500129281,0.22386304195892195,27.961917478234422,0.24660966430902945
min,0.19699999999999998,0.255,0.0,-14.050999999999998,0.0,0.0253,0.000308,0.0,0.0429,0.0564,73.98899999999999,3.0
max,0.94,0.9640000000000001,11.0,-2.371,1.0,0.45799999999999996,0.867,0.861,0.35600000000000004,0.924,186.44299999999998,5.0
