,danceability,energy,key,loudness,mode,speechiness,acousticness,instrumentalness,liveness,valence,tempo,time_signature
mean,0.6227999999999999,0.5803,5.26,-7.62922,0.44,0.10187400000000002,0.26610357999999995,0.0550609556,0.1906299999999999,0.513282,121.08732000000003,3.96
std,0.16653785498455642,0.2048719112030734,4.08985803855222,3.084215742539846,0.5014265364224069,0.1214537264868848,0.2918929971725443,0.16578741296206215,0.15976886014949654,0.26895392495931425,30.301482782766353,0.3475864303027552
min,0.256,0.139,0.0,-15.218,0.0,0.0293,0.0006190000000000001,0.0,0.0353,0.0669,78.053,3.0
max,0.9440000000000001,0.997,11.0,0.418,1.0,0.765,0.966,0.9129999999999999,0.9229999999999999,0.9359999999999999,205.00599999999997,5.0
