,danceability,energy,key,loudness,mode,speechiness,acousticness,instrumentalness,liveness,valence,tempo,time_signature
mean,0.6873600000000001,0.6362319999999998,5.08,-6.54302,0.68,0.09610399999999998,0.27406141999999994,0.020178771800000002,0.129518,0.4771200000000001,115.84614000000002,3.96
std,0.13222163829212322,0.1965972921523403,3.853649211448541,3.128416522518597,0.47121207149916117,0.09136400166367493,0.2565526955673255,0.10463810994740359,0.05735427208613681,0.20628172137014122,24.11868529856096,0.2828427124746189
min,0.266,0.0596,0.0,-18.515,0.0,0.0281,0.00043099999999999996,0.0,0.0379,0.11699999999999999,78.072,3.0
max,0.878,0.9640000000000001,11.0,-1.746,1.0,0.484,0.905,0.7,0.325,0.8029999999999999,181.74,5.0
