,danceability,energy,key,loudness,mode,speechiness,acousticness,instrumentalness,liveness,valence,tempo,time_signature
mean,0.7359000000000002,0.6051799999999998,4.54,-6.736200000000001,0.68,0.16195400000000004,0.252917,0.007027750400000001,0.140094,0.44370000000000004,117.38294000000002,3.98
std,0.13270932637204685,0.1441399107726622,3.345481265522075,2.598047422231408,0.4712120714991613,0.15795900037668006,0.2416067330131884,0.03970421290814443,0.080730153712026,0.17148728161324983,25.829855528612228,0.14142135623730934
min,0.43799999999999994,0.225,0.0,-14.885,0.0,0.0272,0.000143,0.0,0.0545,0.175,81.657,3.0
max,0.978,0.868,11.0,1.2209999999999999,1.0,0.902,0.9109999999999999,0.273,0.442,0.8109999999999999,179.97400000000002,4.0
