,danceability,energy,key,loudness,mode,speechiness,acousticness,instrumentalness,liveness,valence,tempo,time_signature
mean,0.7218199999999999,0.6181400000000001,5.3,-6.567200000000001,0.58,0.15363999999999994,0.2913796,0.0263513248,0.18467399999999998,0.5272199999999998,119.87014000000005,3.94
std,0.15081163951182583,0.1655306877030014,3.6041359461551044,2.462501242100588,0.49856938190328975,0.13187887763909328,0.273868239441703,0.13131139778647988,0.14586523947025312,0.20229013816792946,26.468382546983662,0.46991097723995817
min,0.319,0.32,0.0,-13.323,0.0,0.0284,0.000373,0.0,0.0574,0.0384,62.474,1.0
max,0.9540000000000001,0.951,11.0,-2.3169999999999997,1.0,0.608,0.866,0.91,0.8190000000000001,0.973,175.562,5.0
