,danceability,energy,key,loudness,mode,speechiness,acousticness,instrumentalness,liveness,valence,tempo,time_signature
mean,0.6380599999999998,0.59048,5.66,-7.78172,0.6,0.085808,0.20589282000000003,0.014967557599999999,0.15933,0.5258099999999998,118.45152000000003,3.96
std,0.1634082667206683,0.16916206937220207,3.7231213588951433,2.9935409313645778,0.49487165930539356,0.09103967926129793,0.22413316740065173,0.054983828884880515,0.09393917756523447,0.2451436199205582,27.3973077377158,0.1979486637221575
min,0.258,0.19699999999999998,0.0,-15.93,0.0,0.0235,0.00045099999999999996,0.0,0.0475,0.0718,50.687,3.0
max,0.929,0.934,11.0,-2.345,1.0,0.452,0.977,0.298,0.43,0.965,180.043,4.0
