,danceability,energy,key,loudness,mode,speechiness,acousticness,instrumentalness,liveness,valence,tempo,time_signature
mean,0.6674800000000001,0.6308999999999998,4.92,-6.52394,0.68,0.13425000000000004,0.17167540999999997,0.025621689399999998,0.180502,0.453018,119.51348000000002,3.96
std,0.1741752858590496,0.17633273857646956,3.4983377977174785,2.5092550680085375,0.4712120714991612,0.11354398096000026,0.19141519703492105,0.13140927358133747,0.14186176008886325,0.2254431587621436,30.22930440931482,0.2828427124746189
min,0.24,0.11599999999999999,0.0,-13.216,0.0,0.0258,4.24e-05,0.0,0.0424,0.0768,71.834,3.0
max,0.9490000000000001,0.943,11.0,-2.384,1.0,0.506,0.877,0.914,0.7240000000000001,0.887,191.702,5.0
