,danceability,energy,key,loudness,mode,speechiness,acousticness,instrumentalness,liveness,valence,tempo,time_signature
mean,0.62692,0.6176999999999999,4.76,-7.10804,0.64,0.10722399999999997,0.23665135400000006,0.05962344879999999,0.19168400000000002,0.44348800000000005,127.81546,3.98
std,0.1724764213403309,0.20016353008355492,3.2360217450897752,3.0384689751012863,0.4848732213850611,0.09826509036109146,0.2552654719053593,0.15605732627596652,0.1618319175400634,0.2369299040748085,27.382482678552442,0.24660966430902945
min,0.259,0.177,0.0,-16.879,0.0,0.0261,2.95e-05,0.0,0.0473,0.038,74.10300000000001,3.0
max,0.8690000000000001,0.9620000000000001,11.0,-2.984,1.0,0.408,0.9129999999999999,0.7090000000000001,0.6990000000000001,0.9620000000000001,204.049,5.0
