,danceability,energy,key,loudness,mode,speechiness,acousticness,instrumentalness,liveness,valence,tempo,time_signature
mean,0.6806399999999999,0.64042,4.84,-6.0072,0.62,0.11513399999999997,0.2028582902,0.017988626599999998,0.18483200000000008,0.5196939999999999,117.58561999999998,3.94
std,0.16170113020694715,0.1659058117346916,3.4721045785059,1.723792082258514,0.4903143514780145,0.09977110049446962,0.21394001214230207,0.08224162301674669,0.13837791855226447,0.23022591071220744,33.66858736718297,0.3136356914300022
min,0.258,0.335,0.0,-10.13,0.0,0.0297,4.51e-06,0.0,0.0574,0.0394,50.687,3.0
max,0.9359999999999999,0.9740000000000001,11.0,-2.345,1.0,0.389,0.8490000000000001,0.563,0.7040000000000001,0.96,188.36,5.0
