,danceability,energy,key,loudness,mode,speechiness,acousticness,instrumentalness,liveness,valence,tempo,time_signature
mean,0.6404,0.6274999999999997,4.62,-6.821959999999999,0.58,0.15106200000000006,0.17315895999999995,0.06033365060000001,0.17026800000000006,0.42824999999999996,124.92431999999995,3.98
std,0.1543959923345797,0.1955420775220327,3.475218389848739,2.629904304614252,0.49856938190328975,0.13031984341517258,0.1907238766384491,0.21536272338836013,0.11445224730989652,0.22024455818058994,30.332321723204767,0.24660966430902947
min,0.24,0.11599999999999999,0.0,-13.216,0.0,0.0275,0.000813,0.0,0.0424,0.0398,71.834,3.0
max,0.922,0.9179999999999999,11.0,-2.384,1.0,0.506,0.877,0.972,0.5579999999999999,0.872,193.016,5.0
