,danceability,energy,key,loudness,mode,speechiness,acousticness,instrumentalness,liveness,valence,tempo,time_signature
mean,0.7275800000000001,0.5949199999999998,5.5,-7.1065000000000005,0.6,0.14807,0.27095179999999985,0.017475038,0.19505600000000003,0.53262,118.59996000000005,4.0
std,0.1642875888091815,0.16572965938539785,3.85581987893308,2.924409762530496,0.4948716593053935,0.14853016906490404,0.26964692740685775,0.09325162571032303,0.16918158601011504,0.23044109345127747,27.715697352826417,0.20203050891044214
min,0.228,0.204,0.0,-16.616,0.0,0.0277,0.00047999999999999996,0.0,0.0667,0.128,62.619,3.0
max,0.973,0.924,11.0,-2.3169999999999997,1.0,0.82,0.9259999999999999,0.657,0.8190000000000001,0.9670000000000001,202.38299999999998,5.0
