,danceability,energy,key,loudness,mode,speechiness,acousticness,instrumentalness,liveness,valence,tempo,time_signature
mean,0.6950799999999999,0.6164599999999999,4.76,-6.09096,0.62,0.10539600000000002,0.270545628,0.03624163760000001,0.17958200000000005,0.4929200000000001,115.89126,3.96
std,0.1274578505760606,0.17836939542558805,3.38399594731267,2.148932520569035,0.4903143514780145,0.09046402365310867,0.2368984629273728,0.13828193241934267,0.16236900615321778,0.21546369929592715,24.35239565117626,0.1979486637221575
min,0.40399999999999997,0.10400000000000001,0.0,-14.08,0.0,0.0293,8.14e-05,0.0,0.0521,0.11199999999999999,69.709,3.0
max,0.897,0.915,11.0,-1.208,1.0,0.331,0.9790000000000001,0.8220000000000001,0.8420000000000001,0.927,166.111,4.0
