,danceability,energy,key,loudness,mode,speechiness,acousticness,instrumentalness,liveness,valence,tempo,time_signature
mean,0.67438,0.6185399999999999,5.44,-6.432720000000001,0.56,0.087146,0.26414151599999997,0.026096762000000006,0.158426,0.44636000000000015,113.74638000000003,4.0
std,0.13587402478856986,0.1746066377867224,3.7696965719932893,2.522641812845884,0.5014265364224069,0.07394971046292893,0.23798804666684537,0.09293333425079711,0.07954963489699307,0.22514881790513944,22.76354337477147,0.20203050891044214
min,0.306,0.23,0.0,-16.559,0.0,0.0261,4.5799999999999995e-05,0.0,0.0592,0.1,77.053,3.0
max,0.9009999999999999,0.973,11.0,-2.7289999999999996,1.0,0.33,0.795,0.451,0.359,0.9279999999999999,172.065,5.0
