,danceability,energy,key,loudness,mode,speechiness,acousticness,instrumentalness,liveness,valence,tempo,time_signature
mean,0.6160199999999999,0.6025399999999999,4.82,-7.308720000000001,0.56,0.13611600000000001,0.30844942280000004,0.011726926200000001,0.1614160000000001,0.45344199999999985,110.38874,3.98
std,0.15814569490291705,0.21823374568361797,3.526517620913334,3.0662937213036394,0.5014265364224069,0.16475411655691333,0.2714161152081911,0.07167608884211676,0.11836205845469508,0.22109277957362566,27.706227053557207,0.3187987657774485
min,0.281,0.22399999999999998,0.0,-15.218,0.0,0.0241,2.36e-06,0.0,0.0432,0.0661,48.718,3.0
max,0.9540000000000001,0.981,11.0,-2.425,1.0,0.765,0.925,0.507,0.7959999999999999,0.963,176.96,5.0
