,danceability,energy,key,loudness,mode,speechiness,acousticness,instrumentalness,liveness,valence,tempo,time_signature
mean,0.64914,0.6786800000000003,5.36,-6.344100000000001,0.66,0.125718,0.14654059999999997,0.0048653792000000005,0.167104,0.5011399999999999,121.24839999999996,3.96
std,0.15256393908851487,0.1639014686589825,3.3059007232275945,2.368910188164979,0.47851812069840666,0.09898104269123913,0.17916807888410372,0.022745389895839966,0.11374149344286033,0.20878853768678912,32.13598533083548,0.2828427124746189
min,0.27699999999999997,0.205,0.0,-14.08,0.0,0.0296,4.7e-05,0.0,0.0215,0.1,77.176,3.0
max,0.927,0.963,11.0,-2.5610000000000004,1.0,0.379,0.892,0.159,0.5579999999999999,0.9259999999999999,207.57299999999998,5.0
