,danceability,energy,key,loudness,mode,speechiness,acousticness,instrumentalness,liveness,valence,tempo,time_signature
mean,0.7003400000000001,0.6269999999999999,5.28,-6.4859800000000005,0.6,0.137764,0.2098636000000001,0.021451274200000002,0.16268000000000005,0.51888,119.35628000000001,3.96
std,0.1403935590708186,0.17839476975951682,4.06096399533763,2.2065210080068374,0.4948716593053936,0.10759309544647883,0.21218924596958927,0.1045226163111825,0.10009903055658106,0.21518028890838,31.68558227077999,0.19794866372215744
min,0.248,0.19699999999999998,0.0,-12.89,0.0,0.0302,0.0041,0.0,0.0211,0.13699999999999998,62.512,3.0
max,0.935,0.937,11.0,-2.6519999999999997,1.0,0.48200000000000004,0.88,0.652,0.606,0.9129999999999999,202.00599999999997,4.0
