,danceability,energy,key,loudness,mode,speechiness,acousticness,instrumentalness,liveness,valence,tempo,time_signature
mean,0.6751599999999999,0.6110779999999998,5.64,-6.959139999999999,0.48,0.13231799999999996,0.2543753000000001,0.003504084,0.153676,0.46058599999999994,118.02801999999998,3.96
std,0.14928747230680514,0.18793997662084802,3.7184591937400904,3.286681671317048,0.5046720495044484,0.11310257704709419,0.27976235737155886,0.013635689042201435,0.09848296146013878,0.19869352465235374,23.01991810256004,0.1979486637221575
min,0.358,0.0279,0.0,-22.281999999999996,0.0,0.0312,0.00011499999999999999,0.0,0.0404,0.0483,75.016,3.0
max,0.9390000000000001,0.907,11.0,-3.012,1.0,0.537,0.935,0.0892,0.414,0.851,159.834,4.0
