,danceability,energy,key,loudness,mode,speechiness,acousticness,instrumentalness,liveness,valence,tempo,time_signature
mean,0.6591399999999998,0.6878399999999999,5.66,-6.431759999999998,0.62,0.13057,0.1504069,0.023653679400000006,0.192708,0.5193099999999999,128.4786600000001,3.96
std,0.14542899382481458,0.14982824997241315,4.033583508292267,2.283374763058274,0.4903143514780145,0.1282574455809049,0.19204526535256405,0.12176218893559199,0.12323802891732961,0.1922106712512527,30.934547354453045,0.19794866372215753
min,0.34,0.301,0.0,-12.265999999999998,0.0,0.0266,0.000898,0.0,0.0473,0.0684,67.505,3.0
max,0.929,0.94,11.0,-2.197,1.0,0.555,0.7859999999999999,0.8270000000000001,0.575,0.93,185.575,4.0
