,danceability,energy,key,loudness,mode,speechiness,acousticness,instrumentalness,liveness,valence,tempo,time_signature
mean,0.6571799999999999,0.64404,5.34,-7.0017,0.54,0.103514,0.17818249999999997,0.026759414200000005,0.16372400000000004,0.48580200000000007,117.89272,3.96
std,0.14126320635391143,0.19553995990172277,3.712142238654117,3.202553122119913,0.5034574339058886,0.09793892309568682,0.19182911372814215,0.1114646041589603,0.12437179212969082,0.23213412949747614,27.228145502619835,0.1979486637221575
min,0.325,0.177,0.0,-16.409000000000002,0.0,0.0299,0.000735,0.0,0.0564,0.0981,71.855,3.0
max,0.924,0.9420000000000001,11.0,-2.589,1.0,0.433,0.787,0.7020000000000001,0.7,0.895,204.049,4.0
