,danceability,energy,key,loudness,mode,speechiness,acousticness,instrumentalness,liveness,valence,tempo,time_signature
mean,0.67926,0.629088,5.68,-6.639259999999999,0.56,0.09861200000000002,0.29566355999999994,0.019339116200000003,0.17299400000000006,0.4913539999999999,123.65420000000002,3.9
std,0.1561430283622117,0.19039326501550763,3.6221540552549656,2.5542224170009553,0.5014265364224069,0.10139752369878122,0.258383481672159,0.1331790727619376,0.1233077374966008,0.20767353816281267,22.870090307059595,0.46291004988627554
min,0.255,0.0674,0.0,-19.18,0.0,0.0289,0.0001,0.0,0.0489,0.0827,86.00299999999999,1.0
max,0.9540000000000001,0.946,11.0,-2.293,1.0,0.54,0.961,0.9420000000000001,0.764,0.9129999999999999,177.91299999999998,4.0
