,danceability,energy,key,loudness,mode,speechiness,acousticness,instrumentalness,liveness,valence,tempo,time_signature
mean,0.66384,0.6783199999999998,5.18,-5.98884,0.44,0.11875199999999995,0.17675551799999997,0.048774487,0.19046799999999997,0.48706599999999994,119.72151999999994,4.0
std,0.13685913508839245,0.13937768977911516,3.6794520443863346,2.0216161584843197,0.5014265364224069,0.09905232226928742,0.19943354706090383,0.17448177521654878,0.13864504295031205,0.2132804071772986,28.06063903532883,0.0
min,0.312,0.29600000000000004,0.0,-10.109,0.0,0.0239,1.09e-05,0.0,0.0492,0.0793,72.98899999999999,4.0
max,0.903,0.9259999999999999,11.0,-2.187,1.0,0.46299999999999997,0.934,0.802,0.606,0.856,195.82299999999998,4.0
