,danceability,energy,key,loudness,mode,speechiness,acousticness,instrumentalness,liveness,valence,tempo,time_signature
mean,0.6674599999999999,0.6453800000000001,5.48,-6.3810400000000005,0.5,0.09888000000000002,0.19691796000000006,0.0365664928,0.182134,0.4459700000000001,112.81480000000002,4.02
std,0.14133852977868422,0.16482555899483303,3.52969906793824,1.963606250899459,0.5050762722761054,0.0741877403371105,0.2165133367940937,0.16064368711781957,0.14033408187141808,0.2071732157556343,22.036489042180072,0.2466096643090295
min,0.34,0.301,0.0,-11.975,0.0,0.0302,0.000898,0.0,0.0546,0.0591,73.483,3.0
max,0.905,0.9540000000000001,11.0,-3.094,1.0,0.35100000000000003,0.79,0.8859999999999999,0.6709999999999999,0.872,175.933,5.0
