,danceability,energy,key,loudness,mode,speechiness,acousticness,instrumentalness,liveness,valence,tempo,time_signature
mean,0.6602600000000001,0.5687399999999999,4.6,-7.577660000000002,0.64,0.09679399999999999,0.2687182,0.04503032060000001,0.14801599999999998,0.43460800000000005,118.86064,3.94
std,0.1670453696161737,0.19238119153686217,3.725258517258657,3.007649883350176,0.4848732213850611,0.06264736230745578,0.2553082867044452,0.17192524296922831,0.0969608554720798,0.23058571812686413,29.355366289491332,0.4699109772399581
min,0.215,0.127,0.0,-19.422,0.0,0.0276,0.00123,0.0,0.0352,0.037000000000000005,70.051,1.0
max,0.9359999999999999,0.93,11.0,-2.334,1.0,0.27399999999999997,0.9640000000000001,0.775,0.5379999999999999,0.924,202.236,5.0
