,danceability,energy,key,loudness,mode,speechiness,acousticness,instrumentalness,liveness,valence,tempo,time_signature
mean,0.7197999999999998,0.64602,6.06,-6.6134,0.46,0.13468599999999997,0.21521780000000004,0.011733307400000004,0.16578600000000002,0.5110600000000001,119.14044,3.98
std,0.1343958514908819,0.154567796366091,3.9144421240908827,2.556653137464314,0.5034574339058886,0.10915477685472169,0.19893990034209438,0.05580727129902752,0.10304071319391286,0.2141174015176092,26.524579766745582,0.14142135623730948
min,0.248,0.364,0.0,-14.505,0.0,0.0295,0.0041,0.0,0.0574,0.13699999999999998,81.97200000000001,3.0
max,0.935,0.937,11.0,-2.6519999999999997,1.0,0.423,0.74,0.36200000000000004,0.606,0.9259999999999999,202.00599999999997,4.0
