,danceability,energy,key,loudness,mode,speechiness,acousticness,instrumentalness,liveness,valence,tempo,time_signature
mean,0.6696600000000003,0.6535799999999999,5.42,-6.35258,0.6,0.10936600000000003,0.18363450800000009,0.02172895579999999,0.18375799999999995,0.44006799999999996,123.87339999999999,4.02
std,0.1478978701672205,0.17501709420884046,3.4646317942009013,2.3119548146315405,0.49487165930539356,0.086964657634875,0.21863684453484092,0.13323199409791847,0.1690024502780951,0.2343228258411973,26.193025773737435,0.14142135623730945
min,0.29,0.223,0.0,-12.39,0.0,0.0295,8.400000000000001e-06,0.0,0.0317,0.0397,77.043,4.0
max,0.909,0.972,11.0,-2.423,1.0,0.46299999999999997,0.934,0.941,0.976,0.96,181.995,5.0
