,danceability,energy,key,loudness,mode,speechiness,acousticness,instrumentalness,liveness,valence,tempo,time_signature
mean,0.7105199999999999,0.6089,4.52,-6.34366,0.7,0.11013799999999996,0.23229164800000007,0.0390885386,0.184952,0.4938999999999998,113.01614000000004,3.96
std,0.13338439770460567,0.17997474312598785,3.4180791837115843,2.2134163049873092,0.46291004988627565,0.10231617840432326,0.20444448445199026,0.14480819466577263,0.17550862091739694,0.18824866858623407,24.309700250848888,0.19794866372215744
min,0.373,0.266,0.0,-12.189,0.0,0.0293,8.14e-05,0.0,0.052000000000000005,0.158,62.512,3.0
max,0.975,0.937,11.0,-2.133,1.0,0.435,0.7979999999999999,0.8220000000000001,0.8420000000000001,0.91,160.063,4.0
