,danceability,energy,key,loudness,mode,speechiness,acousticness,instrumentalness,liveness,valence,tempo,time_signature
mean,0.6900999999999999,0.66348,5.78,-6.232120000000001,0.48,0.13506600000000005,0.20217535599999997,0.0393172804,0.189164,0.55408,132.2398,3.84
std,0.15314342350641538,0.19520269318985184,3.5242020373412193,3.203845779875256,0.5046720495044484,0.12600986292787578,0.2070605590919711,0.15417164177895862,0.14212336658907374,0.22722863070538643,32.23505539068944,0.7384484561897197
min,0.35600000000000004,0.184,0.0,-14.582,0.0,0.0287,3.78e-05,0.0,0.0638,0.16399999999999998,74.975,1.0
max,0.946,0.9940000000000001,11.0,1.2209999999999999,1.0,0.5670000000000001,0.747,0.875,0.718,0.968,210.16400000000002,5.0
