,danceability,energy,key,loudness,mode,speechiness,acousticness,instrumentalness,liveness,valence,tempo,time_signature
mean,0.6661400000000002,0.6906799999999998,5.24,-6.355600000000001,0.48,0.103324,0.16162394,0.042353952400000006,0.15790400000000002,0.491522,122.66685999999996,3.92
std,0.1480799577172786,0.15574147075935077,3.920433128924322,2.1837088465568417,0.5046720495044484,0.07894170300588521,0.2190675999457152,0.16744890242135466,0.1020109757200025,0.22909755812486413,28.787629945481083,0.2740475156178697
min,0.33799999999999997,0.348,0.0,-13.102,0.0,0.0284,0.000897,0.0,0.0404,0.0483,75.016,3.0
max,0.951,0.968,11.0,-3.09,1.0,0.307,0.9,0.8190000000000001,0.43,0.887,203.68099999999998,4.0
