,danceability,energy,key,loudness,mode,speechiness,acousticness,instrumentalness,liveness,valence,tempo,time_signature
mean,0.7047400000000001,0.6014399999999999,5.54,-7.109719999999999,0.56,0.12326799999999995,0.24559980000000003,0.044056675399999995,0.18666599999999994,0.4781682,126.47277999999999,3.94
std,0.16142108832213353,0.14984129835888885,3.3758445655290834,3.312612693747265,0.5014265364224069,0.10591176620379891,0.2385131753643982,0.18842612823625599,0.14474505752374076,0.2050514711659151,28.208621956871884,0.4699109772399583
min,0.166,0.32,0.0,-21.081,0.0,0.0259,0.00124,0.0,0.0596,1e-05,75.801,1.0
max,0.934,0.956,11.0,-0.846,1.0,0.425,0.866,0.983,0.682,0.973,183.942,5.0
