,danceability,energy,key,loudness,mode,speechiness,acousticness,instrumentalness,liveness,valence,tempo,time_signature
mean,0.7155000000000001,0.5666239999999999,5.24,-7.8862,0.62,0.15549200000000002,0.256381,0.08566197380000001,0.14052000000000003,0.450848,120.10073999999999,4.02
std,0.17397363745870306,0.20570925545437144,3.777268206262406,5.361669892936001,0.4903143514780145,0.14030691844405002,0.28398605154198714,0.24601236185035041,0.07544816033515452,0.24224336914325964,30.850686147107762,0.2466096643090295
min,0.165,0.0322,0.0,-30.886999999999997,0.0,0.0282,0.00146,0.0,0.0469,0.038,60.812,3.0
max,0.943,0.987,11.0,-0.7559999999999999,1.0,0.6609999999999999,0.9940000000000001,0.9359999999999999,0.395,0.873,188.115,5.0
