,danceability,energy,key,loudness,mode,speechiness,acousticness,instrumentalness,liveness,valence,tempo,time_signature
mean,0.64512,0.584118,5.42,-8.105060000000003,0.6,0.12517000000000003,0.289799736,0.06850770700000001,0.150106,0.421244,116.61498,3.98
std,0.14739861821964692,0.19035637436457045,3.6201815266246364,3.8609799454521476,0.4948716593053935,0.13000256237663085,0.3129117056056612,0.20194525944106848,0.06989008399491536,0.23521881880148823,25.945541091096864,0.14142135623730936
min,0.309,0.0809,0.0,-19.346,0.0,0.0304,6.579999999999999e-05,0.0,0.0545,0.0392,75.07300000000001,3.0
max,0.867,0.934,11.0,-2.432,1.0,0.5529999999999999,0.977,0.948,0.366,0.9309999999999999,185.47099999999998,4.0
