,danceability,energy,key,loudness,mode,speechiness,acousticness,instrumentalness,liveness,valence,tempo,time_signature
mean,0.7039399999999999,0.5808199999999999,5.7,-7.464799999999999,0.5,0.12298800000000001,0.24371752000000002,0.023308462400000004,0.17645000000000002,0.4501579999999999,120.23347999999999,3.94
std,0.1621436010052163,0.19984909511010188,3.290369373223149,3.1201574070706686,0.5050762722761054,0.10038509857706238,0.27155558474525304,0.1292259992457889,0.12829382610370044,0.20649102178436482,28.98845299758974,0.46991097723995834
min,0.317,0.11199999999999999,0.0,-18.049,0.0,0.0259,0.000123,0.0,0.0569,0.0384,75.40100000000001,1.0
max,0.934,0.941,11.0,-2.707,1.0,0.48100000000000004,0.96,0.91,0.682,0.884,189.30200000000002,5.0
