,danceability,energy,key,loudness,mode,speechiness,acousticness,instrumentalness,liveness,valence,tempo,time_signature
mean,0.7096399999999998,0.5906400000000002,5.62,-7.783280000000001,0.54,0.15202400000000002,0.23051941999999997,0.0339650252,0.188054,0.507284,124.8695,3.92
std,0.17144925589496962,0.20509358341787212,3.702674157736182,3.6423134554504095,0.5034574339058886,0.13350301924278257,0.24904150037637893,0.15522000585818949,0.1581838419081302,0.22367196220704783,33.007823235483094,0.4882287854467154
min,0.317,0.184,0.0,-15.442,0.0,0.0259,0.000123,0.0,0.0409,0.0491,68.482,1.0
max,0.938,0.941,11.0,-1.7790000000000001,1.0,0.523,0.8370000000000001,0.7879999999999999,0.7170000000000001,0.9229999999999999,189.30200000000002,5.0
