,danceability,energy,key,loudness,mode,speechiness,acousticness,instrumentalness,liveness,valence,tempo,time_signature
mean,0.63096,0.6394,4.78,-6.870860000000001,0.64,0.08912800000000003,0.25647366,0.0652477986,0.152778,0.446864,118.0326,3.94
std,0.13763304657749925,0.19531011447522767,3.693844852713548,2.5864696450756886,0.4848732213850611,0.07635369908043295,0.2857855120160394,0.17830532455028478,0.1203645114997416,0.24434446140726857,24.918733981992464,0.23989793748209529
min,0.389,0.07200000000000001,0.0,-17.984,0.0,0.0243,0.000101,0.0,0.0495,0.0453,73.554,3.0
max,0.9079999999999999,0.9420000000000001,11.0,-3.78,1.0,0.324,0.981,0.797,0.638,0.966,174.107,4.0
