,danceability,energy,key,loudness,mode,speechiness,acousticness,instrumentalness,liveness,valence,tempo,time_signature
mean,0.65876,0.64312,6.26,-6.240279999999998,0.58,0.13077800000000003,0.163642,0.026711230399999997,0.19081200000000006,0.4622899999999999,123.18294000000002,3.94
std,0.17637674889571023,0.15193092415399087,2.926375483321946,2.397226101398133,0.49856938190328975,0.11321768681687179,0.18953559371715453,0.1192899094459736,0.16686522318986688,0.21850634815417486,27.35534605543591,0.23989793748209529
min,0.317,0.31,1.0,-11.875,0.0,0.0239,0.00476,0.0,0.0417,0.0778,71.91199999999999,3.0
max,0.98,0.9129999999999999,11.0,-1.081,1.0,0.46299999999999997,0.731,0.752,0.909,0.8759999999999999,175.985,4.0
