,danceability,energy,key,loudness,mode,speechiness,acousticness,instrumentalness,liveness,valence,tempo,time_signature
mean,0.6900400000000001,0.5821199999999999,5.24,-6.6767199999999995,0.62,0.09584000000000001,0.27026610799999995,0.05064123779999999,0.1877060000000001,0.491034,117.6503,3.94
std,0.14164830837431883,0.20273584300960776,3.771861447019257,2.6743187501012025,0.4903143514780145,0.07955564347149273,0.26038968588615274,0.18424189942559246,0.14555766710503856,0.22334934803886886,26.806472910246043,0.23989793748209529
min,0.29,0.10400000000000001,0.0,-15.359000000000002,0.0,0.0288,8.14e-05,0.0,0.0521,0.0747,62.512,3.0
max,0.95,0.9329999999999999,11.0,-2.806,1.0,0.331,0.9790000000000001,0.915,0.764,0.927,180.08,4.0
