,danceability,energy,key,loudness,mode,speechiness,acousticness,instrumentalness,liveness,valence,tempo,time_signature
mean,0.6779999999999999,0.624672,5.48,-6.8350599999999995,0.72,0.104706,0.23344979999999999,0.0157325054,0.14326200000000006,0.4684199999999999,122.22808000000003,4.0
std,0.15497886623534138,0.17660741547285036,3.626658663456555,3.1678365463012184,0.4535573676110727,0.09362410602281568,0.23458681149742971,0.09895481578269562,0.07730355983565897,0.19805215660197661,29.130063096984287,0.20203050891044214
min,0.266,0.0596,0.0,-18.515,0.0,0.0283,0.00182,0.0,0.0542,0.11900000000000001,61.638000000000005,3.0
max,0.938,0.9640000000000001,11.0,-1.746,1.0,0.41200000000000003,0.905,0.7,0.33799999999999997,0.9440000000000001,186.31099999999998,5.0
