,danceability,energy,key,loudness,mode,speechiness,acousticness,instrumentalness,liveness,valence,tempo,time_signature
mean,0.6988399999999999,0.6220279999999999,5.76,-6.83998,0.62,0.12777200000000002,0.25176398000000005,0.0361753084,0.17839400000000002,0.4923740000000001,127.94132000000003,3.92
std,0.14561948737047806,0.18198884922108916,3.8362396554278972,2.6828929899476432,0.49031435147801444,0.12588050543662269,0.22547538279264406,0.1757488327902443,0.14054735625767,0.20156416389662854,27.29362499494887,0.4444671196029722
min,0.353,0.0674,0.0,-19.18,0.0,0.0301,0.0001,0.0,0.0659,0.0827,86.00299999999999,1.0
max,0.9540000000000001,0.935,11.0,-2.293,1.0,0.565,0.961,0.9420000000000001,0.764,0.9129999999999999,191.97099999999998,4.0
