,danceability,energy,key,loudness,mode,speechiness,acousticness,instrumentalness,liveness,valence,tempo,time_signature
mean,0.6946800000000001,0.625282,4.3,-6.612459999999999,0.62,0.09738799999999999,0.21751800000000002,0.0327039964,0.18235000000000007,0.46767400000000003,116.17327999999998,3.96
std,0.1300262830573661,0.16653125181975023,3.621083387324736,3.2546877916040318,0.4903143514780145,0.0927236549085067,0.22378416879681554,0.14450232617193218,0.11614336891470448,0.19856211572200777,28.083077681095585,0.1979486637221575
min,0.341,0.0161,0.0,-23.209,0.0,0.0261,0.0006900000000000001,0.0,0.0645,0.0877,62.512,3.0
max,0.9009999999999999,0.9059999999999999,11.0,-1.167,1.0,0.37799999999999995,0.985,0.9259999999999999,0.659,0.9009999999999999,192.09900000000002,4.0
