,danceability,energy,key,loudness,mode,speechiness,acousticness,instrumentalness,liveness,valence,tempo,time_signature
mean,0.6768800000000001,0.5859220000000002,5.82,-6.91404,0.62,0.143504,0.32783434,0.027758393600000004,0.17301399999999995,0.49458000000000013,120.33767999999998,4.0
std,0.1883332521822714,0.19700352766964785,3.5610706942991066,2.6579710918100594,0.4903143514780145,0.12292118423890114,0.3216267015512854,0.10466084786037264,0.14030317029888656,0.2112585310437794,28.581106650458754,0.2857142857142857
min,0.228,0.0831,0.0,-14.454,0.0,0.026000000000000002,0.000607,0.0,0.0506,0.128,62.474,3.0
max,0.9540000000000001,0.951,11.0,-2.3169999999999997,1.0,0.49200000000000005,0.9259999999999999,0.657,0.8190000000000001,0.898,175.562,5.0
