,danceability,energy,key,loudness,mode,speechiness,acousticness,instrumentalness,liveness,valence,tempo,time_signature
mean,0.6826600000000002,0.6305199999999999,5.92,-6.682920000000001,0.62,0.14769400000000002,0.24266390000000002,0.0138884826,0.18724999999999994,0.5336319999999999,134.13921999999994,3.94
std,0.16720030880744843,0.2024006170838379,3.439506371797071,3.053980118615372,0.49031435147801455,0.16150137853711266,0.23497813843074328,0.051558886394616824,0.17856243205909003,0.21653172406492915,33.767509448260576,0.4242640687119286
min,0.12,0.16,0.0,-13.955,0.0,0.0287,0.000587,0.0,0.0638,0.0836,68.53399999999999,1.0
max,0.9490000000000001,0.9940000000000001,11.0,1.2209999999999999,1.0,0.856,0.9390000000000001,0.273,0.932,0.94,210.16400000000002,4.0
