,danceability,energy,key,loudness,mode,speechiness,acousticness,instrumentalness,liveness,valence,tempo,time_signature
mean,0.6851,0.6387999999999999,5.16,-6.496500000000001,0.64,0.11025600000000002,0.15852508400000004,0.001529791,0.14048600000000003,0.514202,120.53939999999997,3.98
std,0.13558313211563494,0.17576642664255843,4.001836313188112,2.5415677730286794,0.4848732213850611,0.09514004105656512,0.1846663494815517,0.005959963499938658,0.083086807346907,0.23847067033109812,29.09987952285882,0.24660966430902945
min,0.35100000000000003,0.177,0.0,-16.409000000000002,0.0,0.0242,6.42e-05,0.0,0.0459,0.0981,75.01,3.0
max,0.945,0.9620000000000001,11.0,-2.6260000000000003,1.0,0.36200000000000004,0.738,0.0376,0.39399999999999996,0.9620000000000001,204.049,5.0
