,danceability,energy,key,loudness,mode,speechiness,acousticness,instrumentalness,liveness,valence,tempo,time_signature
mean,0.6731000000000001,0.62162,6.0,-6.434359999999999,0.66,0.08156400000000001,0.263347,0.025592614199999995,0.17457399999999995,0.475202,126.94727999999998,3.98
std,0.12594382453608238,0.181628111867101,3.534090536243709,2.6303223342474236,0.47851812069840666,0.07265599897981655,0.22189799715331607,0.1287199668019974,0.1330541853869302,0.22112170578988527,24.27623142931777,0.1414213562373094
min,0.319,0.18100000000000002,0.0,-15.359000000000002,0.0,0.0288,0.000349,0.0,0.0515,0.047,88.031,3.0
max,0.9009999999999999,0.9079999999999999,11.0,-1.2109999999999999,1.0,0.336,0.799,0.831,0.764,0.9,177.91299999999998,4.0
