,danceability,energy,key,loudness,mode,speechiness,acousticness,instrumentalness,liveness,valence,tempo,time_signature
mean,0.6910400000000001,0.62204,5.38,-6.417219999999999,0.48,0.11721199999999996,0.17936964000000002,0.0029897158000000003,0.18700199999999995,0.46944199999999986,122.35826000000003,3.98
std,0.16850579351755118,0.15096532376539934,3.7736465339596,1.9564741745063248,0.5046720495044485,0.09840785732690999,0.18128826696151237,0.016300877753800846,0.1530253913704573,0.23245013254108357,28.818614705486198,0.24660966430902945
min,0.258,0.379,0.0,-11.179,0.0,0.0297,0.000762,0.0,0.0636,0.0573,50.687,3.0
max,0.96,0.934,11.0,-2.345,1.0,0.389,0.804,0.113,0.934,0.9359999999999999,183.53799999999998,5.0
