,danceability,energy,key,loudness,mode,speechiness,acousticness,instrumentalness,liveness,valence,tempo,time_signature
mean,0.71856,0.6286000000000002,4.44,-6.6612599999999995,0.66,0.148978,0.18205280000000001,0.03130453019999999,0.14702799999999996,0.5088620000000001,123.74169999999997,4.0
std,0.12632920388849933,0.17561414103258388,3.8764595671192295,2.9708562279145685,0.4785181206984066,0.15412340310177902,0.2014269660527718,0.13922516987182917,0.08367024936362642,0.22482383388251492,26.26559746772829,0.20203050891044214
min,0.414,0.223,0.0,-16.541,0.0,0.0253,0.00146,0.0,0.0599,0.0716,71.975,3.0
max,0.9079999999999999,0.9540000000000001,11.0,-1.865,1.0,0.747,0.7509999999999999,0.81,0.379,0.976,175.114,5.0
