,danceability,energy,key,loudness,mode,speechiness,acousticness,instrumentalness,liveness,valence,tempo,time_signature
mean,0.7060799999999999,0.6369399999999998,5.1,-6.056559999999998,0.6,0.12632199999999996,0.26160999999999995,0.052764691600000004,0.17856600000000009,0.4947080000000001,125.55709999999999,3.96
std,0.12921803121792536,0.1677278419928899,3.6491542212699435,2.0090232387599576,0.49487165930539356,0.13195363640000105,0.21723873041388536,0.20761139112922763,0.14072926622216347,0.2002422164300434,27.21761424957697,0.19794866372215747
min,0.38299999999999995,0.321,0.0,-10.369000000000002,0.0,0.0301,0.00162,0.0,0.052000000000000005,0.0727,72.954,3.0
max,0.9420000000000001,0.9359999999999999,11.0,-2.293,1.0,0.565,0.7509999999999999,0.9179999999999999,0.764,0.9229999999999999,191.965,4.0
