,danceability,energy,key,loudness,mode,speechiness,acousticness,instrumentalness,liveness,valence,tempo,time_signature
mean,0.6633600000000002,0.6520800000000002,4.72,-6.274839999999998,0.72,0.103568,0.2073911,0.0067497825999999995,0.18726399999999999,0.5085999999999999,129.55427999999998,3.96
std,0.15780273917076318,0.1817177492931367,3.6255330361090863,2.2226006036319945,0.4535573676110727,0.08575663106389249,0.25367564240237,0.025200772900228374,0.14724867313078074,0.20235360039257203,33.49225348938992,0.28284271247461884
min,0.271,0.245,0.0,-11.356,0.0,0.0281,0.000935,0.0,0.0215,0.1,76.979,3.0
max,0.9159999999999999,0.963,11.0,-1.659,1.0,0.387,0.9079999999999999,0.159,0.632,0.9259999999999999,205.571,5.0
