,danceability,energy,key,loudness,mode,speechiness,acousticness,instrumentalness,liveness,valence,tempo,time_signature
mean,0.6971200000000001,0.6920999999999999,5.24,-6.11646,0.58,0.10247799999999996,0.252464702,0.028884568000000003,0.179242,0.568916,121.40196000000002,4.02
std,0.10905618099055596,0.17506678026119177,3.9721479307389185,2.99671572068694,0.4985693819032897,0.08536489095736764,0.23977809110953838,0.14405985347854727,0.14713338400851084,0.23696522379833693,24.473623194027997,0.1414213562373095
min,0.457,0.21899999999999997,0.0,-15.325,0.0,0.026000000000000002,1.51e-05,0.0,0.0497,0.0681,77.058,4.0
max,0.966,0.961,11.0,-2.2430000000000003,1.0,0.41200000000000003,0.799,0.894,0.6809999999999999,0.9670000000000001,179.984,5.0
