,danceability,energy,key,loudness,mode,speechiness,acousticness,instrumentalness,liveness,valence,tempo,time_signature
mean,0.7176399999999998,0.6644800000000001,6.32,-6.244639999999997,0.48,0.10975,0.2571775399999999,0.0062200184,0.16897599999999996,0.59444,116.54056,4.04
std,0.11774302007129851,0.1451111101387977,3.407315060038819,2.6261508789830934,0.5046720495044485,0.08762498071268238,0.24210904754804355,0.0269055757448345,0.13341106578342515,0.2082972914673954,25.808029152595605,0.19794866372215747
min,0.425,0.381,0.0,-13.07,0.0,0.0302,0.000907,0.0,0.0515,0.121,73.483,4.0
max,0.9209999999999999,0.9329999999999999,11.0,-0.872,1.0,0.395,0.857,0.17800000000000002,0.8540000000000001,0.903,175.907,5.0
