,danceability,energy,key,loudness,mode,speechiness,acousticness,instrumentalness,liveness,valence,tempo,time_signature
mean,0.7120799999999999,0.6601680000000002,5.14,-6.351119999999998,0.58,0.11550799999999999,0.21110605999999998,0.013790268400000001,0.14880600000000002,0.5170880000000002,119.09124000000001,3.94
std,0.1683925006813376,0.19006648078598015,3.6478117566898782,3.683602593513417,0.49856938190328975,0.08882733730705444,0.2052458803236076,0.07578333788124873,0.11651027529355336,0.23659635879683008,31.72420766322764,0.23989793748209529
min,0.265,0.0413,0.0,-19.447,0.0,0.03,0.000239,0.0,0.0215,0.0986,54.747,3.0
max,0.909,0.895,11.0,-2.0380000000000003,1.0,0.368,0.973,0.535,0.575,0.951,191.702,4.0
