,danceability,energy,key,loudness,mode,speechiness,acousticness,instrumentalness,liveness,valence,tempo,time_signature
mean,0.7289000000000001,0.6730800000000001,5.62,-5.6,0.48,0.14133000000000004,0.28167599999999987,0.005971902,0.16907599999999995,0.5696000000000002,119.98479999999999,3.98
std,0.09497738721207619,0.14522843933554036,3.64154037826448,2.0966548770528224,0.5046720495044485,0.103493870961186,0.24113992936611278,0.03759041107707135,0.11554171887244884,0.2114748018954852,34.10649747541978,0.14142135623730942
min,0.528,0.315,0.0,-11.42,0.0,0.0287,0.0327,0.0,0.0537,0.158,79.351,3.0
max,0.935,0.9309999999999999,11.0,-1.8659999999999999,1.0,0.395,0.9309999999999999,0.266,0.5,0.9520000000000001,189.993,4.0
