,danceability,energy,key,loudness,mode,speechiness,acousticness,instrumentalness,liveness,valence,tempo,time_signature
mean,0.7659000000000001,0.6901399999999999,5.36,-4.9115600000000015,0.64,0.14305400000000004,0.2628818,0.0011793806,0.19891999999999996,0.6148799999999999,116.50518000000005,4.02
std,0.10245183039370459,0.12574155710692256,3.8743531388991825,1.7696696470222446,0.4848732213850611,0.09153088072629158,0.214572408003186,0.004457473196795308,0.1692365064105284,0.1991854473825324,33.67159665979622,0.14142135623730942
min,0.46299999999999997,0.42100000000000004,0.0,-8.866,0.0,0.0386,0.008790000000000001,0.0,0.0501,0.131,74.93,4.0
max,0.897,0.981,11.0,-1.8,1.0,0.38,0.9329999999999999,0.0225,0.795,0.9470000000000001,185.90099999999998,5.0
