,danceability,energy,key,loudness,mode,speechiness,acousticness,instrumentalness,liveness,valence,tempo,time_signature
mean,0.7151599999999999,0.66512,5.02,-5.950939999999999,0.42,0.106966,0.20907579999999992,0.0073682894,0.16482799999999997,0.5878540000000001,124.88900000000001,4.0
std,0.15119933592338777,0.16314556415067133,3.798442215607093,2.443160210189471,0.49856938190328975,0.08081563197444273,0.18304858868829205,0.0353992174996733,0.08759105359217777,0.21980987258472778,30.05776137400001,0.20203050891044214
min,0.258,0.261,0.0,-13.07,0.0,0.0249,0.0026100000000000003,0.0,0.0616,0.0967,74.038,3.0
max,0.914,0.927,11.0,-2.7310000000000003,1.0,0.33799999999999997,0.7909999999999999,0.18,0.39399999999999996,0.963,188.36,5.0
