,danceability,energy,key,loudness,mode,speechiness,acousticness,instrumentalness,liveness,valence,tempo,time_signature
mean,0.66582,0.6237599999999999,5.14,-6.707299999999999,0.56,0.10428799999999998,0.32907366000000005,0.0186505444,0.16272399999999998,0.518866,123.23747999999999,3.98
std,0.11833189057278942,0.21709318604823008,3.5914297079211748,3.527311199188181,0.5014265364224069,0.08929897647789699,0.27233815669461525,0.1276395435567367,0.1211450042936403,0.24692518705891797,25.911397972068944,0.3187987657774485
min,0.36,0.11599999999999999,0.0,-16.252,0.0,0.0232,0.00048300000000000003,0.0,0.0456,0.0661,85.679,3.0
max,0.965,0.951,11.0,-1.376,1.0,0.475,0.977,0.903,0.632,0.946,189.891,5.0
