,danceability,energy,key,loudness,mode,speechiness,acousticness,instrumentalness,liveness,valence,tempo,time_signature
mean,0.7373000000000001,0.6730200000000002,5.48,-5.029099999999999,0.6,0.128812,0.29111980000000004,0.0176807282,0.15918799999999997,0.61047,125.02488000000001,3.92
std,0.11047508722766045,0.17795246900363537,3.4889914337082844,2.1170783800669586,0.49487165930539356,0.1041472909892915,0.26891501061229783,0.1146092978370463,0.09016702333979523,0.23199288364349557,35.802005014335876,0.4444671196029724
min,0.433,0.12300000000000001,0.0,-11.234000000000002,0.0,0.0259,0.0039700000000000004,0.0,0.0469,0.0605,76.469,1.0
max,0.95,0.9590000000000001,11.0,-0.262,1.0,0.48,0.887,0.81,0.39899999999999997,0.9620000000000001,195.919,4.0
