,danceability,energy,key,loudness,mode,speechiness,acousticness,instrumentalness,liveness,valence,tempo,time_signature
mean,0.72458,0.6628800000000001,5.4,-6.152,0.46,0.15192399999999998,0.21634236,0.0024206672000000005,0.20219599999999996,0.5386799999999998,123.75323999999999,3.96
std,0.12070660837801073,0.13645925459002517,3.3986792152486633,2.304127600633264,0.5034574339058886,0.11235025509721,0.23790579542209297,0.007822209061556595,0.18405901777552164,0.19085515824460034,30.68849725645737,0.19794866372215753
min,0.425,0.379,0.0,-12.552,0.0,0.0342,0.000813,0.0,0.0501,0.162,77.176,3.0
max,0.9279999999999999,0.895,11.0,-2.384,1.0,0.452,0.9840000000000001,0.0392,0.9209999999999999,0.938,199.75599999999997,4.0
