,danceability,energy,key,loudness,mode,speechiness,acousticness,instrumentalness,liveness,valence,tempo,time_signature
mean,0.73222,0.6983800000000002,4.24,-5.688399999999999,0.58,0.11592199999999998,0.21773480000000006,0.0008564348,0.1769900000000001,0.5807999999999999,122.96259999999998,4.02
std,0.11961115400858444,0.1518851459196073,3.6228301035493886,2.4607362511978366,0.49856938190328975,0.08539553897921731,0.18544854542697173,0.0032771617381117833,0.1617929619947061,0.24477161366699132,30.07538751951468,0.14142135623730945
min,0.425,0.40700000000000003,0.0,-13.07,0.0,0.0293,0.0019399999999999999,0.0,0.0465,0.11900000000000001,73.015,4.0
max,0.9359999999999999,0.97,11.0,-0.871,1.0,0.368,0.8009999999999999,0.0219,0.929,0.963,183.817,5.0
