,danceability,energy,key,loudness,mode,speechiness,acousticness,instrumentalness,liveness,valence,tempo,time_signature
mean,0.7400200000000001,0.67682,5.18,-5.70144,0.5,0.124242,0.21057800000000004,0.0017318855999999998,0.19717799999999996,0.5250659999999999,122.42693999999997,3.98
std,0.11124187473194415,0.13554631560270972,3.1602764022748886,1.7949611008234654,0.5050762722761054,0.08078898462497654,0.19644675790095373,0.00696415568447495,0.16895386315047484,0.212716409478029,27.885633247401277,0.14142135623730948
min,0.46,0.32,0.0,-9.789,0.0,0.0273,0.0161,0.0,0.0237,0.0793,81.016,3.0
max,0.934,0.9129999999999999,11.0,-2.384,1.0,0.41100000000000003,0.775,0.039,0.682,0.8370000000000001,180.113,4.0
