,danceability,energy,key,loudness,mode,speechiness,acousticness,instrumentalness,liveness,valence,tempo,time_signature
mean,0.7468999999999998,0.6812199999999998,4.76,-5.642239999999999,0.62,0.13709600000000002,0.24698660000000003,0.019644044800000003,0.15253599999999995,0.57862,118.99036,4.0
std,0.12991021232107242,0.13237520730939042,3.7392567197675173,1.8560274624111817,0.49031435147801444,0.09630418847779856,0.20899160191710467,0.09141719560260136,0.11416069547719448,0.21663661759183894,32.10040703522213,0.20203050891044214
min,0.44799999999999995,0.31,0.0,-11.134,0.0,0.0274,0.00323,0.0,0.0551,0.163,75.235,3.0
max,0.972,0.858,11.0,-2.492,1.0,0.41200000000000003,0.94,0.63,0.61,0.905,200.234,5.0
