,danceability,energy,key,loudness,mode,speechiness,acousticness,instrumentalness,liveness,valence,tempo,time_signature
mean,0.7267400000000002,0.64318,5.66,-6.33288,0.56,0.146284,0.21191759999999987,0.0011456062,0.18396600000000007,0.477884,125.38454000000002,3.96
std,0.1136250205989968,0.12324832904443328,3.6511669926426613,1.8188422381688139,0.5014265364224069,0.11510629224454116,0.21352477960257102,0.005698002914889146,0.1537903948727034,0.22785806659911279,28.454412380629805,0.1979486637221575
min,0.469,0.40399999999999997,0.0,-10.177999999999999,0.0,0.0273,0.0010400000000000001,0.0,0.0237,0.0499,71.91199999999999,3.0
max,0.968,0.9129999999999999,11.0,-3.127,1.0,0.5529999999999999,0.9840000000000001,0.039,0.636,0.905,181.975,4.0
