,danceability,energy,key,loudness,mode,speechiness,acousticness,instrumentalness,liveness,valence,tempo,time_signature
mean,0.7306,0.656184,5.8,-5.6201,0.6,0.15060199999999999,0.29293860000000005,0.016279369199999998,0.17195799999999997,0.59482,125.82830000000001,3.86
std,0.12110747461723106,0.17945639838815716,3.67006645104718,2.6789156521676025,0.49487165930539356,0.10939460026594978,0.24268657633815408,0.07518060118338502,0.13893007357248877,0.2132677429994551,37.02446559316129,0.606428150765461
min,0.433,0.0962,0.0,-15.645999999999999,0.0,0.028999999999999998,0.00903,0.0,0.0569,0.13699999999999998,55.453,1.0
max,0.915,0.972,11.0,-1.681,1.0,0.419,0.9359999999999999,0.465,0.6609999999999999,0.95,192.077,4.0
