,danceability,energy,key,loudness,mode,speechiness,acousticness,instrumentalness,liveness,valence,tempo,time_signature
mean,0.66072,0.6244500000000002,5.3,-6.784079999999999,0.52,0.09071999999999997,0.26079868000000006,0.037981806,0.199542,0.5269039999999999,119.26128,3.9
std,0.1691281412517305,0.21582755422620462,3.985944693801059,3.6468911045112478,0.5046720495044484,0.07602459591259575,0.2678491332786806,0.17453723973168686,0.15651067133207347,0.22200589159308542,26.424332534995084,0.4629100498862757
min,0.3,0.0595,0.0,-23.003,0.0,0.0281,0.0005139999999999999,0.0,0.0456,0.0862,70.429,1.0
max,0.965,0.9570000000000001,11.0,-1.756,1.0,0.40700000000000003,0.992,0.912,0.758,0.9620000000000001,198.632,4.0
