,danceability,energy,key,loudness,mode,speechiness,acousticness,instrumentalness,liveness,valence,tempo,time_signature
mean,0.7182600000000002,0.6649440000000001,4.98,-5.46242,0.46,0.13649199999999997,0.274822,0.0101101342,0.169838,0.5411699999999999,116.37763999999999,4.0
std,0.137237141697226,0.16847014409995986,3.8358672488787207,2.55120464614868,0.5034574339058886,0.13033344495358584,0.24782686788340355,0.06402052209507732,0.12918359643451294,0.22954910572419032,28.63794078630654,0.0
min,0.342,0.0962,0.0,-15.645999999999999,0.0,0.0266,0.0108,0.0,0.0469,0.0395,55.453,4.0
max,0.917,0.905,11.0,-0.753,1.0,0.6809999999999999,0.9359999999999999,0.452,0.636,0.895,180.07299999999998,4.0
