,danceability,energy,key,loudness,mode,speechiness,acousticness,instrumentalness,liveness,valence,tempo,time_signature
mean,0.7301599999999998,0.63172,4.94,-6.136500000000001,0.48,0.12032200000000001,0.329988,0.0038823575999999997,0.15666999999999998,0.5489200000000002,113.57322000000002,4.0
std,0.14469494441332603,0.16539686841543477,3.904001087320023,2.0278581567953986,0.5046720495044485,0.10293533593316469,0.2594814991950096,0.018194962702855432,0.1457520458777544,0.20881530165215773,24.18898062180465,0.2857142857142857
min,0.35100000000000003,0.29600000000000004,0.0,-11.192,0.0,0.0274,0.0149,0.0,0.0291,0.12,64.934,3.0
max,0.963,0.904,11.0,-2.7289999999999996,1.0,0.5720000000000001,0.934,0.122,0.9079999999999999,0.93,170.22,5.0
