,danceability,energy,key,loudness,mode,speechiness,acousticness,instrumentalness,liveness,valence,tempo,time_signature
mean,0.7256400000000001,0.6837200000000001,4.94,-5.091080000000002,0.64,0.153204,0.265431,0.0027202514,0.15738,0.65353,126.58743999999999,4.02
std,0.13307827372931882,0.14016594247024283,3.771049764525869,2.642110982235413,0.4848732213850611,0.10904774644201334,0.23321605430307296,0.018373635272788597,0.1167189682571792,0.2260215903087895,35.13994563035762,0.14142135623730942
min,0.3,0.235,0.0,-16.541,0.0,0.0281,0.00807,0.0,0.0389,0.0895,74.93,4.0
max,0.9009999999999999,0.9109999999999999,11.0,-1.8,1.0,0.426,0.9329999999999999,0.13,0.605,0.9359999999999999,185.90099999999998,5.0
