,danceability,energy,key,loudness,mode,speechiness,acousticness,instrumentalness,liveness,valence,tempo,time_signature
mean,0.7089800000000003,0.65768,5.52,-6.10918,0.46,0.11421799999999999,0.20186383999999996,0.0043574158,0.16501599999999997,0.5569340000000002,117.15650000000005,4.0
std,0.13456301004908214,0.14956077735305126,3.829211033993444,2.311772883502607,0.5034574339058886,0.08979961976647831,0.2097142497784477,0.025263593577947992,0.09832196665308629,0.23298160005301985,26.30844192847767,0.20203050891044214
min,0.258,0.37799999999999995,0.0,-13.333,0.0,0.0253,0.000982,0.0,0.0562,0.0967,78.01899999999999,3.0
max,0.9570000000000001,0.927,11.0,-2.082,1.0,0.365,0.826,0.17800000000000002,0.385,0.963,180.043,5.0
