,danceability,energy,key,loudness,mode,speechiness,acousticness,instrumentalness,liveness,valence,tempo,time_signature
mean,0.7309,0.6516600000000001,5.18,-5.844560000000004,0.6,0.13557800000000003,0.2694560000000001,0.00044450379999999985,0.17047199999999996,0.53604,129.03946,3.98
std,0.11480475884326934,0.14690113432273463,3.936692904000535,2.381792800666364,0.49487165930539356,0.09530556291449613,0.1939750164430503,0.0017527928011149428,0.10731960096375877,0.2202109341295388,36.1188426889933,0.14142135623730948
min,0.42,0.314,0.0,-12.89,0.0,0.027000000000000003,0.0154,0.0,0.0515,0.13699999999999998,82.11200000000001,3.0
max,0.9540000000000001,0.872,11.0,-2.576,1.0,0.37799999999999995,0.767,0.00889,0.612,0.889,233.872,4.0
