,danceability,energy,key,loudness,mode,speechiness,acousticness,instrumentalness,liveness,valence,tempo,time_signature
mean,0.7428,0.6958200000000001,5.36,-5.54854,0.44,0.13556799999999997,0.22937799999999997,0.0001682788,0.17578400000000002,0.519,117.25150000000002,4.0
std,0.10875754723987047,0.13904142533498307,3.595689028800563,1.94764983662938,0.5014265364224069,0.09787921636342604,0.22786708648253878,0.0007678174630402402,0.09834544148675366,0.17901100182812843,25.232680493109466,0.0
min,0.386,0.377,0.0,-11.534,0.0,0.0312,0.0026100000000000003,0.0,0.0602,0.187,72.635,4.0
max,0.929,0.932,11.0,-1.964,1.0,0.368,0.847,0.0045,0.419,0.871,176.16299999999998,4.0
