,danceability,energy,key,loudness,mode,speechiness,acousticness,instrumentalness,liveness,valence,tempo,time_signature
mean,0.7406400000000002,0.68396,6.0,-5.414260000000001,0.64,0.129518,0.251482,0.0204930218,0.20186800000000002,0.61478,123.88320000000002,4.0
std,0.10825419066215575,0.14559588466935822,3.7142857142857144,2.147032872480113,0.4848732213850611,0.10738567093634503,0.239391918171258,0.1165496853986386,0.1523930383540387,0.20371391404494246,32.91611691086596,0.20203050891044214
min,0.46399999999999997,0.319,0.0,-10.934000000000001,0.0,0.032,0.0125,0.0,0.0403,0.14400000000000002,75.801,3.0
max,0.9590000000000001,0.9079999999999999,11.0,-1.3869999999999998,1.0,0.48,0.866,0.81,0.735,0.961,191.977,5.0
