,danceability,energy,key,loudness,mode,speechiness,acousticness,instrumentalness,liveness,valence,tempo,time_signature
mean,0.5885957446808511,0.6683617021276597,6.0638297872340425,-7.196978723404256,0.574468085106383,0.11633829787234042,0.2461921106382979,0.11038474510638298,0.17714255319148936,0.48434680851063827,123.02599999999995,3.9574468085106385
std,0.15949290015198142,0.20090322411028985,4.018458796707086,3.1955880624315234,0.49976867914561124,0.11661474019960935,0.26008479701885795,0.2358964782883663,0.13211260635744376,0.2122936561863879,30.49707091494697,0.2040297088885787
min,0.19699999999999998,0.155,0.0,-16.78,0.0,0.0251,4.02e-05,0.0,0.061,0.0593,79.495,3.0
max,0.92,0.955,11.0,-1.4609999999999999,1.0,0.485,0.8640000000000001,0.888,0.643,0.9790000000000001,189.891,4.0
