,danceability,energy,key,loudness,mode,speechiness,acousticness,instrumentalness,liveness,valence,tempo,time_signature
mean,0.6963399999999998,0.68658,5.9,-5.420660000000001,0.62,0.12588800000000006,0.2470246000000001,0.0004213512,0.153536,0.5511200000000002,122.61192,4.02
std,0.11133468755541207,0.1341011025841537,3.9602617930368886,1.9166719733614794,0.4903143514780145,0.09084389535048011,0.20505797670176212,0.001207787491046808,0.0970424791479673,0.19523503783901083,32.8267640711238,0.14142135623730945
min,0.44799999999999995,0.31,0.0,-11.134,0.0,0.0351,0.00513,0.0,0.0344,0.163,79.992,4.0
max,0.8759999999999999,0.904,11.0,-1.746,1.0,0.353,0.94,0.00524,0.61,0.9009999999999999,192.06799999999998,5.0
