,danceability,energy,key,loudness,mode,speechiness,acousticness,instrumentalness,liveness,valence,tempo,time_signature
mean,0.7372000000000001,0.68814,5.32,-5.1289,0.56,0.13729,0.22903460000000003,0.0012231054,0.15433599999999997,0.5548200000000001,124.55488,4.0
std,0.10394248802259129,0.13283655908134412,3.5653662833843422,2.08308828082592,0.5014265364224069,0.08944297978406725,0.20913196678525592,0.0034588514158234254,0.08669741836421893,0.21535767021968122,32.11202271680963,0.0
min,0.512,0.31,0.0,-11.134,0.0,0.0261,0.00513,0.0,0.0376,0.131,77.811,4.0
max,0.9420000000000001,0.9309999999999999,11.0,-1.5859999999999999,1.0,0.353,0.94,0.017,0.368,0.96,192.06799999999998,4.0
