,danceability,energy,key,loudness,mode,speechiness,acousticness,instrumentalness,liveness,valence,tempo,time_signature
mean,0.7449000000000002,0.6667000000000001,5.08,-5.62096,0.42,0.146054,0.2550054,0.0036489295999999997,0.1859,0.56906,115.40822,4.02
std,0.1460687914536664,0.15563671068962395,3.8905432179340003,1.698106471986984,0.49856938190328975,0.11706097523277764,0.18257164617928012,0.013813036952138754,0.15758230502547824,0.21490504880062733,26.456430400998112,0.2466096643090295
min,0.325,0.29100000000000004,0.0,-9.309,0.0,0.0292,0.00457,0.0,0.0411,0.149,80.02,3.0
max,0.9640000000000001,0.903,11.0,-1.358,1.0,0.53,0.835,0.0816,0.636,0.93,180.046,5.0
