,danceability,energy,key,loudness,mode,speechiness,acousticness,instrumentalness,liveness,valence,tempo,time_signature
mean,0.7055400000000001,0.686234,4.98,-5.8313000000000015,0.64,0.138522,0.2403974,0.0342343204,0.19917800000000002,0.5716199999999999,120.37191999999997,4.0
std,0.1330570247553082,0.18060214206472563,3.6336859343355146,3.8571220383036042,0.4848732213850611,0.10663370124316388,0.22893524296773066,0.16171966947358338,0.16414283512370856,0.20620941307519483,32.277166003507176,0.0
min,0.14300000000000002,0.0187,0.0,-28.343000000000004,0.0,0.0286,0.00173,0.0,0.0498,0.13699999999999998,76.72,4.0
max,0.897,0.9309999999999999,11.0,-1.694,1.0,0.36,0.9840000000000001,0.9420000000000001,0.764,0.91,192.09900000000002,4.0
