,danceability,energy,key,loudness,mode,speechiness,acousticness,instrumentalness,liveness,valence,tempo,time_signature
mean,0.7124800000000003,0.6536799999999999,6.46,-6.342420000000001,0.46,0.15027000000000001,0.2273642,0.007513936800000002,0.18873200000000004,0.551642,122.49514,3.98
std,0.11968380791715737,0.1753549682728128,3.477097076820354,3.6270774544826483,0.5034574339058886,0.1856183843045638,0.27214273865831684,0.03024566871182908,0.16103862439470468,0.20735701253871203,33.28818632206708,0.2466096643090295
min,0.375,0.11699999999999999,0.0,-16.456,0.0,0.0312,0.0026100000000000003,0.0,0.0353,0.0921,60.22,3.0
max,0.929,0.9590000000000001,11.0,-0.872,1.0,0.938,0.934,0.17800000000000002,0.787,0.872,229.84400000000002,5.0
