,danceability,energy,key,loudness,mode,speechiness,acousticness,instrumentalness,liveness,valence,tempo,time_signature
mean,0.7520799999999999,0.7046199999999999,5.98,-6.0681,0.52,0.12165000000000001,0.22888240000000004,0.0170407214,0.20276999999999995,0.5805199999999999,117.01093999999995,4.02
std,0.10248958931700014,0.16447304723056033,4.038033467631774,3.062644463897972,0.5046720495044484,0.13601295293958932,0.22165494421772608,0.0660068011270489,0.18710732950662845,0.21465171029995053,29.195899392957106,0.2466096643090295
min,0.365,0.16699999999999998,0.0,-18.942,0.0,0.031,0.0010400000000000001,0.0,0.0491,0.161,75.023,3.0
max,0.922,0.986,11.0,-2.31,1.0,0.889,0.9840000000000001,0.431,0.885,0.9790000000000001,215.752,5.0
