,danceability,energy,key,loudness,mode,speechiness,acousticness,instrumentalness,liveness,valence,tempo,time_signature
mean,0.7514799999999997,0.6535600000000003,5.36,-5.815120000000002,0.54,0.13848000000000002,0.27743,0.0005070840000000001,0.146894,0.53042,134.79906,4.0
std,0.10534360494135758,0.1459144507537739,4.094595741427264,2.331173906259353,0.5034574339058886,0.090412916722137,0.2082521854749718,0.001755010826422797,0.096755746356799,0.22894015705027393,37.34416403954778,0.0
min,0.501,0.355,0.0,-12.89,0.0,0.0308,0.0139,0.0,0.0558,0.13699999999999998,86.00299999999999,4.0
max,0.9540000000000001,0.9590000000000001,11.0,-2.5,1.0,0.37799999999999995,0.7509999999999999,0.00889,0.612,0.9009999999999999,233.872,4.0
