,danceability,energy,key,loudness,mode,speechiness,acousticness,instrumentalness,liveness,valence,tempo,time_signature
mean,0.7151799999999997,0.6687400000000001,4.58,-6.013060000000001,0.44,0.09676200000000001,0.25281599999999993,0.047592939399999985,0.160364,0.5645739999999999,120.63261999999995,4.04
std,0.14921983372028733,0.1609210492186546,3.849675310984032,2.6605466402410536,0.5014265364224069,0.06988009523608336,0.2235879385597259,0.17201619066132404,0.08842536056944714,0.22823675571025553,29.552392863433138,0.19794866372215753
min,0.258,0.261,0.0,-14.682,0.0,0.0249,0.0124,0.0,0.0563,0.0967,78.982,4.0
max,0.914,0.907,11.0,-2.191,1.0,0.33399999999999996,0.7909999999999999,0.924,0.39399999999999996,0.9670000000000001,180.043,5.0
