,danceability,energy,key,loudness,mode,speechiness,acousticness,instrumentalness,liveness,valence,tempo,time_signature
mean,0.73724,0.6639799999999998,5.24,-5.309460000000001,0.56,0.139498,0.2371696,0.0029009054000000006,0.156684,0.6413500000000001,122.06753999999997,4.02
std,0.12127461837179489,0.1385280477015395,3.972147930738918,2.414446488391516,0.5014265364224069,0.10004081715959331,0.19934369336788918,0.018386144865062334,0.10639908385365901,0.20100680895158243,33.69882688881084,0.2466096643090295
min,0.39399999999999996,0.235,0.0,-16.541,0.0,0.0281,0.00938,0.0,0.0501,0.0895,75.445,3.0
max,0.919,0.885,11.0,-1.8659999999999999,1.0,0.426,0.753,0.13,0.648,0.9670000000000001,192.128,5.0
