,danceability,energy,key,loudness,mode,speechiness,acousticness,instrumentalness,liveness,valence,tempo,time_signature
mean,0.6673200000000001,0.6446999999999999,4.84,-6.0067200000000005,0.54,0.08735599999999998,0.25293444,0.010481839800000005,0.18439599999999992,0.520018,120.46223999999997,3.88
std,0.1554047303143686,0.14316555993331778,3.7869809201784896,2.1219580295528173,0.5034574339058886,0.06678498597005475,0.25560586252172685,0.04540194973657868,0.12836150475138883,0.25460113638587634,29.404842776602884,0.328260722659316
min,0.278,0.251,0.0,-11.467,0.0,0.03,0.00028199999999999997,0.0,0.0219,0.0989,80.248,3.0
max,0.965,0.8640000000000001,11.0,-1.756,1.0,0.3,0.9690000000000001,0.27699999999999997,0.638,0.966,180.02700000000002,4.0
