,danceability,energy,key,loudness,mode,speechiness,acousticness,instrumentalness,liveness,valence,tempo,time_signature
mean,0.7325399999999999,0.6673,6.14,-6.01106,0.42,0.10241800000000001,0.27308876000000004,0.0131348256,0.169846,0.508,117.37448,4.0
std,0.1170269827598642,0.15012542375341645,4.055784480849796,2.306954078167901,0.49856938190328975,0.07894811442604929,0.26102534839481606,0.06266646905798527,0.13938353079594035,0.19654765221654705,32.60051821250824,0.20203050891044214
min,0.365,0.273,0.0,-16.526,0.0,0.028999999999999998,0.0007379999999999999,0.0,0.0514,0.154,64.934,3.0
max,0.9229999999999999,0.8909999999999999,11.0,-2.384,1.0,0.484,0.9840000000000001,0.431,0.784,0.9790000000000001,189.99200000000002,5.0
