,danceability,energy,key,loudness,mode,speechiness,acousticness,instrumentalness,liveness,valence,tempo,time_signature
mean,0.7197200000000001,0.6753,5.58,-6.032679999999999,0.56,0.10278999999999999,0.25402552000000006,0.0388899312,0.18080200000000005,0.5453800000000002,121.14517999999997,4.0
std,0.1297756368443913,0.1567048766546432,3.435053396489593,2.680978738735356,0.5014265364224069,0.07476416867970474,0.2743494954181871,0.13171026600017793,0.12981989484651102,0.19080943479860543,27.914197791709753,0.20203050891044214
min,0.36200000000000004,0.273,0.0,-16.526,0.0,0.0307,0.00016299999999999998,0.0,0.0501,0.23600000000000002,77.176,3.0
max,0.922,0.938,11.0,-1.765,1.0,0.299,0.9840000000000001,0.677,0.636,0.9790000000000001,180.07299999999998,5.0
