,danceability,energy,key,loudness,mode,speechiness,acousticness,instrumentalness,liveness,valence,tempo,time_signature
mean,0.7379200000000001,0.6755479999999998,5.82,-5.818360000000001,0.42,0.13570600000000002,0.30068599999999995,0.033005462,0.151008,0.6175420000000001,121.94348,4.0
std,0.1370463708206169,0.1894349786031274,3.623562346867051,3.462274371990004,0.49856938190328975,0.09505285406186456,0.21842494251867325,0.16242711260747883,0.11165988233223685,0.23995796323182808,34.02573971439617,0.0
min,0.17600000000000002,0.0414,0.0,-21.962,0.0,0.0372,0.0134,0.0,0.0515,0.0397,73.173,4.0
max,0.938,0.985,11.0,-1.694,1.0,0.431,0.982,0.89,0.591,0.968,192.07,4.0
