,danceability,energy,key,loudness,mode,speechiness,acousticness,instrumentalness,liveness,valence,tempo,time_signature
mean,0.6840999999999999,0.6109160000000001,5.46,-6.901439999999997,0.6,0.11419599999999998,0.330581,0.046159440999999996,0.18411600000000003,0.4846060000000002,116.27382000000003,4.0
std,0.12655340890755354,0.2191145188978511,3.913399273975379,4.603891313988679,0.4948716593053936,0.09662907611594146,0.3007584968942384,0.1810275000559133,0.12946140762909278,0.2470846706152796,26.371212738390877,0.2857142857142857
min,0.309,0.0126,0.0,-24.789,0.0,0.0264,0.00343,0.0,0.0327,0.0661,57.967,3.0
max,0.927,0.937,11.0,-2.511,1.0,0.41200000000000003,0.9790000000000001,0.903,0.687,0.9309999999999999,180.979,5.0
