,danceability,energy,key,loudness,mode,speechiness,acousticness,instrumentalness,liveness,valence,tempo,time_signature
mean,0.66372,0.6666000000000001,4.52,-6.77006,0.58,0.09118999999999998,0.29410744000000005,0.03391581,0.155328,0.54732,119.56514000000001,4.0
std,0.1314591641413207,0.1707834289146249,3.558490851872061,3.077322274978952,0.4985693819032897,0.07077376214504402,0.23942188141490206,0.13051038557229508,0.1103044137366947,0.22945734030622805,24.97186781405943,0.20203050891044214
min,0.358,0.19699999999999998,0.0,-13.819,0.0,0.0256,0.000248,0.0,0.0504,0.11199999999999999,74.214,3.0
max,0.898,0.9390000000000001,11.0,-2.511,1.0,0.326,0.8640000000000001,0.809,0.6920000000000001,0.9309999999999999,180.044,5.0
