,danceability,energy,key,loudness,mode,speechiness,acousticness,instrumentalness,liveness,valence,tempo,time_signature
mean,0.5945800000000001,0.6407,4.7,-6.06522,0.68,0.08312600000000002,0.22975198000000005,0.043502039199999995,0.21650200000000003,0.43228000000000016,119.88766000000001,3.98
std,0.15169115911977873,0.20898327733118174,3.581414610491907,2.6502049923793924,0.47121207149916117,0.09340914566506618,0.25988662289878306,0.1745601255066379,0.20537076624624892,0.20204031119293692,27.98986260993178,0.14142135623730942
min,0.249,0.155,0.0,-13.874,0.0,0.0249,0.00028900000000000003,0.0,0.0563,0.1,75.168,3.0
max,0.9109999999999999,0.975,11.0,-2.023,1.0,0.42700000000000005,0.9209999999999999,0.862,0.9329999999999999,0.884,193.468,4.0
