,danceability,energy,key,loudness,mode,speechiness,acousticness,instrumentalness,liveness,valence,tempo,time_signature
mean,0.5971600000000001,0.5380319999999998,4.98,-8.6706,0.74,0.06579600000000004,0.33226392000000005,0.110598859,0.176842,0.366244,118.68715999999999,3.92
std,0.18445876260574018,0.22924932104588666,3.872930652197984,5.547086552821201,0.44308749769345207,0.06067211631350257,0.29768718556694546,0.25877112578311656,0.13352682080192496,0.23417588903232894,25.039689718492262,0.3404678653660854
min,0.17800000000000002,0.0886,0.0,-25.162,0.0,0.0232,0.00032599999999999996,0.0,0.0615,0.0366,75.208,3.0
max,0.919,0.953,11.0,-2.977,1.0,0.355,0.99,0.922,0.573,0.941,179.592,5.0
