,danceability,energy,key,loudness,mode,speechiness,acousticness,instrumentalness,liveness,valence,tempo,time_signature
mean,0.6325199999999997,0.5411159999999999,5.38,-7.1910799999999995,0.72,0.06903800000000003,0.36305845999999986,0.0049004162,0.17524599999999999,0.4370620000000001,116.54164,3.9
std,0.14675305371783648,0.22211792084202409,3.4457308694223054,2.6492975259914635,0.4535573676110727,0.0731570435182186,0.3174508582194956,0.024374412377401608,0.12597996149372,0.20868092418418926,24.944816049538353,0.30304576336566336
min,0.14400000000000002,0.0888,0.0,-12.481,0.0,0.0256,0.000753,0.0,0.0619,0.0594,74.516,3.0
max,0.9079999999999999,0.853,11.0,-3.367,1.0,0.395,0.983,0.16899999999999998,0.623,0.9520000000000001,171.838,4.0
