,danceability,energy,key,loudness,mode,speechiness,acousticness,instrumentalness,liveness,valence,tempo,time_signature
mean,0.58236,0.5650660000000002,4.96,-7.33842,0.64,0.077938,0.42174880000000003,0.0034619928000000012,0.20454800000000006,0.39143399999999995,117.54969999999997,3.84
std,0.13491081861582427,0.2525100213085106,3.3682794008883796,4.298050412758354,0.4848732213850611,0.07279171821585424,0.32626681682603875,0.01974857624374973,0.1690044525919905,0.18300437332791492,24.283524183810602,0.37032803990902036
min,0.331,0.025,0.0,-19.916,0.0,0.0232,0.00187,0.0,0.0536,0.0393,76.309,3.0
max,0.895,0.961,11.0,-1.371,1.0,0.306,0.976,0.138,0.919,0.7909999999999999,169.917,4.0
