,danceability,energy,key,loudness,mode,speechiness,acousticness,instrumentalness,liveness,valence,tempo,time_signature
mean,0.6024000000000003,0.4921120000000002,4.4,-8.0375,0.68,0.052742,0.519076,0.029074432799999998,0.18220199999999998,0.454566,122.60045999999997,3.98
std,0.15853307129390243,0.23218326385923366,3.3926691677251193,3.865333458435114,0.47121207149916106,0.06774089016244177,0.32557826580923205,0.0906718869584017,0.1309021717441958,0.23619929634932946,27.920398745186358,0.47337261502231187
min,0.25,0.0406,0.0,-23.281999999999996,0.0,0.0258,0.0155,0.0,0.0618,0.0963,74.986,1.0
max,0.89,0.9390000000000001,11.0,-2.0180000000000002,1.0,0.474,0.972,0.42,0.713,0.968,205.919,5.0
