,danceability,energy,key,loudness,mode,speechiness,acousticness,instrumentalness,liveness,valence,tempo,time_signature
mean,0.65226,0.6533600000000002,4.76,-6.1519200000000005,0.68,0.076404,0.23211636,0.030279624399999993,0.18372599999999997,0.45078799999999986,112.73624,4.02
std,0.14212150737007703,0.18290621662926784,3.4080337259996445,2.6837834916781347,0.4712120714991613,0.05351896082088047,0.2652552731400499,0.14107246569719398,0.1401522187203788,0.23393137371494926,26.781608785226066,0.2466096643090295
min,0.26899999999999996,0.273,0.0,-16.526,0.0,0.0261,0.000278,0.0,0.0386,0.0769,71.91199999999999,3.0
max,0.909,0.961,11.0,-1.659,1.0,0.233,0.94,0.9009999999999999,0.609,0.9620000000000001,178.998,5.0
