,danceability,energy,key,loudness,mode,speechiness,acousticness,instrumentalness,liveness,valence,tempo,time_signature
mean,0.62772,0.566142,5.08,-7.57382,0.66,0.07546,0.3510822,0.0303045502,0.18026600000000007,0.42597999999999997,124.89662000000004,3.9
std,0.15565530206589331,0.24924274053661838,3.4395063717970715,4.402587572585662,0.47851812069840666,0.0734355388578782,0.32561733095385176,0.14327752536107136,0.14362776238085245,0.20038447636318268,26.788061336326212,0.5050762722761054
min,0.23,0.0487,0.0,-27.675,0.0,0.0246,0.0041,0.0,0.0574,0.10099999999999999,75.014,1.0
max,0.9059999999999999,0.937,11.0,-2.6519999999999997,1.0,0.332,0.986,0.945,0.8590000000000001,0.9259999999999999,202.00599999999997,5.0
