,danceability,energy,key,loudness,mode,speechiness,acousticness,instrumentalness,liveness,valence,tempo,time_signature
mean,0.6127999999999999,0.5152719999999998,4.72,-8.04668,0.68,0.07391,0.43005259999999995,0.0004315952,0.196436,0.444168,121.21673999999999,3.9
std,0.13093696879001882,0.21284767192736206,3.4878213771900173,4.063126007981378,0.4712120714991611,0.05685350042173376,0.33384578159536543,0.0016795865039375454,0.1291609022790992,0.2047860580394743,29.248783239865773,0.3030457633656631
min,0.331,0.0413,0.0,-19.916,0.0,0.0255,0.00413,0.0,0.0536,0.0624,76.309,3.0
max,0.9209999999999999,0.9179999999999999,11.0,-1.084,1.0,0.22899999999999998,0.9890000000000001,0.0106,0.54,0.852,183.736,4.0
