,danceability,energy,key,loudness,mode,speechiness,acousticness,instrumentalness,liveness,valence,tempo,time_signature
mean,0.6599200000000001,0.6991400000000003,4.86,-5.41544,0.54,0.07889599999999997,0.25789946,0.005878593599999999,0.17061800000000002,0.536438,120.45442000000003,3.88
std,0.14224294250990996,0.16770260484998253,3.5629041124180865,2.187344043746728,0.5034574339058886,0.07334718658266202,0.2596948752239836,0.01740305407704433,0.15655466241044685,0.24056624603342053,27.27692874124017,0.47979587496419057
min,0.305,0.16899999999999998,0.0,-12.017000000000001,0.0,0.0273,0.000759,0.0,0.0453,0.0789,77.943,1.0
max,0.9129999999999999,0.995,11.0,-2.069,1.0,0.39,0.96,0.0696,0.713,0.9640000000000001,207.581,4.0
