,danceability,energy,key,loudness,mode,speechiness,acousticness,instrumentalness,liveness,valence,tempo,time_signature
mean,0.5791600000000002,0.5946599999999999,4.68,-7.263239999999999,0.8,0.061928000000000025,0.30716039999999994,0.044212574,0.17949000000000004,0.49449799999999994,126.30294000000002,3.94
std,0.14172268984296948,0.21809374599198467,3.4252364732904472,2.9628727755476834,0.4040610178208844,0.05095263122323938,0.30615049265166483,0.12801956670416703,0.16167900833037627,0.25349079642754163,32.71663813526502,0.3136356914300021
min,0.319,0.14,0.0,-16.953,0.0,0.0245,0.00114,0.0,0.0568,0.0989,80.984,3.0
max,0.857,0.955,11.0,-2.713,1.0,0.23199999999999998,0.9690000000000001,0.635,0.659,0.966,207.963,5.0
