,danceability,energy,key,loudness,mode,speechiness,acousticness,instrumentalness,liveness,valence,tempo,time_signature
mean,0.5956799999999999,0.5146400000000001,5.4,-7.68516,0.66,0.07489799999999999,0.421322,0.016334665800000002,0.152144,0.407918,124.88578000000001,3.94
std,0.1685007648501989,0.2230350718279664,3.510915922127002,2.836671413571094,0.4785181206984066,0.07799852298444569,0.30592156276952254,0.08009223193668623,0.09533569937599556,0.22457831113589988,24.342659749610483,0.2398979374820953
min,0.14400000000000002,0.128,0.0,-13.841,0.0,0.026000000000000002,0.0204,0.0,0.0658,0.0789,81.053,3.0
max,0.878,0.9179999999999999,11.0,-3.275,1.0,0.375,0.9740000000000001,0.5379999999999999,0.623,0.927,179.97400000000002,4.0
