,danceability,energy,key,loudness,mode,speechiness,acousticness,instrumentalness,liveness,valence,tempo,time_signature
mean,0.5993199999999999,0.5047080000000002,5.56,-8.193539999999995,0.68,0.07739,0.4578939999999999,0.017778853799999998,0.1796400000000001,0.4179440000000001,121.33681999999999,3.98
std,0.16070691284675556,0.2304301787562399,3.6653924811425487,3.2996694467099306,0.47121207149916117,0.10215601763369357,0.3174929762424128,0.08007174226635182,0.1493579087225018,0.2354187126576555,26.891010676652463,0.3187987657774485
min,0.25,0.0734,0.0,-15.960999999999999,0.0,0.026000000000000002,0.0204,0.0,0.0658,0.0369,52.571999999999996,3.0
max,0.878,0.9179999999999999,11.0,-3.275,1.0,0.607,0.966,0.5379999999999999,0.909,0.927,179.97400000000002,5.0
