,danceability,energy,key,loudness,mode,speechiness,acousticness,instrumentalness,liveness,valence,tempo,time_signature
mean,0.65612,0.67054,5.64,-5.798640000000001,0.48,0.08208199999999996,0.23500373399999996,0.0032978630000000007,0.19267000000000004,0.5402199999999999,106.93328000000001,3.96
std,0.12165149956716018,0.1877330073290691,3.674290157740037,2.571714648848515,0.5046720495044485,0.06425109445585739,0.2604766113543791,0.012612000898346893,0.16057006894442166,0.1937875219756664,21.89710677658823,0.19794866372215744
min,0.35700000000000004,0.23199999999999998,0.0,-14.557,0.0,0.0285,5.5700000000000005e-05,0.0,0.0337,0.139,65.873,3.0
max,0.898,0.983,11.0,-2.2569999999999997,1.0,0.295,0.917,0.0711,0.6890000000000001,0.9570000000000001,177.019,4.0
