,danceability,energy,key,loudness,mode,speechiness,acousticness,instrumentalness,liveness,valence,tempo,time_signature
mean,0.5764400000000002,0.519038,4.62,-7.749800000000001,0.7,0.05738400000000001,0.47111060400000004,0.05766763579999999,0.203264,0.43850199999999995,121.46029999999995,3.88
std,0.15429472989531876,0.25193137783685365,3.4100092764252308,3.882354834533352,0.46291004988627565,0.054598024035412016,0.35194088704855897,0.1845479476447963,0.16324871066778407,0.23276058426579682,26.15368773408134,0.3282607226593161
min,0.21100000000000002,0.0809,0.0,-19.346,0.0,0.0243,3.02e-05,0.0,0.0576,0.0497,57.86,3.0
max,0.858,0.9179999999999999,11.0,-2.888,1.0,0.314,0.985,0.903,0.69,0.955,174.065,4.0
