,danceability,energy,key,loudness,mode,speechiness,acousticness,instrumentalness,liveness,valence,tempo,time_signature
mean,0.6406000000000001,0.674628,5.46,-5.680079999999999,0.64,0.08013999999999999,0.2525828,0.054800190000000006,0.20065400000000003,0.48326000000000013,124.30142000000004,3.92
std,0.13861604583620651,0.20503766905281634,3.4770970768203537,2.780487615729387,0.4848732213850611,0.08794693669178813,0.24975288417807168,0.1799658051307364,0.13395317367937018,0.2218392330182433,21.013694429954725,0.44446711960297197
min,0.324,0.0674,0.0,-19.18,0.0,0.0263,0.0036799999999999997,0.0,0.0427,0.126,67.187,1.0
max,0.889,0.997,11.0,-1.501,1.0,0.54,0.961,0.915,0.6920000000000001,0.9620000000000001,171.838,4.0
