,danceability,energy,key,loudness,mode,speechiness,acousticness,instrumentalness,liveness,valence,tempo,time_signature
mean,0.62366,0.5549199999999999,4.74,-7.271379999999999,0.7,0.07829800000000002,0.35199210000000003,0.0415398178,0.17631200000000008,0.46079800000000004,116.29191999999998,3.96
std,0.16358716206303214,0.22002744170225869,3.439328363479814,3.777533645712477,0.4629100498862757,0.08275053853946467,0.3158507867391901,0.16902079729075456,0.1492573816449632,0.23009822879343847,28.771560789056394,0.2828427124746189
min,0.24,0.11599999999999999,0.0,-17.527,0.0,0.0295,0.000965,0.0,0.0501,0.0328,75.208,3.0
max,0.922,0.898,11.0,-1.138,1.0,0.444,0.966,0.932,0.684,0.8740000000000001,193.016,5.0
