,danceability,energy,key,loudness,mode,speechiness,acousticness,instrumentalness,liveness,valence,tempo,time_signature
mean,0.58902,0.4655099999999999,5.42,-8.905899999999997,0.74,0.0747,0.5612347999999998,0.038261952599999996,0.15686199999999995,0.43553799999999987,112.15430000000002,3.98
std,0.16214638007500687,0.20380474073715452,3.5861980322523475,4.185314575015448,0.4430874976934521,0.1388037360551118,0.31172233694093593,0.14946119868169094,0.12067904285199425,0.24630249602255103,25.432246718547326,0.24660966430902945
min,0.132,0.0195,0.0,-29.76,0.0,0.0249,0.0026899999999999997,0.0,0.0519,0.0542,69.98899999999999,3.0
max,0.875,0.924,11.0,-3.8160000000000003,1.0,0.889,0.993,0.888,0.748,0.963,199.99,5.0
