,danceability,energy,key,loudness,mode,speechiness,acousticness,instrumentalness,liveness,valence,tempo,time_signature
mean,0.6079000000000001,0.555126,5.0,-7.6228799999999985,0.66,0.074336,0.38354400000000005,0.0359641294,0.17697800000000008,0.47444200000000014,124.06016000000001,3.98
std,0.1551378912649081,0.2232599243034898,3.608380268661454,3.385225670830378,0.4785181206984067,0.08346489365876762,0.3268832628174836,0.16304949780437686,0.1260171583555192,0.21525206115773446,25.178248461037047,0.14142135623730948
min,0.24,0.0943,0.0,-19.287,0.0,0.026000000000000002,0.00302,0.0,0.0456,0.0681,74.68,3.0
max,0.878,0.9690000000000001,11.0,-3.39,1.0,0.444,0.972,0.9470000000000001,0.623,0.9570000000000001,186.755,4.0
