,danceability,energy,key,loudness,mode,speechiness,acousticness,instrumentalness,liveness,valence,tempo,time_signature
mean,0.64106,0.5643400000000001,5.3,-6.692440000000001,0.68,0.08485000000000001,0.3173126000000001,0.0107334868,0.15639200000000003,0.44778200000000007,118.93932000000001,3.94
std,0.1442622908851394,0.20938721185830791,3.7156590867542723,2.5112043550163454,0.47121207149916106,0.07943287822342297,0.29348453036316885,0.05562108332998636,0.1111592364721044,0.18086564151776496,28.789297802070937,0.2398979374820953
min,0.248,0.16899999999999998,0.0,-14.505,0.0,0.0247,0.00742,0.0,0.0574,0.0681,70.23100000000001,3.0
max,0.9109999999999999,0.937,11.0,-2.6519999999999997,1.0,0.33399999999999996,0.983,0.36200000000000004,0.623,0.7879999999999999,202.00599999999997,4.0
