,danceability,energy,key,loudness,mode,speechiness,acousticness,instrumentalness,liveness,valence,tempo,time_signature
mean,0.57552,0.4875800000000001,5.28,-7.9291,0.74,0.056726,0.49263520000000005,0.0078970234,0.16262999999999997,0.41587800000000014,115.45032,4.02
std,0.16414643039751092,0.2071803010492483,3.264152857565193,2.9935384512619296,0.44308749769345196,0.056914672295015276,0.34950604368509586,0.03171119604654861,0.10325054578103514,0.23314740829766553,27.43034701130878,0.2466096643090295
min,0.228,0.128,0.0,-18.717,0.0,0.0249,0.0019399999999999999,0.0,0.0492,0.0542,69.98899999999999,3.0
max,0.865,0.966,11.0,-3.145,1.0,0.368,0.972,0.213,0.46,0.9329999999999999,195.567,5.0
