,danceability,energy,key,loudness,mode,speechiness,acousticness,instrumentalness,liveness,valence,tempo,time_signature
mean,0.6415599999999999,0.6257999999999999,4.28,-6.08326,0.66,0.080766,0.3423741000000001,0.0035557368,0.156664,0.46402,114.18974,3.94
std,0.13888259026080632,0.18212509717336645,3.6535696830047497,2.332246554771793,0.47851812069840666,0.08179196510111515,0.3163957256053191,0.012337338115150642,0.09731680594001914,0.2028815367626726,24.30445615126105,0.46991097723995834
min,0.36200000000000004,0.221,0.0,-12.039000000000001,0.0,0.0253,0.000405,0.0,0.0586,0.152,54.924,1.0
max,0.9179999999999999,0.96,11.0,-1.161,1.0,0.46299999999999997,0.9690000000000001,0.0607,0.462,0.966,170.22,5.0
