,danceability,energy,key,loudness,mode,speechiness,acousticness,instrumentalness,liveness,valence,tempo,time_signature
mean,0.6159600000000002,0.5636059999999999,4.2,-7.486180000000002,0.74,0.07560800000000004,0.38583891600000014,0.06312719520000001,0.16499,0.4333380000000001,123.33336000000003,3.94
std,0.14082917137512413,0.22145438044059218,2.996596709057575,4.095598083408128,0.44308749769345196,0.06834027360143041,0.3289066593320312,0.22026644633447143,0.11038086430211369,0.1919550381985217,29.027226118826263,0.23989793748209526
min,0.239,0.0472,0.0,-24.228,0.0,0.0247,4.5799999999999995e-05,0.0,0.0645,0.0389,69.666,3.0
max,0.852,0.973,11.0,-2.7489999999999997,1.0,0.37,0.9490000000000001,0.935,0.5429999999999999,0.8690000000000001,181.74,4.0
