,danceability,energy,key,loudness,mode,speechiness,acousticness,instrumentalness,liveness,valence,tempo,time_signature
mean,0.5947199999999999,0.59531,6.36,-6.846759999999998,0.74,0.06644,0.35902964000000004,0.030652944599999996,0.154312,0.42099600000000004,115.55641999999997,3.82
std,0.14887743760748784,0.22134728669340087,3.4861826383244905,3.602393249618642,0.44308749769345207,0.047146805029501165,0.3411743386097291,0.14776083082673713,0.09006723484062744,0.1980331470502154,25.127873024559147,0.5225526045191967
min,0.324,0.0615,0.0,-23.581,0.0,0.0249,0.00011499999999999999,0.0,0.0404,0.0378,72.635,1.0
max,0.929,0.965,11.0,-1.746,1.0,0.242,0.9790000000000001,0.8759999999999999,0.436,0.9420000000000001,166.201,4.0
