,danceability,energy,key,loudness,mode,speechiness,acousticness,instrumentalness,liveness,valence,tempo,time_signature
mean,0.65318,0.5216400000000001,4.9,-7.04014,0.68,0.06719600000000002,0.3942200000000001,0.0012226863999999999,0.15817600000000004,0.4640600000000001,116.92212,3.86
std,0.13978944662511222,0.19366716240994078,3.7917741257105706,2.83266162433129,0.4712120714991612,0.06905691222847002,0.29727791848088303,0.005578368516048019,0.11350998618300201,0.21505124306280388,23.469638173293305,0.4952838806674207
min,0.324,0.10400000000000001,0.0,-14.854000000000001,0.0,0.0252,0.0001,0.0,0.064,0.126,74.818,1.0
max,0.9390000000000001,0.935,11.0,-2.526,1.0,0.42100000000000004,0.9790000000000001,0.0384,0.625,0.9129999999999999,167.923,4.0
