,danceability,energy,key,loudness,mode,speechiness,acousticness,instrumentalness,liveness,valence,tempo,time_signature
mean,0.6282200000000001,0.4879420000000001,4.56,-8.318600000000002,0.74,0.072872,0.46275279999999996,0.008571522,0.158942,0.48570399999999986,122.77611999999998,3.82
std,0.12498772021315388,0.22979225941209225,3.6430532160117943,3.5548561152316696,0.4430874976934522,0.07183033308443175,0.3063577911663527,0.03701992616982655,0.11925698728513366,0.24461248984415143,30.190200456060953,0.6605501726683937
min,0.303,0.0821,0.0,-18.242,0.0,0.0254,0.006640000000000001,0.0,0.0631,0.0708,62.985,1.0
max,0.8420000000000001,0.924,11.0,-2.82,1.0,0.336,0.946,0.213,0.625,0.94,177.91299999999998,5.0
