,danceability,energy,key,loudness,mode,speechiness,acousticness,instrumentalness,liveness,valence,tempo,time_signature
mean,0.6448799999999999,0.67306,5.6,-5.2575199999999995,0.58,0.07627199999999998,0.29015828,0.012673141,0.18644,0.5005139999999999,121.66724000000004,3.96
std,0.1278879675532376,0.17642023230725817,3.653346243584121,1.6523038861677037,0.49856938190328975,0.05919302234113031,0.265506823579714,0.04395929480506156,0.15337825458516546,0.2239507362099522,25.866692451687832,0.2828427124746189
min,0.258,0.305,0.0,-10.209,0.0,0.0232,0.0005610000000000001,0.0,0.0573,0.0967,75.24,3.0
max,0.895,0.9790000000000001,11.0,-1.238,1.0,0.268,0.852,0.237,0.841,0.941,195.96099999999998,5.0
