,danceability,energy,key,loudness,mode,speechiness,acousticness,instrumentalness,liveness,valence,tempo,time_signature
mean,0.63598,0.5763400000000001,5.54,-6.8992,0.74,0.067674,0.33635326000000015,0.0155954126,0.18813999999999992,0.4533640000000002,116.72643999999997,3.96
std,0.1293425273750096,0.23697632793171558,3.5583187958727396,2.633077457645176,0.44308749769345207,0.07126951951742692,0.3288214263177899,0.08115250543347124,0.13722812676528895,0.22566822473964487,23.659372993710342,0.1979486637221575
min,0.364,0.13,0.0,-12.425,0.0,0.0256,0.000753,0.0,0.0619,0.0594,79.351,3.0
max,0.9079999999999999,0.9790000000000001,11.0,-3.1039999999999996,1.0,0.395,0.983,0.552,0.623,0.9520000000000001,173.99,4.0
