,danceability,energy,key,loudness,mode,speechiness,acousticness,instrumentalness,liveness,valence,tempo,time_signature
mean,0.6378,0.5463600000000002,4.56,-7.14584,0.72,0.08061200000000003,0.3650359999999999,4.1892400000000006e-05,0.17167400000000005,0.4915680000000001,125.76469999999999,3.96
std,0.13726631347977017,0.22268443490962814,3.918350340099148,2.9609442947706217,0.4535573676110727,0.06460769095558397,0.28299089605317623,0.0001849872303431802,0.1403246408169576,0.21968314143004106,28.32694480255396,0.2828427124746189
min,0.32899999999999996,0.10400000000000001,0.0,-15.359000000000002,0.0,0.0254,0.0133,0.0,0.0497,0.0747,64.002,3.0
max,0.9109999999999999,0.924,11.0,-1.2109999999999999,1.0,0.331,0.9790000000000001,0.00123,0.72,0.94,177.91299999999998,5.0
