,danceability,energy,key,loudness,mode,speechiness,acousticness,instrumentalness,liveness,valence,tempo,time_signature
mean,0.6299999999999999,0.6363399999999999,5.18,-6.246900000000002,0.56,0.08407800000000001,0.21211276000000012,0.000712926,0.178664,0.45347399999999993,121.93853999999999,3.98
std,0.1361911921393103,0.1946880927776215,3.8687128060260823,2.555224453977396,0.5014265364224069,0.08222410960296257,0.26319211270450266,0.002903062412648872,0.1150840717715106,0.22449391229417087,31.619848159034667,0.14142135623730936
min,0.32899999999999996,0.13699999999999998,0.0,-15.282,0.0,0.0262,0.0007379999999999999,0.0,0.043,0.0499,71.91199999999999,3.0
max,0.885,0.9390000000000001,11.0,-1.3519999999999999,1.0,0.419,0.976,0.0147,0.541,0.905,189.99200000000002,4.0
