,danceability,energy,key,loudness,mode,speechiness,acousticness,instrumentalness,liveness,valence,tempo,time_signature
mean,0.6388599999999998,0.66768,4.62,-5.563980000000002,0.66,0.079208,0.30195295000000005,0.0056908486,0.18986999999999996,0.52788,122.99668000000001,3.98
std,0.1510645233139854,0.20148727006935205,3.533455266796084,2.183521631190667,0.4785181206984066,0.08456611189851791,0.30837708919603696,0.02404132004530526,0.13606052412250144,0.1905110891839129,26.06128526788112,0.14142135623730948
min,0.331,0.221,0.0,-9.888,0.0,0.0254,3.12e-05,0.0,0.044000000000000004,0.152,77.501,3.0
max,0.925,0.9540000000000001,11.0,-1.2009999999999998,1.0,0.46299999999999997,0.9670000000000001,0.163,0.762,0.907,182.96400000000003,4.0
