,danceability,energy,key,loudness,mode,speechiness,acousticness,instrumentalness,liveness,valence,tempo,time_signature
mean,0.6017199999999999,0.5588799999999999,5.74,-7.05822,0.8,0.08210200000000001,0.39283201999999995,0.0430862276,0.20835400000000004,0.41968000000000016,111.98597999999998,3.98
std,0.15419733447496323,0.1940057478635147,3.48647532675647,2.9340761873307284,0.4040610178208844,0.08363931184385898,0.2816586872460405,0.1751733308848145,0.19008486634197078,0.16487143290380876,27.251172203576484,0.14142135623730948
min,0.275,0.209,0.0,-16.996,0.0,0.0251,0.000811,0.0,0.0642,0.154,67.479,3.0
max,0.9470000000000001,0.9840000000000001,11.0,-1.058,1.0,0.457,0.9109999999999999,0.929,0.8420000000000001,0.8690000000000001,166.043,4.0
