,danceability,energy,key,loudness,mode,speechiness,acousticness,instrumentalness,liveness,valence,tempo,time_signature
mean,0.58002,0.58778,5.78,-6.761959999999998,0.62,0.06478399999999998,0.3394646,0.10958877240000002,0.16455000000000003,0.39951800000000004,119.70821999999998,3.98
std,0.1521047557924928,0.24629046150545783,3.770400292720514,3.0044555210485613,0.49031435147801444,0.07426856219567095,0.35532354126396887,0.2327009944438023,0.14824887685846366,0.21824572903224548,27.39225450876691,0.5146823867043382
min,0.314,0.147,0.0,-14.661,0.0,0.0242,0.0005,0.0,0.0494,0.0467,67.325,1.0
max,0.9,0.9670000000000001,11.0,-2.299,1.0,0.474,0.971,0.893,0.847,0.85,175.81799999999998,5.0
