,danceability,energy,key,loudness,mode,speechiness,acousticness,instrumentalness,liveness,valence,tempo,time_signature
mean,0.575662,0.6398600000000001,4.86,-6.3112,0.68,0.05982000000000002,0.29419079400000003,0.06403417,0.20365599999999998,0.4893979999999999,124.51592000000004,3.84
std,0.1540246930772823,0.22532317018098283,3.5514297207215697,3.4835424088541993,0.4712120714991611,0.039643384809873054,0.29927905676844746,0.20849724415383775,0.17216085046448007,0.24460791073863158,31.476107304015176,0.6502746672423457
min,0.0831,0.159,0.0,-20.623,0.0,0.0261,2.95e-05,0.0,0.043,0.0375,62.31,1.0
max,0.8690000000000001,0.9620000000000001,11.0,-0.5760000000000001,1.0,0.23399999999999999,0.948,0.9329999999999999,0.821,0.9620000000000001,196.12099999999998,5.0
