,danceability,energy,key,loudness,mode,speechiness,acousticness,instrumentalness,liveness,valence,tempo,time_signature
mean,0.6266400000000001,0.5843020000000001,5.8,-6.6885200000000005,0.62,0.07157599999999999,0.3068481200000001,0.008688391400000002,0.157646,0.41831399999999996,119.72911999999995,3.94
std,0.1469767106360316,0.1812274278583771,2.9897785052080494,3.4101849147301473,0.4903143514780145,0.061073657636847474,0.27839236485356567,0.0327020358177985,0.09814234395790138,0.19194938534596528,29.281324415680494,0.23989793748209529
min,0.258,0.0101,0.0,-26.865,0.0,0.0232,0.000335,0.0,0.0562,0.0967,75.016,3.0
max,0.938,0.983,11.0,-2.8489999999999998,1.0,0.284,0.987,0.171,0.493,0.782,188.36,4.0
