,danceability,energy,key,loudness,mode,speechiness,acousticness,instrumentalness,liveness,valence,tempo,time_signature
mean,0.6217399999999998,0.644412,5.08,-6.350460000000001,0.72,0.07028599999999999,0.2923624,0.0112680646,0.16192600000000001,0.47550000000000003,123.82825999999997,3.96
std,0.16544705176815788,0.17702564513859198,3.4807927785702693,2.7785671407238306,0.4535573676110727,0.06578239330845113,0.2406384900045574,0.07330329103711104,0.11644009900864417,0.21974653766629984,30.372011184312438,0.28284271247461895
min,0.266,0.0596,0.0,-18.515,0.0,0.0269,0.00175,0.0,0.0429,0.11199999999999999,75.035,3.0
max,0.945,0.963,11.0,-2.371,1.0,0.342,0.905,0.519,0.669,0.9259999999999999,186.31099999999998,5.0
