,danceability,energy,key,loudness,mode,speechiness,acousticness,instrumentalness,liveness,valence,tempo,time_signature
mean,0.5913000000000002,0.44953199999999993,5.12,-8.46068,0.72,0.046389999999999994,0.54921444,0.021243821399999994,0.18833800000000006,0.44984,116.99922000000001,4.02
std,0.15151187062001284,0.19549202232274526,3.5607841374435196,3.612650281825727,0.4535573676110728,0.031829848974104256,0.29078512687094826,0.11139425515985553,0.14432893396541052,0.21245997077961173,24.05207644843215,0.2466096643090295
min,0.27699999999999997,0.0406,0.0,-23.281999999999996,0.0,0.0266,0.000822,0.0,0.0618,0.11699999999999999,65.02600000000001,3.0
max,0.89,0.93,11.0,-3.1310000000000002,1.0,0.21100000000000002,0.972,0.785,0.713,0.968,173.537,5.0
