,danceability,energy,key,loudness,mode,speechiness,acousticness,instrumentalness,liveness,valence,tempo,time_signature
mean,0.60464,0.49995400000000023,5.1,-8.420639999999999,0.66,0.07598,0.46122919999999995,0.0224826782,0.17434600000000003,0.46525200000000005,119.60584000000003,3.96
std,0.16711938296698353,0.23424014993338851,3.626714935653172,3.778170747105762,0.4785181206984066,0.08309780566370238,0.3345843768681451,0.13470410608662273,0.11330083705582684,0.22908761735303332,26.09518992142234,0.19794866372215753
min,0.221,0.0834,0.0,-19.287,0.0,0.0242,0.00256,0.0,0.0685,0.0681,74.68,3.0
max,0.878,0.873,11.0,-3.39,1.0,0.426,0.972,0.9470000000000001,0.623,0.9570000000000001,186.775,4.0
