,danceability,energy,key,loudness,mode,speechiness,acousticness,instrumentalness,liveness,valence,tempo,time_signature
mean,0.63764,0.6662200000000001,4.5,-5.839920000000001,0.58,0.10702799999999998,0.28148858,0.017931949800000003,0.186504,0.487808,116.56190000000001,3.96
std,0.15709710502795163,0.20938513386989605,3.6714563645418274,2.3210490137180715,0.49856938190328975,0.12856575231914505,0.29221322807924605,0.11012963948708698,0.14913957434810754,0.23183197279099205,22.942434042754112,0.449943307086389
min,0.35100000000000003,0.221,0.0,-10.109,0.0,0.0232,0.000109,0.0,0.05,0.0394,64.934,1.0
max,0.925,0.995,11.0,-0.9279999999999999,1.0,0.733,0.9670000000000001,0.779,0.762,0.966,191.153,5.0
