,danceability,energy,key,loudness,mode,speechiness,acousticness,instrumentalness,liveness,valence,tempo,time_signature
mean,0.58748,0.48684,5.08,-8.377179999999997,0.74,0.06158,0.5150433199999999,0.0244148804,0.159322,0.44873999999999997,113.37585999999999,3.94
std,0.1570037358193253,0.19105991794434005,3.663610352688524,3.2637999118968612,0.44308749769345196,0.12354354763914348,0.3236238038861361,0.07665925800095354,0.12890050472502948,0.24212530741290944,25.67523295445855,0.46991097723995806
min,0.25,0.13,0.0,-18.725,0.0,0.0259,0.000376,0.0,0.0609,0.0594,69.98899999999999,1.0
max,0.866,0.9590000000000001,11.0,-2.872,1.0,0.889,0.972,0.42,0.748,0.963,199.99,5.0
