,danceability,energy,key,loudness,mode,speechiness,acousticness,instrumentalness,liveness,valence,tempo,time_signature
mean,0.72252,0.6577799999999998,5.48,-7.105179999999999,0.48,0.14904599999999996,0.24493193999999993,0.05028954960000001,0.16207999999999997,0.5414400000000001,116.82248000000003,3.94
std,0.1399316509542266,0.15514855159241572,3.441878936314422,2.8428846207573697,0.5046720495044485,0.12209940615610493,0.24514201482342882,0.17086689148951462,0.1160896592276497,0.20523556997673054,26.70585036435397,0.4242640687119286
min,0.313,0.307,0.0,-14.905999999999999,0.0,0.0273,0.000452,0.0,0.045,0.159,75.046,1.0
max,0.932,0.977,11.0,-2.592,1.0,0.474,0.9159999999999999,0.785,0.5429999999999999,0.963,190.178,4.0
