,danceability,energy,key,loudness,mode,speechiness,acousticness,instrumentalness,liveness,valence,tempo,time_signature
mean,0.6728600000000001,0.6892199999999998,5.62,-6.57816,0.5,0.10335200000000004,0.23602726000000004,0.045554262799999995,0.16056999999999996,0.48275800000000013,118.50364000000005,4.0
std,0.1266950396078098,0.15704104364068364,3.8326737084054043,3.0236454707953477,0.5050762722761054,0.0895062014497274,0.24383170645954114,0.16305941248765693,0.11061037566196776,0.21014553177864764,32.0669617193237,0.2857142857142857
min,0.34299999999999997,0.153,0.0,-20.067999999999998,0.0,0.0267,0.000573,0.0,0.035,0.0479,63.43899999999999,3.0
max,0.892,0.996,11.0,-1.746,1.0,0.484,0.982,0.878,0.614,0.9490000000000001,217.88299999999998,5.0
