,danceability,energy,key,loudness,mode,speechiness,acousticness,instrumentalness,liveness,valence,tempo,time_signature
mean,0.6567000000000002,0.62162,4.8,-7.34252,0.54,0.11667200000000001,0.19401418,0.025469837800000002,0.16481000000000004,0.47182199999999985,127.19859999999998,3.94
std,0.18612024311707523,0.15124826057357027,2.7847983842311317,2.6919578433185167,0.5034574339058886,0.10672211682874437,0.19426141542594985,0.1339967968522042,0.09981641157849826,0.22006591896474093,31.337822441052584,0.23989793748209529
min,0.284,0.37200000000000005,0.0,-15.284,0.0,0.0235,0.000251,0.0,0.0424,0.0821,79.39399999999999,3.0
max,0.973,0.9259999999999999,10.0,-3.839,1.0,0.46799999999999997,0.8220000000000001,0.9279999999999999,0.42100000000000004,0.904,197.988,4.0
