,danceability,energy,key,loudness,mode,speechiness,acousticness,instrumentalness,liveness,valence,tempo,time_signature
mean,0.7121600000000002,0.58736,5.56,-7.5986400000000005,0.4,0.147924,0.3184102000000001,0.11154818479999998,0.16513599999999998,0.503688,119.97741999999995,3.94
std,0.12351970180782446,0.15319532150366816,3.682057987105603,2.184720939168391,0.4948716593053935,0.11670324927711626,0.275792491384448,0.26030795816111235,0.13879907627758264,0.22760264303906347,27.356739736000435,0.3136356914300021
min,0.341,0.162,0.0,-13.729000000000001,0.0,0.0284,0.0075,0.0,0.0519,0.0636,71.92399999999999,3.0
max,0.895,0.899,11.0,-4.1819999999999995,1.0,0.44799999999999995,0.929,0.941,0.677,0.917,181.649,5.0
