,danceability,energy,key,loudness,mode,speechiness,acousticness,instrumentalness,liveness,valence,tempo,time_signature
mean,0.7241000000000001,0.6667800000000002,6.44,-6.515999999999998,0.44,0.16150000000000006,0.24000299999999997,0.021439046799999993,0.173768,0.49894599999999983,116.12783999999998,4.0
std,0.13458890544687463,0.11108891272585326,3.86063334129497,1.3598739887600333,0.5014265364224069,0.14501026986854046,0.19738823259851976,0.13053261311692146,0.14771465382656537,0.2102447429127515,22.57265030722456,0.0
min,0.441,0.452,0.0,-10.262,0.0,0.0251,0.00274,0.0,0.0449,0.0573,71.706,4.0
max,0.9570000000000001,0.885,11.0,-3.633,1.0,0.601,0.826,0.9229999999999999,0.677,0.961,160.05200000000002,4.0
