,danceability,energy,key,loudness,mode,speechiness,acousticness,instrumentalness,liveness,valence,tempo,time_signature
mean,0.7562399999999998,0.5989400000000001,5.86,-7.004859999999999,0.46,0.14511599999999997,0.3072941460000001,0.022571007200000003,0.155162,0.5364000000000001,116.57488000000001,4.0
std,0.132179000462499,0.12124110066225859,3.7253133000693337,2.0451400831218964,0.5034574339058886,0.0996949599774129,0.245753495544132,0.13548377777304618,0.12603480065247932,0.2001444376403385,25.690418510616215,0.20203050891044214
min,0.376,0.342,0.0,-11.109000000000002,0.0,0.0317,6.73e-05,0.0,0.0324,0.129,77.032,3.0
max,0.951,0.7959999999999999,11.0,-2.2030000000000003,1.0,0.36,0.875,0.956,0.79,0.9329999999999999,200.125,5.0
