,danceability,energy,key,loudness,mode,speechiness,acousticness,instrumentalness,liveness,valence,tempo,time_signature
mean,0.7076399999999999,0.6743579999999997,4.3,-7.016660000000001,0.46,0.148988,0.22152002999999998,0.058814788199999996,0.16962999999999995,0.509712,120.47475999999999,3.96
std,0.15083275776941338,0.16160387458731507,3.7863880801995915,4.035014976630527,0.5034574339058886,0.12191394194601506,0.2333032905867734,0.21617101804273464,0.1271952063177071,0.2263731880352099,25.370418254144017,0.28284271247461884
min,0.365,0.0179,0.0,-30.930999999999997,0.0,0.032,3.15e-05,0.0,0.0356,0.0387,63.586000000000006,3.0
max,0.94,0.985,11.0,-2.7289999999999996,1.0,0.425,0.993,0.9490000000000001,0.647,0.924,183.98,5.0
