,danceability,energy,key,loudness,mode,speechiness,acousticness,instrumentalness,liveness,valence,tempo,time_signature
mean,0.74926,0.6714799999999999,5.06,-7.142099999999997,0.3,0.117188,0.31389346,0.0179489978,0.18677,0.569546,118.67034000000005,3.96
std,0.10828812850682296,0.15530420970154157,3.3160709477651777,2.38219726431764,0.4629100498862757,0.10191758102726427,0.27025974355168175,0.09111526632819573,0.13895130295120206,0.21602923008005093,22.031282659362677,0.282842712474619
min,0.46,0.307,0.0,-13.970999999999998,0.0,0.0287,0.000452,0.0,0.0412,0.0503,76.032,3.0
max,0.9390000000000001,0.982,11.0,-2.998,1.0,0.445,0.9159999999999999,0.615,0.615,0.9620000000000001,189.921,5.0
