,danceability,energy,key,loudness,mode,speechiness,acousticness,instrumentalness,liveness,valence,tempo,time_signature
mean,0.7212000000000001,0.6648799999999998,5.52,-6.525180000000001,0.42,0.14912800000000004,0.270871,0.07557566660000001,0.17955599999999997,0.5172940000000001,113.27592,3.98
std,0.12573149232895198,0.16769343262912464,3.704602763138453,2.5658927609735227,0.49856938190328975,0.1381079377346071,0.26134280913530933,0.22368236280059403,0.14756319318743907,0.23834172809439058,20.134882816502454,0.1414213562373095
min,0.401,0.165,0.0,-14.152000000000001,0.0,0.0283,0.00135,0.0,0.0462,0.0707,75.02199999999999,3.0
max,0.9570000000000001,0.961,11.0,-2.687,1.0,0.5720000000000001,0.97,0.929,0.7440000000000001,0.9640000000000001,160.061,4.0
