,danceability,energy,key,loudness,mode,speechiness,acousticness,instrumentalness,liveness,valence,tempo,time_signature
mean,0.71008,0.6389599999999999,5.4,-7.053499999999999,0.52,0.12151599999999999,0.2211286,0.036607396,0.15749400000000002,0.49816000000000005,121.75364000000005,4.0
std,0.12886313574914293,0.14555817407763927,3.7525501533039134,2.2803286305410686,0.5046720495044485,0.11119988136831142,0.18785553644082306,0.1488614990330456,0.11993503923680807,0.22397634350301282,22.709091431928172,0.20203050891044214
min,0.327,0.317,0.0,-12.39,0.0,0.0272,0.006229999999999999,0.0,0.0324,0.136,79.053,3.0
max,0.9329999999999999,0.976,11.0,-2.083,1.0,0.392,0.603,0.8690000000000001,0.645,0.9390000000000001,181.995,5.0
