,danceability,energy,key,loudness,mode,speechiness,acousticness,instrumentalness,liveness,valence,tempo,time_signature
mean,0.6683000000000001,0.6550199999999999,5.48,-6.962840000000001,0.42,0.09681,0.2630715800000001,0.0361163356,0.17429800000000006,0.5231079999999999,118.94916,3.92
std,0.13320833000857515,0.19200781127817876,3.4478032047632174,2.924192163762882,0.49856938190328975,0.08493989531619717,0.23986490577568695,0.14733126996543447,0.11830044678784642,0.24210949524914532,24.864819432331476,0.27404751561786966
min,0.321,0.159,0.0,-14.772,0.0,0.026000000000000002,0.000949,0.0,0.0232,0.0394,73.743,3.0
max,0.903,0.99,11.0,-0.8390000000000001,1.0,0.40299999999999997,0.818,0.863,0.5579999999999999,0.961,180.07299999999998,4.0
