,danceability,energy,key,loudness,mode,speechiness,acousticness,instrumentalness,liveness,valence,tempo,time_signature
mean,0.6441999999999999,0.63872,4.68,-7.855199999999997,0.5,0.105334,0.22548036999999993,0.08671268639999999,0.205684,0.46092199999999983,123.40914,3.92
std,0.1583399855387393,0.18080997353744693,3.576795966749445,2.771627260919005,0.5050762722761054,0.11286093955638958,0.22470819039340614,0.20467951255389585,0.18367312842689443,0.23834833905570274,25.910417144705583,0.4444671196029727
min,0.171,0.303,0.0,-18.241,0.0,0.0261,2.95e-05,0.0,0.0494,0.0379,75.01899999999999,1.0
max,0.905,0.94,11.0,-4.093,1.0,0.515,0.835,0.785,0.6990000000000001,0.9620000000000001,182.067,4.0
