,danceability,energy,key,loudness,mode,speechiness,acousticness,instrumentalness,liveness,valence,tempo,time_signature
mean,0.69966,0.6747999999999998,4.92,-6.284400000000001,0.34,0.13309199999999996,0.20640045999999998,0.0177407612,0.15560400000000002,0.46686999999999995,120.92783999999996,3.94
std,0.14516979643134575,0.15643555105107362,3.42165969991769,2.260903043349841,0.4785181206984064,0.1030121527207507,0.22023949519716587,0.12025788778080662,0.09854501501178774,0.2306798472749094,26.914215001696615,0.4242640687119285
min,0.387,0.207,0.0,-12.084000000000001,0.0,0.0258,0.000399,0.0,0.0527,0.0675,75.023,1.0
max,0.927,0.95,10.0,-2.313,1.0,0.355,0.86,0.851,0.541,0.8809999999999999,189.99200000000002,4.0
