,danceability,energy,key,loudness,mode,speechiness,acousticness,instrumentalness,liveness,valence,tempo,time_signature
mean,0.7005199999999998,0.6232799999999998,5.34,-7.449579999999998,0.46,0.13265800000000005,0.2948484,0.058781047,0.136552,0.46957600000000016,113.25060000000002,4.0
std,0.1264533857811257,0.16788991047950536,3.7990868935166233,2.590856198326754,0.5034574339058886,0.12275141645136452,0.256921154905944,0.17052789528132994,0.0845557930527265,0.22015013667393218,25.46140181305252,0.20203050891044214
min,0.353,0.258,0.0,-15.743,0.0,0.0251,0.0032600000000000003,0.0,0.0224,0.0948,64.934,3.0
max,0.9209999999999999,0.95,11.0,-2.782,1.0,0.511,0.883,0.773,0.45399999999999996,0.9059999999999999,180.07299999999998,5.0
