,danceability,energy,key,loudness,mode,speechiness,acousticness,instrumentalness,liveness,valence,tempo,time_signature
mean,0.7088199999999998,0.6553,6.12,-7.421380000000002,0.56,0.13537000000000002,0.35356819999999994,0.05372121159999999,0.14902000000000004,0.563318,120.36397999999994,3.94
std,0.1291750418175718,0.1709068549275438,3.408512752458683,3.0162218148416287,0.5014265364224069,0.11317611388938056,0.2629309717412072,0.1832566497352463,0.08626122642110688,0.23286380156123668,29.087278249763827,0.313635691430002
min,0.272,0.213,0.0,-14.173,0.0,0.0294,0.00137,0.0,0.0541,0.0479,79.992,3.0
max,0.907,0.9640000000000001,11.0,-1.746,1.0,0.431,0.89,0.728,0.449,0.966,199.239,5.0
