,danceability,energy,key,loudness,mode,speechiness,acousticness,instrumentalness,liveness,valence,tempo,time_signature
mean,0.64282,0.6386999999999999,4.32,-7.1894800000000005,0.58,0.14124,0.31043170000000014,0.0410247896,0.15617400000000004,0.49706600000000006,128.59217999999998,4.04
std,0.17182688131621646,0.177002277167411,3.334666400106613,3.1763630032103176,0.49856938190328975,0.11479663829252713,0.28689514855589343,0.18654173701623453,0.11113688711472453,0.21339832603631648,28.016000786496623,0.3475864303027554
min,0.24,0.11599999999999999,0.0,-18.831,0.0,0.0296,0.000965,0.0,0.0501,0.0937,77.176,3.0
max,0.9420000000000001,0.895,11.0,-3.112,1.0,0.369,0.9590000000000001,0.972,0.5579999999999999,0.938,193.016,5.0
