,danceability,energy,key,loudness,mode,speechiness,acousticness,instrumentalness,liveness,valence,tempo,time_signature
mean,0.6943999999999998,0.6860599999999998,5.96,-6.66732,0.58,0.12291600000000001,0.24216745999999995,0.08474191139999998,0.12589800000000004,0.5103139999999999,119.57341999999998,3.9
std,0.1305867449597534,0.1318777123717581,3.3439558633939135,2.514982536880987,0.49856938190328975,0.12023895657211525,0.21834298024010534,0.23484467307823048,0.06729533595143371,0.22412578011064255,28.395519615033557,0.5439837932759934
min,0.37799999999999995,0.213,0.0,-13.838,0.0,0.031,0.000573,0.0,0.035,0.0349,74.455,1.0
max,0.938,0.963,11.0,-1.746,1.0,0.484,0.858,0.929,0.342,0.9390000000000001,194.968,5.0
