,danceability,energy,key,loudness,mode,speechiness,acousticness,instrumentalness,liveness,valence,tempo,time_signature
mean,0.74568,0.6553399999999998,5.24,-6.743779999999999,0.44,0.151254,0.28360346,0.024225632400000006,0.162924,0.5462260000000001,120.50490000000005,3.92
std,0.11453997430716364,0.15075505338942696,3.3960361047094003,2.4536724187159433,0.5014265364224069,0.11684559008558679,0.26193554454804724,0.1143805998056501,0.10829504211615032,0.2020933779019905,28.22077044338739,0.4444671196029725
min,0.466,0.307,0.0,-13.969000000000001,0.0,0.0273,0.000452,0.0,0.045,0.0503,74.986,1.0
max,0.924,0.977,11.0,-2.592,1.0,0.474,0.9159999999999999,0.672,0.5429999999999999,0.94,190.178,4.0
