,danceability,energy,key,loudness,mode,speechiness,acousticness,instrumentalness,liveness,valence,tempo,time_signature
mean,0.6243799999999999,0.6244800000000003,5.36,-7.217400000000002,0.54,0.111224,0.41755676599999986,0.017170948,0.14299399999999998,0.3993920000000002,125.34387999999997,3.88
std,0.16202983978141755,0.19458057876533583,3.526922691734167,3.087187941761094,0.5034574339058886,0.11619652170845243,0.2556319381419371,0.10292110353490971,0.1024203431841506,0.21900956631794766,27.478193449544904,0.4797958749641906
min,0.318,0.14400000000000002,0.0,-14.975,0.0,0.0239,7.829999999999999e-05,0.0,0.0265,0.0742,75.084,1.0
max,0.9129999999999999,0.968,11.0,-1.7519999999999998,1.0,0.47600000000000003,0.9740000000000001,0.727,0.7,0.904,207.3,4.0
