,danceability,energy,key,loudness,mode,speechiness,acousticness,instrumentalness,liveness,valence,tempo,time_signature
mean,0.74512,0.60962,5.58,-7.056259999999998,0.52,0.15150600000000003,0.3360694,0.033293128400000004,0.16610000000000005,0.5464600000000001,123.64864000000001,4.0
std,0.12960184553989554,0.15742648300403717,3.5114390328799177,2.675842539905394,0.5046720495044485,0.11547851361237055,0.27212276341574293,0.162306291480497,0.14588010732888063,0.2141434966158374,27.21754631442664,0.20203050891044214
min,0.315,0.225,0.0,-17.025,0.0,0.028999999999999998,0.00147,0.0,0.0324,0.149,79.96,3.0
max,0.932,0.9109999999999999,11.0,-3.0010000000000003,1.0,0.46299999999999997,0.934,0.956,0.79,0.9329999999999999,200.125,5.0
