,danceability,energy,key,loudness,mode,speechiness,acousticness,instrumentalness,liveness,valence,tempo,time_signature
mean,0.7354800000000001,0.6419199999999998,5.32,-7.09948,0.46,0.158956,0.28615462,0.015237042800000003,0.17177399999999995,0.5219800000000001,120.19366000000002,4.0
std,0.12528990708084403,0.16991148235694575,3.3953148992849136,2.981818327867773,0.5034574339058886,0.14494662234978864,0.27176908088308416,0.06990089586182256,0.1411194700259612,0.1968382211515905,29.49870773137048,0.20203050891044214
min,0.38,0.307,0.0,-14.905999999999999,0.0,0.0289,0.000129,0.0,0.045,0.057999999999999996,75.046,3.0
max,0.9540000000000001,0.977,11.0,-2.331,1.0,0.627,0.9159999999999999,0.465,0.823,0.9390000000000001,192.09099999999998,5.0
