,danceability,energy,key,loudness,mode,speechiness,acousticness,instrumentalness,liveness,valence,tempo,time_signature
mean,0.7300200000000001,0.573,5.78,-7.6104199999999995,0.48,0.15860199999999997,0.3540498199999999,0.0636583254,0.171322,0.48258600000000007,122.20703999999999,3.92
std,0.12358711543700994,0.17204021836388686,3.302998019734095,3.2180821014754635,0.5046720495044485,0.13750273539394162,0.28834377870044753,0.21861463631548145,0.12622101815660414,0.18325908503804003,25.31966799276154,0.5283783431116265
min,0.41700000000000004,0.174,0.0,-19.759,0.0,0.0334,0.000292,0.0,0.0469,0.0503,76.032,1.0
max,0.9640000000000001,0.885,11.0,-3.693,1.0,0.608,0.889,0.925,0.562,0.884,189.998,5.0
