,danceability,energy,key,loudness,mode,speechiness,acousticness,instrumentalness,liveness,valence,tempo,time_signature
mean,0.7333799999999998,0.5678799999999999,5.4,-7.2701400000000005,0.48,0.14028399999999996,0.35950940000000003,0.020008030999999992,0.152944,0.5258400000000001,116.66431999999999,3.96
std,0.13452348099412054,0.13241194840962298,3.63093286489681,2.0973563146523877,0.5046720495044484,0.10911230193086872,0.25092339616809467,0.1351131983539212,0.12108219532404338,0.2157014527876293,26.197361973001975,0.2828427124746189
min,0.376,0.239,0.0,-11.981,0.0,0.0262,0.00147,0.0,0.0324,0.11699999999999999,75.048,3.0
max,0.932,0.7959999999999999,11.0,-3.28,1.0,0.392,0.934,0.956,0.79,0.9329999999999999,200.125,5.0
