,danceability,energy,key,loudness,mode,speechiness,acousticness,instrumentalness,liveness,valence,tempo,time_signature
mean,0.6722000000000001,0.6186460000000001,5.6,-8.4603,0.42,0.16318,0.3159381420000001,0.11369520860000001,0.16346800000000003,0.44645799999999997,121.35140000000001,4.0
std,0.17935519427740507,0.20473901875314338,3.6365491603879594,4.593700221443472,0.49856938190328975,0.15581975065400905,0.2767609536674831,0.30482596360965086,0.111294812465059,0.25568511492833984,27.186034719979272,0.20203050891044214
min,0.155,0.043,0.0,-24.235,0.0,0.0253,1.7100000000000002e-05,0.0,0.0477,0.0309,68.482,3.0
max,0.961,0.992,11.0,-2.5380000000000003,1.0,0.8590000000000001,0.9840000000000001,0.991,0.5670000000000001,0.924,191.972,5.0
