,danceability,energy,key,loudness,mode,speechiness,acousticness,instrumentalness,liveness,valence,tempo,time_signature
mean,0.6739200000000001,0.6478400000000002,4.92,-6.81212,0.56,0.147958,0.3046357,0.0218622382,0.18281999999999993,0.5045560000000001,114.95970000000001,3.98
std,0.16544989253177383,0.19635038651786327,3.306394546626156,3.3811728350393686,0.5014265364224069,0.1211436827633591,0.25163713951804995,0.09165402592431376,0.1553469349684172,0.2590591967335745,28.54039121497954,0.14142135623730945
min,0.265,0.0824,0.0,-18.515,0.0,0.0328,0.000704,0.0,0.038,0.0984,54.747,3.0
max,0.92,0.937,11.0,-1.9969999999999999,1.0,0.473,0.9670000000000001,0.618,0.8640000000000001,0.9540000000000001,191.702,4.0
