,danceability,energy,key,loudness,mode,speechiness,acousticness,instrumentalness,liveness,valence,tempo,time_signature
mean,0.70762,0.6570400000000001,6.0,-6.555059999999998,0.48,0.11696000000000004,0.24703165999999996,0.05057340640000001,0.165576,0.505642,121.11889999999998,3.96
std,0.11501355554535157,0.16031893722406304,3.7361990944634345,2.344380423002014,0.5046720495044485,0.10536749101722648,0.213773539441941,0.17395492206305133,0.11499935147998154,0.2305877778678671,24.20994374324361,0.19794866372215753
min,0.308,0.33799999999999997,0.0,-13.06,0.0,0.0301,0.0001,0.0,0.0622,0.0709,82.014,3.0
max,0.91,0.9440000000000001,11.0,-2.533,1.0,0.514,0.816,0.879,0.7040000000000001,0.9570000000000001,180.10299999999998,4.0
