,danceability,energy,key,loudness,mode,speechiness,acousticness,instrumentalness,liveness,valence,tempo,time_signature
mean,0.7261,0.63272,5.16,-7.209839999999998,0.38,0.12546000000000002,0.2899968000000001,0.019821325000000004,0.13817400000000002,0.5013599999999999,128.92566000000002,3.94
std,0.13970073700008653,0.1934646558450005,3.582041374434872,3.9911357462890336,0.49031435147801455,0.09675953362299125,0.27913374328183727,0.07751448006913748,0.07841234755432076,0.21105302167745355,27.937217267243042,0.23989793748209529
min,0.248,0.114,0.0,-22.482,0.0,0.0308,0.00742,0.0,0.0212,0.13699999999999998,83.875,3.0
max,0.935,0.937,11.0,-2.6519999999999997,1.0,0.38,0.93,0.39299999999999996,0.392,0.961,202.00599999999997,4.0
