,danceability,energy,key,loudness,mode,speechiness,acousticness,instrumentalness,liveness,valence,tempo,time_signature
mean,0.6821400000000001,0.67936,5.92,-6.833879999999999,0.42,0.16425400000000004,0.3359026,0.0170026656,0.15815800000000005,0.450456,114.28087999999998,4.02
std,0.14299279416695607,0.12878264555412106,3.7407845952092864,2.1674521169298466,0.49856938190328975,0.12261868421397835,0.27448393403644306,0.09144074862959635,0.11074150465413239,0.24419404475514456,20.941825072640185,0.14142135623730948
min,0.35700000000000004,0.374,0.0,-11.58,0.0,0.027000000000000003,0.00217,0.0,0.0349,0.0518,73.535,4.0
max,0.9259999999999999,0.9079999999999999,11.0,-3.094,1.0,0.48200000000000004,0.89,0.643,0.687,0.93,164.03599999999997,5.0
