,danceability,energy,key,loudness,mode,speechiness,acousticness,instrumentalness,liveness,valence,tempo,time_signature
mean,0.67022,0.6812400000000001,5.88,-6.677400000000001,0.36,0.14974400000000002,0.23419472220000004,0.11109967799999998,0.16049999999999995,0.46025800000000017,120.81999999999998,4.0
std,0.16759989893328986,0.1839783217043325,3.491330370374887,3.1467536170680113,0.4848732213850611,0.16494988745503458,0.2387270988790242,0.2464299089418755,0.12315477237680914,0.24635007949945492,23.097824136414552,0.20203050891044214
min,0.20199999999999999,0.253,0.0,-13.984000000000002,0.0,0.0314,6.11e-06,0.0,0.0261,0.0644,63.199,3.0
max,0.903,0.991,11.0,-1.7830000000000001,1.0,0.943,0.972,0.94,0.518,0.938,180.07299999999998,5.0
