,danceability,energy,key,loudness,mode,speechiness,acousticness,instrumentalness,liveness,valence,tempo,time_signature
mean,0.69064,0.6681,5.98,-6.924000000000001,0.48,0.10040800000000001,0.24361806000000003,0.10470962059999998,0.16654400000000003,0.5074259999999999,123.66142000000005,3.98
std,0.11650886976833087,0.17915131558978578,3.3895999402734898,3.769403444383556,0.5046720495044484,0.08516138782048004,0.22465089020935014,0.23097726396760154,0.13210971809948932,0.22181030764035795,21.764563809081768,0.24660966430902947
min,0.43200000000000005,0.145,0.0,-25.85,0.0,0.0288,0.000573,0.0,0.052000000000000005,0.0453,87.165,3.0
max,0.9470000000000001,0.946,11.0,-2.659,1.0,0.478,0.831,0.825,0.778,0.96,180.024,5.0
