,danceability,energy,key,loudness,mode,speechiness,acousticness,instrumentalness,liveness,valence,tempo,time_signature
mean,0.6896599999999999,0.6677599999999999,6.06,-6.203259999999999,0.36,0.16573999999999997,0.21706756399999994,0.0018399668,0.16183400000000003,0.46220599999999995,120.86631999999997,3.96
std,0.1589258086437229,0.1196669800841025,3.582326230885428,1.990128452525369,0.4848732213850611,0.1265789275430914,0.20644348250083397,0.007876728847717888,0.1099515878809898,0.2217504650249364,29.61425829124221,0.19794866372215753
min,0.32,0.451,0.0,-10.978,0.0,0.028999999999999998,1.82e-05,0.0,0.0527,0.0793,63.978,3.0
max,0.9640000000000001,0.981,11.0,-2.782,1.0,0.49,0.794,0.0534,0.536,0.946,184.13099999999997,4.0
