,danceability,energy,key,loudness,mode,speechiness,acousticness,instrumentalness,liveness,valence,tempo,time_signature
mean,0.65142,0.65972,5.36,-7.247439999999999,0.42,0.12003400000000003,0.26467806,0.0816443024,0.17140599999999995,0.523874,114.17598000000002,4.08
std,0.1545940160417549,0.1684163984453596,3.4685761355581146,3.0263814667091813,0.49856938190328975,0.10742378714650662,0.27963904806677164,0.2329450737830292,0.14163505332583542,0.24156252311877813,28.167699844144103,0.27404751561786983
min,0.252,0.273,0.0,-18.197,0.0,0.0261,0.00024300000000000002,0.0,0.0501,0.0797,71.91199999999999,4.0
max,0.966,0.961,11.0,-2.307,1.0,0.5,0.9420000000000001,0.9009999999999999,0.6779999999999999,0.938,180.07299999999998,5.0
