,danceability,energy,key,loudness,mode,speechiness,acousticness,instrumentalness,liveness,valence,tempo,time_signature
mean,0.7134600000000003,0.6451000000000003,4.94,-6.60116,0.64,0.18454400000000004,0.31550848000000004,0.012445510800000002,0.219196,0.51122,114.44058000000001,3.96
std,0.12530260677777666,0.15213799455676774,3.8247849079179264,2.1942711714547842,0.48487322138506106,0.14262311568091132,0.23600878301974013,0.08738694986115672,0.17240474206272371,0.21992830835598795,32.0152858555384,0.19794866372215747
min,0.47600000000000003,0.299,0.0,-13.99,0.0,0.0247,0.000884,0.0,0.0664,0.114,72.51899999999999,3.0
max,0.956,0.871,11.0,-3.009,1.0,0.473,0.9229999999999999,0.618,0.7170000000000001,0.924,200.03,4.0
