,danceability,energy,key,loudness,mode,speechiness,acousticness,instrumentalness,liveness,valence,tempo,time_signature
mean,0.73448,0.67168,5.58,-6.182219999999998,0.44,0.10224199999999999,0.26342399999999994,0.0483928446,0.15774400000000002,0.50508,121.46122,3.98
std,0.1144322703165323,0.16866540237755834,3.4939598025794196,2.5667321023640395,0.5014265364224069,0.0914138137420004,0.24335042821043912,0.18550995192427425,0.09092539475990685,0.19927008028793278,19.29422623088502,0.24660966430902945
min,0.501,0.342,0.0,-13.465,0.0,0.0291,0.0012900000000000001,0.0,0.0574,0.11900000000000001,78.616,3.0
max,0.9590000000000001,0.988,11.0,-1.865,1.0,0.375,0.754,0.9470000000000001,0.395,0.9520000000000001,176.093,5.0
