,danceability,energy,key,loudness,mode,speechiness,acousticness,instrumentalness,liveness,valence,tempo,time_signature
mean,0.7212800000000003,0.6730999999999997,5.1,-6.361560000000002,0.52,0.126102,0.3066784,0.028409227800000002,0.15677599999999997,0.5453800000000001,117.46499999999997,3.94
std,0.12404772616758011,0.14527612694873335,3.699144964635443,2.880128590950093,0.5046720495044485,0.09707737181427681,0.2571691260817143,0.10488232970926434,0.08969091042154102,0.19520150655992718,24.405956420011695,0.2398979374820953
min,0.377,0.34299999999999997,0.0,-16.762999999999998,0.0,0.0294,0.0085,0.0,0.0559,0.158,74.976,3.0
max,0.9179999999999999,0.963,11.0,-1.746,1.0,0.425,0.838,0.496,0.45399999999999996,0.914,190.03599999999997,4.0
