,danceability,energy,key,loudness,mode,speechiness,acousticness,instrumentalness,liveness,valence,tempo,time_signature
mean,0.7300400000000004,0.6391999999999999,4.54,-7.40328,0.5,0.14191600000000004,0.27723646,0.027698745800000008,0.16084400000000001,0.499888,121.16746,4.04
std,0.1242415290916061,0.1650426042708058,3.3697937925163366,3.2648445538518867,0.5050762722761054,0.1322896132717601,0.2636111652825054,0.1149795677167969,0.12007566689213861,0.2141895942898273,26.911027421979462,0.19794866372215744
min,0.38,0.243,0.0,-16.399,0.0,0.0262,0.000452,0.0,0.045,0.0484,75.046,4.0
max,0.932,0.977,11.0,-2.986,1.0,0.627,0.9159999999999999,0.672,0.5429999999999999,0.9390000000000001,192.09099999999998,5.0
