,danceability,energy,key,loudness,mode,speechiness,acousticness,instrumentalness,liveness,valence,tempo,time_signature
mean,0.7091600000000001,0.6441079999999998,6.3,-6.6664400000000015,0.52,0.11465399999999999,0.26218526,0.021391294799999995,0.174698,0.54236,120.36763999999998,3.94
std,0.11366516527027253,0.1677905020785,3.598469062231429,2.904923204295966,0.5046720495044484,0.10417456740432164,0.24316081410800078,0.10863784914645119,0.11764834749960476,0.21805286383941722,25.729409536408813,0.469910977239958
min,0.353,0.0674,0.0,-19.18,0.0,0.0277,0.000573,0.0,0.0482,0.156,82.009,1.0
max,0.958,0.9440000000000001,11.0,-2.576,1.0,0.502,0.961,0.7509999999999999,0.7040000000000001,0.9570000000000001,191.965,5.0
