,danceability,energy,key,loudness,mode,speechiness,acousticness,instrumentalness,liveness,valence,tempo,time_signature
mean,0.6502800000000001,0.67546,6.12,-5.44088,0.56,0.06838999999999999,0.20539001199999998,0.0395827318,0.15773600000000002,0.468474,121.07366,3.98
std,0.15292001911096517,0.15954312448811,3.656919636044767,1.9111364141445757,0.5014265364224069,0.04346961523845814,0.27413782247399343,0.17118137901122238,0.10661908118845043,0.22426286217521704,20.242713163728318,0.14142135623730942
min,0.264,0.228,0.0,-11.001,0.0,0.0281,8.06e-05,0.0,0.0365,0.0776,75.016,3.0
max,0.929,0.9440000000000001,11.0,-3.011,1.0,0.23800000000000002,0.9009999999999999,0.9209999999999999,0.444,0.872,169.898,4.0
