,danceability,energy,key,loudness,mode,speechiness,acousticness,instrumentalness,liveness,valence,tempo,time_signature
mean,0.6637600000000002,0.6212599999999999,5.38,-6.677539999999999,0.68,0.105982,0.28140737999999993,0.038780116600000004,0.17492599999999997,0.4454199999999999,121.35956000000002,4.06
std,0.13516468564272976,0.20987428793135637,3.719172609325787,3.7096235147001546,0.4712120714991612,0.13711679319292078,0.28996345805304014,0.14275718072419877,0.1045679152610437,0.21109810950535468,29.77329219911492,0.23989793748209534
min,0.36,0.16699999999999998,0.0,-18.942,0.0,0.0285,0.0006389999999999999,0.0,0.0644,0.155,71.91199999999999,4.0
max,0.948,0.938,11.0,-2.302,1.0,0.889,0.986,0.852,0.583,0.97,180.07299999999998,5.0
