,danceability,energy,key,loudness,mode,speechiness,acousticness,instrumentalness,liveness,valence,tempo,time_signature
mean,0.60534,0.59026,5.38,-6.8016000000000005,0.72,0.08852199999999998,0.37107080000000003,0.024982330200000003,0.19594800000000007,0.47888,123.30198000000001,3.98
std,0.1430824808511881,0.18838386884448555,3.2881357536899047,3.7520267828990557,0.4535573676110727,0.07296979327510969,0.28221921440422654,0.13691832220922578,0.15525939222304522,0.22617382154223864,32.22057626607505,0.24660966430902947
min,0.21600000000000003,0.087,0.0,-23.958000000000002,0.0,0.0281,0.00339,0.0,0.0658,0.136,68.365,3.0
max,0.862,0.9790000000000001,11.0,-1.538,1.0,0.295,0.992,0.917,0.9,0.963,204.077,5.0
