,danceability,energy,key,loudness,mode,speechiness,acousticness,instrumentalness,liveness,valence,tempo,time_signature
mean,0.61604,0.6625999999999999,6.16,-5.904939999999998,0.62,0.08557399999999998,0.26499059999999997,0.0008404344,0.173694,0.44029800000000024,123.44486000000006,4.0
std,0.13928241168245772,0.1751193179241059,3.908964057138412,2.3207917316365663,0.4903143514780145,0.06342886039187717,0.2942869264427879,0.003264307155891545,0.1033283994191849,0.19968510975318834,28.193539383695686,0.20203050891044214
min,0.237,0.26,0.0,-15.687999999999999,0.0,0.027999999999999997,0.0012900000000000001,0.0,0.0365,0.0398,70.009,3.0
max,0.922,0.9570000000000001,11.0,-1.706,1.0,0.295,0.895,0.0166,0.39399999999999996,0.868,180.044,5.0
