,danceability,energy,key,loudness,mode,speechiness,acousticness,instrumentalness,liveness,valence,tempo,time_signature
mean,0.64798,0.62646,6.46,-6.2418999999999984,0.62,0.09246800000000001,0.26698126,0.0192984792,0.15553600000000004,0.4590680000000002,116.69047999999997,4.02
std,0.13787742115845553,0.20160804668910393,3.447625624829296,2.868300408725327,0.49031435147801444,0.09217868282497284,0.28828219427659946,0.12946009203499484,0.09286186308881883,0.21747475240747807,26.296520487792638,0.2466096643090295
min,0.315,0.172,0.0,-14.690999999999999,0.0,0.0289,0.000513,0.0,0.0475,0.0834,69.833,3.0
max,0.893,0.986,11.0,-2.326,1.0,0.366,0.9259999999999999,0.9159999999999999,0.389,0.963,176.135,5.0
