,danceability,energy,key,loudness,mode,speechiness,acousticness,instrumentalness,liveness,valence,tempo,time_signature
mean,0.6319200000000001,0.6324,4.8,-6.1611199999999995,0.68,0.10304800000000004,0.28670664,0.026485274999999996,0.19797600000000004,0.478076,119.43312,3.9
std,0.1638468473537257,0.20208484780973987,3.827931716278361,2.8574590513608555,0.47121207149916117,0.09425764785730566,0.2992066432283037,0.13021268039726308,0.1539856878586647,0.22669176282038184,28.44653429745575,0.3642156795423417
min,0.24,0.11599999999999999,0.0,-16.526,0.0,0.0257,0.000459,0.0,0.0443,0.0901,68.373,3.0
max,0.9490000000000001,0.9,11.0,-2.244,1.0,0.42100000000000004,0.986,0.8240000000000001,0.7240000000000001,0.872,199.75599999999997,5.0
