,danceability,energy,key,loudness,mode,speechiness,acousticness,instrumentalness,liveness,valence,tempo,time_signature
mean,0.63228,0.6406399999999999,4.82,-5.98176,0.62,0.079686,0.25436798,0.0321215436,0.183566,0.5273580000000001,119.0792,3.94
std,0.15210174360658482,0.1679349679768563,3.323939143331513,2.679995945473631,0.4903143514780145,0.06232852070984479,0.2684153485010847,0.1565932535639443,0.14693935387896376,0.25543709644610424,27.73024441114865,0.46991097723995806
min,0.171,0.24,0.0,-14.690999999999999,0.0,0.0227,0.000449,0.0,0.0398,0.0379,75.30199999999999,1.0
max,0.8690000000000001,0.9620000000000001,11.0,-2.0,1.0,0.26,0.8759999999999999,0.7979999999999999,0.63,0.9640000000000001,199.949,5.0
