,danceability,energy,key,loudness,mode,speechiness,acousticness,instrumentalness,liveness,valence,tempo,time_signature
mean,0.6377999999999999,0.6347,6.26,-6.145700000000001,0.66,0.08662,0.29512340000000004,0.0007406186000000001,0.159686,0.484662,121.92988000000001,3.98
std,0.13343881881726524,0.20476579453669722,3.544527256121436,2.6162102849545636,0.47851812069840666,0.06978482087452684,0.3005460284461179,0.0035668012959696313,0.10511567391231821,0.23168031712438833,28.0262526022314,0.14142135623730936
min,0.28600000000000003,0.209,0.0,-13.886,0.0,0.0253,0.00387,0.0,0.0346,0.0921,67.03699999999999,3.0
max,0.867,0.9309999999999999,11.0,-2.572,1.0,0.324,0.9009999999999999,0.0197,0.513,0.966,191.68200000000002,4.0
