,danceability,energy,key,loudness,mode,speechiness,acousticness,instrumentalness,liveness,valence,tempo,time_signature
mean,0.5926600000000002,0.57666,5.48,-6.345719999999999,0.68,0.0679,0.43755834,0.0016843209999999997,0.147106,0.44530000000000025,129.67114,3.96
std,0.14249892373385184,0.17781676076276745,3.345664267041017,2.1832074236530707,0.4712120714991611,0.07230578490419866,0.2918646697543935,0.011234106570645004,0.07935549158626615,0.20056718045969288,27.183737513154473,0.449943307086389
min,0.359,0.121,0.0,-13.126,0.0,0.0265,0.000587,0.0,0.0618,0.14400000000000002,68.53399999999999,1.0
max,0.88,0.9790000000000001,11.0,-2.592,1.0,0.461,0.9129999999999999,0.0795,0.39899999999999997,0.94,190.097,5.0
