,danceability,energy,key,loudness,mode,speechiness,acousticness,instrumentalness,liveness,valence,tempo,time_signature
mean,0.62626,0.6298099999999999,5.4,-7.160160000000002,0.56,0.082198,0.28599727999999996,0.042008304,0.17145600000000003,0.4260560000000001,119.91558000000003,3.96
std,0.15931534765991628,0.22451004090995078,3.9589732744431476,3.824896681864593,0.5014265364224069,0.0728955318750535,0.29765924171455393,0.1814553510285795,0.16472520489145132,0.2458436479736249,26.30625694803269,0.19794866372215747
min,0.27399999999999997,0.0496,0.0,-22.0,0.0,0.0263,0.000964,0.0,0.043,0.0679,76.55,3.0
max,0.9129999999999999,0.9620000000000001,11.0,-2.2569999999999997,1.0,0.428,0.981,0.922,0.988,0.9640000000000001,187.933,4.0
