,danceability,energy,key,loudness,mode,speechiness,acousticness,instrumentalness,liveness,valence,tempo,time_signature
mean,0.5862999999999999,0.5553000000000001,5.18,-7.834339999999998,0.64,0.06781800000000002,0.40163486,0.039759496799999995,0.160312,0.38596,117.09826000000001,4.04
std,0.12203934628150187,0.21267367452680808,3.6905284174491877,3.2117403992609517,0.4848732213850611,0.06266334309105236,0.3040805209267809,0.15984255535900718,0.11219132645000791,0.21584900901759443,26.811913247514525,0.1979486637221575
min,0.314,0.139,0.0,-15.102,0.0,0.0264,0.000153,0.0,0.0604,0.057999999999999996,75.75399999999999,4.0
max,0.825,0.97,11.0,-2.858,1.0,0.37,0.925,0.809,0.647,0.9309999999999999,179.666,5.0
