,danceability,energy,key,loudness,mode,speechiness,acousticness,instrumentalness,liveness,valence,tempo,time_signature
mean,0.5625714285714284,0.5418761904761905,5.523809523809524,-9.091619047619046,0.7142857142857143,0.08757619047619047,0.4416,0.17359642047619048,0.19087142857142858,0.30307142857142866,114.33923809523809,3.9047619047619047
std,0.12400668184762119,0.2568695717767324,3.669046846512697,5.079738285346899,0.46291004988627577,0.12069602273795896,0.351942456248177,0.3122131325850208,0.1684112381726859,0.17522788916966714,25.37919834215565,0.3007926037591192
min,0.331,0.0325,0.0,-25.809,0.0,0.0262,0.00141,0.0,0.0509,0.0479,63.008,3.0
max,0.809,0.996,11.0,-4.766,1.0,0.539,0.993,0.89,0.6759999999999999,0.693,173.937,4.0
