,danceability,energy,key,loudness,mode,speechiness,acousticness,instrumentalness,liveness,valence,tempo,time_signature
mean,0.6285199999999999,0.6099140000000001,5.3,-6.786519999999999,0.8,0.083984,0.33169479999999996,0.0195197392,0.16460400000000003,0.4676700000000001,124.88083999999998,4.0
std,0.12764687258853094,0.17771250115089293,3.412163117856053,3.2251617535135395,0.4040610178208844,0.1011305407351694,0.267212788564485,0.13587158074855998,0.1237446662796141,0.23147060134218836,29.58834314205925,0.20203050891044214
min,0.32,0.0177,0.0,-22.953000000000003,0.0,0.0248,0.00175,0.0,0.0237,0.0564,79.992,3.0
max,0.9309999999999999,0.882,11.0,-2.371,1.0,0.45799999999999996,0.993,0.961,0.674,0.9259999999999999,208.225,5.0
