,danceability,energy,key,loudness,mode,speechiness,acousticness,instrumentalness,liveness,valence,tempo,time_signature
mean,0.6170200000000002,0.59864,4.52,-6.492260000000001,0.72,0.09280999999999999,0.33226774000000003,0.0193298226,0.155234,0.47870999999999997,116.35294000000003,3.98
std,0.1540399484363901,0.1771053831330202,3.786334181053258,2.312819613301796,0.4535573676110727,0.09518303795469922,0.3052846321600455,0.07743631497456556,0.11340416363878467,0.22336630320655637,25.361511469483336,0.3187987657774485
min,0.253,0.19399999999999998,0.0,-13.844000000000001,0.0,0.0274,0.000123,0.0,0.0219,0.0726,69.828,3.0
max,0.9079999999999999,0.8859999999999999,11.0,-3.095,1.0,0.45399999999999996,0.9690000000000001,0.46,0.638,0.966,174.107,5.0
