,danceability,energy,key,loudness,mode,speechiness,acousticness,instrumentalness,liveness,valence,tempo,time_signature
mean,0.6463,0.5839200000000002,4.5,-6.800859999999999,0.72,0.06797,0.26026620000000006,0.0423505424,0.18511400000000003,0.41666000000000003,122.03815999999998,4.0
std,0.12951499007088418,0.18375791972381625,3.529756885887382,2.90710887316044,0.45355736761107274,0.057032694704933266,0.27157896596506337,0.17560807172441287,0.13017522885773342,0.1729093911591282,23.056705430759536,0.0
min,0.36,0.175,0.0,-16.465,0.0,0.0261,0.00381,0.0,0.0592,0.1,82.555,4.0
max,0.9009999999999999,0.9279999999999999,11.0,-2.7489999999999997,1.0,0.33,0.904,0.873,0.625,0.754,179.972,4.0
