,danceability,energy,key,loudness,mode,speechiness,acousticness,instrumentalness,liveness,valence,tempo,time_signature
mean,0.60288,0.5777399999999999,5.92,-7.03958,0.64,0.10711799999999995,0.28685716,0.011202752,0.17412200000000003,0.43173600000000006,121.29244000000004,4.02
std,0.1738654934019927,0.1876650087528415,3.300216443118326,2.9228674492905853,0.4848732213850611,0.09653538568730079,0.27740493851381126,0.06391819822484693,0.10652971280447573,0.20344221739945761,32.548484105997424,0.14142135623730945
min,0.308,0.11800000000000001,0.0,-18.977,0.0,0.0257,0.0007379999999999999,0.0,0.0686,0.0675,75.023,4.0
max,0.9209999999999999,0.89,11.0,-3.2439999999999998,1.0,0.43,0.9390000000000001,0.45,0.541,0.813,189.99200000000002,5.0
