,danceability,energy,key,loudness,mode,speechiness,acousticness,instrumentalness,liveness,valence,tempo,time_signature
mean,0.6072,0.57422,4.94,-7.3063400000000005,0.6,0.10144799999999998,0.3777231999999999,0.0132857866,0.15945399999999998,0.44608,118.92374000000001,4.0
std,0.16129298983969692,0.18718116183777356,3.6163461094969143,2.636830260144996,0.49487165930539356,0.09931748975597687,0.31987520982880246,0.09289560144702844,0.13676524085498643,0.18880038481455075,28.124063106615626,0.2857142857142857
min,0.228,0.204,0.0,-14.454,0.0,0.0241,0.00107,0.0,0.0352,0.128,75.592,3.0
max,0.8959999999999999,0.9520000000000001,11.0,-0.413,1.0,0.408,0.9259999999999999,0.657,0.79,0.823,181.857,5.0
