,danceability,energy,key,loudness,mode,speechiness,acousticness,instrumentalness,liveness,valence,tempo,time_signature
mean,0.6393,0.6187999999999999,5.26,-6.369200000000001,0.58,0.06800799999999999,0.28543816,0.04287602099999999,0.16793,0.4506160000000001,117.62535999999999,3.98
std,0.15546733366445412,0.16257130303786266,3.7132416114907096,2.17554457644095,0.49856938190328975,0.051263723259718265,0.2644888142712015,0.17211744878395302,0.09921725131842583,0.19100896801256342,24.344284314937884,0.14142135623730942
min,0.215,0.156,0.0,-11.217,0.0,0.0253,0.000408,0.0,0.0552,0.0378,70.387,3.0
max,0.929,0.965,11.0,-3.076,1.0,0.242,0.853,0.863,0.414,0.9420000000000001,166.201,4.0
