,danceability,energy,key,loudness,mode,speechiness,acousticness,instrumentalness,liveness,valence,tempo,time_signature
mean,0.63568,0.6077199999999999,4.9,-6.36814,0.58,0.07143400000000001,0.35950259999999995,0.005074578399999998,0.18185,0.4614480000000001,123.73934000000001,3.98
std,0.14265706560611338,0.15200658417533452,3.3457252653229625,1.8772444961611543,0.4985693819032897,0.06471106144601083,0.2468982189933367,0.03505757868656871,0.13588379827136515,0.2063657098948567,28.50015551021661,0.14142135623730942
min,0.318,0.34,0.0,-10.219,0.0,0.0252,0.0036299999999999995,0.0,0.0291,0.0713,74.818,3.0
max,0.9009999999999999,0.935,11.0,-2.293,1.0,0.336,0.877,0.248,0.764,0.9129999999999999,191.97099999999998,4.0
