,danceability,energy,key,loudness,mode,speechiness,acousticness,instrumentalness,liveness,valence,tempo,time_signature
mean,0.6079,0.5442199999999998,5.44,-7.663540000000001,0.68,0.08604999999999999,0.3345268,0.023786872400000002,0.160416,0.40734200000000004,120.62321999999999,4.02
std,0.15073185408776305,0.1853366809515117,3.580901722032754,3.1194495211004587,0.4712120714991611,0.07211306386218683,0.29688704908095936,0.11104819041289542,0.1071714635335282,0.21636708045847095,27.028979575059424,0.2466096643090295
min,0.17600000000000002,0.121,0.0,-18.242,0.0,0.026000000000000002,0.00954,0.0,0.0456,0.0661,70.429,3.0
max,0.88,0.8109999999999999,11.0,-3.1830000000000003,1.0,0.31,0.91,0.637,0.64,0.9309999999999999,179.91,5.0
