,danceability,energy,key,loudness,mode,speechiness,acousticness,instrumentalness,liveness,valence,tempo,time_signature
mean,0.64414,0.5855199999999999,5.58,-6.870799999999999,0.56,0.09473000000000002,0.34327139999999995,0.0022215164,0.16198600000000002,0.46548000000000017,122.55514000000002,4.02
std,0.1663985883476228,0.17444176152305188,3.563362319552723,2.6658819653280275,0.5014265364224069,0.08841469369524778,0.267983999217818,0.011048567214686814,0.1290740445778061,0.19597534622122909,25.9182306857154,0.2466096643090295
min,0.319,0.191,0.0,-13.292,0.0,0.0264,0.00147,0.0,0.0352,0.109,73.994,3.0
max,0.917,0.988,11.0,-0.413,1.0,0.408,0.9009999999999999,0.0762,0.79,0.885,179.96900000000002,5.0
