,danceability,energy,key,loudness,mode,speechiness,acousticness,instrumentalness,liveness,valence,tempo,time_signature
mean,0.60744,0.5759939999999999,6.04,-6.997019999999999,0.66,0.076486,0.30218040000000007,0.0279551998,0.14444600000000002,0.41848799999999997,121.26124000000002,4.04
std,0.16423852241449924,0.18817730936322707,3.741439207970481,3.5528830229972446,0.47851812069840666,0.06215276114837816,0.29360844764830757,0.14739078190122434,0.08522343073908005,0.19401183704682995,33.999557277765874,0.1979486637221575
min,0.33299999999999996,0.0787,0.0,-21.236,0.0,0.0262,0.007559999999999999,0.0,0.043,0.0744,71.91199999999999,4.0
max,0.9209999999999999,0.88,11.0,-2.384,1.0,0.33899999999999997,0.9940000000000001,0.958,0.368,0.904,200.09900000000002,5.0
