,danceability,energy,key,loudness,mode,speechiness,acousticness,instrumentalness,liveness,valence,tempo,time_signature
mean,0.6225599999999999,0.6268999999999999,5.66,-6.37358,0.72,0.08477799999999998,0.29645889,0.0075867846,0.21571600000000005,0.389464,118.51803999999998,3.94
std,0.14787945449326112,0.18023196504640845,3.5777658060953774,2.531544564337055,0.45355736761107274,0.08763092430117095,0.2707586983538259,0.053021430943448696,0.2003865655605257,0.21812684641403177,27.70145631400513,0.5115003939990903
min,0.285,0.14300000000000002,0.0,-16.016,0.0,0.0296,4.45e-05,0.0,0.047,0.0564,76.051,1.0
max,0.9309999999999999,0.871,11.0,-2.371,1.0,0.41200000000000003,0.937,0.375,0.948,0.965,189.83700000000002,5.0
