,danceability,energy,key,loudness,mode,speechiness,acousticness,instrumentalness,liveness,valence,tempo,time_signature
mean,0.62326,0.60384,5.16,-6.386619999999999,0.6,0.06332199999999999,0.3000404,0.042711477000000005,0.147776,0.46746000000000015,113.38942000000002,3.98
std,0.1347056973478078,0.20991546986774448,3.621703286283617,3.0580533950437774,0.4948716593053935,0.0505387153677298,0.3076055448530252,0.1477464695454207,0.10870252341099708,0.2330579511010696,25.55214768807235,0.2466096643090295
min,0.325,0.102,0.0,-15.058,0.0,0.0257,0.00282,0.0,0.0398,0.126,71.855,3.0
max,0.893,0.941,11.0,-0.5760000000000001,1.0,0.256,0.9790000000000001,0.7020000000000001,0.547,0.9620000000000001,193.50099999999998,5.0
