,danceability,energy,key,loudness,mode,speechiness,acousticness,instrumentalness,liveness,valence,tempo,time_signature
mean,0.6362399999999999,0.5795920000000001,5.48,-7.798479999999997,0.66,0.09579599999999998,0.3665587999999998,0.0452724846,0.19364599999999996,0.44827399999999995,118.66401999999998,4.0
std,0.15067027928966115,0.20414893706831405,3.7592878179196627,4.690740889393547,0.4785181206984066,0.09924014567847891,0.30132650359694413,0.16642587596272046,0.1287554717838652,0.23921538566483444,28.65871884748486,0.20203050891044214
min,0.175,0.0236,0.0,-32.695,0.0,0.0268,0.006640000000000001,0.0,0.0651,0.0373,74.516,3.0
max,0.9079999999999999,0.938,11.0,-2.3209999999999997,1.0,0.395,0.9279999999999999,0.95,0.752,0.9520000000000001,208.225,5.0
