,danceability,energy,key,loudness,mode,speechiness,acousticness,instrumentalness,liveness,valence,tempo,time_signature
mean,0.6305999999999999,0.5893459999999999,5.38,-7.080559999999999,0.68,0.08840200000000001,0.29530051999999996,0.0450424426,0.14380600000000002,0.4401600000000002,125.43735999999998,3.94
std,0.16244597218014062,0.2089654157598177,3.719172609325788,4.089968794651677,0.47121207149916106,0.07998934747954929,0.2808373524905976,0.18872965556470786,0.06500671051702969,0.19225635097389088,29.95180846078975,0.23989793748209526
min,0.193,0.0453,0.0,-26.219,0.0,0.027999999999999997,0.00021600000000000002,0.0,0.0574,0.11900000000000001,67.675,3.0
max,0.929,0.948,11.0,-2.6519999999999997,1.0,0.35,0.9520000000000001,0.961,0.337,0.919,202.00599999999997,4.0
