,danceability,energy,key,loudness,mode,speechiness,acousticness,instrumentalness,liveness,valence,tempo,time_signature
mean,0.6570399999999998,0.6328199999999999,4.78,-6.12334,0.62,0.07528599999999999,0.28458300000000003,0.0034705779999999998,0.20902200000000004,0.5008000000000001,115.1462,3.98
std,0.14638765421346997,0.15680023557874848,3.882404052193665,2.608524108552183,0.4903143514780145,0.05956837953827791,0.27180839528601614,0.019309162120948853,0.1699389857974842,0.18950806347606686,25.55477837740659,0.14142135623730942
min,0.272,0.252,0.0,-14.605,0.0,0.0266,0.00199,0.0,0.0473,0.115,76.039,3.0
max,0.877,0.955,11.0,-1.2009999999999998,1.0,0.294,0.934,0.132,0.981,0.925,173.981,4.0
