,danceability,energy,key,loudness,mode,speechiness,acousticness,instrumentalness,liveness,valence,tempo,time_signature
mean,0.6161999999999999,0.55108,5.54,-7.34838,0.66,0.07120200000000002,0.35657202,0.0007103412,0.16645600000000002,0.42474199999999995,126.56277999999999,3.96
std,0.15081100484935928,0.22317549057151578,3.731881398907286,3.902840336138253,0.47851812069840666,0.0663404069007351,0.2943845438141633,0.004336219818389096,0.1248399124429984,0.20138456164608984,30.932748463096917,0.19794866372215744
min,0.324,0.10099999999999999,0.0,-23.587,0.0,0.026000000000000002,0.000371,0.0,0.0489,0.0727,64.002,3.0
max,0.9009999999999999,0.9079999999999999,11.0,-1.2109999999999999,1.0,0.336,0.919,0.0307,0.625,0.877,183.36900000000003,4.0
