,danceability,energy,key,loudness,mode,speechiness,acousticness,instrumentalness,liveness,valence,tempo,time_signature
mean,0.6119000000000001,0.59334,5.02,-7.563379999999999,0.68,0.07511599999999999,0.32104759999999993,0.07645006219999999,0.17190799999999995,0.43534599999999996,121.26739999999998,3.98
std,0.17274143116466395,0.19340848281419765,3.851795234771994,3.586594541298677,0.47121207149916117,0.07448197524726835,0.28600583807770535,0.23959304646306015,0.10275538387007131,0.22727277345758343,27.02112183353713,0.14142135623730948
min,0.24,0.10400000000000001,0.0,-17.29,0.0,0.0252,0.00373,0.0,0.0501,0.0671,74.006,3.0
max,0.919,0.9790000000000001,11.0,-2.3209999999999997,1.0,0.375,0.955,0.9470000000000001,0.41100000000000003,0.97,195.99099999999999,4.0
