,danceability,energy,key,loudness,mode,speechiness,acousticness,instrumentalness,liveness,valence,tempo,time_signature
mean,0.6424799999999999,0.6008039999999998,5.22,-6.8902600000000005,0.7,0.07892199999999998,0.3037656,0.0211978742,0.152612,0.46635999999999994,119.17304,3.96
std,0.14289174438099947,0.18643780596723816,3.4480991509963936,3.490422053949046,0.46291004988627565,0.07279637603112743,0.26577532798195996,0.13100311106862297,0.13678936979822634,0.21562029740509409,26.54815493720413,0.19794866372215747
min,0.302,0.0402,0.0,-25.461,0.0,0.0275,0.00548,0.0,0.0346,0.105,69.595,3.0
max,0.878,0.932,11.0,-1.828,1.0,0.375,0.9890000000000001,0.92,0.9,0.8740000000000001,179.97400000000002,4.0
