,danceability,energy,key,loudness,mode,speechiness,acousticness,instrumentalness,liveness,valence,tempo,time_signature
mean,0.54924,0.5133939999999999,5.68,-8.67958,0.8,0.08446999999999998,0.4345402599999999,0.028236330199999996,0.17759599999999998,0.373364,123.55924000000005,3.86
std,0.15194676296489573,0.23097500740317764,3.7386017248622307,4.658403484465642,0.4040610178208843,0.0824041886442822,0.3355114495991377,0.1372125243205198,0.12100821351782494,0.20623186352912076,34.297009533205895,0.3505098327538655
min,0.265,0.0497,0.0,-22.601999999999997,0.0,0.0263,0.000239,0.0,0.0376,0.0624,54.747,3.0
max,0.909,0.945,11.0,-0.387,1.0,0.473,0.981,0.9229999999999999,0.585,0.865,191.702,4.0
