,danceability,energy,key,loudness,mode,speechiness,acousticness,instrumentalness,liveness,valence,tempo,time_signature
mean,0.6741800000000001,0.6285000000000002,5.42,-5.899559999999999,0.62,0.07722200000000001,0.28544559999999997,0.0038865498,0.17769800000000002,0.45899999999999996,117.15084,3.96
std,0.1593285259571351,0.1740729673418124,4.046111764171037,2.379591880288445,0.49031435147801455,0.06346290348201337,0.2491973216693624,0.02044758381752674,0.1278321499754539,0.21784070195574431,26.450107529089713,0.1979486637221575
min,0.321,0.16399999999999998,0.0,-14.345,0.0,0.0232,0.0019399999999999999,0.0,0.0562,0.133,71.55,3.0
max,0.9359999999999999,0.951,11.0,-2.5660000000000003,1.0,0.275,0.9209999999999999,0.133,0.5760000000000001,0.9670000000000001,186.15400000000002,4.0
