,danceability,energy,key,loudness,mode,speechiness,acousticness,instrumentalness,liveness,valence,tempo,time_signature
mean,0.6546400000000001,0.5575800000000001,4.52,-6.916879999999999,0.72,0.08712599999999998,0.3703300000000001,9.420800000000001e-06,0.1908060000000001,0.4755400000000002,121.58150000000002,3.96
std,0.1573556688861645,0.1427176590477914,3.065542532800379,2.0871138908716476,0.45355736761107274,0.09564875114667397,0.294324598962868,4.457380263091304e-05,0.15794848347690163,0.1582888357092947,32.60455375873319,0.19794866372215747
min,0.27399999999999997,0.252,0.0,-12.134,0.0,0.027999999999999997,0.000143,0.0,0.0372,0.136,55.605,3.0
max,0.978,0.905,11.0,-2.253,1.0,0.42,0.9109999999999999,0.000275,0.9,0.8109999999999999,207.27200000000002,4.0
