,danceability,energy,key,loudness,mode,speechiness,acousticness,instrumentalness,liveness,valence,tempo,time_signature
mean,0.6656600000000001,0.58506,5.74,-6.875140000000003,0.68,0.08029400000000003,0.28030419999999995,0.008054985800000004,0.17717,0.45311999999999997,115.68725999999998,3.96
std,0.12928525808917143,0.18131665952252748,3.9939239566407077,2.7301659589983664,0.47121207149916117,0.07211241340675639,0.26115420611545953,0.055273002102049607,0.12061739010573212,0.18652631701391498,24.224097015086578,0.44994330708638913
min,0.442,0.128,0.0,-14.567,0.0,0.0257,0.00381,0.0,0.0592,0.1,77.593,1.0
max,0.91,0.934,11.0,-2.7489999999999997,1.0,0.33,0.9279999999999999,0.391,0.625,0.8240000000000001,172.065,5.0
