,danceability,energy,key,loudness,mode,speechiness,acousticness,instrumentalness,liveness,valence,tempo,time_signature
mean,0.6438799999999999,0.59508,5.12,-6.933119999999999,0.7,0.08536000000000006,0.30814480000000005,0.041389466400000005,0.174532,0.42245999999999995,124.28755999999993,4.0
std,0.12901346868463315,0.20485583183481668,3.7992480459014133,2.590655890790939,0.46291004988627565,0.08243098040550194,0.26887161003462645,0.1594790751524958,0.11701102065661183,0.19440849166806745,26.070604210184346,0.0
min,0.359,0.19699999999999998,0.0,-14.505,0.0,0.025,0.00314,0.0,0.0388,0.13699999999999998,73.96300000000001,4.0
max,0.9059999999999999,0.993,11.0,-2.6519999999999997,1.0,0.33399999999999996,0.88,0.871,0.764,0.9259999999999999,202.00599999999997,4.0
