,danceability,energy,key,loudness,mode,speechiness,acousticness,instrumentalness,liveness,valence,tempo,time_signature
mean,0.63214,0.6472999999999999,4.56,-6.032999999999999,0.68,0.07881200000000001,0.23370440000000003,0.01482594,0.16053599999999998,0.44992200000000004,123.37295999999998,3.98
std,0.14343284142761728,0.1604859012181317,3.5865963627634145,1.9586164004423205,0.4712120714991612,0.06542272163493695,0.2699810226978548,0.06823178443907073,0.10883301524888143,0.18607160711809365,26.752653208843665,0.14142135623730948
min,0.215,0.228,0.0,-11.001,0.0,0.0253,0.00179,0.0,0.0404,0.0391,70.387,3.0
max,0.929,0.907,11.0,-3.076,1.0,0.35100000000000003,0.935,0.446,0.502,0.878,184.683,4.0
