,danceability,energy,key,loudness,mode,speechiness,acousticness,instrumentalness,liveness,valence,tempo,time_signature
mean,0.6409199999999997,0.599958,4.4,-7.017760000000001,0.64,0.10525400000000001,0.33475778,0.027667014,0.19679800000000003,0.47210800000000014,124.95096000000005,3.9
std,0.17000226168963706,0.19188099637908013,3.822596617217044,4.41672729776892,0.4848732213850611,0.10741527693194924,0.26926075131717464,0.12964327903631515,0.18381682262957502,0.22399635186533637,33.88134173424443,0.5050762722761054
min,0.165,0.0519,0.0,-30.886999999999997,0.0,0.0268,0.000389,0.0,0.0465,0.0393,62.935,1.0
max,0.9129999999999999,0.9259999999999999,11.0,-1.865,1.0,0.375,0.956,0.8590000000000001,0.9,0.9209999999999999,208.225,5.0
