,danceability,energy,key,loudness,mode,speechiness,acousticness,instrumentalness,liveness,valence,tempo,time_signature
mean,0.7312399999999998,0.6343000000000001,5.56,-7.414179999999996,0.52,0.16983200000000007,0.2634414200000001,0.0012211251999999998,0.15783599999999998,0.5145000000000002,124.80863999999998,3.98
std,0.13629792697601525,0.14663939526913614,3.5694851855408958,2.53523590409014,0.5046720495044484,0.16308592631881302,0.24176032636595918,0.005818940930703568,0.0877284533928068,0.2028577716288042,27.820391544039666,0.24660966430902945
min,0.42700000000000005,0.225,0.0,-14.885,0.0,0.0272,0.000524,0.0,0.0441,0.1,78.097,3.0
max,0.9640000000000001,0.938,11.0,-3.135,1.0,0.902,0.9109999999999999,0.038,0.442,0.9620000000000001,208.092,5.0
