,danceability,energy,key,loudness,mode,speechiness,acousticness,instrumentalness,liveness,valence,tempo,time_signature
mean,0.6394800000000002,0.637166,5.7,-7.079779999999999,0.42,0.09936199999999999,0.27588166399999997,0.0452269842,0.150182,0.40921799999999975,121.17284000000004,4.0
std,0.16898306158322737,0.18898770677005444,3.9499418750567123,2.700896081764309,0.49856938190328975,0.10043852803723137,0.25934363346385464,0.17275295000336843,0.11179378919260591,0.23543037420426272,23.989760327817415,0.20203050891044214
min,0.258,0.0683,0.0,-18.162,0.0,0.0298,4.96e-05,0.0,0.0632,0.0387,73.00399999999999,3.0
max,0.929,0.9440000000000001,11.0,-3.531,1.0,0.493,0.878,0.88,0.645,0.87,180.043,5.0
