,danceability,energy,key,loudness,mode,speechiness,acousticness,instrumentalness,liveness,valence,tempo,time_signature
mean,0.6671399999999998,0.6505340000000001,5.6,-7.312000000000001,0.5,0.11974399999999998,0.27531578,0.03120734,0.157366,0.468252,124.49776000000001,3.96
std,0.16337349346618912,0.20032086670323365,3.2261685116103473,3.2154781534170063,0.5050762722761054,0.10640939838804712,0.2669922253515542,0.13171058980476175,0.11381738436492674,0.2484468129670199,27.011592921286706,0.1979486637221575
min,0.243,0.0877,0.0,-18.054000000000002,0.0,0.0306,0.0009689999999999999,0.0,0.0489,0.0729,54.924,3.0
max,0.912,0.9590000000000001,11.0,-1.396,1.0,0.392,0.955,0.841,0.565,0.961,179.893,4.0
