,danceability,energy,key,loudness,mode,speechiness,acousticness,instrumentalness,liveness,valence,tempo,time_signature
mean,0.6633400000000002,0.6735000000000001,6.62,-6.759180000000002,0.48,0.10905799999999999,0.25635846600000006,0.05697722259999999,0.193266,0.48861200000000005,120.76922,3.98
std,0.13892100383355444,0.16325943420563133,3.1421427759555733,2.51807970801529,0.5046720495044484,0.12249191741765278,0.2601982550800185,0.17104392751716416,0.18776387865223337,0.2675244765761574,24.142513034141107,0.3187987657774485
min,0.285,0.33299999999999996,0.0,-13.725,0.0,0.0242,2.7300000000000003e-05,0.0,0.0418,0.0478,72.99600000000001,3.0
max,0.9309999999999999,0.9840000000000001,11.0,-2.762,1.0,0.5329999999999999,0.985,0.937,0.9490000000000001,0.965,172.025,5.0
