,danceability,energy,key,loudness,mode,speechiness,acousticness,instrumentalness,liveness,valence,tempo,time_signature
mean,0.6490819999999998,0.6039800000000002,5.4,-7.461759999999999,0.46,0.076864,0.25289974,0.09261535559999999,0.14994800000000003,0.4522499999999999,118.65201999999998,3.94
std,0.1720224874834683,0.17137350186903794,3.602720060833854,2.850889424837986,0.5034574339058886,0.07841851811704598,0.26405618246593293,0.2522365685126549,0.08919592339911285,0.22440602801209078,25.30567877825377,0.31363569143000175
min,0.0861,0.242,0.0,-19.117,0.0,0.0232,0.000145,0.0,0.0497,0.0392,73.001,3.0
max,0.963,0.9259999999999999,11.0,-3.1830000000000003,1.0,0.431,0.9159999999999999,0.8959999999999999,0.38299999999999995,0.935,184.954,5.0
