,danceability,energy,key,loudness,mode,speechiness,acousticness,instrumentalness,liveness,valence,tempo,time_signature
mean,0.6769600000000001,0.6777545999999998,5.28,-6.965300000000003,0.58,0.101336,0.2668097,0.07123146,0.155302,0.5412999999999999,116.94297999999999,3.98
std,0.13953464349291136,0.1771071670176574,3.194638365404491,4.319230644124351,0.4985693819032897,0.08941366320281785,0.2592896215680608,0.2167503401060114,0.11895790627489254,0.2189188881568622,25.43360566017219,0.24660966430902945
min,0.371,0.00473,0.0,-31.879,0.0,0.0267,0.000356,0.0,0.047,0.10099999999999999,66.626,3.0
max,0.9309999999999999,0.9640000000000001,11.0,-1.746,1.0,0.41200000000000003,0.995,0.917,0.6659999999999999,0.9620000000000001,179.893,5.0
