,danceability,energy,key,loudness,mode,speechiness,acousticness,instrumentalness,liveness,valence,tempo,time_signature
mean,0.7292400000000003,0.6292,6.0,-7.66144,0.42,0.14169800000000005,0.27196676,0.073294486,0.20214600000000002,0.5340199999999998,123.84209999999997,3.86
std,0.12357870498807881,0.19165711304199443,3.499271061118826,3.216186683331802,0.49856938190328975,0.11662355537963913,0.2601590620652602,0.22189831425888437,0.16775880305987415,0.22473226610473948,23.714189365768128,0.606428150765461
min,0.41700000000000004,0.218,0.0,-17.471,0.0,0.0305,0.0005480000000000001,0.0,0.0292,0.073,78.205,1.0
max,0.972,0.9329999999999999,11.0,-3.0,1.0,0.47200000000000003,0.8640000000000001,0.882,0.789,0.9620000000000001,175.977,4.0
