,danceability,energy,key,loudness,mode,speechiness,acousticness,instrumentalness,liveness,valence,tempo,time_signature
mean,0.6786999999999997,0.6234200000000001,4.66,-6.161399999999999,0.6,0.13136000000000003,0.19322968000000004,0.019861510800000003,0.173274,0.371342,124.86829999999998,3.96
std,0.15711743300825035,0.16008264319738486,3.2677146729286917,2.597886943542496,0.4948716593053935,0.11447156139123349,0.22944204113505887,0.09293270190925898,0.12919302566947125,0.23519526328876056,29.9662835821276,0.19794866372215741
min,0.249,0.231,0.0,-13.99,0.0,0.0247,0.000704,0.0,0.0424,0.0587,73.59899999999999,3.0
max,0.909,0.8959999999999999,11.0,-0.777,1.0,0.473,0.986,0.618,0.642,0.97,191.702,4.0
