,danceability,energy,key,loudness,mode,speechiness,acousticness,instrumentalness,liveness,valence,tempo,time_signature
mean,0.6875000000000001,0.6573399999999999,5.72,-7.3570400000000005,0.6,0.106584,0.2169643,0.05260220900000001,0.19738599999999995,0.545678,119.52802000000001,3.98
std,0.17325364795758919,0.1924773625703574,3.5285425100029557,3.5548978799879545,0.49487165930539356,0.09147466775461022,0.2740340421054714,0.18099565787738,0.13203556263370866,0.21728804102257576,26.180975703657612,0.24660966430902945
min,0.187,0.11599999999999999,0.0,-23.410999999999998,0.0,0.0319,0.000965,0.0,0.0501,0.0372,66.003,3.0
max,0.927,0.914,11.0,-2.384,1.0,0.341,0.9590000000000001,0.9690000000000001,0.631,0.9390000000000001,193.016,5.0
