,danceability,energy,key,loudness,mode,speechiness,acousticness,instrumentalness,liveness,valence,tempo,time_signature
mean,0.640828,0.6427600000000002,5.82,-7.076640000000002,0.5,0.12270999999999997,0.19414731200000002,0.08497040920000001,0.18426199999999995,0.42878,120.32742,3.98
std,0.17871592329956593,0.17552074823571284,3.5495903759074365,3.054708528531931,0.5050762722761054,0.09571291949984428,0.22180306383823103,0.239752295660471,0.1268651845745824,0.20420839795639742,34.76300463288112,0.2466096643090295
min,0.0714,0.187,0.0,-17.419,0.0,0.0266,3.16e-05,0.0,0.0473,0.0331,61.977,3.0
max,0.922,0.9670000000000001,11.0,-2.492,1.0,0.371,0.795,0.945,0.581,0.868,204.02599999999998,5.0
