,danceability,energy,key,loudness,mode,speechiness,acousticness,instrumentalness,liveness,valence,tempo,time_signature
mean,0.6906200000000001,0.6770200000000002,5.28,-7.309819999999999,0.48,0.16389600000000001,0.27447536000000006,0.006804567800000001,0.18794600000000003,0.5329200000000001,124.53038000000001,4.0
std,0.11834589393910083,0.141927329781038,3.725477643667908,2.4417541677897,0.5046720495044484,0.14839160403115392,0.24018517091192412,0.02272283590388189,0.15517919754599976,0.2185073519521548,25.303224588319548,0.20203050891044214
min,0.374,0.26899999999999996,0.0,-12.787,0.0,0.0285,0.000391,0.0,0.0662,0.131,71.884,3.0
max,0.9570000000000001,0.912,11.0,-2.699,1.0,0.5329999999999999,0.8270000000000001,0.13,0.795,0.8909999999999999,171.93400000000003,5.0
