,danceability,energy,key,loudness,mode,speechiness,acousticness,instrumentalness,liveness,valence,tempo,time_signature
mean,0.6543000000000003,0.657662,4.98,-7.035900000000001,0.54,0.12614999999999993,0.24965370000000003,0.053466488000000006,0.183576,0.42898000000000003,119.24589999999995,3.96
std,0.13342279736665263,0.16632675596854646,3.6336859343355146,3.249911328460692,0.5034574339058886,0.1442310041253974,0.28553735655435875,0.16603632058198656,0.14107077766215118,0.23024393275704047,25.51506601930295,0.1979486637221575
min,0.341,0.0161,0.0,-23.209,0.0,0.0261,0.00015900000000000002,0.0,0.0403,0.0583,70.083,3.0
max,0.9009999999999999,0.946,11.0,-2.7510000000000003,1.0,0.84,0.985,0.9259999999999999,0.7290000000000001,0.9009999999999999,172.065,4.0
