,danceability,energy,key,loudness,mode,speechiness,acousticness,instrumentalness,liveness,valence,tempo,time_signature
mean,0.5679599999999998,0.6644000000000001,5.56,-7.367700000000002,0.3,0.11869999999999999,0.26998800000000006,0.03479809679999999,0.18019399999999994,0.43728000000000017,123.38189999999997,3.96
std,0.14279598119309225,0.21656266473033167,3.715164731151479,3.4180771432404584,0.46291004988627565,0.14388064781730214,0.25194839418955195,0.10568597540965355,0.1277811991696137,0.2265910665241934,30.788715137305132,0.1979486637221575
min,0.242,0.156,0.0,-17.34,0.0,0.0263,0.00109,0.0,0.0723,0.0377,64.35600000000001,3.0
max,0.809,0.945,11.0,-2.569,1.0,0.765,0.948,0.486,0.591,0.9420000000000001,179.798,4.0
