,danceability,energy,key,loudness,mode,speechiness,acousticness,instrumentalness,liveness,valence,tempo,time_signature
mean,0.6681200000000002,0.6673200000000001,5.3,-6.982660000000002,0.44,0.083522,0.20410657180000003,0.0302970052,0.17325400000000002,0.47478800000000015,123.93688,3.94
std,0.16346061623897204,0.18120869015517743,3.2087253493166,2.7264903702715833,0.5014265364224069,0.06254075337452422,0.2230602393459412,0.10820947224735492,0.12349337288672123,0.2298795830651432,25.41901362562269,0.313635691430002
min,0.16399999999999998,0.114,0.0,-18.054000000000002,0.0,0.027999999999999997,8.59e-06,0.0,0.0586,0.0474,74.969,3.0
max,0.884,0.993,11.0,-2.867,1.0,0.271,0.955,0.631,0.565,0.9620000000000001,195.896,5.0
