,danceability,energy,key,loudness,mode,speechiness,acousticness,instrumentalness,liveness,valence,tempo,time_signature
mean,0.6740799999999997,0.582198,5.28,-8.55606,0.62,0.11908399999999995,0.302908348,0.12707392699999998,0.16447799999999999,0.47074000000000005,126.98602,3.92
std,0.14664727082634824,0.20766479317026512,3.6029466398762993,4.2001776027075,0.49031435147801444,0.13075023449465842,0.2872127939779894,0.2886672128965829,0.11742400980017255,0.24582778109722192,25.491688858063654,0.2740475156178698
min,0.205,0.0689,0.0,-22.919,0.0,0.0258,8.14e-05,0.0,0.0485,0.053,66.512,3.0
max,0.973,0.9570000000000001,11.0,-3.22,1.0,0.7040000000000001,0.9790000000000001,0.938,0.588,0.927,180.08,4.0
