,danceability,energy,key,loudness,mode,speechiness,acousticness,instrumentalness,liveness,valence,tempo,time_signature
mean,0.6568,0.6547799999999999,5.16,-7.441720000000001,0.58,0.116728,0.22328092,0.12432919999999999,0.15972800000000004,0.49953800000000004,116.15423999999999,3.96
std,0.17719929976366922,0.18604863200085012,4.1025626635266965,3.394875159497242,0.49856938190328975,0.0984769548095971,0.25251505629411086,0.2962256723639238,0.11602757420333411,0.23199613199625654,26.458260207476428,0.493219328618059
min,0.242,0.11900000000000001,0.0,-19.096,0.0,0.0259,0.000168,0.0,0.0349,0.0374,62.516000000000005,1.0
max,0.963,0.914,11.0,-2.984,1.0,0.37200000000000005,0.9440000000000001,0.9059999999999999,0.687,0.924,181.017,5.0
