,danceability,energy,key,loudness,mode,speechiness,acousticness,instrumentalness,liveness,valence,tempo,time_signature
mean,0.6129000000000001,0.6097199999999998,4.54,-7.840919999999999,0.66,0.10807199999999999,0.31909454,0.0245680544,0.23074800000000004,0.44592600000000004,116.13712000000004,3.94
std,0.16024665299443344,0.22353057956351294,3.4712228040133124,3.65305912531692,0.47851812069840666,0.12435239597077925,0.30519506121175916,0.11159346193033864,0.19827333353690488,0.2578240032602528,26.501713341331772,0.23989793748209529
min,0.265,0.106,0.0,-22.506999999999998,0.0,0.0272,0.00028399999999999996,0.0,0.0535,0.0393,46.718,3.0
max,0.895,0.927,11.0,-3.617,1.0,0.623,0.9940000000000001,0.705,0.7929999999999999,0.963,170.033,4.0
