,danceability,energy,key,loudness,mode,speechiness,acousticness,instrumentalness,liveness,valence,tempo,time_signature
mean,0.5748200000000001,0.5963339999999999,5.46,-8.08114,0.66,0.096914,0.30786605999999994,0.0265120436,0.21316600000000002,0.4353139999999998,122.91153999999999,3.88
std,0.15581290324079883,0.18696853998161606,3.0918589613264533,3.78335833974774,0.4785181206984066,0.0937529602471412,0.3070064428251954,0.1039046005815768,0.17771403951521758,0.24212102557293488,30.095434490836727,0.32826072265931605
min,0.245,0.0907,0.0,-23.035,0.0,0.0235,0.000813,0.0,0.0424,0.0785,76.923,3.0
max,0.884,0.883,11.0,-3.562,1.0,0.37200000000000005,0.966,0.5710000000000001,0.815,0.9009999999999999,191.702,4.0
