,danceability,energy,key,loudness,mode,speechiness,acousticness,instrumentalness,liveness,valence,tempo,time_signature
mean,0.6344599999999998,0.6391000000000001,4.94,-6.7051000000000025,0.56,0.11228799999999999,0.2418639,0.0250462868,0.229452,0.45736,127.33601999999999,3.96
std,0.15431087228747833,0.19446622391792862,3.5016614132524615,2.5382706409953166,0.5014265364224069,0.11880914834562294,0.26093027377687605,0.12072509987591042,0.23396725589845485,0.19612592373060647,27.686344071039784,0.2828427124746188
min,0.249,0.254,0.0,-12.719000000000001,0.0,0.0268,0.000371,0.0,0.0485,0.07400000000000001,79.77600000000001,3.0
max,0.9590000000000001,0.968,11.0,-2.004,1.0,0.575,0.95,0.8220000000000001,0.9640000000000001,0.888,180.08,5.0
