,danceability,energy,key,loudness,mode,speechiness,acousticness,instrumentalness,liveness,valence,tempo,time_signature
mean,0.6807399999999998,0.6839000000000002,5.8,-6.8927999999999985,0.46,0.11949799999999998,0.1953162,0.055777620800000004,0.16342200000000007,0.4579539999999999,121.86656000000002,3.96
std,0.13645628888222852,0.18167106965893165,3.752550153303914,3.0340448787930963,0.5034574339058886,0.0935615098123547,0.22497145389790849,0.19499377648427177,0.11666939211782523,0.24042648943161016,28.426303029498893,0.1979486637221575
min,0.248,0.19699999999999998,0.0,-17.195999999999998,0.0,0.0289,0.00121,0.0,0.0212,0.0398,74.992,3.0
max,0.9059999999999999,0.9490000000000001,11.0,-1.865,1.0,0.32799999999999996,0.88,0.807,0.7040000000000001,0.94,202.00599999999997,4.0
