,danceability,energy,key,loudness,mode,speechiness,acousticness,instrumentalness,liveness,valence,tempo,time_signature
mean,0.6906399999999999,0.5654199999999999,4.68,-8.116139999999998,0.56,0.19281399999999999,0.3330749999999999,0.0282645484,0.187484,0.48844,118.43436000000003,4.04
std,0.15876085982459562,0.18382612569979245,3.5653662833843427,3.3136279889854494,0.5014265364224069,0.15970950415791588,0.28999985325999106,0.1370598181051536,0.12000634398196774,0.24119838223304227,26.963011056918518,0.3475864303027552
min,0.228,0.18600000000000003,0.0,-17.272000000000002,0.0,0.0364,0.00122,0.0,0.0324,0.073,45.838,3.0
max,0.934,0.899,11.0,-2.3169999999999997,1.0,0.7490000000000001,0.9259999999999999,0.727,0.5379999999999999,0.924,170.00400000000002,5.0
