,danceability,energy,key,loudness,mode,speechiness,acousticness,instrumentalness,liveness,valence,tempo,time_signature
mean,0.5712599999999999,0.5842360000000002,5.64,-8.215599999999998,0.54,0.099836,0.28164983799999993,0.0196276982,0.178722,0.42852799999999985,113.43792000000002,3.9
std,0.17842002838978657,0.21865004912799235,3.088887257540475,4.162949170470181,0.5034574339058886,0.0939959959199305,0.31401148996108014,0.0687112768143512,0.15763137350884726,0.24518364216169367,31.418536366642556,0.3030457633656633
min,0.22699999999999998,0.0227,0.0,-27.430999999999997,0.0,0.027000000000000003,1.6899999999999997e-05,0.0,0.0215,0.0792,54.747,3.0
max,0.903,0.961,11.0,-3.154,1.0,0.473,0.98,0.43,0.815,0.9259999999999999,200.02200000000002,4.0
