,danceability,energy,key,loudness,mode,speechiness,acousticness,instrumentalness,liveness,valence,tempo,time_signature
mean,0.7412399999999999,0.6900400000000002,5.6,-6.843200000000001,0.44,0.11789000000000001,0.18968839999999998,0.016191384600000004,0.15435000000000001,0.5732599999999999,124.64364000000003,4.0
std,0.12287185293995512,0.13827611536933143,3.481730744843983,2.40071085561025,0.5014265364224069,0.10657627957170838,0.198234161391347,0.058839493024660745,0.109936956423921,0.21396650605710632,24.7032574946574,0.0
min,0.311,0.354,0.0,-14.043,0.0,0.0278,0.000206,0.0,0.0441,0.071,77.03,4.0
max,0.9570000000000001,0.9420000000000001,11.0,-3.135,1.0,0.386,0.813,0.322,0.6940000000000001,0.914,208.092,4.0
