,danceability,energy,key,loudness,mode,speechiness,acousticness,instrumentalness,liveness,valence,tempo,time_signature
mean,0.67928,0.6888,5.36,-6.424739999999998,0.52,0.13521999999999998,0.14124986,0.0245315016,0.184142,0.501228,125.78248000000004,3.9
std,0.1436614557825133,0.1447944355679063,3.778348629672352,2.39024227112941,0.5046720495044485,0.1082424206707013,0.1974646941456655,0.09704965396643234,0.09991919610875785,0.24864367097991322,29.51114164849525,0.3030457633656633
min,0.36200000000000004,0.19399999999999998,0.0,-14.366,0.0,0.0319,0.000813,0.0,0.0662,0.0712,70.124,3.0
max,0.922,0.9179999999999999,11.0,-2.126,1.0,0.452,0.9590000000000001,0.581,0.45299999999999996,0.9390000000000001,199.75599999999997,4.0
