,danceability,energy,key,loudness,mode,speechiness,acousticness,instrumentalness,liveness,valence,tempo,time_signature
mean,0.7338000000000001,0.6208600000000001,5.96,-7.407939999999999,0.46,0.11586799999999998,0.262887,0.05738430199999999,0.17097,0.529758,125.07128000000004,3.92
std,0.13227290897602423,0.17954182163018653,3.398439017416973,2.7819543740298247,0.5034574339058886,0.08857467837355998,0.2514352769243011,0.19754323963913833,0.1441262573621632,0.22902997227437286,21.430756477205986,0.444467119602972
min,0.396,0.218,0.0,-15.177,0.0,0.0305,0.000292,0.0,0.0292,0.073,82.837,1.0
max,0.972,0.9329999999999999,11.0,-3.0,1.0,0.37200000000000005,0.8370000000000001,0.8109999999999999,0.789,0.968,174.11,4.0
