,danceability,energy,key,loudness,mode,speechiness,acousticness,instrumentalness,liveness,valence,tempo,time_signature
mean,0.7229399999999998,0.6879600000000002,5.68,-6.874700000000002,0.52,0.12501599999999996,0.20871942000000007,0.0073693258,0.162684,0.5050279999999999,124.50957999999996,3.98
std,0.1463468636144824,0.13931669399066932,3.413299319558418,2.434967319480649,0.5046720495044484,0.0966413870862747,0.2321920592758916,0.04572065042017063,0.10712390377121099,0.23029288897012012,27.846913749114318,0.14142135623730942
min,0.256,0.325,0.0,-13.970999999999998,0.0,0.0287,0.000524,0.0,0.0372,0.0664,77.03,3.0
max,0.9640000000000001,0.965,11.0,-2.823,1.0,0.386,0.96,0.322,0.662,0.914,208.092,4.0
