,danceability,energy,key,loudness,mode,speechiness,acousticness,instrumentalness,liveness,valence,tempo,time_signature
mean,0.6250199999999999,0.6603599999999998,4.58,-6.465519999999999,0.5,0.14254399999999995,0.23011680000000007,0.0862761452,0.217902,0.411774,121.28645999999999,3.98
std,0.167171119710631,0.1820904417579128,3.653848963065929,2.663833031171283,0.5050762722761054,0.14140921102695295,0.24649874236173774,0.22922065942826314,0.14808067780360645,0.20404378762752803,27.67791233958875,0.3187987657774485
min,0.233,0.114,0.0,-16.503,0.0,0.0252,0.000781,0.0,0.0587,0.0388,75.068,3.0
max,0.946,0.982,11.0,-0.9279999999999999,1.0,0.684,0.955,0.873,0.618,0.9540000000000001,205.11599999999999,5.0
