,danceability,energy,key,loudness,mode,speechiness,acousticness,instrumentalness,liveness,valence,tempo,time_signature
mean,0.7028399999999998,0.5690399999999999,6.24,-7.59728,0.5,0.14454599999999998,0.2681074000000001,0.0027190768,0.17632800000000004,0.4989759999999998,118.36701999999995,3.94
std,0.16637606283872178,0.16692060437005765,3.5888716889852716,2.7875181415351817,0.5050762722761054,0.1052788875670091,0.2402907173830254,0.010331766466416323,0.14646191124281413,0.23534488679122711,26.880694991083722,0.3136356914300021
min,0.376,0.17800000000000002,0.0,-16.616,0.0,0.0296,0.00147,0.0,0.0565,0.0592,45.838,3.0
max,0.97,0.899,11.0,-3.377,1.0,0.415,0.866,0.0685,0.79,0.968,171.017,5.0
