,danceability,energy,key,loudness,mode,speechiness,acousticness,instrumentalness,liveness,valence,tempo,time_signature
mean,0.6637,0.5731999999999998,5.42,-8.39208,0.5,0.11015999999999998,0.34253955200000014,0.088184451,0.2275560000000001,0.3905039999999999,120.29808000000003,3.96
std,0.16076110429162033,0.1661614656081885,3.446915213607076,3.3394972971318633,0.5050762722761054,0.17788292297383212,0.3163528875485743,0.21805574790807306,0.19798729412953422,0.20288164536125441,21.88344320913295,0.28284271247461873
min,0.29600000000000004,0.217,0.0,-19.82,0.0,0.0248,8.759999999999999e-05,0.0,0.0713,0.068,72.652,3.0
max,0.9359999999999999,0.898,11.0,-4.1819999999999995,1.0,0.9440000000000001,0.9490000000000001,0.897,0.7290000000000001,0.87,169.743,5.0
