,danceability,energy,key,loudness,mode,speechiness,acousticness,instrumentalness,liveness,valence,tempo,time_signature
mean,0.6767599999999997,0.63922,5.52,-6.862460000000001,0.54,0.12135999999999997,0.20682714000000008,0.04978355799999999,0.168384,0.430522,116.07755999999999,3.94
std,0.149768741459516,0.19299088378597004,3.6546866751990583,2.866744646060106,0.5034574339058886,0.11294037256491607,0.26805807405402177,0.1841258345826391,0.12763426281723084,0.21794346981897555,29.649125159107278,0.23989793748209526
min,0.33399999999999996,0.136,0.0,-17.232,0.0,0.0267,0.000194,0.0,0.0413,0.0422,75.016,3.0
max,0.899,0.97,11.0,-3.011,1.0,0.43200000000000005,0.935,0.87,0.598,0.862,210.338,4.0
