,danceability,energy,key,loudness,mode,speechiness,acousticness,instrumentalness,liveness,valence,tempo,time_signature
mean,0.7192000000000003,0.6144399999999998,6.1,-7.3663799999999995,0.52,0.15040800000000001,0.25639100000000004,0.020358236600000003,0.16114599999999998,0.49608799999999986,119.00106,3.94
std,0.15113502545196908,0.17579616675257156,3.8345901518484427,2.798126238126114,0.5046720495044485,0.10059292960101265,0.22212377498427605,0.095406122948587,0.1351593318408813,0.22094635108356703,27.113390410786977,0.23989793748209529
min,0.376,0.179,0.0,-16.616,0.0,0.0327,0.00147,0.0,0.0608,0.0806,45.838,3.0
max,0.92,0.955,11.0,-2.2030000000000003,1.0,0.387,0.902,0.657,0.79,0.922,171.017,4.0
