,danceability,energy,key,loudness,mode,speechiness,acousticness,instrumentalness,liveness,valence,tempo,time_signature
mean,0.7107199999999999,0.6966800000000002,5.66,-7.005699999999998,0.46,0.132172,0.20842959999999994,0.05931847600000001,0.15923800000000002,0.498076,124.26639999999996,3.96
std,0.1297932484643896,0.16803831438704928,3.799086893516625,3.1542748398492675,0.5034574339058886,0.10309456732653229,0.2503311101685208,0.18214666729235018,0.11752770040830932,0.2631764733917885,24.738657609630533,0.19794866372215747
min,0.248,0.332,0.0,-17.195999999999998,0.0,0.0287,0.00151,0.0,0.0212,0.0398,78.64699999999999,3.0
max,0.9059999999999999,0.9490000000000001,11.0,-2.6519999999999997,1.0,0.361,0.872,0.807,0.7040000000000001,0.94,202.00599999999997,4.0
