,danceability,energy,key,loudness,mode,speechiness,acousticness,instrumentalness,liveness,valence,tempo,time_signature
mean,0.65992,0.6497799999999999,5.58,-7.459620000000002,0.46,0.09557400000000003,0.28608151200000015,0.07398251660000002,0.184956,0.49217200000000005,118.89176000000002,3.96
std,0.1478374507245532,0.18999455309056004,3.5518894080963355,3.3216096472300034,0.5034574339058886,0.08942302084554543,0.26918090183822074,0.21065947589449113,0.12836776434311292,0.2420679049947998,26.463336164619015,0.1979486637221575
min,0.374,0.142,0.0,-20.000999999999998,0.0,0.0246,8.759999999999999e-05,0.0,0.0621,0.0471,64.01899999999999,3.0
max,0.977,0.975,11.0,-2.0180000000000002,1.0,0.389,0.9890000000000001,0.877,0.645,0.8809999999999999,195.96099999999998,4.0
