,danceability,energy,key,loudness,mode,speechiness,acousticness,instrumentalness,liveness,valence,tempo,time_signature
mean,0.588472,0.6078939999999999,4.52,-8.294559999999999,0.54,0.08396,0.3069908,0.12293221480000004,0.169404,0.42565600000000003,122.76321999999999,3.96
std,0.14293884954834382,0.23270588111631907,3.5470021835059415,4.597838747649568,0.5034574339058886,0.08494577622200639,0.3214819189497161,0.2684546349015251,0.1493070551526864,0.24051355018045897,29.25657837505812,0.5329930887479322
min,0.0836,0.0197,0.0,-30.191,0.0,0.028999999999999998,0.0017100000000000001,0.0,0.0443,0.0383,57.967,1.0
max,0.884,0.96,11.0,-2.029,1.0,0.41200000000000003,0.981,0.924,0.654,0.961,180.03799999999998,5.0
