,danceability,energy,key,loudness,mode,speechiness,acousticness,instrumentalness,liveness,valence,tempo,time_signature
mean,0.6682400000000002,0.6878799999999998,4.78,-6.643200000000002,0.5,0.13584599999999997,0.2644602599999999,0.04240516280000001,0.19589600000000004,0.500368,125.47846,3.88
std,0.12145118444906838,0.17761315910065417,3.7377828198229053,3.13150579936052,0.5050762722761054,0.12604012676565365,0.2613201387275854,0.17113306817155116,0.15028944992641258,0.21829546485328136,25.875707037730372,0.47979587496419046
min,0.39799999999999996,0.024,0.0,-20.703000000000003,0.0,0.0289,0.000933,0.0,0.0639,0.0794,74.764,1.0
max,0.889,0.9440000000000001,11.0,-2.293,1.0,0.54,0.963,0.9420000000000001,0.764,0.961,190.075,4.0
