,danceability,energy,key,loudness,mode,speechiness,acousticness,instrumentalness,liveness,valence,tempo,time_signature
mean,0.6006199999999999,0.5423999999999999,5.28,-8.379439999999997,0.46,0.08344399999999999,0.3476532000000001,0.0745888912,0.185238,0.367028,122.00612,3.94
std,0.1846539941377397,0.18958504634047058,3.7527676861381183,3.8459044219607357,0.5034574339058886,0.09214636130656932,0.3054920936712986,0.19147826485185018,0.1513900165068991,0.2198657336481814,29.01590242779969,0.3136356914300019
min,0.175,0.022000000000000002,0.0,-28.246,0.0,0.0263,0.00337,0.0,0.0589,0.0519,67.391,3.0
max,0.922,0.9470000000000001,11.0,-1.68,1.0,0.431,0.988,0.889,0.956,0.935,182.785,5.0
