,danceability,energy,key,loudness,mode,speechiness,acousticness,instrumentalness,liveness,valence,tempo,time_signature
mean,0.67818,0.6543999999999999,6.4,-6.827139999999996,0.62,0.10656,0.22868538000000008,0.0361168574,0.16231600000000002,0.46000599999999997,124.02569999999996,3.92
std,0.12094385440512198,0.17964863665795303,3.7307328163430276,2.7113838323119155,0.49031435147801455,0.10827565539409315,0.2337568224965188,0.12824258919166137,0.11726897454926744,0.20852497370133596,25.215463787331064,0.2740475156178697
min,0.373,0.17800000000000002,0.0,-14.341,0.0,0.0236,0.00015900000000000002,0.0,0.0379,0.0479,78.072,3.0
max,0.8859999999999999,0.977,11.0,-1.746,1.0,0.484,0.892,0.725,0.6659999999999999,0.903,185.90400000000002,4.0
