,danceability,energy,key,loudness,mode,speechiness,acousticness,instrumentalness,liveness,valence,tempo,time_signature
mean,0.7394799999999998,0.66338,6.14,-6.90088,0.5,0.16124600000000006,0.25310913999999995,0.020024008800000003,0.161222,0.5493039999999999,122.74894,3.86
std,0.11607566849398945,0.1596033207674577,3.510974049392875,2.1577325460789067,0.5050762722761054,0.1260084402906797,0.20633303048029922,0.11778526170894564,0.12112362429875231,0.22917142764528822,27.94771702290269,0.6064281507654609
min,0.40700000000000003,0.292,0.0,-12.872,0.0,0.0288,0.000587,0.0,0.0292,0.073,74.986,1.0
max,0.9490000000000001,0.9329999999999999,11.0,-2.9610000000000003,1.0,0.447,0.855,0.83,0.789,0.9620000000000001,175.797,4.0
