,danceability,energy,key,loudness,mode,speechiness,acousticness,instrumentalness,liveness,valence,tempo,time_signature
mean,0.6370199999999998,0.67258,6.32,-6.402919999999999,0.38,0.13268799999999997,0.16703917200000004,0.018436147800000004,0.20990000000000006,0.416328,124.04876000000002,3.96
std,0.1465987846930164,0.19409708174740065,3.5423962833894556,1.916905710689357,0.4903143514780145,0.11362283048825735,0.2128447163747855,0.11751763764816654,0.17604768370749874,0.19662363098372604,29.38759607459013,0.44994330708638913
min,0.258,0.11699999999999999,0.0,-12.427,0.0,0.0276,8.759999999999999e-05,0.0,0.0579,0.0573,57.106,1.0
max,0.924,0.981,11.0,-2.238,1.0,0.486,0.9309999999999999,0.831,0.846,0.87,199.891,5.0
