,danceability,energy,key,loudness,mode,speechiness,acousticness,instrumentalness,liveness,valence,tempo,time_signature
mean,0.6861800000000001,0.65044,5.32,-7.17276,0.36,0.12028400000000003,0.21782400000000002,0.055143109399999994,0.17302199999999995,0.47570999999999997,121.99145999999998,3.98
std,0.12457088630288264,0.1507873431596394,3.454898917567957,2.492737717646923,0.4848732213850611,0.11402240266809012,0.22999478161214082,0.19233432861439223,0.15610903082820818,0.24032024233832455,30.262028417258133,0.24660966430902953
min,0.273,0.35100000000000003,0.0,-14.040999999999999,0.0,0.025,0.00021600000000000002,0.0,0.0537,0.0628,73.233,3.0
max,0.8690000000000001,0.948,11.0,-2.6519999999999997,1.0,0.489,0.759,0.94,0.752,0.9520000000000001,202.00599999999997,5.0
