,danceability,energy,key,loudness,mode,speechiness,acousticness,instrumentalness,liveness,valence,tempo,time_signature
mean,0.6496200000000001,0.6744599999999998,4.92,-6.882619999999998,0.44,0.11824800000000002,0.16881667399999994,0.0570311116,0.19029,0.42804000000000003,121.85166000000002,3.98
std,0.16432656510741045,0.1875087165320861,3.75711569789206,2.9578534818344195,0.5014265364224069,0.08912548649436446,0.22880685245847915,0.19844786302879105,0.13832234351067693,0.20254554035665,24.33716854106752,0.14142135623730948
min,0.258,0.142,0.0,-20.000999999999998,0.0,0.0297,8.609999999999999e-05,0.0,0.0435,0.0573,83.976,3.0
max,0.922,0.94,11.0,-2.345,1.0,0.35600000000000004,0.9890000000000001,0.877,0.647,0.9490000000000001,201.976,4.0
