,danceability,energy,key,loudness,mode,speechiness,acousticness,instrumentalness,liveness,valence,tempo,time_signature
mean,0.6291000000000001,0.5906100000000001,5.7,-7.011000000000001,0.66,0.07490599999999997,0.32303084000000004,0.0438850072,0.17024800000000004,0.42673600000000006,115.22324,3.9
std,0.1672260171633784,0.17192218487752306,3.2340661207633636,3.3281080425456664,0.47851812069840666,0.06042842083736725,0.3092436349380342,0.17192259800487195,0.11700664247671358,0.19806075934378506,24.98267453988292,0.46291004988627577
min,0.19399999999999998,0.0615,0.0,-23.581,0.0,0.027000000000000003,0.00011499999999999999,0.0,0.0404,0.0378,68.97399999999999,1.0
max,0.929,0.907,11.0,-1.746,1.0,0.348,0.9790000000000001,0.863,0.685,0.9470000000000001,166.201,4.0
