,danceability,energy,key,loudness,mode,speechiness,acousticness,instrumentalness,liveness,valence,tempo,time_signature
mean,0.6169199999999999,0.5326599999999998,6.1,-7.2688999999999995,0.66,0.072442,0.4085179999999999,0.017370910399999998,0.14556199999999994,0.4741660000000001,124.92486000000002,3.88
std,0.1657324916107587,0.18089782999792778,3.4001800672605444,2.6881153875409987,0.47851812069840666,0.0906084806816038,0.3054770699768358,0.11120349114521884,0.0865049789530838,0.21782945548651364,26.106860215010965,0.5205962045225314
min,0.294,0.146,0.0,-13.09,0.0,0.025,0.0245,0.0,0.0441,0.0663,74.986,1.0
max,0.914,0.94,11.0,-3.7310000000000003,1.0,0.461,0.9470000000000001,0.785,0.439,0.905,190.097,5.0
