,danceability,energy,key,loudness,mode,speechiness,acousticness,instrumentalness,liveness,valence,tempo,time_signature
mean,0.6088400000000003,0.618164,6.14,-6.38988,0.66,0.10504399999999993,0.28228820000000004,0.018842613399999996,0.17569599999999996,0.420416,129.39313999999996,3.92
std,0.1657126059028161,0.2187898952634416,2.996664812754339,3.044197837707339,0.4785181206984066,0.10122442263987239,0.27926030870702495,0.13293003862702044,0.12904690012802736,0.2372223432709043,30.563295836813335,0.27404751561786983
min,0.20199999999999999,0.0962,0.0,-14.729000000000001,0.0,0.0279,0.0039700000000000004,0.0,0.0338,0.0717,72.101,3.0
max,0.917,0.932,11.0,-1.578,1.0,0.46299999999999997,0.956,0.94,0.588,0.9359999999999999,208.225,4.0
