,danceability,energy,key,loudness,mode,speechiness,acousticness,instrumentalness,liveness,valence,tempo,time_signature
mean,0.6278800000000001,0.6439999999999999,5.26,-6.431599999999999,0.52,0.08738000000000001,0.2582845999999999,0.0074875081999999996,0.14998399999999998,0.41628200000000015,126.31993999999999,3.98
std,0.15374609867291872,0.17692025183738605,3.71324161149071,2.370820145701758,0.5046720495044485,0.0730365047110564,0.24131187647396843,0.051168754957990586,0.08104846461424504,0.2039614026011304,29.488712641300985,0.14142135623730945
min,0.248,0.204,0.0,-11.421,0.0,0.0272,0.00742,0.0,0.0574,0.0681,72.98,3.0
max,0.9109999999999999,0.9590000000000001,11.0,-2.6519999999999997,1.0,0.33399999999999996,0.919,0.36200000000000004,0.423,0.9129999999999999,202.00599999999997,4.0
