,danceability,energy,key,loudness,mode,speechiness,acousticness,instrumentalness,liveness,valence,tempo,time_signature
mean,0.60824,0.5801799999999998,4.92,-6.9607399999999995,0.58,0.069972,0.34413720000000003,0.0406375398,0.152212,0.4329440000000001,121.77849999999998,3.96
std,0.16915607573830646,0.17452240251495463,3.8003222204954983,3.1558827272513255,0.49856938190328975,0.07053253132782208,0.3034643768492272,0.17998168241390608,0.08967309026886126,0.22297753539268464,30.37441846071346,0.19794866372215741
min,0.14800000000000002,0.147,0.0,-16.525,0.0,0.0266,0.00224,0.0,0.0517,0.0362,70.976,3.0
max,0.9129999999999999,0.932,11.0,-2.815,1.0,0.46299999999999997,0.934,0.955,0.45399999999999996,0.9690000000000001,208.225,4.0
