,danceability,energy,key,loudness,mode,speechiness,acousticness,instrumentalness,liveness,valence,tempo,time_signature
mean,0.59892,0.5601999999999999,6.2,-7.061940000000001,0.68,0.07870399999999998,0.3452376,0.005659432799999999,0.19090200000000002,0.4191599999999998,124.45795999999997,3.92
std,0.15427471389355668,0.15974137260725219,3.325841921949376,2.0171579462203755,0.4712120714991613,0.08145008477714484,0.26926979444082483,0.027349203567769743,0.15856447666871823,0.1935083566196371,29.938421401242376,0.2740475156178697
min,0.28800000000000003,0.14400000000000002,0.0,-13.09,0.0,0.0235,0.00548,0.0,0.0658,0.105,52.571999999999996,3.0
max,0.878,0.9179999999999999,11.0,-3.87,1.0,0.375,0.9590000000000001,0.146,0.9,0.8640000000000001,179.97400000000002,4.0
