,danceability,energy,key,loudness,mode,speechiness,acousticness,instrumentalness,liveness,valence,tempo,time_signature
mean,0.61424,0.5848899999999998,4.76,-7.0444,0.58,0.07370400000000003,0.36321819999999994,0.04404009340000001,0.18290399999999998,0.42862400000000006,114.16964,4.0
std,0.14559120291881286,0.19897480329664552,3.6620502788599123,3.239000482008143,0.49856938190328975,0.07167219014943192,0.30436156283168697,0.18104243246035867,0.14696005004831786,0.18458392434481022,26.38041036935381,0.20203050891044214
min,0.198,0.0935,0.0,-16.996,0.0,0.0241,0.00381,0.0,0.051,0.0593,63.43899999999999,3.0
max,0.9009999999999999,0.941,11.0,-2.7489999999999997,1.0,0.33,0.9279999999999999,0.929,0.833,0.802,179.972,5.0
