,danceability,energy,key,loudness,mode,speechiness,acousticness,instrumentalness,liveness,valence,tempo,time_signature
mean,0.607,0.6134199999999999,4.98,-6.552159999999998,0.5,0.112878,0.33232280200000014,0.002479412,0.21157400000000007,0.4890040000000001,120.08923999999998,4.0
std,0.16828037828067088,0.19205219209838745,3.353280452917466,2.0558511655015006,0.5050762722761054,0.13943144213965106,0.30957211349301544,0.008048792970767327,0.12471475668377772,0.25962797714091923,27.193406266780993,0.0
min,0.299,0.221,0.0,-10.577,0.0,0.0261,1.89e-05,0.0,0.0541,0.04,76.81,4.0
max,0.925,0.945,11.0,-2.989,1.0,0.524,0.9670000000000001,0.0384,0.627,0.9690000000000001,182.96400000000003,4.0
