,danceability,energy,key,loudness,mode,speechiness,acousticness,instrumentalness,liveness,valence,tempo,time_signature
mean,0.5527,0.5725899999999998,5.66,-7.469440000000002,0.7,0.10376599999999998,0.31924826,0.010274022400000003,0.17582600000000004,0.3863300000000001,123.92892,3.86
std,0.1748081455627913,0.21147973150336347,3.3357066381068643,3.4430225695882215,0.4629100498862757,0.10102087804013586,0.284715018362817,0.04819551358727843,0.13307186919641797,0.24051755271344605,31.719353257194474,0.3505098327538653
min,0.253,0.0541,0.0,-19.375999999999998,0.0,0.0275,0.000239,0.0,0.0424,0.0723,54.747,3.0
max,0.909,0.971,11.0,-2.9560000000000004,1.0,0.473,0.981,0.33,0.675,0.9390000000000001,191.702,4.0
