,danceability,energy,key,loudness,mode,speechiness,acousticness,instrumentalness,liveness,valence,tempo,time_signature
mean,0.60214,0.5900799999999999,6.08,-6.67234,0.68,0.08535000000000004,0.26447315999999993,0.022570539399999996,0.18420000000000003,0.4346339999999999,122.87635999999999,3.92
std,0.16671532745420642,0.19458483696195397,3.4216596999176905,2.8077667326360927,0.4712120714991612,0.08555208760677645,0.3106098834958089,0.1212495533485213,0.14001034947168609,0.21482861475689718,31.633724249739725,0.3404678653660855
min,0.265,0.11900000000000001,0.0,-16.509,0.0,0.0275,0.000198,0.0,0.0215,0.0849,54.747,3.0
max,0.909,0.9059999999999999,11.0,-1.466,1.0,0.44299999999999995,0.922,0.8370000000000001,0.612,0.9259999999999999,191.702,5.0
