,danceability,energy,key,loudness,mode,speechiness,acousticness,instrumentalness,liveness,valence,tempo,time_signature
mean,0.6067800000000001,0.59374,4.02,-6.668639999999998,0.6,0.08289200000000001,0.3570672,0.013679060799999998,0.19146400000000008,0.428552,116.99078,4.02
std,0.14222363677371935,0.1930688583941819,3.6560824355463057,3.079960288373729,0.4948716593053935,0.09434690404057154,0.30529302524195956,0.05101900244005992,0.1282144675844313,0.23517755796722734,29.01488034509893,0.3187987657774485
min,0.289,0.10099999999999999,0.0,-15.953,0.0,0.0255,0.00026000000000000003,0.0,0.0564,0.0661,57.967,3.0
max,0.914,0.94,11.0,-2.452,1.0,0.414,0.9540000000000001,0.252,0.647,0.9309999999999999,179.62900000000002,5.0
