,danceability,energy,key,loudness,mode,speechiness,acousticness,instrumentalness,liveness,valence,tempo,time_signature
mean,0.6313599999999999,0.5872800000000002,4.78,-6.653259999999998,0.72,0.07710199999999999,0.31521600000000005,8.833460000000001e-05,0.17898599999999998,0.44044000000000005,125.26928,3.98
std,0.13505792559234028,0.16696010032951233,3.524202037341219,2.1890500671127944,0.4535573676110727,0.07270438184026813,0.24638863557147986,0.000337893381875323,0.13568097036197577,0.22366503380488148,28.89390610636203,0.14142135623730942
min,0.324,0.19699999999999998,0.0,-12.89,0.0,0.0247,0.0132,0.0,0.0211,0.126,72.98,3.0
max,0.9059999999999999,0.977,11.0,-1.692,1.0,0.298,0.88,0.00162,0.7859999999999999,0.902,202.00599999999997,4.0
