,danceability,energy,key,loudness,mode,speechiness,acousticness,instrumentalness,liveness,valence,tempo,time_signature
mean,0.64034,0.5873599999999998,5.54,-7.058679999999999,0.66,0.09156,0.36002799999999996,0.012411495600000003,0.16621799999999998,0.5110600000000001,124.37154000000004,3.98
std,0.14100464748455951,0.17852122265651085,3.7482512929500924,2.811283935303931,0.47851812069840666,0.11282727995498613,0.2796394479193754,0.05049242571507583,0.11276718782065814,0.23503889474045847,27.046714687671894,0.3187987657774485
min,0.294,0.146,0.0,-13.09,0.0,0.0257,0.0173,0.0,0.0658,0.133,71.975,3.0
max,0.89,0.914,11.0,-2.7889999999999997,1.0,0.6609999999999999,0.9470000000000001,0.33,0.623,0.968,179.97400000000002,5.0
