,danceability,energy,key,loudness,mode,speechiness,acousticness,instrumentalness,liveness,valence,tempo,time_signature
mean,0.6250600000000002,0.52668,5.76,-7.6458,0.58,0.091374,0.45918040000000004,0.019389669400000004,0.14455199999999999,0.41141200000000006,115.66434000000001,3.94
std,0.17325378459806015,0.18022836307624518,3.1915705301590296,2.918119474131606,0.49856938190328975,0.07704995413790368,0.31997099999945783,0.10036854582820139,0.08993562604804094,0.19104609299585165,27.589417474755187,0.5115003939990904
min,0.228,0.128,0.0,-18.717,0.0,0.0261,0.00122,0.0,0.0574,0.0916,72.877,1.0
max,0.934,0.828,11.0,-3.28,1.0,0.321,0.9259999999999999,0.657,0.46,0.8740000000000001,205.27200000000002,5.0
