,danceability,energy,key,loudness,mode,speechiness,acousticness,instrumentalness,liveness,valence,tempo,time_signature
mean,0.62804,0.57654,5.26,-6.749300000000002,0.6,0.07305599999999998,0.36412462000000007,0.0039368421999999995,0.20499000000000003,0.44226000000000004,118.02562,3.98
std,0.1403563918554972,0.22653298268662325,3.3000309213146246,2.9434565842331204,0.49487165930539356,0.06977302022286558,0.3013375130441415,0.01926231629188625,0.1912676245047067,0.1946095840499168,28.219116094930826,0.14142135623730948
min,0.337,0.135,0.0,-14.323,0.0,0.0246,0.000811,0.0,0.0355,0.158,62.481,3.0
max,0.861,0.963,11.0,-1.891,1.0,0.331,0.919,0.0978,0.833,0.85,183.357,4.0
