,danceability,energy,key,loudness,mode,speechiness,acousticness,instrumentalness,liveness,valence,tempo,time_signature
mean,0.64436,0.63606,5.02,-6.1627800000000015,0.68,0.07042399999999996,0.22137119,0.033405191199999996,0.16307000000000002,0.4615000000000001,119.8619,3.94
std,0.15332781474836915,0.16733608001106448,3.5713714281142783,2.2334116511904987,0.471212071499161,0.048583740288373874,0.2615149118790183,0.16514704882653386,0.09170998487913196,0.19815475708420943,26.136143450386548,0.23989793748209529
min,0.258,0.133,0.0,-12.958,0.0,0.0248,7.950000000000001e-05,0.0,0.0404,0.0763,75.016,3.0
max,0.929,0.943,11.0,-1.746,1.0,0.244,0.9279999999999999,0.88,0.39399999999999996,0.865,180.043,4.0
