,danceability,energy,key,loudness,mode,speechiness,acousticness,instrumentalness,liveness,valence,tempo,time_signature
mean,0.64006,0.6367399999999999,5.64,-5.974339999999999,0.5,0.08273200000000001,0.24937037999999997,0.026215202,0.17298199999999997,0.4469000000000001,122.1627,3.98
std,0.1550564623955166,0.15833003634232912,3.3427350405050666,1.9180330976480753,0.5050762722761054,0.056090889943857,0.21230809953854557,0.13051769766720508,0.12006435976472904,0.18737499669847923,26.474596771514495,0.24660966430902947
min,0.255,0.316,0.0,-12.564,0.0,0.0232,0.00018899999999999999,0.0,0.0559,0.0763,75.016,3.0
max,0.929,0.951,11.0,-1.746,1.0,0.268,0.795,0.88,0.644,0.777,180.043,5.0
