,danceability,energy,key,loudness,mode,speechiness,acousticness,instrumentalness,liveness,valence,tempo,time_signature
mean,0.5643,0.5645620000000001,5.9,-7.3989800000000026,0.66,0.08807999999999999,0.35111758000000004,0.0022418528000000006,0.153366,0.410672,116.69990000000001,3.84
std,0.17031845921984035,0.1975014449856724,3.265465557332132,2.9489339166027095,0.47851812069840666,0.08943392042423826,0.338384864531865,0.008311939939436285,0.10712695617245693,0.21927187396062472,30.231230481380795,0.37032803990902036
min,0.253,0.0541,0.0,-19.375999999999998,0.0,0.0275,0.000239,0.0,0.0215,0.0834,54.747,3.0
max,0.8540000000000001,0.893,11.0,-2.8939999999999997,1.0,0.473,0.9590000000000001,0.0545,0.585,0.9390000000000001,191.702,4.0
