,danceability,energy,key,loudness,mode,speechiness,acousticness,instrumentalness,liveness,valence,tempo,time_signature
mean,0.5913200000000001,0.5048120000000001,4.54,-7.549679999999999,0.66,0.07639000000000001,0.46134319999999995,0.04390931539999999,0.169908,0.4047899999999999,120.12998000000002,3.86
std,0.16813787345448356,0.2252642979584068,3.3148398551523006,4.115597362548024,0.4785181206984066,0.0763987371676805,0.3558647046362951,0.17586245051796395,0.11458461064173654,0.23037733577054564,25.841343585535842,0.5349041493385442
min,0.289,0.0136,0.0,-24.79,0.0,0.027999999999999997,0.00346,0.0,0.0604,0.0833,57.86,1.0
max,0.914,0.89,11.0,-2.969,1.0,0.42100000000000004,0.985,0.903,0.653,0.9309999999999999,179.942,5.0
