,danceability,energy,key,loudness,mode,speechiness,acousticness,instrumentalness,liveness,valence,tempo,time_signature
mean,0.61122,0.61216,5.68,-7.06688,0.46,0.06974799999999998,0.31658218,0.05336827,0.17438399999999998,0.5312199999999999,117.66068000000007,3.98
std,0.13123188543605568,0.17618686276860965,3.6334051044524633,2.8270361103069757,0.5034574339058886,0.07122597909442302,0.2585212364033128,0.1762373124434214,0.13086389776701407,0.25158812226594907,28.376111187765108,0.14142135623730945
min,0.299,0.225,0.0,-14.075,0.0,0.0269,0.000759,0.0,0.0453,0.126,73.102,3.0
max,0.893,0.941,11.0,-2.2569999999999997,1.0,0.39,0.8640000000000001,0.747,0.627,0.9690000000000001,207.581,4.0
