,danceability,energy,key,loudness,mode,speechiness,acousticness,instrumentalness,liveness,valence,tempo,time_signature
mean,0.6487999999999999,0.6234200000000002,5.08,-6.34472,0.68,0.09582,0.2982955400000001,0.002611553000000001,0.168608,0.48319399999999996,126.45848000000004,3.94
std,0.15203168305672748,0.17329732501438921,3.7023985606685854,2.1989811466370752,0.47121207149916106,0.11394995500173734,0.3107098804408375,0.00783292775429371,0.12902763165544132,0.21635044361651126,30.464217273572423,0.46991097723995806
min,0.36200000000000004,0.221,0.0,-12.39,0.0,0.0253,0.000837,0.0,0.0489,0.0827,54.924,1.0
max,0.9179999999999999,0.96,11.0,-1.396,1.0,0.7170000000000001,0.9690000000000001,0.0384,0.544,0.941,199.947,5.0
