,danceability,energy,key,loudness,mode,speechiness,acousticness,instrumentalness,liveness,valence,tempo,time_signature
mean,0.6258600000000001,0.6290199999999998,5.84,-6.348879999999999,0.58,0.086142,0.254806,0.0012748476,0.18575200000000003,0.4599839999999999,129.91071999999997,3.88
std,0.1631158358908397,0.18587811345401722,3.1774717198760785,2.821849564540597,0.49856938190328975,0.07528000816001171,0.2714307296229988,0.008038949487934956,0.13701871351410808,0.2354135088454755,24.20341747419575,0.4797958749641905
min,0.32899999999999996,0.151,0.0,-14.227,0.0,0.027000000000000003,0.0055,0.0,0.0578,0.0499,71.91199999999999,1.0
max,0.98,0.956,11.0,-1.724,1.0,0.369,0.9590000000000001,0.0568,0.691,0.945,180.07299999999998,4.0
