,danceability,energy,key,loudness,mode,speechiness,acousticness,instrumentalness,liveness,valence,tempo,time_signature
mean,0.6268,0.6096600000000002,4.76,-6.426320000000001,0.68,0.071428,0.32432199999999994,0.00010990879999999998,0.16314200000000004,0.44406,124.67505999999999,3.98
std,0.1453287617080385,0.15356307086892304,4.043437616076455,2.4337463054278428,0.4712120714991611,0.05956387427264404,0.24193514166286093,0.0003499582524877005,0.09432197374213626,0.21644789258406194,26.83840418277434,0.14142135623730942
min,0.293,0.26,0.0,-12.89,0.0,0.0247,0.0132,0.0,0.0211,0.126,72.98,3.0
max,0.9059999999999999,0.9440000000000001,11.0,-0.927,1.0,0.26899999999999996,0.816,0.00162,0.389,0.9129999999999999,179.857,4.0
