,danceability,energy,key,loudness,mode,speechiness,acousticness,instrumentalness,liveness,valence,tempo,time_signature
mean,0.63262,0.6113799999999999,6.34,-6.968200000000001,0.62,0.07150600000000003,0.28825739999999994,0.000841065,0.15313,0.4620220000000001,121.67830000000004,3.96
std,0.14537311460163324,0.1636979410938554,3.2801816773975636,2.747968971693049,0.49031435147801444,0.07096376312986102,0.2559197187959776,0.003721257875018162,0.091652296028779,0.22295191143438287,26.849400543796587,0.19794866372215753
min,0.26,0.204,0.0,-16.384,0.0,0.0235,0.00116,0.0,0.0461,0.0681,72.98,3.0
max,0.9079999999999999,0.853,11.0,-3.114,1.0,0.395,0.919,0.0236,0.38299999999999995,0.9620000000000001,173.765,4.0
