,danceability,energy,key,loudness,mode,speechiness,acousticness,instrumentalness,liveness,valence,tempo,time_signature
mean,0.6182399999999998,0.5113420000000002,5.46,-7.6785799999999975,0.64,0.073652,0.39645099999999994,0.0008838267999999999,0.18431799999999998,0.41022200000000014,127.37805999999996,3.94
std,0.14601950666445426,0.2271754406908045,3.6489305114719595,3.5159029791471084,0.4848732213850611,0.07350673505168888,0.3203259439896449,0.005431854132283925,0.15790346274524436,0.21310260084221003,28.699568837271862,0.2398979374820953
min,0.276,0.0821,0.0,-17.194000000000003,0.0,0.0259,0.0036799999999999997,0.0,0.0659,0.0727,64.002,3.0
max,0.889,0.922,11.0,-3.167,1.0,0.336,0.919,0.0384,0.833,0.8690000000000001,185.15,4.0
