,danceability,energy,key,loudness,mode,speechiness,acousticness,instrumentalness,liveness,valence,tempo,time_signature
mean,0.61948,0.6208319999999998,5.76,-7.106940000000001,0.72,0.06698200000000001,0.342012,0.0008866460000000003,0.18199600000000007,0.4728999999999999,125.95856000000002,3.96
std,0.16061009193899697,0.17725408655373784,3.4496968219345465,2.702768168348283,0.4535573676110727,0.05452551804767513,0.25957967628220724,0.0022142948683663323,0.1569448505243879,0.23102259364726688,32.414123939129134,0.1979486637221575
min,0.266,0.0596,0.0,-18.515,0.0,0.0278,0.0016300000000000002,0.0,0.0429,0.11199999999999999,75.997,3.0
max,0.899,0.955,11.0,-2.7489999999999997,1.0,0.321,0.905,0.009890000000000001,0.86,0.9279999999999999,208.225,4.0
