,danceability,energy,key,loudness,mode,speechiness,acousticness,instrumentalness,liveness,valence,tempo,time_signature
mean,0.6149800000000001,0.6208600000000001,4.22,-6.745759999999998,0.54,0.10098599999999998,0.2780289,0.0231729272,0.18633600000000008,0.427522,121.25353999999999,3.92
std,0.15829119253026386,0.18745448536013387,4.037022543955899,2.983496302347709,0.5034574339058886,0.13321003058696293,0.29448176706797924,0.12816693338600196,0.15368887437326897,0.18859989967967555,27.679541542600944,0.3404678653660855
min,0.275,0.273,0.0,-15.218,0.0,0.0261,0.00031299999999999996,0.0,0.0563,0.0661,74.03,3.0
max,0.907,0.985,11.0,-2.142,1.0,0.765,0.8959999999999999,0.9009999999999999,0.986,0.9440000000000001,191.958,5.0
