,danceability,energy,key,loudness,mode,speechiness,acousticness,instrumentalness,liveness,valence,tempo,time_signature
mean,0.5888999999999999,0.53432,6.12,-7.2848000000000015,0.72,0.07036799999999997,0.36539119999999997,0.0042221064,0.18133,0.4026799999999999,128.111,3.88
std,0.1691250292245476,0.17561361111304344,3.3051598497883674,2.3579607758417365,0.4535573676110727,0.07026293312571408,0.30401694276524543,0.020621884599544272,0.14685227653138028,0.1906212657044736,30.187024357346324,0.328260722659316
min,0.20800000000000002,0.14400000000000002,0.0,-13.970999999999998,0.0,0.0235,0.00548,0.0,0.0372,0.10099999999999999,52.571999999999996,3.0
max,0.878,0.882,11.0,-3.87,1.0,0.375,0.9590000000000001,0.13,0.9,0.851,180.055,4.0
