,danceability,energy,key,loudness,mode,speechiness,acousticness,instrumentalness,liveness,valence,tempo,time_signature
mean,0.60482,0.5137999999999999,5.64,-7.365899999999998,0.58,0.062344,0.44792973999999997,0.0038076146,0.168978,0.430402,123.38056,3.88
std,0.15586305998981206,0.17881400666500327,3.5442393617053045,2.6830834626129207,0.49856938190328975,0.06793298666738436,0.301914417382443,0.015262305689945936,0.11728493351053847,0.2021880085767821,25.407878926772913,0.5205962045225315
min,0.226,0.146,0.0,-14.544,0.0,0.025,0.000587,0.0,0.0738,0.0655,68.53399999999999,1.0
max,0.9009999999999999,0.905,11.0,-2.9610000000000003,1.0,0.377,0.9470000000000001,0.0795,0.623,0.884,177.658,5.0
