,danceability,energy,key,loudness,mode,speechiness,acousticness,instrumentalness,liveness,valence,tempo,time_signature
mean,0.60516,0.5480599999999999,6.06,-7.295979999999999,0.62,0.06433000000000003,0.4454724000000001,0.0036388528000000004,0.185328,0.42409199999999997,125.13056000000002,3.9
std,0.15716290261758234,0.19799767160040968,3.4250577233330337,2.698426771362929,0.4903143514780145,0.07359653732426852,0.3068571134048935,0.014220656852375443,0.1363408140189391,0.21097558407917966,26.186950897587387,0.5050762722761052
min,0.16699999999999998,0.146,0.0,-14.544,0.0,0.025,0.00132,0.0,0.0579,0.0663,74.986,1.0
max,0.9009999999999999,0.91,11.0,-2.898,1.0,0.377,0.9470000000000001,0.0689,0.8109999999999999,0.884,199.82299999999998,5.0
