,danceability,energy,key,loudness,mode,speechiness,acousticness,instrumentalness,liveness,valence,tempo,time_signature
mean,0.6404399999999998,0.6512799999999999,5.56,-5.99866,0.56,0.064374,0.20109136000000002,0.0325279146,0.20064399999999996,0.46223200000000003,117.53347999999998,3.96
std,0.1460852644512646,0.1937256675965121,3.3021946938238464,2.694951823506389,0.5014265364224069,0.05685377165167153,0.24774596556617576,0.1101975901802728,0.11051511884750227,0.21768872500871142,26.94673775889265,0.19794866372215744
min,0.32799999999999996,0.141,0.0,-15.382,0.0,0.0253,0.000463,0.0,0.0505,0.0776,67.03699999999999,3.0
max,0.929,0.9440000000000001,11.0,-1.666,1.0,0.35100000000000003,0.871,0.5760000000000001,0.513,0.9359999999999999,191.68200000000002,4.0
