,danceability,energy,key,loudness,mode,speechiness,acousticness,instrumentalness,liveness,valence,tempo,time_signature
mean,0.6111999999999999,0.55953,5.14,-7.3156799999999995,0.66,0.082322,0.37555879999999997,0.040386792199999993,0.17291600000000001,0.47627999999999987,121.91950000000001,3.9
std,0.13928007314583876,0.22570768186541906,3.5456786000276272,4.009268432631813,0.4785181206984066,0.09310791695661547,0.31196283813640757,0.17597648728803433,0.1578251400785576,0.19310471305507185,28.889073865849877,0.5050762722761053
min,0.324,0.0461,0.0,-24.546,0.0,0.0245,0.0036299999999999995,0.0,0.064,0.11599999999999999,62.483999999999995,1.0
max,0.895,0.935,11.0,-0.927,1.0,0.54,0.992,0.966,0.7859999999999999,0.9129999999999999,175.812,5.0
