,danceability,energy,key,loudness,mode,speechiness,acousticness,instrumentalness,liveness,valence,tempo,time_signature
mean,0.6622599999999998,0.6319800000000001,5.32,-6.00556,0.66,0.082982,0.25205736,0.0025664508,0.17694200000000002,0.5157399999999999,126.60046,3.92
std,0.15406781040853937,0.1727399236554474,3.8779333860883654,2.0852494213853063,0.4785181206984066,0.08058509937213161,0.2547997969273019,0.009836545801296276,0.11477989778133574,0.22850658097967425,32.18959139872288,0.2740475156178697
min,0.271,0.195,0.0,-10.103,0.0,0.027999999999999997,0.000198,0.0,0.0424,0.1,77.176,3.0
max,0.9179999999999999,0.914,11.0,-1.659,1.0,0.387,0.9590000000000001,0.0498,0.5579999999999999,0.9670000000000001,199.775,4.0
