,danceability,energy,key,loudness,mode,speechiness,acousticness,instrumentalness,liveness,valence,tempo,time_signature
mean,0.6424999999999998,0.59272,5.28,-6.63542,0.6,0.071534,0.35278904,0.020813748999999993,0.17548400000000006,0.4837060000000001,122.23042000000004,3.88
std,0.1560662143620653,0.18809084214272417,3.670288872577098,2.6356347807598492,0.4948716593053935,0.07690370498757734,0.2871388502882456,0.11145548745955253,0.13773848092138452,0.24396620576445016,27.746460438420183,0.5205962045225315
min,0.294,0.146,0.0,-13.09,0.0,0.025,0.0006519999999999999,0.0,0.0441,0.0663,75.453,1.0
max,0.914,0.914,11.0,-2.7889999999999997,1.0,0.389,0.9470000000000001,0.7829999999999999,0.713,0.968,179.97400000000002,5.0
