,danceability,energy,key,loudness,mode,speechiness,acousticness,instrumentalness,liveness,valence,tempo,time_signature
mean,0.6352799999999997,0.53932,5.24,-7.503819999999998,0.84,0.08190800000000001,0.36042359999999996,0.004097875399999999,0.17472000000000001,0.44039,114.84964000000005,3.92
std,0.1547979644437173,0.19582233096897414,3.242322171102756,2.639983964778142,0.37032803990902047,0.08310572032670441,0.2935367671074926,0.024034963792460826,0.12053762220712227,0.22504846303471107,28.405035346773094,0.2740475156178697
min,0.28800000000000003,0.102,0.0,-14.171,0.0,0.0253,0.00548,0.0,0.0658,0.0393,52.571999999999996,3.0
max,0.9129999999999999,0.882,11.0,-3.39,1.0,0.43200000000000005,0.9109999999999999,0.16899999999999998,0.623,0.927,179.97400000000002,4.0
