,danceability,energy,key,loudness,mode,speechiness,acousticness,instrumentalness,liveness,valence,tempo,time_signature
mean,0.6131800000000002,0.5460799999999999,5.22,-7.080940000000001,0.7,0.08422400000000003,0.39072896,0.0009869794,0.17077799999999999,0.415444,126.06766000000005,3.88
std,0.1513260690815481,0.17928620830893802,3.234318525830537,2.3610410831509334,0.4629100498862757,0.07433334615783421,0.3194838835834919,0.00498049445170445,0.12696452065881417,0.21183838868922927,29.689529830832925,0.3282607226593161
min,0.282,0.14800000000000002,0.0,-14.092,0.0,0.027999999999999997,0.0007379999999999999,0.0,0.0232,0.0499,71.91199999999999,3.0
max,0.927,0.924,10.0,-2.577,1.0,0.41100000000000003,0.9590000000000001,0.0346,0.605,0.866,189.99200000000002,4.0
