,danceability,energy,key,loudness,mode,speechiness,acousticness,instrumentalness,liveness,valence,tempo,time_signature
mean,0.6432599999999999,0.6522,4.68,-5.8133799999999995,0.64,0.136696,0.179717,0.0184776224,0.165092,0.4719600000000001,126.57232,3.94
std,0.12149608375312738,0.18296815826469784,3.30392469153686,2.2698523182204196,0.4848732213850611,0.1491871321255179,0.2266893702057635,0.11716451764306837,0.11718839679275905,0.19241451428133596,26.99461880271091,0.31363569143000214
min,0.35100000000000003,0.147,0.0,-12.437000000000001,0.0,0.0264,0.00148,0.0,0.0403,0.12,72.98899999999999,3.0
max,0.8690000000000001,0.938,11.0,-1.578,1.0,0.6809999999999999,0.934,0.828,0.631,0.866,183.91,5.0
