,danceability,energy,key,loudness,mode,speechiness,acousticness,instrumentalness,liveness,valence,tempo,time_signature
mean,0.64452,0.56642,4.8,-6.429899999999998,0.74,0.07305799999999998,0.32681054000000004,0.01779795220000001,0.130284,0.45341999999999993,113.16738000000001,3.94
std,0.14127556514175568,0.20491303182629672,3.5050983275386565,2.4070603652673146,0.4430874976934521,0.08499331808070178,0.30531026659978705,0.10098770607520727,0.0909511291960733,0.2276503844736934,27.80973750244137,0.23989793748209526
min,0.325,0.153,0.0,-12.614,0.0,0.0233,0.00043799999999999997,0.0,0.0453,0.126,71.855,3.0
max,0.953,0.9420000000000001,11.0,-2.2569999999999997,1.0,0.428,0.951,0.7020000000000001,0.5720000000000001,0.9620000000000001,207.581,4.0
