,danceability,energy,key,loudness,mode,speechiness,acousticness,instrumentalness,liveness,valence,tempo,time_signature
mean,0.61204,0.5817299999999999,5.28,-7.113639999999999,0.84,0.08307000000000002,0.30228677999999987,0.022564641,0.13705600000000007,0.4492400000000001,126.85538000000001,3.94
std,0.15106330069320786,0.21509271494034418,3.7090072383156056,3.3419028598835667,0.37032803990902047,0.09094114097837667,0.2924053335313904,0.11067015634904938,0.08191781386591948,0.2022772960314526,28.746742532683733,0.31363569143000203
min,0.266,0.0529,0.0,-18.515,0.0,0.027999999999999997,0.000129,0.0,0.0429,0.132,75.014,3.0
max,0.9309999999999999,0.94,11.0,-2.32,1.0,0.41200000000000003,0.981,0.7659999999999999,0.41200000000000003,0.9540000000000001,190.03599999999997,5.0
