,danceability,energy,key,loudness,mode,speechiness,acousticness,instrumentalness,liveness,valence,tempo,time_signature
mean,0.6222999999999999,0.5964200000000001,5.2,-7.2045,0.8,0.09033799999999996,0.32610376,0.0021371038,0.148536,0.4410140000000001,125.56285999999999,3.96
std,0.16028409090087,0.18847920796930015,3.664501525251617,2.4092592413098126,0.4040610178208843,0.09941874107808356,0.2688158952311429,0.01022571316248006,0.09494861931699734,0.20928375816735773,26.686847182292265,0.3475864303027552
min,0.273,0.127,0.0,-14.169,0.0,0.0241,0.000718,0.0,0.047,0.0577,75.04,3.0
max,0.9309999999999999,0.873,11.0,-2.6919999999999997,1.0,0.41200000000000003,0.978,0.0607,0.503,0.8759999999999999,189.83700000000002,5.0
