,danceability,energy,key,loudness,mode,speechiness,acousticness,instrumentalness,liveness,valence,tempo,time_signature
mean,0.6132000000000001,0.5195400000000001,5.1,-8.05284,0.64,0.09052600000000002,0.4156096,0.004198126399999999,0.17129000000000005,0.5012599999999999,119.52436000000002,4.06
std,0.14833786586364117,0.16729921990132482,3.581414610491907,3.0150925620204463,0.4848732213850611,0.11322429754739945,0.2800776075680832,0.024310877794480264,0.12409904742353413,0.23484785348330156,27.862485118341397,0.23989793748209537
min,0.28800000000000003,0.156,0.0,-16.541,0.0,0.0253,0.0049299999999999995,0.0,0.0325,0.0393,52.571999999999996,4.0
max,0.889,0.8540000000000001,11.0,-3.4360000000000004,1.0,0.6609999999999999,0.9309999999999999,0.16899999999999998,0.623,0.9620000000000001,169.99400000000003,5.0
