,danceability,energy,key,loudness,mode,speechiness,acousticness,instrumentalness,liveness,valence,tempo,time_signature
mean,0.67302,0.53704,4.78,-7.705960000000001,0.74,0.103998,0.37200820000000007,0.0068297976,0.17439800000000003,0.49938000000000005,111.73818000000001,4.0
std,0.15171650388477984,0.17292335921808052,3.430297184721786,2.5545557380443884,0.44308749769345196,0.12123735446786747,0.3036792816388597,0.04429271155500361,0.1225113763813677,0.21165633388460028,28.149174711279233,0.0
min,0.28800000000000003,0.17800000000000002,0.0,-13.970999999999998,0.0,0.0253,0.0031100000000000004,0.0,0.0325,0.105,52.571999999999996,4.0
max,0.9440000000000001,0.9109999999999999,11.0,-3.255,1.0,0.6609999999999999,0.966,0.313,0.623,0.937,173.537,4.0
