,danceability,energy,key,loudness,mode,speechiness,acousticness,instrumentalness,liveness,valence,tempo,time_signature
mean,0.67704,0.5892400000000001,6.0,-6.513220000000001,0.62,0.08549600000000002,0.28070880000000004,0.0022816157999999993,0.166662,0.47896000000000016,114.60499999999996,3.96
std,0.11747947454247276,0.17212899292124387,3.7525501533039134,2.240350248583139,0.4903143514780145,0.08027548475755984,0.24922878694771308,0.01219782411580051,0.11391761235244369,0.18702656801336312,25.42234075752736,0.28284271247461884
min,0.37200000000000005,0.14300000000000002,0.0,-12.966,0.0,0.0259,0.00427,0.0,0.0608,0.14400000000000002,72.98899999999999,3.0
max,0.883,0.9259999999999999,11.0,-2.531,1.0,0.441,0.885,0.0854,0.649,0.882,168.419,5.0
