,danceability,energy,key,loudness,mode,speechiness,acousticness,instrumentalness,liveness,valence,tempo,time_signature
mean,0.6147200000000003,0.5740279999999998,4.28,-6.938260000000001,0.76,0.05412800000000001,0.3129950000000001,0.052180650800000006,0.172522,0.48110399999999987,117.24721999999998,3.94
std,0.12365901767789209,0.21146049569793485,3.6029466398762997,3.116215357691154,0.4314191105869,0.034694321360906846,0.3141157624400045,0.1613436880036139,0.1391158308895204,0.2588083902056043,24.05103198031135,0.23989793748209529
min,0.32799999999999996,0.0224,0.0,-16.781,0.0,0.0259,0.00114,0.0,0.0421,0.0453,79.829,3.0
max,0.87,0.885,11.0,-1.4980000000000002,1.0,0.23199999999999998,0.9690000000000001,0.7859999999999999,0.638,0.943,177.78400000000002,4.0
