,danceability,energy,key,loudness,mode,speechiness,acousticness,instrumentalness,liveness,valence,tempo,time_signature
mean,0.62412,0.52323,5.44,-7.574979999999999,0.8,0.068364,0.4038360000000001,0.021664885999999998,0.14300200000000005,0.3823940000000001,118.08006000000002,3.96
std,0.13543710642183096,0.1876083961503921,3.7859029602579333,3.030469401843583,0.40406101782088427,0.06630768958393275,0.29459452089062266,0.13118299841814385,0.07151095959961061,0.18820016093380526,28.722349890655266,0.28284271247461895
min,0.264,0.0935,0.0,-17.366,0.0,0.0262,0.0104,0.0,0.0679,0.0827,63.43899999999999,3.0
max,0.9009999999999999,0.84,11.0,-2.7489999999999997,1.0,0.33,0.965,0.9229999999999999,0.391,0.9259999999999999,200.77700000000002,5.0
