,danceability,energy,key,loudness,mode,speechiness,acousticness,instrumentalness,liveness,valence,tempo,time_signature
mean,0.5792400000000002,0.55292,5.88,-7.738239999999998,0.66,0.063206,0.3928757999999999,0.020587859399999995,0.16550399999999998,0.466226,123.54261999999999,3.92
std,0.15769378231113565,0.2061386337553701,3.456080120008558,3.23426587929304,0.4785181206984067,0.05174337544112112,0.2704135955712196,0.0921208968938351,0.09581533037407883,0.23135564707318695,31.01090779123254,0.48822878544671555
min,0.28300000000000003,0.139,0.0,-14.537,0.0,0.0253,0.00339,0.0,0.0618,0.0393,52.571999999999996,1.0
max,0.88,0.9790000000000001,11.0,-2.3080000000000003,1.0,0.262,0.924,0.617,0.40399999999999997,0.9620000000000001,199.82299999999998,5.0
