,danceability,energy,key,loudness,mode,speechiness,acousticness,instrumentalness,liveness,valence,tempo,time_signature
mean,0.6085800000000001,0.47898799999999997,5.72,-8.474460000000004,0.7,0.08709400000000002,0.4700174,0.0303294682,0.14774600000000004,0.418042,117.16117999999999,4.04
std,0.16239082235050561,0.2012298894908254,3.1366171820830746,3.5860525407330486,0.46291004988627565,0.08925751191162043,0.3358773693782434,0.1458712627777152,0.09072673527619934,0.20476069266640137,25.589541655735307,0.2828427124746189
min,0.228,0.0504,0.0,-18.717,0.0,0.0259,0.00122,0.0,0.0606,0.0895,74.991,3.0
max,0.925,0.828,11.0,-4.209,1.0,0.42,0.971,0.81,0.46,0.924,205.27200000000002,5.0
