,danceability,energy,key,loudness,mode,speechiness,acousticness,instrumentalness,liveness,valence,tempo,time_signature
mean,0.63518,0.5278479999999999,5.48,-7.902219999999997,0.72,0.08332399999999998,0.33906945999999993,0.03860642939999999,0.16231799999999996,0.408354,115.08149999999998,3.96
std,0.1318051576829857,0.2382774452487808,3.85576695036282,3.857761888368298,0.45355736761107274,0.08993139235335036,0.32711354642163504,0.14642457246596272,0.14952064725348818,0.192807571629205,26.418506451202816,0.1979486637221575
min,0.322,0.0239,0.0,-21.926,0.0,0.0254,0.000153,0.0,0.0338,0.0587,69.329,3.0
max,0.981,0.946,11.0,-1.59,1.0,0.556,0.985,0.9209999999999999,0.9229999999999999,0.9309999999999999,186.043,4.0
