,danceability,energy,key,loudness,mode,speechiness,acousticness,instrumentalness,liveness,valence,tempo,time_signature
mean,0.61628,0.4963280000000001,5.72,-8.00098,0.72,0.08821000000000001,0.4683014000000001,0.017200608200000002,0.15047400000000008,0.4324900000000001,118.72809999999996,4.02
std,0.16137154997971964,0.1809954323924744,3.2703990894203763,3.469726646234806,0.4535573676110728,0.09219288398321672,0.3146021747269048,0.11448150332498898,0.10394374029704134,0.20587589113594726,25.735109233797907,0.2466096643090295
min,0.228,0.0504,0.0,-18.717,0.0,0.0259,0.00122,0.0,0.0574,0.0895,74.991,3.0
max,0.915,0.816,11.0,-1.6019999999999999,1.0,0.42,0.971,0.81,0.46,0.8740000000000001,205.27200000000002,5.0
