,danceability,energy,key,loudness,mode,speechiness,acousticness,instrumentalness,liveness,valence,tempo,time_signature
mean,0.60012,0.57033,5.3,-7.689759999999999,0.8,0.07883000000000001,0.3151386400000001,0.015515177000000002,0.13576999999999997,0.43331399999999987,119.69878,3.88
std,0.16546861592804496,0.21528556284950592,3.73756441484318,3.468557399124369,0.4040610178208844,0.06319407182865901,0.31241976149436246,0.09579156303171228,0.10306439486940151,0.222761056217973,32.59746562346621,0.32826072265931605
min,0.265,0.0415,0.0,-19.387999999999998,0.0,0.0266,0.000239,0.0,0.0215,0.04,54.747,3.0
max,0.84,0.912,11.0,-3.839,1.0,0.299,0.9590000000000001,0.677,0.5579999999999999,0.9259999999999999,191.702,4.0
