,danceability,energy,key,loudness,mode,speechiness,acousticness,instrumentalness,liveness,valence,tempo,time_signature
mean,0.6261400000000001,0.5925400000000002,4.7,-7.20282,0.86,0.079864,0.2816171799999999,0.0026877818000000005,0.14952599999999996,0.4443839999999998,124.02448000000004,3.86
std,0.1738541506961675,0.20564832375009645,3.3212365535893342,2.9817854306931406,0.3505098327538656,0.07512240558187791,0.29599610412367844,0.01034374696342254,0.1135210576707858,0.22794040696315918,31.98693159123021,0.35050983275386544
min,0.253,0.11800000000000001,0.0,-17.067,0.0,0.0281,0.000239,0.0,0.0215,0.0834,54.747,3.0
max,0.884,0.8590000000000001,11.0,-3.0610000000000004,1.0,0.387,0.9179999999999999,0.0545,0.585,0.9259999999999999,199.75599999999997,4.0
