,danceability,energy,key,loudness,mode,speechiness,acousticness,instrumentalness,liveness,valence,tempo,time_signature
mean,0.6347600000000002,0.5071999999999999,5.72,-8.09142,0.6,0.071148,0.37814996,0.047439475999999994,0.17464799999999997,0.40974,117.45273999999999,3.9
std,0.15447693969638052,0.1964383893650285,3.785256036955244,3.896492740547948,0.49487165930539356,0.06916265135791964,0.31156732757515654,0.18569251424383784,0.1363380615849246,0.1869525815684342,27.286495172677842,0.46291004988627565
min,0.28300000000000003,0.11699999999999999,0.0,-19.72,0.0,0.0253,0.0005480000000000001,0.0,0.0409,0.0605,74.975,1.0
max,0.9359999999999999,0.9790000000000001,11.0,-1.865,1.0,0.37200000000000005,0.978,0.81,0.857,0.884,185.91299999999998,4.0
