,danceability,energy,key,loudness,mode,speechiness,acousticness,instrumentalness,liveness,valence,tempo,time_signature
mean,0.6626000000000001,0.5333200000000001,4.64,-7.81832,0.76,0.11891600000000001,0.401041,0.0033070366,0.157258,0.49315000000000003,120.44036,3.92
std,0.15843610699584865,0.17242749910898664,3.7512446913916295,2.8403732683704566,0.4314191105869,0.11587077488939732,0.27183433277363955,0.018483352490445217,0.1141090707907776,0.22070934460488614,28.298021365719084,0.2740475156178697
min,0.302,0.17800000000000002,0.0,-16.541,0.0,0.0253,0.00817,0.0,0.0531,0.0895,71.884,3.0
max,0.898,0.862,11.0,-3.0460000000000003,1.0,0.43200000000000005,0.922,0.13,0.623,0.927,182.123,4.0
