,danceability,energy,key,loudness,mode,speechiness,acousticness,instrumentalness,liveness,valence,tempo,time_signature
mean,0.6236000000000002,0.5597639999999999,5.02,-6.90784,0.62,0.06484599999999997,0.32221160000000004,0.0477658588,0.148752,0.4102400000000001,117.15205999999996,3.98
std,0.14875606658869003,0.1994795900357135,3.2166023397748287,3.020921094565668,0.4903143514780145,0.051798669157909955,0.28722564759819774,0.18046620680622058,0.10071904394028419,0.1767690006529333,28.847051056733616,0.24660966430902945
min,0.258,0.0841,0.0,-15.892999999999999,0.0,0.0248,0.00128,0.0,0.0559,0.0763,60.878,3.0
max,0.895,0.943,11.0,-1.71,1.0,0.253,0.9890000000000001,0.88,0.625,0.82,180.043,5.0
