,danceability,energy,key,loudness,mode,speechiness,acousticness,instrumentalness,liveness,valence,tempo,time_signature
mean,0.6174799999999999,0.54106,4.0,-7.5474,0.72,0.082042,0.36135077599999993,0.0744787618,0.15091199999999996,0.3915059999999999,112.42353999999999,4.0
std,0.14230898260690447,0.17235469005418297,3.8913824205360674,3.159337259357941,0.45355736761107274,0.09508186610087377,0.32112025518257975,0.22361215606358997,0.08880467132408966,0.20473379571072886,27.501785127373907,0.3499271061118826
min,0.28600000000000003,0.10099999999999999,0.0,-16.21,0.0,0.0266,9.279999999999999e-05,0.0,0.0604,0.0645,57.967,3.0
max,0.88,0.856,11.0,-1.815,1.0,0.414,0.975,0.937,0.467,0.9309999999999999,179.886,5.0
