,danceability,energy,key,loudness,mode,speechiness,acousticness,instrumentalness,liveness,valence,tempo,time_signature
mean,0.6324199999999999,0.6124600000000001,4.68,-6.49758,0.64,0.11927600000000002,0.2731179799999999,0.0355170614,0.17834799999999995,0.43452799999999997,118.07981999999998,3.92
std,0.15177549074813337,0.18843005631387202,3.7820197605760537,2.397900579120606,0.4848732213850611,0.1519570005774324,0.2671995934104576,0.16390365722978475,0.1286157625785948,0.21256779090589484,27.470071955723977,0.48822878544671555
min,0.353,0.177,0.0,-13.267000000000001,0.0,0.0252,0.000109,0.0,0.05,0.0394,64.934,1.0
max,0.925,0.995,11.0,-1.807,1.0,0.733,0.9640000000000001,0.877,0.618,0.9470000000000001,205.11599999999999,5.0
