,danceability,energy,key,loudness,mode,speechiness,acousticness,instrumentalness,liveness,valence,tempo,time_signature
mean,0.6157199999999998,0.5479599999999999,5.34,-7.4251999999999985,0.82,0.099076,0.32541479999999995,0.0007616520000000001,0.16243399999999997,0.4578940000000001,116.18825999999999,3.92
std,0.17335230613065497,0.17650437469285088,3.335706638106865,2.4604756799099987,0.3880879344916035,0.1067785760824899,0.2636072782684151,0.003328982178587174,0.13805337419465927,0.22455661202485586,29.97203725843167,0.2740475156178696
min,0.27399999999999997,0.17800000000000002,0.0,-15.100999999999999,0.0,0.0253,0.00494,0.0,0.0658,0.0387,55.605,3.0
max,0.9129999999999999,0.861,11.0,-3.39,1.0,0.508,0.922,0.0219,0.795,0.927,182.123,4.0
