,danceability,energy,key,loudness,mode,speechiness,acousticness,instrumentalness,liveness,valence,tempo,time_signature
mean,0.6615000000000001,0.5444199999999999,4.98,-7.190899999999998,0.7,0.08498599999999999,0.3538546000000001,9.057759999999998e-05,0.16244000000000003,0.454754,122.15156000000003,3.88
std,0.12572049497652665,0.1759903858691359,3.548440301234977,2.582864011131829,0.46291004988627565,0.08692060653732421,0.25300752710598495,0.00025704411930964967,0.12322650953857789,0.21656459960021165,29.309406181995982,0.4797958749641906
min,0.32299999999999995,0.149,0.0,-15.359000000000002,0.0,0.0272,0.0036299999999999995,0.0,0.0642,0.0747,62.985,1.0
max,0.9390000000000001,0.9129999999999999,11.0,-2.806,1.0,0.42100000000000004,0.88,0.00123,0.728,0.925,175.388,4.0
