,danceability,energy,key,loudness,mode,speechiness,acousticness,instrumentalness,liveness,valence,tempo,time_signature
mean,0.61144,0.6088,4.62,-6.951439999999999,0.72,0.11602199999999996,0.2855419620000001,0.017170803599999996,0.19644600000000004,0.4437240000000001,123.15417999999998,3.9
std,0.12913908970484464,0.19038671708083085,3.2694629153887096,2.650562667719857,0.45355736761107274,0.12969771022163304,0.28414942455906916,0.083395289214417,0.16260875570722835,0.2138009512588372,31.52345950771085,0.4629100498862757
min,0.298,0.126,0.0,-14.216,0.0,0.0251,4.03e-05,0.0,0.055999999999999994,0.0913,69.702,1.0
max,0.9079999999999999,0.96,10.0,-3.1289999999999996,1.0,0.615,0.9690000000000001,0.526,0.748,0.943,189.891,4.0
