,danceability,energy,key,loudness,mode,speechiness,acousticness,instrumentalness,liveness,valence,tempo,time_signature
mean,0.5935999999999999,0.66848,5.6,-6.338859999999999,0.7,0.07889,0.22871620000000006,0.0008352551999999999,0.2089040000000001,0.4120400000000001,120.31342000000006,3.96
std,0.13554862069172288,0.20101784264394165,3.833259389999639,2.26395594723493,0.4629100498862757,0.06179390449431935,0.2786124664123401,0.0036805215671092168,0.18041548980967606,0.21429839200592837,26.26699969045508,0.1979486637221575
min,0.29,0.2,0.0,-12.293,0.0,0.0238,0.00022,0.0,0.0604,0.0634,71.615,3.0
max,0.8959999999999999,0.978,11.0,-3.353,1.0,0.253,0.904,0.0242,0.748,0.868,175.748,4.0
