,danceability,energy,key,loudness,mode,speechiness,acousticness,instrumentalness,liveness,valence,tempo,time_signature
mean,0.63418,0.5715399999999999,5.2,-6.746340000000001,0.7,0.070404,0.3458056,0.021561935199999997,0.14946800000000005,0.447382,112.77792000000001,3.92
std,0.12394167324732606,0.19265430709126732,3.6922422809485966,2.477933236981734,0.4629100498862757,0.052982596141351465,0.29306083232931524,0.10710925349739613,0.08318653599849302,0.24808093699847397,24.579237366193308,0.2740475156178697
min,0.235,0.203,0.0,-12.731,0.0,0.0232,0.00148,0.0,0.0456,0.0519,75.016,3.0
max,0.853,0.889,11.0,-1.8880000000000001,1.0,0.289,0.9420000000000001,0.7390000000000001,0.38299999999999995,0.914,180.085,4.0
