,danceability,energy,key,loudness,mode,speechiness,acousticness,instrumentalness,liveness,valence,tempo,time_signature
mean,0.60714,0.5267399999999999,5.98,-8.258299999999998,0.62,0.06326999999999999,0.3932935399999999,0.015530200400000003,0.16464199999999998,0.44273,123.07344,3.98
std,0.15377959446386047,0.18807931566121738,3.5369189866842237,3.327986124198408,0.4903143514780145,0.04399133611361701,0.2715611276464671,0.05668362671418808,0.09559397575161313,0.23314774526563412,27.36926711057123,0.47337261502231165
min,0.28300000000000003,0.18899999999999997,0.0,-19.032,0.0,0.0253,0.000587,0.0,0.0618,0.0393,68.53399999999999,1.0
max,0.9059999999999999,0.9790000000000001,11.0,-2.3080000000000003,1.0,0.262,0.9520000000000001,0.342,0.40399999999999997,0.9620000000000001,170.918,5.0
