,danceability,energy,key,loudness,mode,speechiness,acousticness,instrumentalness,liveness,valence,tempo,time_signature
mean,0.64144,0.5593599999999999,4.74,-7.225640000000001,0.66,0.0682,0.3515346000000001,0.0410558912,0.166442,0.4096,114.70435999999997,3.98
std,0.14801753343466317,0.18434570009321385,3.7515167000855008,2.9673450358245588,0.47851812069840666,0.06606473942973186,0.30048028172740315,0.16872749741048684,0.09939992011247971,0.19679603447141272,26.977729172343736,0.2466096643090295
min,0.35200000000000004,0.139,0.0,-16.545,0.0,0.0232,0.0026100000000000003,0.0,0.0614,0.0388,62.493,3.0
max,0.9009999999999999,0.932,11.0,-3.562,1.0,0.355,0.92,0.902,0.5379999999999999,0.912,179.592,5.0
