,danceability,energy,key,loudness,mode,speechiness,acousticness,instrumentalness,liveness,valence,tempo,time_signature
mean,0.6357199999999998,0.5005240000000001,4.84,-8.160359999999999,0.84,0.09332999999999998,0.3895816000000001,0.0007308076000000002,0.17287399999999997,0.4578440000000002,117.48916000000003,3.96
std,0.1671533623072304,0.2033595343930828,3.164600113371517,3.4412720996273265,0.37032803990902036,0.1248218947467281,0.3159936947663381,0.0031690427722453744,0.13655137750297205,0.23104016892554172,29.94679497099985,0.19794866372215744
min,0.28800000000000003,0.0642,0.0,-19.799,0.0,0.027999999999999997,0.00838,0.0,0.0325,0.0872,52.571999999999996,3.0
max,0.889,0.882,11.0,-3.39,1.0,0.6609999999999999,0.966,0.0219,0.623,0.937,189.03,4.0
