,danceability,energy,key,loudness,mode,speechiness,acousticness,instrumentalness,liveness,valence,tempo,time_signature
mean,0.6411199999999999,0.5385499999999998,4.72,-7.547779999999998,0.7,0.060745999999999994,0.3440850959999999,0.008582653200000002,0.162016,0.40069999999999995,118.49522,3.92
std,0.13663352443672086,0.20857265777524286,3.5111484254166925,3.0057054677355715,0.4629100498862757,0.0452132507667604,0.3090459708599003,0.05523272403016228,0.11907678428267215,0.19746415329556571,22.928950564991773,0.2740475156178698
min,0.387,0.0935,0.0,-13.712,0.0,0.0261,4.5799999999999995e-05,0.0,0.0645,0.1,64.808,3.0
max,0.97,0.973,11.0,-2.7489999999999997,1.0,0.261,0.9640000000000001,0.391,0.625,0.9259999999999999,179.972,4.0
