,danceability,energy,key,loudness,mode,speechiness,acousticness,instrumentalness,liveness,valence,tempo,time_signature
mean,0.6855000000000001,0.538068,4.56,-8.001080000000002,0.68,0.08353999999999999,0.3618770000000002,0.020503609,0.150748,0.45043200000000005,120.44036000000004,3.82
std,0.1386683387196418,0.19448383432112012,3.500204075683098,3.177662276657133,0.47121207149916106,0.09569717970808561,0.2739721051661714,0.09376270424722616,0.12214171301051437,0.20206707053827044,23.777231659256703,0.6288960200872896
min,0.353,0.0674,0.0,-19.18,0.0,0.0252,0.0001,0.0,0.064,0.0558,74.818,1.0
max,0.9390000000000001,0.935,11.0,-2.7289999999999996,1.0,0.54,0.961,0.61,0.688,0.9129999999999999,175.99400000000003,4.0
