,danceability,energy,key,loudness,mode,speechiness,acousticness,instrumentalness,liveness,valence,tempo,time_signature
mean,0.6202799999999999,0.5686000000000001,5.5,-6.806079999999998,0.74,0.077184,0.24839479999999997,0.0020994971999999997,0.15609399999999998,0.40947400000000017,119.26050000000006,3.88
std,0.1482120708956719,0.19383687650671,3.637951879499098,2.4451974741003917,0.44308749769345207,0.07395126183190259,0.28916676675028946,0.008583304104643618,0.10019744672701118,0.1881027908417336,31.291713482378455,0.3282607226593161
min,0.337,0.2,0.0,-15.026,0.0,0.0242,0.00137,0.0,0.0365,0.0776,70.003,3.0
max,0.922,0.9209999999999999,11.0,-2.951,1.0,0.35100000000000003,0.904,0.0559,0.499,0.868,184.03400000000002,4.0
