,danceability,energy,key,loudness,mode,speechiness,acousticness,instrumentalness,liveness,valence,tempo,time_signature
mean,0.6443400000000002,0.5420600000000002,5.16,-7.8009,0.56,0.12668599999999997,0.35946079999999997,0.0146299096,0.19685400000000008,0.4859920000000001,112.47689999999999,4.02
std,0.1419075022106776,0.18992763498399132,3.48384024564027,3.626411428249527,0.5014265364224069,0.16168095064045115,0.2751154266169243,0.07236613992593768,0.14247688994130572,0.2111044840831194,29.216028927558213,0.3187987657774485
min,0.28800000000000003,0.156,0.0,-17.68,0.0,0.0232,0.0031100000000000004,0.0,0.0325,0.0651,52.571999999999996,3.0
max,0.889,0.914,11.0,-3.159,1.0,0.872,0.94,0.39799999999999996,0.691,0.9620000000000001,179.97400000000002,5.0
