,danceability,energy,key,loudness,mode,speechiness,acousticness,instrumentalness,liveness,valence,tempo,time_signature
mean,0.57566,0.5134799999999999,4.72,-7.3590599999999995,0.78,0.051840000000000004,0.44783815800000004,0.07582010000000002,0.165752,0.41092599999999996,121.64429999999994,3.9
std,0.16742498899141522,0.21077923841531157,3.350540620404353,3.188779053724072,0.41845195759648024,0.03159578892116829,0.3412707643420805,0.21786361184445913,0.12148882579001548,0.24087608026721533,29.71942133452776,0.3642156795423417
min,0.261,0.10099999999999999,0.0,-16.252,0.0,0.0243,2.7899999999999997e-05,0.0,0.0418,0.0833,57.86,3.0
max,0.953,0.983,11.0,-2.6830000000000003,1.0,0.17,0.985,0.903,0.653,0.9309999999999999,199.572,5.0
