,danceability,energy,key,loudness,mode,speechiness,acousticness,instrumentalness,liveness,valence,tempo,time_signature
mean,0.6275400000000001,0.43966800000000006,6.38,-8.818839999999996,0.78,0.078064,0.514953,0.04438814020000001,0.14916200000000002,0.389182,115.90530000000001,4.04
std,0.1514601328295162,0.17273556815584468,3.527674842714159,4.085036943654293,0.41845195759648013,0.09544393537569583,0.3032734925217279,0.18121062914314676,0.10893371489495952,0.1770574306574576,19.51532343951746,0.19794866372215753
min,0.28300000000000003,0.0724,0.0,-22.576,0.0,0.0253,0.00265,0.0,0.0649,0.0895,74.991,4.0
max,0.958,0.828,11.0,-3.758,1.0,0.425,0.987,0.922,0.6970000000000001,0.924,150.165,5.0
