,danceability,energy,key,loudness,mode,speechiness,acousticness,instrumentalness,liveness,valence,tempo,time_signature
mean,0.63906,0.5002800000000001,5.68,-7.708579999999997,0.78,0.08370799999999999,0.464297,0.017031748200000002,0.140818,0.41574200000000006,117.65790000000001,4.04
std,0.13699894383623873,0.1569020284464552,3.565366283384342,3.1122283970669957,0.4184519575964803,0.09682132047209015,0.2833357160702131,0.11450191705044765,0.07534651567584129,0.17665337221317265,20.154389123686673,0.19794866372215753
min,0.28300000000000003,0.128,0.0,-18.717,0.0,0.0253,0.00265,0.0,0.0574,0.0895,74.991,4.0
max,0.925,0.828,11.0,-3.28,1.0,0.42,0.915,0.81,0.46,0.924,159.96200000000002,5.0
