,danceability,energy,key,loudness,mode,speechiness,acousticness,instrumentalness,liveness,valence,tempo,time_signature
mean,0.66952,0.634296,5.1,-7.177739999999999,0.56,0.093818,0.17655604000000003,0.044754861199999996,0.183276,0.425344,118.78015999999998,4.02
std,0.1316958834371284,0.20747484033354158,3.598469062231428,3.711241251238991,0.5014265364224069,0.08900105179383086,0.22267785747769245,0.16687866144613042,0.12186673310109981,0.1973994150064735,22.101138722496188,0.2466096643090295
min,0.36700000000000005,0.0138,0.0,-22.37,0.0,0.0276,0.000354,0.0,0.0528,0.0872,64.01899999999999,3.0
max,0.951,0.9620000000000001,11.0,-0.9079999999999999,1.0,0.389,0.982,0.8690000000000001,0.5379999999999999,0.78,180.043,5.0
