,danceability,energy,key,loudness,mode,speechiness,acousticness,instrumentalness,liveness,valence,tempo,time_signature
mean,0.66648,0.6630519999999999,5.16,-6.129840000000001,0.7,0.09284199999999998,0.2645998,0.050239110200000006,0.131492,0.4505000000000002,119.07537999999998,3.98
std,0.13980441731948534,0.17943160966490485,3.694231576224683,2.920861742845137,0.4629100498862757,0.09462281963627152,0.2413880139348012,0.1751905235464211,0.07472672346624065,0.21028486509921704,27.75914938331696,0.24660966430902947
min,0.266,0.0596,0.0,-18.515,0.0,0.0302,0.00173,0.0,0.0429,0.1,79.992,3.0
max,0.9309999999999999,0.9640000000000001,11.0,-1.746,1.0,0.41200000000000003,0.905,0.7879999999999999,0.371,0.935,190.03599999999997,5.0
