,danceability,energy,key,loudness,mode,speechiness,acousticness,instrumentalness,liveness,valence,tempo,time_signature
mean,0.6711999999999996,0.5674800000000001,5.52,-7.864699999999998,0.52,0.178338,0.2363826000000001,0.0027961934000000003,0.15908000000000003,0.35620000000000007,120.05400000000002,3.94
std,0.1546073367322152,0.16218158631230462,4.151419722731696,2.546750143991037,0.5046720495044485,0.14971775880649837,0.2451880545980816,0.010111561276680253,0.10960117122865923,0.18568748487934325,28.593217363278196,0.46991097723995806
min,0.33399999999999996,0.217,0.0,-13.539000000000001,0.0,0.0293,0.0039,0.0,0.0571,0.037000000000000005,54.924,1.0
max,0.909,0.88,11.0,-2.7439999999999998,1.0,0.7170000000000001,0.852,0.0537,0.499,0.718,181.995,5.0
