,danceability,energy,key,loudness,mode,speechiness,acousticness,instrumentalness,liveness,valence,tempo,time_signature
mean,0.6554800000000002,0.6293199999999999,5.34,-6.37754,0.6,0.11543199999999997,0.21883251999999997,0.0028316420000000005,0.18339199999999997,0.454052,115.97642000000002,3.92
std,0.14686593080988203,0.16601849417508663,3.645573217154286,1.9320878018034149,0.49487165930539356,0.10464005835360043,0.25393353765360555,0.013128717530058663,0.15483533826459067,0.2086626524966525,28.795725307824306,0.3404678653660854
min,0.355,0.33899999999999997,0.0,-12.159,0.0,0.0232,0.000686,0.0,0.0475,0.0636,64.01899999999999,3.0
max,0.951,0.963,11.0,-2.041,1.0,0.389,0.925,0.09,0.934,0.897,183.53799999999998,5.0
