,danceability,energy,key,loudness,mode,speechiness,acousticness,instrumentalness,liveness,valence,tempo,time_signature
mean,0.65854,0.6572,5.82,-6.371199999999999,0.62,0.111326,0.15631576000000005,0.023765108,0.17092200000000002,0.47197800000000006,122.70847999999995,4.02
std,0.15096562793009055,0.17698091676211644,3.8422463667569704,2.243809815870302,0.4903143514780145,0.10263878769147418,0.20779022921800688,0.1067896331970256,0.14103551338841822,0.21934474709359017,28.507233421655194,0.3187987657774485
min,0.26899999999999996,0.252,0.0,-11.901,0.0,0.0278,0.000278,0.0,0.0337,0.0496,71.91199999999999,3.0
max,0.922,0.975,11.0,-2.384,1.0,0.5,0.883,0.679,0.609,0.887,180.07299999999998,5.0
