,danceability,energy,key,loudness,mode,speechiness,acousticness,instrumentalness,liveness,valence,tempo,time_signature
mean,0.70636,0.6152399999999999,5.38,-6.874639999999999,0.6,0.167454,0.22659496,0.017346443200000002,0.16783200000000004,0.5105400000000002,123.8514,3.9
std,0.1564215601820795,0.17417778391104666,3.2000637748746987,2.6337196615262997,0.49487165930539356,0.14313914624502658,0.2247362098107023,0.08230130840079769,0.12105716045719553,0.20537434313060268,33.3606942642973,0.4629100498862757
min,0.313,0.18600000000000003,0.0,-13.206,0.0,0.0287,0.000587,0.0,0.0529,0.159,68.53399999999999,1.0
max,0.9490000000000001,0.919,11.0,-2.253,1.0,0.5670000000000001,0.868,0.52,0.5820000000000001,0.94,210.16400000000002,4.0
