,danceability,energy,key,loudness,mode,speechiness,acousticness,instrumentalness,liveness,valence,tempo,time_signature
mean,0.6712199999999998,0.70128,5.68,-5.819659999999999,0.74,0.09942000000000004,0.15199796000000002,0.0248255988,0.160016,0.5221399999999999,124.81244000000001,3.98
std,0.13343136889083332,0.1282836525446796,3.744056514487123,1.8258437424480591,0.44308749769345207,0.08030937882047533,0.18386875047640225,0.10122385074124166,0.11427553411802188,0.1930317738463948,33.31537645798323,0.14142135623730936
min,0.284,0.392,0.0,-10.103,0.0,0.0259,0.000813,0.0,0.0215,0.1,77.176,3.0
max,0.9159999999999999,0.912,11.0,-2.573,1.0,0.387,0.726,0.657,0.5579999999999999,0.9259999999999999,199.775,4.0
