,danceability,energy,key,loudness,mode,speechiness,acousticness,instrumentalness,liveness,valence,tempo,time_signature
mean,0.7120599999999997,0.64188,5.72,-6.7332,0.58,0.115736,0.1996728,0.037049853599999995,0.14424000000000003,0.47464000000000006,119.02894000000002,4.02
std,0.14491312105210222,0.18072457791131918,3.8547082263388086,2.6685751070638464,0.49856938190328975,0.1130438343009887,0.2246511296686214,0.145877034487447,0.07972266213030557,0.20466246577709157,24.093242972142498,0.14142135623730945
min,0.248,0.317,0.0,-14.505,0.0,0.0287,0.00339,0.0,0.0388,0.13699999999999998,81.97200000000001,4.0
max,0.9640000000000001,0.9590000000000001,11.0,-2.6519999999999997,1.0,0.588,0.841,0.871,0.406,0.892,202.00599999999997,5.0
