,danceability,energy,key,loudness,mode,speechiness,acousticness,instrumentalness,liveness,valence,tempo,time_signature
mean,0.64366,0.6538200000000001,5.62,-6.7361,0.64,0.112006,0.14200785800000001,0.03852330660000001,0.20067999999999991,0.48078,120.3504,3.94
std,0.17367006133493945,0.16917901278629965,3.4516485265768893,2.6632503177700064,0.4848732213850611,0.09481408103897493,0.19576789684639628,0.15742616744005578,0.15155456348881652,0.2354777531846649,32.172498348745,0.23989793748209526
min,0.265,0.259,0.0,-16.509,0.0,0.0247,8.09e-05,0.0,0.0215,0.0701,54.747,3.0
max,0.929,0.968,11.0,-2.5610000000000004,1.0,0.44299999999999995,0.784,0.9,0.612,0.9279999999999999,191.702,4.0
