,danceability,energy,key,loudness,mode,speechiness,acousticness,instrumentalness,liveness,valence,tempo,time_signature
mean,0.6977000000000001,0.5979999999999999,5.94,-6.7819600000000015,0.66,0.09445399999999998,0.290860628,0.010426984799999999,0.16263000000000002,0.522874,121.55489999999996,3.96
std,0.13617354623375844,0.19709823511567598,3.711042540135302,2.8887216504671325,0.47851812069840666,0.09468545825036509,0.26140331193732197,0.05537098700964953,0.12335094988176902,0.21128373882008977,23.979432136771727,0.19794866372215747
min,0.29,0.10400000000000001,0.0,-15.359000000000002,0.0,0.0301,8.14e-05,0.0,0.0515,0.0747,74.70100000000001,3.0
max,0.9209999999999999,0.9129999999999999,11.0,-1.2109999999999999,1.0,0.47200000000000003,0.9790000000000001,0.387,0.625,0.927,171.993,4.0
