,danceability,energy,key,loudness,mode,speechiness,acousticness,instrumentalness,liveness,valence,tempo,time_signature
mean,0.6934,0.5830007599999999,4.5,-7.913399999999998,0.68,0.156178,0.332728914,0.1016736454,0.170252,0.428588,120.70986000000002,3.96
std,0.1468094697496155,0.21572807529317162,3.4419382294733594,3.8812801591059345,0.4712120714991613,0.15992659577673343,0.3295209887431656,0.268282403831394,0.13682887605490657,0.22720366988269197,27.243172151905647,0.2828427124746189
min,0.33299999999999996,0.000138,0.0,-19.346,0.0,0.0307,2.46e-05,0.0,0.0337,0.0634,67.513,3.0
max,0.935,0.927,10.0,-2.946,1.0,0.6940000000000001,0.977,0.9470000000000001,0.653,0.9309999999999999,218.15,5.0
