,danceability,energy,key,loudness,mode,speechiness,acousticness,instrumentalness,liveness,valence,tempo,time_signature
mean,0.6276999999999999,0.6717399999999999,5.66,-6.5453399999999995,0.7,0.158502,0.23612540000000004,0.051591095999999996,0.22602800000000006,0.4366080000000001,120.29397999999999,3.86
std,0.17259132453898846,0.18453745928009038,3.8577248238212283,2.6067066140700863,0.4629100498862757,0.15942794993478454,0.2544905041908364,0.18512010134617463,0.17151442140828976,0.21532034401546635,33.71085306888933,0.3505098327538655
min,0.26899999999999996,0.225,0.0,-18.799,0.0,0.0247,0.00137,0.0,0.0424,0.0714,63.763999999999996,3.0
max,0.929,0.938,11.0,-2.191,1.0,0.8690000000000001,0.9079999999999999,0.84,0.846,0.87,191.702,4.0
