,danceability,energy,key,loudness,mode,speechiness,acousticness,instrumentalness,liveness,valence,tempo,time_signature
mean,0.6632000000000001,0.6070399999999999,5.18,-6.782579999999999,0.64,0.094354,0.292003706,0.0010807794000000002,0.15569800000000006,0.475548,123.45981999999995,3.94
std,0.1528460610135143,0.1889211000413038,3.646021035012703,2.4956906948758286,0.4848732213850611,0.09114089162681377,0.2389453270783058,0.00426417897491747,0.09755224762314053,0.23112194611397296,31.07656354330086,0.4242640687119286
min,0.319,0.152,0.0,-15.359000000000002,0.0,0.0264,9.53e-05,0.0,0.0659,0.0663,69.969,1.0
max,0.9109999999999999,0.929,11.0,-4.006,1.0,0.47200000000000003,0.799,0.0262,0.465,0.927,190.08900000000003,4.0
