,danceability,energy,key,loudness,mode,speechiness,acousticness,instrumentalness,liveness,valence,tempo,time_signature
mean,0.6568999999999998,0.6743799999999999,5.3,-5.948900000000001,0.46,0.11227000000000002,0.18709887400000003,0.034195335,0.21731199999999998,0.42811000000000016,116.11076000000001,3.96
std,0.15327622790510054,0.1541852702141823,3.73756441484318,1.9908862783869368,0.5034574339058886,0.1002223777407022,0.23167143142519123,0.1635344819025391,0.17206773540483103,0.21916044095034815,25.75887063974471,0.1979486637221575
min,0.27,0.29600000000000004,0.0,-10.558,0.0,0.0262,1.09e-05,0.0,0.0465,0.038,72.101,3.0
max,0.9079999999999999,0.9640000000000001,11.0,-2.1959999999999997,1.0,0.46299999999999997,0.934,0.851,0.9129999999999999,0.9520000000000001,174.003,4.0
