,danceability,energy,key,loudness,mode,speechiness,acousticness,instrumentalness,liveness,valence,tempo,time_signature
mean,0.7332,0.61132,5.66,-6.795859999999999,0.6,0.13021000000000002,0.2333814,0.0176237378,0.17569800000000002,0.5091039999999998,119.74087999999998,4.0
std,0.1420751453941734,0.16921360007097416,3.6511669926426626,2.22375719943541,0.49487165930539356,0.13841061397604046,0.25406115126014966,0.09500382566058815,0.14632709862440635,0.2284646401971389,23.9966231762483,0.20203050891044214
min,0.376,0.225,0.0,-14.454,0.0,0.0296,0.00122,0.0,0.0565,0.0592,75.801,3.0
max,0.973,0.922,11.0,-2.8280000000000003,1.0,0.82,0.902,0.657,0.79,0.9670000000000001,202.38299999999998,5.0
