,danceability,energy,key,loudness,mode,speechiness,acousticness,instrumentalness,liveness,valence,tempo,time_signature
mean,0.6829599999999999,0.6433000000000003,5.4,-6.46948,0.64,0.11532599999999998,0.20335319999999996,0.016827193000000004,0.15903800000000007,0.5047200000000001,117.91045999999997,3.96
std,0.15143759541845098,0.16213250438944016,4.040610178208842,2.2391085438228333,0.4848732213850611,0.0975562690796173,0.21411153518611534,0.11238959061281707,0.08044289364993971,0.20316486117517105,26.57113481804598,0.1979486637221575
min,0.27,0.19699999999999998,0.0,-13.35,0.0,0.0287,0.00121,0.0,0.0211,0.115,75.014,3.0
max,0.9359999999999999,0.948,11.0,-2.853,1.0,0.358,0.88,0.795,0.406,0.9129999999999999,202.00599999999997,4.0
