,danceability,energy,key,loudness,mode,speechiness,acousticness,instrumentalness,liveness,valence,tempo,time_signature
mean,0.6951599999999999,0.6669200000000002,4.8,-6.0377800000000015,0.64,0.103506,0.2327420000000001,0.035357052800000004,0.120092,0.4324679999999999,118.45985999999998,4.0
std,0.1385324481256051,0.16699857508862959,3.619674131234265,2.371541256272823,0.4848732213850611,0.0947484390265042,0.23274582866995772,0.13974055127076945,0.049620502016889785,0.2047933457544608,23.31198127092415,0.20203050891044214
min,0.414,0.146,0.0,-15.225,0.0,0.0311,0.00173,0.0,0.0429,0.0564,75.235,3.0
max,0.9359999999999999,0.9640000000000001,11.0,-1.746,1.0,0.41200000000000003,0.897,0.7,0.302,0.961,170.00799999999998,5.0
