,danceability,energy,key,loudness,mode,speechiness,acousticness,instrumentalness,liveness,valence,tempo,time_signature
mean,0.6950999999999997,0.610228,6.1,-6.8834,0.6,0.11683199999999999,0.2755910000000001,0.0007122210000000001,0.17149599999999998,0.4778540000000001,125.61621999999997,3.9
std,0.13864287554279703,0.17349470148940555,3.615443067098218,2.591499510763163,0.49487165930539356,0.12319948058464586,0.2294788243065186,0.004464913064020649,0.11397635264942156,0.18540650453112203,26.997821592612443,0.46291004988627554
min,0.353,0.0674,0.0,-19.18,0.0,0.0287,0.0001,0.0,0.0659,0.0827,80.107,1.0
max,0.9540000000000001,0.935,11.0,-2.293,1.0,0.565,0.961,0.0316,0.6920000000000001,0.9129999999999999,191.97099999999998,4.0
