,danceability,energy,key,loudness,mode,speechiness,acousticness,instrumentalness,liveness,valence,tempo,time_signature
mean,0.6943999999999998,0.64818,4.46,-5.924600000000001,0.46,0.12691799999999998,0.17233697799999997,0.04220636059999999,0.15310800000000002,0.47892599999999985,113.34135999999997,4.02
std,0.14924996154240097,0.1552335554404842,3.535303006382731,2.096110859352119,0.5034574339058886,0.11623058133182805,0.20594291376389473,0.14601856585184764,0.10827158188969975,0.2068563445229267,21.966960315446656,0.14142135623730942
min,0.317,0.29600000000000004,0.0,-10.109,0.0,0.028999999999999998,1.89e-05,0.0,0.0466,0.0793,71.91199999999999,4.0
max,0.9640000000000001,0.948,11.0,0.175,1.0,0.53,0.934,0.687,0.415,0.856,171.921,5.0
