,danceability,energy,key,loudness,mode,speechiness,acousticness,instrumentalness,liveness,valence,tempo,time_signature
mean,0.6400200000000001,0.6448400000000001,5.06,-6.628599999999997,0.48,0.091448,0.26221185999999996,0.06438444019999999,0.159852,0.40830200000000005,124.13074,3.96
std,0.15432730788549273,0.19538693792115194,3.610698389112951,2.418804317535962,0.5046720495044484,0.06494461766201497,0.2695410078554403,0.19939975938307614,0.12090884108724731,0.2516186866377497,29.008058004215286,0.19794866372215747
min,0.258,0.26899999999999996,0.0,-13.582,0.0,0.0285,3.929999999999999e-05,0.0,0.0422,0.0383,74.973,3.0
max,0.9059999999999999,0.9840000000000001,11.0,-2.4730000000000003,1.0,0.253,0.9490000000000001,0.88,0.667,0.965,182.076,4.0
