,danceability,energy,key,loudness,mode,speechiness,acousticness,instrumentalness,liveness,valence,tempo,time_signature
mean,0.69354,0.6151479999999997,5.86,-6.746659999999997,0.58,0.143408,0.2771663999999999,0.0732443002,0.17298000000000002,0.5005080000000002,131.3673,3.86
std,0.14061137788897718,0.18929610024336724,3.774295447159506,2.684222728752408,0.49856938190328975,0.14141807297253525,0.24773194958244357,0.24871507955875471,0.1459929352498166,0.1889086636446301,27.158347464265862,0.49528388066742074
min,0.353,0.0674,0.0,-19.18,0.0,0.0301,0.00195,0.0,0.0479,0.0727,86.00299999999999,1.0
max,0.9540000000000001,0.938,11.0,-2.293,1.0,0.565,0.961,0.9420000000000001,0.7340000000000001,0.877,191.965,4.0
