,danceability,energy,key,loudness,mode,speechiness,acousticness,instrumentalness,liveness,valence,tempo,time_signature
mean,0.6573599999999999,0.6249319999999998,5.42,-6.7758199999999995,0.7,0.07719999999999999,0.2979105920000001,0.023103926000000007,0.14850600000000003,0.4800800000000001,120.79089999999997,3.96
std,0.14508642885099451,0.21522361075999868,3.8708223036097182,3.32885759462704,0.46291004988627565,0.06805269266966471,0.2794124931415126,0.10507687310702975,0.11045201638018648,0.21174925872698716,29.01522995315898,0.28284271247461884
min,0.266,0.0596,0.0,-18.515,0.0,0.0281,7.759999999999999e-05,0.0,0.0441,0.11699999999999999,79.527,3.0
max,0.878,0.996,11.0,-1.746,1.0,0.321,0.905,0.7,0.614,0.91,186.31099999999998,5.0
