,danceability,energy,key,loudness,mode,speechiness,acousticness,instrumentalness,liveness,valence,tempo,time_signature
mean,0.6506399999999998,0.6384400000000001,5.58,-6.37024,0.58,0.115108,0.17832488799999996,0.005705981599999998,0.19951799999999995,0.492988,119.47516,4.0
std,0.16525215858913112,0.1657521089840279,3.6705668805362746,2.2328635916185093,0.49856938190328964,0.09977745203548685,0.20890195267458794,0.032105162853114474,0.1559807938072335,0.21931257875461682,29.723072869927503,0.2857142857142857
min,0.23800000000000002,0.36700000000000005,0.0,-12.159,0.0,0.0297,5.539999999999999e-05,0.0,0.0475,0.0624,64.01899999999999,3.0
max,0.96,0.934,11.0,-1.8090000000000002,1.0,0.47600000000000003,0.925,0.22399999999999998,0.934,0.867,183.53799999999998,5.0
