,danceability,energy,key,loudness,mode,speechiness,acousticness,instrumentalness,liveness,valence,tempo,time_signature
mean,0.59782,0.5745000000000001,5.3,-7.555420000000003,0.7,0.09569400000000002,0.31142499999999995,0.030560454199999993,0.18493599999999996,0.4189300000000001,111.92833999999999,3.94
std,0.1512273177460113,0.21983474776870607,3.693623849670828,2.8516929457314815,0.46291004988627565,0.09654114785194667,0.3350026956166296,0.13711897793198388,0.15903944159759068,0.21572539824735426,28.97485570361492,0.2398979374820953
min,0.29,0.17,0.0,-18.188,0.0,0.0266,0.00037999999999999997,0.0,0.0604,0.0634,73.483,3.0
max,0.934,0.951,11.0,-3.7539999999999996,1.0,0.397,0.945,0.9159999999999999,0.973,0.868,185.575,4.0
