,danceability,energy,key,loudness,mode,speechiness,acousticness,instrumentalness,liveness,valence,tempo,time_signature
mean,0.5980599999999999,0.65433,5.42,-7.004719999999997,0.5,0.10824399999999999,0.26001395820000006,0.08037031879999999,0.17570200000000002,0.42246799999999995,119.48398000000002,3.94
std,0.1600274734065934,0.20566471649810253,3.4231504763409784,4.358086811284727,0.5050762722761054,0.10884800516578809,0.3100695113716087,0.2113877711977102,0.1159875265813052,0.2101941274155869,31.96659907573809,0.2398979374820953
min,0.285,0.0645,0.0,-28.086,0.0,0.0249,6.91e-06,0.0,0.0473,0.0549,78.244,3.0
max,0.907,0.998,11.0,-1.129,1.0,0.418,0.99,0.937,0.46,0.97,201.981,4.0
