,danceability,energy,key,loudness,mode,speechiness,acousticness,instrumentalness,liveness,valence,tempo,time_signature
mean,0.74654,0.6284,4.58,-6.816599999999999,0.62,0.149852,0.23005907999999997,0.016039568400000002,0.14457000000000003,0.516522,118.50182000000002,4.0
std,0.1333999984701527,0.1544908688933705,3.0844574159842777,2.362076490492798,0.4903143514780145,0.12576521734516882,0.23315708742494465,0.07308574986512,0.09312643424453682,0.22278143337617448,27.879034578847445,0.0
min,0.326,0.285,0.0,-12.095999999999998,0.0,0.0278,0.000143,0.0,0.0645,0.0681,71.975,4.0
max,0.978,0.889,11.0,-2.9989999999999997,1.0,0.6609999999999999,0.872,0.498,0.525,0.9620000000000001,197.705,4.0
