,danceability,energy,key,loudness,mode,speechiness,acousticness,instrumentalness,liveness,valence,tempo,time_signature
mean,0.6190000000000001,0.65602,5.32,-6.548060000000001,0.66,0.11791800000000001,0.18384649399999997,0.037634887000000006,0.18261599999999997,0.43408,123.71365999999998,3.86
std,0.1515028119897988,0.15998092871033223,3.395314899284913,2.086909123609383,0.47851812069840666,0.10228061976538778,0.23913856561212685,0.11778940322437276,0.1497514980470878,0.19069109971418194,27.67268117351516,0.5349041493385447
min,0.255,0.299,0.0,-14.099,0.0,0.0247,1.49e-05,0.0,0.0282,0.13,78.979,1.0
max,0.929,0.9490000000000001,11.0,-3.072,1.0,0.47600000000000003,0.8490000000000001,0.54,0.922,0.89,182.389,5.0
