,danceability,energy,key,loudness,mode,speechiness,acousticness,instrumentalness,liveness,valence,tempo,time_signature
mean,0.6860600000000001,0.5964948000000002,4.96,-7.325920000000001,0.54,0.14267600000000003,0.2516231200000001,0.0745162594,0.16941599999999998,0.43949799999999983,108.46575999999997,4.04
std,0.12923644049191546,0.17831982287326054,3.653122790497053,4.247490701434851,0.5034574339058886,0.1381414589381154,0.2805694945703376,0.2386445205096252,0.11557546763205136,0.22757070441100816,28.157842238585346,0.28284271247461895
min,0.193,0.008440000000000001,0.0,-26.219,0.0,0.0282,0.000646,0.0,0.0619,0.0628,67.675,3.0
max,0.938,0.8859999999999999,11.0,-2.853,1.0,0.588,0.996,0.961,0.637,0.9520000000000001,202.00599999999997,5.0
