,danceability,energy,key,loudness,mode,speechiness,acousticness,instrumentalness,liveness,valence,tempo,time_signature
mean,0.7361399999999999,0.6090799999999998,5.12,-6.366039999999999,0.64,0.155746,0.22397946000000002,0.001681006,0.153922,0.5148159999999998,121.15763999999996,4.0
std,0.12185237136864946,0.13661861707180414,3.3051598497883674,2.4251353756448486,0.4848732213850611,0.15683417631761418,0.23770871989768552,0.010198514290344405,0.12202275012037213,0.2151454850531972,27.211874651170586,0.0
min,0.42100000000000004,0.301,0.0,-13.970999999999998,0.0,0.0282,0.000143,0.0,0.0372,0.0681,72.473,4.0
max,0.978,0.935,11.0,-2.253,1.0,0.902,0.9109999999999999,0.0718,0.5820000000000001,0.9620000000000001,180.055,4.0
