,danceability,energy,key,loudness,mode,speechiness,acousticness,instrumentalness,liveness,valence,tempo,time_signature
mean,0.6523799999999998,0.6762600000000002,5.28,-6.31364,0.66,0.11347199999999999,0.161377366,0.0198895136,0.17992799999999998,0.437198,117.88454,3.98
std,0.16372287312307182,0.16126500056789528,3.7364175792502916,2.67111319574626,0.47851812069840666,0.13768551127960607,0.16522964517245736,0.0652598380128286,0.1340686376754954,0.22007057725991044,27.829107120988063,0.24660966430902945
min,0.198,0.16699999999999998,0.0,-18.942,0.0,0.031,3.3299999999999996e-05,0.0,0.0514,0.0786,71.91199999999999,3.0
max,0.925,0.975,11.0,-2.384,1.0,0.889,0.693,0.341,0.657,0.97,180.07299999999998,5.0
