,danceability,energy,key,loudness,mode,speechiness,acousticness,instrumentalness,liveness,valence,tempo,time_signature
mean,0.7293000000000001,0.6076600000000001,5.28,-6.82204,0.54,0.12424400000000001,0.25466276000000004,0.033103546600000006,0.185298,0.5365319999999999,126.85840000000003,3.88
std,0.13767830739274292,0.16303631872834284,3.833472342939444,2.388579451114347,0.5034574339058886,0.1285487093577801,0.25857627478762096,0.13528733483917685,0.13597586594086228,0.20086700894281434,26.77620901670217,0.5205962045225314
min,0.324,0.21600000000000003,0.0,-13.323,0.0,0.0259,0.000607,0.0,0.0606,0.0916,75.801,1.0
max,0.934,0.951,11.0,-2.3169999999999997,1.0,0.5670000000000001,0.882,0.772,0.735,0.898,210.16400000000002,5.0
