,danceability,energy,key,loudness,mode,speechiness,acousticness,instrumentalness,liveness,valence,tempo,time_signature
mean,0.6444199999999999,0.5931400000000001,5.16,-7.491899999999999,0.56,0.13938999999999996,0.260560884,0.0689146524,0.150914,0.425324,120.75301999999999,4.02
std,0.13735297742736874,0.19610773902659337,3.9608286084235105,2.889799253320167,0.5014265364224069,0.11880482407920058,0.2691611104420004,0.18556011499495345,0.08709425344805173,0.2334854656666042,28.491417740736296,0.3187987657774485
min,0.322,0.21,0.0,-14.712,0.0,0.0278,1.82e-05,0.0,0.0497,0.0389,70.429,3.0
max,0.981,0.96,11.0,-1.59,1.0,0.475,0.9179999999999999,0.9229999999999999,0.38299999999999995,0.935,177.53900000000002,5.0
