,danceability,energy,key,loudness,mode,speechiness,acousticness,instrumentalness,liveness,valence,tempo,time_signature
mean,0.6628799999999999,0.6865799999999997,4.78,-6.54872,0.7,0.11965799999999999,0.13551626,0.06629546,0.18113600000000002,0.47947999999999985,118.44043999999997,3.94
std,0.1667509006186859,0.16391711320054417,3.284409678888357,2.137669148719641,0.4629100498862757,0.0991494400655199,0.18310244122524777,0.17972506223169396,0.1508523007339785,0.20989513805610607,31.89707006835119,0.3136356914300022
min,0.27699999999999997,0.205,0.0,-14.08,0.0,0.0315,0.000813,0.0,0.0215,0.1,77.176,3.0
max,0.929,0.963,11.0,-3.0610000000000004,1.0,0.379,0.892,0.764,0.934,0.927,207.57299999999998,5.0
