,danceability,energy,key,loudness,mode,speechiness,acousticness,instrumentalness,liveness,valence,tempo,time_signature
mean,0.6018200000000001,0.5585219999999999,5.64,-8.217459999999999,0.68,0.11740599999999998,0.27552876000000004,0.0377456194,0.16582,0.40063000000000004,118.66032,3.88
std,0.19835041040069074,0.21452447202582545,3.3912251714189234,4.126391699481645,0.4712120714991613,0.11497213399740985,0.29125886302727555,0.12679383876265907,0.11975316620585248,0.2397675985752258,32.24929486616564,0.328260722659316
min,0.252,0.0541,0.0,-19.916,0.0,0.0263,0.000239,0.0,0.0424,0.0723,54.747,3.0
max,0.929,0.893,11.0,-3.072,1.0,0.473,0.9670000000000001,0.6759999999999999,0.585,0.9390000000000001,191.702,4.0
