,danceability,energy,key,loudness,mode,speechiness,acousticness,instrumentalness,liveness,valence,tempo,time_signature
mean,0.64768,0.6535999999999998,5.26,-6.22506,0.5,0.13701200000000002,0.16909048000000004,0.008739021999999997,0.18174600000000002,0.44576799999999994,121.01972000000004,3.98
std,0.15620087015357723,0.1410475386643287,3.480616881754012,1.8702575333959996,0.5050762722761054,0.1407537865369518,0.18908435987742267,0.04550039213835078,0.1327161036473982,0.2164149551963844,32.01329518582388,0.2466096643090295
min,0.198,0.307,0.0,-10.859000000000002,0.0,0.0301,0.000399,0.0,0.057999999999999996,0.0675,61.93899999999999,3.0
max,0.9209999999999999,0.9540000000000001,11.0,-2.313,1.0,0.754,0.8009999999999999,0.311,0.5920000000000001,0.841,189.99200000000002,5.0
