,danceability,energy,key,loudness,mode,speechiness,acousticness,instrumentalness,liveness,valence,tempo,time_signature
mean,0.5962599999999999,0.6678000000000002,5.58,-6.41832,0.6,0.08877800000000002,0.17641749200000004,0.08298573500000002,0.15716799999999997,0.417898,123.75464000000004,3.96
std,0.13611366948403147,0.18444577766367867,3.9075541700450853,2.040867097033783,0.4948716593053935,0.08504928532735521,0.2552717003599625,0.19634904349449642,0.11731709070475867,0.2373359063540491,30.88448748439704,0.28284271247461884
min,0.337,0.262,0.0,-11.63,0.0,0.0243,7.46e-05,0.0,0.0229,0.0989,73.554,3.0
max,0.8079999999999999,0.951,11.0,-3.071,1.0,0.406,0.9690000000000001,0.862,0.638,0.903,199.99099999999999,5.0
