,danceability,energy,key,loudness,mode,speechiness,acousticness,instrumentalness,liveness,valence,tempo,time_signature
mean,0.70086,0.6007400000000002,5.18,-6.9001600000000005,0.6,0.151938,0.23835461999999996,0.013675762999999999,0.17421600000000004,0.47586600000000007,120.95444000000003,3.96
std,0.15992893957719378,0.16550575672829057,3.286894198082402,3.0200398386343803,0.4948716593053935,0.1341067696627868,0.24793751060856242,0.07230735823236473,0.14956822531704322,0.21346736366719013,31.86553273837435,0.1979486637221575
min,0.29600000000000004,0.235,0.0,-16.541,0.0,0.0282,0.000143,0.0,0.0625,0.0681,71.884,3.0
max,0.978,0.9440000000000001,11.0,-1.865,1.0,0.467,0.823,0.498,0.795,0.8640000000000001,204.03099999999998,4.0
