,danceability,energy,key,loudness,mode,speechiness,acousticness,instrumentalness,liveness,valence,tempo,time_signature
mean,0.74064,0.60474,5.86,-7.1673599999999995,0.54,0.136058,0.25107377999999997,0.057070799799999995,0.16111799999999998,0.53266,123.83995999999999,3.86
std,0.13520970258627668,0.2063217034296742,3.6534021047204086,3.0233601172151734,0.5034574339058886,0.12862130475444064,0.27282870523509206,0.19013033676520483,0.12011837476049218,0.19648125111780088,28.18507027137682,0.4952838806674208
min,0.324,0.18600000000000003,0.0,-15.177,0.0,0.0289,0.000123,0.0,0.0409,0.11599999999999999,72.541,1.0
max,0.938,0.951,11.0,-2.326,1.0,0.5670000000000001,0.882,0.7879999999999999,0.682,0.89,210.16400000000002,4.0
