,danceability,energy,key,loudness,mode,speechiness,acousticness,instrumentalness,liveness,valence,tempo,time_signature
mean,0.6447200000000001,0.63596,5.7,-6.41952,0.6,0.126586,0.236088098,0.024082790600000004,0.17181399999999997,0.3819759999999999,124.07421999999997,3.92
std,0.139391101522563,0.15094815436474354,3.732100136460895,2.4959855624909504,0.4948716593053935,0.1421757506950967,0.26599537352869124,0.13105774805618758,0.1196017968092453,0.1897941006373346,29.487808493106474,0.2740475156178697
min,0.374,0.175,0.0,-17.018,0.0,0.028999999999999998,7.69e-05,0.0,0.0499,0.0499,61.93899999999999,3.0
max,0.9009999999999999,0.971,11.0,-1.081,1.0,0.754,0.9590000000000001,0.92,0.605,0.755,189.99200000000002,4.0
