,danceability,energy,key,loudness,mode,speechiness,acousticness,instrumentalness,liveness,valence,tempo,time_signature
mean,0.7119599999999998,0.5930599999999999,5.56,-7.180520000000001,0.58,0.17101999999999998,0.24316847999999994,0.0377034364,0.16988199999999995,0.52272,124.05765999999998,4.0
std,0.14622766147207522,0.180513486408939,3.429523677285407,2.639758053539091,0.49856938190328975,0.16863351278038735,0.24431325977115895,0.1380528752743623,0.1284638147892397,0.21158064415156655,34.19394509750258,0.20203050891044214
min,0.313,0.18600000000000003,0.0,-13.46,0.0,0.0279,0.000824,0.0,0.0452,0.159,65.973,3.0
max,0.9490000000000001,0.919,11.0,-2.253,1.0,0.856,0.868,0.785,0.5820000000000001,0.94,204.09599999999998,5.0
