,danceability,energy,key,loudness,mode,speechiness,acousticness,instrumentalness,liveness,valence,tempo,time_signature
mean,0.6489000000000001,0.6807199999999999,4.34,-6.020460000000002,0.56,0.10487200000000002,0.21228796,0.024482435400000006,0.15730399999999997,0.41335800000000006,120.82629999999993,3.98
std,0.1483610117110232,0.14967243689920648,3.44407210334819,2.0277603731753926,0.5014265364224069,0.09203139224842616,0.20215808988925435,0.10700157813627538,0.09795169146688835,0.2029644284607728,26.842998890563166,0.24660966430902945
min,0.231,0.27899999999999997,0.0,-12.479000000000001,0.0,0.0311,0.000518,0.0,0.047,0.0564,74.967,3.0
max,0.9309999999999999,0.993,11.0,-2.7289999999999996,1.0,0.41200000000000003,0.778,0.7,0.488,0.79,199.95,5.0
