,danceability,energy,key,loudness,mode,speechiness,acousticness,instrumentalness,liveness,valence,tempo,time_signature
mean,0.67848,0.5990279999999999,5.62,-6.8439999999999985,0.56,0.09401,0.27282660000000003,0.015007963400000001,0.158106,0.5113340000000001,123.83554,3.92
std,0.1397527320750796,0.18957350202332537,3.9429089023517774,2.7571263433998427,0.5014265364224069,0.08186460013401423,0.24501879322015527,0.09896882355911699,0.09684237647658514,0.20252297991051962,25.977495357115927,0.44446711960297264
min,0.353,0.0674,0.0,-19.18,0.0,0.03,0.0001,0.0,0.0211,0.0827,76.92399999999999,1.0
max,0.935,0.9640000000000001,11.0,-3.01,1.0,0.335,0.9790000000000001,0.7,0.406,0.9129999999999999,191.97099999999998,4.0
