,danceability,energy,key,loudness,mode,speechiness,acousticness,instrumentalness,liveness,valence,tempo,time_signature
mean,0.68538,0.65712,5.24,-6.324939999999999,0.56,0.12505999999999998,0.14453397999999998,0.018426504,0.17521799999999998,0.479,117.00602000000005,3.98
std,0.11609635160995739,0.1487837274402695,3.59455370338664,2.488585701205586,0.5014265364224069,0.10635907798297123,0.16009107001526426,0.10802986618540963,0.13369581326920557,0.19410958402985898,27.06431373711176,0.24660966430902945
min,0.402,0.259,0.0,-16.509,0.0,0.0266,0.000436,0.0,0.0215,0.111,74.867,3.0
max,0.941,0.9420000000000001,11.0,-3.537,1.0,0.473,0.711,0.764,0.742,0.9259999999999999,181.993,5.0
