,danceability,energy,key,loudness,mode,speechiness,acousticness,instrumentalness,liveness,valence,tempo,time_signature
mean,0.6228096774193549,0.5612193548387097,4.419354838709677,-9.314645161290322,0.4838709677419355,0.08215483870967742,0.28567629032258063,0.27259361967741935,0.17438709677419356,0.4036129032258064,121.0061935483871,3.935483870967742
std,0.19179999018915286,0.22278778754583897,3.6585442783379207,4.90561655349177,0.5080005080007621,0.08508105092090983,0.3219631044271164,0.3444467573394162,0.13143454579355077,0.25490620594241514,31.39315278891174,0.3592106040535498
min,0.0641,0.0748,0.0,-26.436999999999998,0.0,0.024,0.000346,0.0,0.0732,0.0279,56.368,3.0
max,0.925,0.971,11.0,-2.9530000000000003,1.0,0.34299999999999997,0.9890000000000001,0.9520000000000001,0.637,0.892,192.968,5.0
