,danceability,energy,key,loudness,mode,speechiness,acousticness,instrumentalness,liveness,valence,tempo,time_signature
mean,0.6218199999999999,0.6099800000000001,6.04,-8.00526,0.38,0.074006,0.20628152,0.1286437268,0.17428200000000016,0.39666399999999996,114.58424,3.98
std,0.13528981589799832,0.19543102442069538,3.504865422901864,3.0070787153661547,0.4903143514780145,0.054863859001074614,0.24457790444616026,0.2636152931096646,0.144916541343982,0.21772425995150052,25.185060745560076,0.3187987657774485
min,0.322,0.23399999999999999,0.0,-17.468,0.0,0.0256,0.000886,0.0,0.0594,0.0399,70.429,3.0
max,0.818,0.976,11.0,-2.2640000000000002,1.0,0.27699999999999997,0.968,0.885,0.696,0.8490000000000001,180.06799999999998,5.0
