,danceability,energy,key,loudness,mode,speechiness,acousticness,instrumentalness,liveness,valence,tempo,time_signature
mean,0.70028,0.6385200000000002,4.76,-6.983959999999999,0.54,0.12467600000000008,0.21075160000000004,0.015949968800000002,0.16964600000000002,0.4553259999999999,117.19184,3.94
std,0.14809773937560042,0.18525748656000549,3.868026971604674,3.2197202753389265,0.5034574339058886,0.11540660250627266,0.23152250753511405,0.08241921748837634,0.11406291355642106,0.23643378398224582,25.442250127803444,0.23989793748209529
min,0.273,0.125,0.0,-17.832,0.0,0.0265,0.00128,0.0,0.0501,0.0528,67.03,3.0
max,0.9390000000000001,0.925,11.0,-1.865,1.0,0.489,0.841,0.57,0.593,0.9520000000000001,179.518,4.0
