,danceability,energy,key,loudness,mode,speechiness,acousticness,instrumentalness,liveness,valence,tempo,time_signature
mean,0.6618600000000001,0.6232799999999998,5.6,-6.8430599999999995,0.54,0.12052399999999996,0.2509377999999999,0.018183065800000002,0.16400800000000001,0.49161600000000005,117.53087999999997,3.98
std,0.136504617549169,0.18623542704253207,3.9538150008851565,2.8498788403175666,0.5034574339058886,0.11419152647358449,0.28070898309677317,0.06454251227689342,0.11323412595870846,0.22715819746940896,30.555711771497922,0.14142135623730942
min,0.35600000000000004,0.14300000000000002,0.0,-15.148,0.0,0.0251,0.000424,0.0,0.0369,0.0721,64.934,3.0
max,0.922,0.9279999999999999,11.0,-2.384,1.0,0.484,0.976,0.39799999999999996,0.529,0.963,197.74900000000002,4.0
