,danceability,energy,key,loudness,mode,speechiness,acousticness,instrumentalness,liveness,valence,tempo,time_signature
mean,0.6441199999999998,0.62556,5.4,-7.266420000000002,0.5,0.09678200000000002,0.2589822400000001,0.1204136848,0.14900200000000002,0.43117600000000017,116.98380000000002,3.94
std,0.153085762278028,0.19397066472925795,3.5167238928831908,2.889733079192539,0.5050762722761054,0.09012135965078491,0.27936538555685275,0.24664446945684357,0.0825221862313897,0.25177889357326916,23.731718274176817,0.4699109772399581
min,0.324,0.121,0.0,-15.133,0.0,0.025,0.000319,0.0,0.0545,0.0385,76.997,1.0
max,0.898,0.961,11.0,-2.7039999999999997,1.0,0.35600000000000004,0.915,0.9079999999999999,0.36200000000000004,0.9309999999999999,174.00599999999997,5.0
