,danceability,energy,key,loudness,mode,speechiness,acousticness,instrumentalness,liveness,valence,tempo,time_signature
mean,0.6638600000000001,0.5919099999999999,4.84,-8.0997,0.66,0.091372,0.23227730000000002,0.10292870799999998,0.13104000000000002,0.45137799999999983,114.1754,3.96
std,0.1428344281941543,0.20417203855212546,3.8298505325979524,4.005688374941673,0.4785181206984066,0.08785447391997236,0.24111747620578428,0.23582723757677734,0.09443400892060194,0.20639134542249132,25.099540524292713,0.1979486637221575
min,0.278,0.0165,0.0,-27.874000000000002,0.0,0.0263,0.000185,0.0,0.0513,0.0507,73.33,3.0
max,0.925,0.9990000000000001,11.0,-2.782,1.0,0.379,0.995,0.9670000000000001,0.647,0.91,177.833,4.0
