,danceability,energy,key,loudness,mode,speechiness,acousticness,instrumentalness,liveness,valence,tempo,time_signature
mean,0.6880000000000002,0.65626,5.4,-6.423999999999998,0.64,0.14397000000000001,0.21182495999999998,0.009092076000000003,0.17068000000000003,0.43893400000000005,124.05346000000002,3.96
std,0.1361825005989674,0.13744472877992725,3.499271061118826,2.320805103090436,0.4848732213850611,0.12684593941840935,0.2065459389862523,0.029331362384620217,0.11935163618997643,0.195752523490915,30.74291463497678,0.28284271247461873
min,0.423,0.37799999999999995,0.0,-14.957,0.0,0.0264,0.000718,0.0,0.0555,0.0577,75.235,3.0
max,0.9359999999999999,0.904,11.0,-2.7289999999999996,1.0,0.473,0.6970000000000001,0.139,0.59,0.8029999999999999,199.95,5.0
