,danceability,energy,key,loudness,mode,speechiness,acousticness,instrumentalness,liveness,valence,tempo,time_signature
mean,0.64248,0.62284,5.42,-6.907220000000001,0.6,0.09222600000000002,0.29178859999999995,0.0782994218,0.159592,0.45103000000000015,126.91872000000001,4.02
std,0.15206070753324213,0.18257728137276386,3.9748700402320947,2.9464206184481414,0.49487165930539356,0.08185817453849988,0.27967122956238955,0.202077306079094,0.14623067162004347,0.2521282215501486,31.285000550919296,0.2466096643090295
min,0.34700000000000003,0.242,0.0,-14.302999999999999,0.0,0.027000000000000003,0.00148,0.0,0.0371,0.0519,78.702,3.0
max,0.929,0.9840000000000001,11.0,-1.218,1.0,0.475,0.914,0.812,0.7829999999999999,0.9309999999999999,199.761,5.0
