,danceability,energy,key,loudness,mode,speechiness,acousticness,instrumentalness,liveness,valence,tempo,time_signature
mean,0.6136199999999999,0.65648,6.78,-6.36564,0.62,0.06619200000000001,0.21379848400000007,0.023548790400000002,0.195658,0.48872199999999993,117.18345999999994,3.94
std,0.14281683574224915,0.16913781845776854,3.278190142783805,2.416110483350276,0.4903143514780145,0.043380602455334295,0.24708700686999716,0.07406137588514722,0.14361405492300736,0.21389194228747888,26.434204280192336,0.23989793748209529
min,0.322,0.262,0.0,-13.411,0.0,0.0249,3.4200000000000005e-05,0.0,0.0418,0.0804,74.786,3.0
max,0.865,0.937,11.0,-2.498,1.0,0.23,0.843,0.349,0.632,0.853,189.743,4.0
