,danceability,energy,key,loudness,mode,speechiness,acousticness,instrumentalness,liveness,valence,tempo,time_signature
mean,0.65602,0.6409800000000001,4.84,-5.9924599999999995,0.64,0.13238999999999992,0.22387000000000015,0.0137122846,0.16231199999999998,0.426766,122.48065999999993,4.0
std,0.12755574851645,0.15681999169722707,3.5591789926949193,2.3452990515549375,0.4848732213850611,0.1415958912842157,0.23008762594334556,0.08820683852196098,0.10669956035332027,0.207112241688276,27.57156276918489,0.0
min,0.35100000000000003,0.28800000000000003,0.0,-13.411,0.0,0.0266,0.0108,0.0,0.057999999999999996,0.0793,72.98899999999999,4.0
max,0.877,0.9129999999999999,11.0,-1.881,1.0,0.6809999999999999,0.934,0.623,0.45399999999999996,0.841,175.985,4.0
