,danceability,energy,key,loudness,mode,speechiness,acousticness,instrumentalness,liveness,valence,tempo,time_signature
mean,0.7144799999999998,0.65638,5.14,-6.382559999999999,0.54,0.114748,0.172219308,0.045851816800000014,0.22761200000000006,0.526698,127.13148,4.0
std,0.1464782828508676,0.14428301129009877,3.6701220576933604,2.487136121759978,0.5034574339058886,0.13563077918092373,0.21148518541621528,0.11595152513458165,0.19222882796823376,0.22055987431802654,26.889406095580867,0.0
min,0.285,0.282,0.0,-14.825,0.0,0.0274,8.14e-05,0.0,0.0311,0.0379,79.77600000000001,4.0
max,0.9740000000000001,0.937,11.0,-2.133,1.0,0.84,0.7979999999999999,0.506,0.8170000000000001,0.9420000000000001,203.93200000000002,4.0
