,danceability,energy,key,loudness,mode,speechiness,acousticness,instrumentalness,liveness,valence,tempo,time_signature
mean,0.6786200000000002,0.62182,5.8,-6.57142,0.5,0.081412,0.20552499999999996,0.05229786819999999,0.14767000000000005,0.39175600000000005,120.38396,3.92
std,0.14217578800160577,0.15934799423057114,3.539860483818248,2.3855560862004825,0.5050762722761054,0.06347106568816877,0.18937623948809693,0.17364623257904338,0.09648986464697644,0.20061556408988324,23.212835965245347,0.27404751561786983
min,0.36700000000000005,0.217,0.0,-15.372,0.0,0.0275,0.00898,0.0,0.0422,0.0736,68.976,3.0
max,0.938,0.907,11.0,-3.09,1.0,0.341,0.8370000000000001,0.878,0.5379999999999999,0.799,180.06099999999998,4.0
