,danceability,energy,key,loudness,mode,speechiness,acousticness,instrumentalness,liveness,valence,tempo,time_signature
mean,0.608212,0.59364,5.76,-7.3566800000000026,0.52,0.08947999999999999,0.2872380600000001,0.0290445574,0.22506000000000004,0.44441200000000014,118.99238,3.96
std,0.19944300565856515,0.19636843339155372,3.7118673445684283,2.4789518064648837,0.5046720495044484,0.11866580237398312,0.2701095777454266,0.11685846480683099,0.21453062480585802,0.2148287620313406,25.68590299381657,0.28284271247461884
min,0.0986,0.10400000000000001,0.0,-15.359000000000002,0.0,0.0228,0.00042300000000000004,0.0,0.0403,0.0386,68.131,3.0
max,0.9740000000000001,0.975,11.0,-3.714,1.0,0.84,0.9790000000000001,0.7,0.975,0.927,180.08,5.0
