,danceability,energy,key,loudness,mode,speechiness,acousticness,instrumentalness,liveness,valence,tempo,time_signature
mean,0.7241599999999999,0.6079199999999999,5.1,-6.922340000000002,0.42,0.110556,0.20803901999999996,0.06085596499999999,0.14421199999999998,0.469702,122.45571999999997,3.96
std,0.13499922297584396,0.16014787044529588,3.5413015017830114,2.581930488085634,0.49856938190328975,0.10578085579660067,0.22446437788623994,0.17294461825487575,0.10026736836670082,0.23086375387457686,19.835499913487414,0.449943307086389
min,0.377,0.147,0.0,-14.087,0.0,0.0249,0.000741,0.0,0.0663,0.0851,84.055,1.0
max,0.935,0.847,11.0,-2.592,1.0,0.415,0.8909999999999999,0.747,0.5429999999999999,0.976,170.084,5.0
