,danceability,energy,key,loudness,mode,speechiness,acousticness,instrumentalness,liveness,valence,tempo,time_signature
mean,0.7269599999999999,0.5784199999999999,5.58,-7.762259999999999,0.44,0.129936,0.24057040000000002,0.03419064040000001,0.17638800000000004,0.4759620000000001,125.72710000000001,4.0
std,0.16113284670021283,0.146086791368162,3.276944819025608,3.208738997087263,0.5014265364224069,0.09948916823412671,0.2421019967881643,0.10807395829841895,0.16638083636706505,0.23468784903721435,26.821543366122988,0.0
min,0.278,0.263,0.0,-15.892000000000001,0.0,0.0261,0.00147,0.0,0.0471,0.0511,76.37899999999999,4.0
max,0.917,0.8959999999999999,11.0,-3.675,1.0,0.405,0.895,0.498,0.8109999999999999,0.882,188.071,4.0
