,danceability,energy,key,loudness,mode,speechiness,acousticness,instrumentalness,liveness,valence,tempo,time_signature
mean,0.6607380000000002,0.59416,4.78,-8.314520000000002,0.7,0.130678,0.2717970599999999,0.09705286639999999,0.170416,0.5058499999999999,121.8258999999999,3.98
std,0.1668312833312721,0.19412160716248703,3.8454319573716953,3.7858670224714355,0.4629100498862757,0.10379219877491087,0.3359018578101991,0.244662575647273,0.124077300395638,0.25510959009645967,31.2237440545767,0.14142135623730945
min,0.0929,0.128,0.0,-18.918,0.0,0.0289,0.000813,0.0,0.0519,0.039,70.124,3.0
max,0.922,0.88,11.0,-2.384,1.0,0.452,0.996,0.9670000000000001,0.5920000000000001,0.9490000000000001,199.75599999999997,4.0
