,danceability,energy,key,loudness,mode,speechiness,acousticness,instrumentalness,liveness,valence,tempo,time_signature
mean,0.6760999999999998,0.6794,5.84,-5.98272,0.54,0.09443600000000002,0.14680849020000003,0.0573907622,0.17184000000000002,0.4765300000000001,122.85514,3.96
std,0.16450063581540791,0.1583630548545245,3.727230191168662,1.8101105055904683,0.5034574339058886,0.09650211747703272,0.16397220728166012,0.16902380986638943,0.1129943957432746,0.2273464893603809,26.927163674465024,0.19794866372215744
min,0.258,0.318,0.0,-10.13,0.0,0.0247,4.51e-06,0.0,0.0717,0.0398,64.01899999999999,3.0
max,0.938,0.9740000000000001,11.0,-2.345,1.0,0.389,0.6990000000000001,0.9059999999999999,0.5770000000000001,0.87,180.043,4.0
