,danceability,energy,key,loudness,mode,speechiness,acousticness,instrumentalness,liveness,valence,tempo,time_signature
mean,0.6857800000000001,0.62722,5.92,-6.661080000000001,0.64,0.12469400000000003,0.2447274,0.037732198599999996,0.168946,0.41115399999999996,127.18909999999998,4.02
std,0.13502642069504134,0.15015275079541027,3.379650990313427,2.9551149143027744,0.4848732213850611,0.12312259596327024,0.2523504185413608,0.13367894672467287,0.1397901666711904,0.19835408785136477,28.62550049486703,0.14142135623730945
min,0.414,0.261,0.0,-15.932,0.0,0.0264,0.00175,0.0,0.0429,0.0564,81.031,4.0
max,0.9309999999999999,0.924,11.0,-2.371,1.0,0.473,0.941,0.777,0.9490000000000001,0.8540000000000001,219.97799999999998,5.0
