,danceability,energy,key,loudness,mode,speechiness,acousticness,instrumentalness,liveness,valence,tempo,time_signature
mean,0.6844199999999998,0.612194,5.18,-7.608120000000002,0.4,0.128552,0.205755668,0.039272999200000006,0.15887399999999996,0.45106400000000013,113.94661999999997,3.94
std,0.16599669163164985,0.18093976944648443,3.450465807063488,3.4108660917002007,0.4948716593053936,0.13589123387804658,0.23792136658795182,0.1318283828541542,0.09802170898659675,0.2169817793159187,24.737110342098223,0.2398979374820953
min,0.142,0.0107,0.0,-17.153,0.0,0.0292,5.539999999999999e-05,0.0,0.0657,0.0667,31.261999999999997,3.0
max,0.9179999999999999,0.895,11.0,-1.865,1.0,0.489,0.818,0.81,0.557,0.8640000000000001,169.03,4.0
