,danceability,energy,key,loudness,mode,speechiness,acousticness,instrumentalness,liveness,valence,tempo,time_signature
mean,0.66326,0.6101200000000002,6.0,-6.939659999999998,0.44,0.10600399999999997,0.21723588000000002,0.010050286399999999,0.15652600000000005,0.474846,113.47408,3.94
std,0.14822415595362068,0.15126657642340274,3.719776161797582,2.96393322936993,0.5014265364224069,0.11102938379233726,0.23896286573215528,0.035469849437866546,0.11698999051898695,0.21934825372508646,23.46166837834663,0.2398979374820953
min,0.28,0.235,0.0,-16.541,0.0,0.0282,0.0008039999999999999,0.0,0.0501,0.0681,67.109,3.0
max,0.919,0.889,11.0,-1.865,1.0,0.489,0.818,0.209,0.644,0.8440000000000001,170.04,4.0
