,danceability,energy,key,loudness,mode,speechiness,acousticness,instrumentalness,liveness,valence,tempo,time_signature
mean,0.6992800000000001,0.6063299999999999,5.9,-7.542299999999999,0.52,0.15042400000000003,0.25739880000000004,0.005630500799999999,0.144928,0.45061200000000007,125.09296000000002,3.94
std,0.1378967433869803,0.19149006501643892,3.7266278459273097,3.411051458277991,0.5046720495044484,0.16879856677987162,0.25604209348321094,0.03463738963708129,0.07295002773775194,0.19396640634871992,29.28775534696494,0.23989793748209526
min,0.36200000000000004,0.0215,0.0,-22.11,0.0,0.0292,0.00151,0.0,0.0425,0.0737,75.014,3.0
max,0.938,0.888,11.0,-2.6519999999999997,1.0,0.851,0.948,0.245,0.342,0.816,202.00599999999997,4.0
