,danceability,energy,key,loudness,mode,speechiness,acousticness,instrumentalness,liveness,valence,tempo,time_signature
mean,0.632872,0.58998,5.56,-7.067780000000003,0.6,0.09992000000000002,0.294941228,0.0585147022,0.2174220000000001,0.48159200000000013,122.91826000000005,3.98
std,0.19429950270399665,0.21529888953901902,3.6430532160117943,2.722917082910929,0.49487165930539356,0.12207154309114415,0.2843951351525909,0.16698388512146695,0.2264375638502786,0.23616839447084956,29.76005887557952,0.24660966430902945
min,0.0986,0.10400000000000001,0.0,-15.359000000000002,0.0,0.0228,8.14e-05,0.0,0.0403,0.0386,67.479,3.0
max,0.9329999999999999,0.981,11.0,-2.133,1.0,0.84,0.9790000000000001,0.8220000000000001,0.9790000000000001,0.927,203.93200000000002,5.0
