,danceability,energy,key,loudness,mode,speechiness,acousticness,instrumentalness,liveness,valence,tempo,time_signature
mean,0.65176,0.6056799999999999,5.5,-7.997019999999997,0.6,0.080254,0.27984464,0.0431471842,0.14810800000000005,0.46836999999999984,121.40232000000002,3.94
std,0.1447326261118221,0.19181096561618224,3.944771791852593,3.1199446979007797,0.4948716593053935,0.07368650697518565,0.29768517532279987,0.11505668782933,0.09241024291667223,0.26262046040720016,20.748242702514563,0.469910977239958
min,0.265,0.128,0.0,-15.395999999999999,0.0,0.026000000000000002,1.51e-05,0.0,0.0414,0.0621,76.403,1.0
max,0.924,0.924,11.0,-3.239,1.0,0.322,0.961,0.511,0.366,0.982,179.81799999999998,5.0
