,danceability,energy,key,loudness,mode,speechiness,acousticness,instrumentalness,liveness,valence,tempo,time_signature
mean,0.64062,0.65188,5.88,-6.5245,0.48,0.140206,0.18400075999999999,0.022031074000000005,0.19578199999999987,0.46601200000000015,122.99312000000005,4.0
std,0.1457684619175078,0.1593689904029037,3.6680640503610373,2.238427310977645,0.5046720495044485,0.122665206233912,0.19025477351490166,0.11731126290182117,0.13554989997662656,0.24038328377482354,34.37907416725399,0.20203050891044214
min,0.33299999999999996,0.304,0.0,-12.834000000000001,0.0,0.0251,0.0007379999999999999,0.0,0.0369,0.0675,71.91199999999999,3.0
max,0.922,0.925,11.0,-2.313,1.0,0.484,0.779,0.815,0.636,0.963,197.74900000000002,5.0
