,danceability,energy,key,loudness,mode,speechiness,acousticness,instrumentalness,liveness,valence,tempo,time_signature
mean,0.5934,0.571756,4.98,-8.26526,0.64,0.07208800000000001,0.28213410800000005,0.1498300494,0.160726,0.38933999999999996,118.77339999999998,3.98
std,0.1608287211632935,0.23671101916877121,3.6560824355463057,4.50043070415012,0.4848732213850611,0.0772749468073685,0.31459095418684785,0.3062675010289325,0.1340423201676186,0.22405463255051647,24.41961083194557,0.2466096643090295
min,0.231,0.0126,0.0,-24.789,0.0,0.027000000000000003,9.54e-05,0.0,0.0416,0.0394,81.01899999999999,3.0
max,0.927,0.961,11.0,-2.501,1.0,0.475,0.9790000000000001,0.915,0.647,0.9309999999999999,183.035,5.0
