,danceability,energy,key,loudness,mode,speechiness,acousticness,instrumentalness,liveness,valence,tempo,time_signature
mean,0.66618,0.66736,5.96,-6.715099999999998,0.54,0.09584799999999997,0.25221019999999994,0.054891507000000006,0.16972999999999996,0.48279799999999995,120.5451,4.02
std,0.13896008676697677,0.14451717785051557,3.8911726368533057,2.3015364898879436,0.5034574339058886,0.12567837188308761,0.2543764403518565,0.15465092318225615,0.10897971211680285,0.23475975430387624,24.14219207050983,0.14142135623730945
min,0.255,0.29600000000000004,0.0,-12.564,0.0,0.0261,0.00381,0.0,0.027999999999999997,0.0379,66.291,4.0
max,0.9420000000000001,0.997,11.0,-1.746,1.0,0.84,0.7909999999999999,0.9059999999999999,0.5429999999999999,0.966,172.065,5.0
