,danceability,energy,key,loudness,mode,speechiness,acousticness,instrumentalness,liveness,valence,tempo,time_signature
mean,0.7344399999999998,0.6630000000000001,5.22,-6.511040000000001,0.58,0.10687,0.19355447999999995,0.023767505800000005,0.17875600000000003,0.5049119999999999,116.87346000000001,4.0
std,0.10994045883930048,0.1429746659448478,3.7213668763737107,2.6420117177512092,0.49856938190328975,0.09883907813889674,0.19152370638646743,0.11715260196182507,0.1483456569733578,0.20627784773287247,24.337668727094545,0.0
min,0.434,0.354,0.0,-14.043,0.0,0.0275,6.4e-05,0.0,0.0523,0.0356,77.021,4.0
max,0.9640000000000001,0.973,11.0,-1.865,1.0,0.375,0.765,0.81,0.732,0.8740000000000001,188.115,4.0
