,danceability,energy,key,loudness,mode,speechiness,acousticness,instrumentalness,liveness,valence,tempo,time_signature
mean,0.66646,0.6541999999999999,5.32,-6.733820000000001,0.64,0.10809800000000001,0.1968542202,0.06224175719999999,0.181358,0.435274,121.84748000000005,3.94
std,0.15761244253172502,0.2061402336235393,3.7820197605760546,2.4607588400693783,0.4848732213850611,0.09418391363579612,0.2730765768145757,0.19530739642878064,0.12683781559655669,0.25621830042654914,30.66556980522592,0.23989793748209526
min,0.27699999999999997,0.11,0.0,-15.372,0.0,0.0263,4.01e-06,0.0,0.0424,0.0499,78.956,3.0
max,0.929,0.965,11.0,-3.2319999999999998,1.0,0.473,0.945,0.987,0.575,0.965,205.808,4.0
