,danceability,energy,key,loudness,mode,speechiness,acousticness,instrumentalness,liveness,valence,tempo,time_signature
mean,0.64286,0.62196,5.26,-7.058680000000002,0.64,0.08918199999999998,0.2781725662,0.021792376399999997,0.186676,0.468624,127.30264,3.96
std,0.16545435402341677,0.21058886921377085,3.624238132465405,3.3915824398841625,0.48487322138506106,0.07898198371160609,0.30851356159045384,0.10475961243697139,0.16853282313386136,0.24651494019384607,29.18810454638349,0.19794866372215747
min,0.31,0.095,0.0,-17.828,0.0,0.0283,4.51e-06,0.0,0.0168,0.0872,72.76,3.0
max,0.9570000000000001,0.9740000000000001,11.0,-2.6010000000000004,1.0,0.419,0.9179999999999999,0.563,0.919,0.9620000000000001,203.862,4.0
