,danceability,energy,key,loudness,mode,speechiness,acousticness,instrumentalness,liveness,valence,tempo,time_signature
mean,0.7170600000000001,0.6118399999999999,5.14,-7.451160000000001,0.58,0.122042,0.23043320000000014,0.0175924518,0.17436,0.4553400000000001,123.70554000000001,4.0
std,0.1445572282692843,0.18194452619478524,3.7417119294869967,2.5149133012199574,0.49856938190328975,0.0873473457653116,0.25603088193387286,0.09376643300930308,0.15579269323465117,0.22149138371779722,25.19323058592348,0.20203050891044214
min,0.319,0.174,0.0,-14.454,0.0,0.0265,0.00147,0.0,0.0471,0.107,75.801,3.0
max,0.907,0.925,11.0,-4.075,1.0,0.37799999999999995,0.97,0.657,0.8109999999999999,0.898,185.96900000000002,5.0
