,danceability,energy,key,loudness,mode,speechiness,acousticness,instrumentalness,liveness,valence,tempo,time_signature
mean,0.66928,0.6271799999999998,5.34,-6.4462600000000005,0.6,0.104592,0.16225390000000003,0.0377246416,0.188152,0.4729,119.67215999999996,3.94
std,0.14275268180761197,0.19114773536375962,3.690086000878238,2.7679695778822486,0.49487165930539356,0.09327070069514469,0.25519904385594744,0.1618382739079519,0.1361894991906348,0.22829941403555898,28.385299776511943,0.4242640687119285
min,0.265,0.19399999999999998,0.0,-16.879,0.0,0.0269,0.000725,0.0,0.0515,0.038,70.003,1.0
max,0.922,0.9570000000000001,11.0,-1.42,1.0,0.397,0.892,0.9059999999999999,0.6890000000000001,0.9359999999999999,176.045,4.0
