,danceability,energy,key,loudness,mode,speechiness,acousticness,instrumentalness,liveness,valence,tempo,time_signature
mean,0.6552399999999997,0.6690200000000002,5.36,-6.473340000000002,0.5,0.16363599999999998,0.22633627999999997,0.015869096799999996,0.24652199999999996,0.44431999999999994,113.70542000000003,3.86
std,0.12425953090370237,0.17999971541927617,3.8953661639209742,2.2626659335701276,0.5050762722761054,0.15323297023600027,0.24319528083264064,0.05411501073053147,0.21069625423091595,0.21990038932318834,29.916504698768346,0.3505098327538656
min,0.37799999999999995,0.299,0.0,-12.567,0.0,0.0247,0.000784,0.0,0.0168,0.10099999999999999,63.763999999999996,3.0
max,0.894,0.953,11.0,-2.6010000000000004,1.0,0.8690000000000001,0.835,0.293,0.919,0.909,170.03799999999998,4.0
