,danceability,energy,key,loudness,mode,speechiness,acousticness,instrumentalness,liveness,valence,tempo,time_signature
mean,0.6799600000000001,0.6422200000000001,5.82,-6.464280000000001,0.62,0.092794,0.20311846000000003,0.0229543134,0.15838399999999997,0.4948200000000002,121.13318000000002,4.0
std,0.13253108376250947,0.16902593569856525,3.5207258064327633,2.458320548667322,0.4903143514780145,0.07046918681094538,0.2570250331979684,0.10875659615761447,0.14083451768451002,0.22050542036005208,32.65423159045175,0.20203050891044214
min,0.284,0.172,0.0,-14.06,0.0,0.0282,0.000813,0.0,0.0215,0.1,76.593,3.0
max,0.9359999999999999,0.9420000000000001,11.0,-2.052,1.0,0.3,0.9209999999999999,0.755,0.649,0.9259999999999999,199.775,5.0
