,danceability,energy,key,loudness,mode,speechiness,acousticness,instrumentalness,liveness,valence,tempo,time_signature
mean,0.7234399999999996,0.6566199999999999,5.46,-6.3171599999999986,0.56,0.10514000000000003,0.2238618,0.04121716780000001,0.18691799999999997,0.4910120000000001,118.43994,4.0
std,0.110127043519227,0.16017119540271496,3.63211300732221,2.8067338223258287,0.5014265364224069,0.1016894933669378,0.22229502621497937,0.17101252142573875,0.13822809556700708,0.19858227888136015,21.060782338522284,0.0
min,0.433,0.09300000000000001,0.0,-15.232999999999999,0.0,0.0265,0.000143,0.0,0.0523,0.0356,78.616,4.0
max,0.978,0.922,11.0,-1.865,1.0,0.42,0.8690000000000001,0.91,0.5820000000000001,0.899,179.97400000000002,4.0
