,danceability,energy,key,loudness,mode,speechiness,acousticness,instrumentalness,liveness,valence,tempo,time_signature
mean,0.6830200000000001,0.6481800000000001,5.44,-6.528900000000001,0.54,0.078744,0.169571,0.04644767720000001,0.16347200000000003,0.405616,120.33826,4.0
std,0.14898753406282836,0.16104907225274345,3.682057987105603,2.116932910835766,0.5034574339058886,0.0644347135494842,0.1738500640095437,0.1699039052121491,0.11481573709955567,0.204682948812777,21.411114623503757,0.20203050891044214
min,0.258,0.19699999999999998,0.0,-12.46,0.0,0.0312,0.00179,0.0,0.0404,0.0387,77.538,3.0
max,0.929,0.924,11.0,-3.093,1.0,0.341,0.6579999999999999,0.8420000000000001,0.682,0.862,180.043,5.0
