,danceability,energy,key,loudness,mode,speechiness,acousticness,instrumentalness,liveness,valence,tempo,time_signature
mean,0.7061600000000001,0.64156,5.42,-6.50334,0.58,0.096378,0.2267734,0.048749421599999995,0.15585799999999997,0.4074900000000001,122.27246000000001,3.96
std,0.12614251092008788,0.1459071776500249,3.48811392811505,2.3530196457890846,0.49856938190328975,0.08800848588491397,0.19990399212570997,0.15951895549776793,0.1439932170879828,0.18808401536742744,23.627971594744242,0.1979486637221575
min,0.414,0.271,0.0,-14.957,0.0,0.0249,0.0011,0.0,0.0429,0.0775,88.335,3.0
max,0.946,0.9640000000000001,11.0,-2.371,1.0,0.41200000000000003,0.701,0.777,0.9490000000000001,0.8540000000000001,219.97799999999998,4.0
