,danceability,energy,key,loudness,mode,speechiness,acousticness,instrumentalness,liveness,valence,tempo,time_signature
mean,0.7056399999999999,0.62296,5.7,-6.998239999999999,0.5,0.10605199999999997,0.21749606000000005,0.1045567642,0.18506000000000003,0.5018000000000001,120.82750000000001,3.84
std,0.12081690650715728,0.1624460927853437,3.7484690752576935,2.591766236939353,0.5050762722761054,0.10353217825726393,0.23870950779474323,0.23534899285613128,0.14268759653200985,0.2055407005725064,20.508743261679133,0.6180945043652558
min,0.41700000000000004,0.306,0.0,-14.193,0.0,0.0249,0.000292,0.0,0.0701,0.11800000000000001,80.002,1.0
max,0.932,0.9329999999999999,11.0,-2.665,1.0,0.415,0.877,0.81,0.7170000000000001,0.898,175.041,4.0
