,danceability,energy,key,loudness,mode,speechiness,acousticness,instrumentalness,liveness,valence,tempo,time_signature
mean,0.6358199999999999,0.6294200000000001,5.2,-6.63802,0.38,0.08139999999999997,0.24584246799999995,0.015100447799999996,0.16325000000000006,0.460762,117.31509999999997,3.94
std,0.13636246565978605,0.147399511255524,3.8119040183218096,2.550707284784568,0.4903143514780145,0.08482065834236759,0.25205996898513644,0.059328354100106256,0.13549343270477152,0.19439905191042847,25.615637058011167,0.2398979374820953
min,0.354,0.32899999999999996,0.0,-14.040999999999999,0.0,0.0275,5.539999999999999e-05,0.0,0.0566,0.0681,71.028,3.0
max,0.919,0.917,11.0,-2.415,1.0,0.375,0.818,0.349,0.647,0.836,188.115,4.0
