,danceability,energy,key,loudness,mode,speechiness,acousticness,instrumentalness,liveness,valence,tempo,time_signature
mean,0.71238,0.60372,5.66,-7.632859999999999,0.48,0.131506,0.21798883999999993,0.05485129200000001,0.18985200000000002,0.4852220000000001,123.0802,4.0
std,0.14829877316569068,0.16638706288013366,3.390322361411332,3.1578082492741184,0.5046720495044485,0.10662068453836042,0.23785540654264242,0.18603203960744316,0.1743844992175249,0.22965731995336722,25.548922778521547,0.20203050891044214
min,0.278,0.225,0.0,-15.892000000000001,0.0,0.0254,0.000272,0.0,0.0471,0.0511,75.801,3.0
max,0.915,0.9420000000000001,11.0,-2.2030000000000003,1.0,0.405,0.902,0.848,0.8109999999999999,0.9440000000000001,188.071,5.0
