,danceability,energy,key,loudness,mode,speechiness,acousticness,instrumentalness,liveness,valence,tempo,time_signature
mean,0.7441200000000002,0.6502140000000002,5.5,-6.9075999999999995,0.52,0.12014200000000001,0.18855033999999993,0.023083436599999996,0.182962,0.47709399999999996,114.91838,4.0
std,0.14498721125868802,0.17107118700847843,3.4478623960420487,2.8514338605733935,0.5046720495044485,0.10170025402813779,0.2086316652419204,0.0902168421360013,0.14633299164883481,0.20201336832911201,25.73664679163047,0.20203050891044214
min,0.142,0.0107,0.0,-17.153,0.0,0.0278,6.4e-05,0.0,0.0643,0.0667,31.261999999999997,3.0
max,0.978,0.902,11.0,-1.865,1.0,0.375,0.8909999999999999,0.57,0.6940000000000001,0.855,188.115,5.0
