,danceability,energy,key,loudness,mode,speechiness,acousticness,instrumentalness,liveness,valence,tempo,time_signature
mean,0.6643800000000002,0.6115,5.02,-6.722139999999999,0.72,0.06989000000000001,0.27871686000000007,0.015001438599999998,0.16007399999999997,0.44264000000000014,111.44383999999998,3.9
std,0.13495515354882806,0.1673345969814335,3.40162026219319,2.3741651165005697,0.4535573676110727,0.0607042386645013,0.24419799329166053,0.06615726341628589,0.09961930968052572,0.23483817789260408,26.04925849417458,0.5050762722761055
min,0.361,0.13699999999999998,0.0,-16.526,0.0,0.0232,0.000513,0.0,0.0661,0.106,67.998,1.0
max,0.9359999999999999,0.938,11.0,-2.582,1.0,0.35,0.94,0.431,0.43,0.963,177.956,5.0
