,danceability,energy,key,loudness,mode,speechiness,acousticness,instrumentalness,liveness,valence,tempo,time_signature
mean,0.6255999999999999,0.54342,5.0,-7.952119999999997,0.78,0.074022,0.37657599999999997,0.026860806799999994,0.161662,0.5068800000000001,122.61422000000006,3.88
std,0.17480006071077261,0.18697779962075822,3.557114170853924,2.593263019315037,0.41845195759648024,0.06599124645105034,0.25865423659032233,0.12205017956782692,0.11096731250642221,0.2145194572784026,33.01885857326422,0.328260722659316
min,0.24,0.157,0.0,-14.117,0.0,0.025,0.022000000000000002,0.0,0.0502,0.115,64.003,3.0
max,0.909,0.902,11.0,-4.079,1.0,0.375,0.938,0.795,0.623,0.9690000000000001,199.662,4.0
