,danceability,energy,key,loudness,mode,speechiness,acousticness,instrumentalness,liveness,valence,tempo,time_signature
mean,0.6616600000000001,0.4766620000000002,4.42,-8.101980000000001,0.82,0.069552,0.47989799999999994,0.008239989599999999,0.14919600000000002,0.49743400000000015,115.48369999999997,3.94
std,0.1382850664093442,0.19964367737117475,3.790912872668437,3.095452579682206,0.3880879344916035,0.061128790905358346,0.26659754541332176,0.043262546620026356,0.1160829189213733,0.22864864196725374,32.67658539866623,0.23989793748209529
min,0.337,0.0821,0.0,-17.194000000000003,0.0,0.0263,0.0861,0.0,0.0622,0.0747,64.002,3.0
max,0.9470000000000001,0.9079999999999999,11.0,-1.2109999999999999,1.0,0.336,0.971,0.299,0.625,0.938,200.28799999999998,4.0
