,danceability,energy,key,loudness,mode,speechiness,acousticness,instrumentalness,liveness,valence,tempo,time_signature
mean,0.62174,0.65172,5.42,-6.520819999999998,0.66,0.08303199999999998,0.267991,0.0040188431999999994,0.178864,0.4657,112.86044000000004,3.96
std,0.1290144446904125,0.17713237757020445,3.48811392811505,2.401480357136882,0.47851812069840666,0.08278099565006648,0.24676543366947004,0.023970614603429606,0.15447431826708813,0.21538558210704778,29.901009013184332,0.2828427124746189
min,0.368,0.225,0.0,-11.777000000000001,0.0,0.0232,0.00257,0.0,0.0537,0.145,67.081,3.0
max,0.915,0.932,11.0,-2.14,1.0,0.42700000000000005,0.8009999999999999,0.16899999999999998,0.919,0.912,186.15400000000002,5.0
