,danceability,energy,key,loudness,mode,speechiness,acousticness,instrumentalness,liveness,valence,tempo,time_signature
mean,0.61006,0.6274999999999998,6.24,-6.263479999999999,0.6,0.08716000000000003,0.29066358000000003,0.023466994399999996,0.184848,0.4443680000000002,118.13043999999996,3.94
std,0.1593188831576855,0.16823771447398048,3.804186737621311,1.7113290960835208,0.4948716593053935,0.09588516516103618,0.25396742237893344,0.11486693559239232,0.14047935898928646,0.20893605060117398,26.576427054555747,0.42426406871192907
min,0.268,0.221,0.0,-10.109,0.0,0.0252,0.000109,0.0,0.049,0.0394,73.07600000000001,1.0
max,0.925,0.995,11.0,-2.522,1.0,0.46299999999999997,0.934,0.779,0.696,0.92,179.925,4.0
