,danceability,energy,key,loudness,mode,speechiness,acousticness,instrumentalness,liveness,valence,tempo,time_signature
mean,0.57788,0.57128,5.48,-7.02258,0.72,0.05811,0.316536,0.020270927000000005,0.14711799999999994,0.412276,125.89454000000002,3.94
std,0.13958490065116613,0.15745787126876123,3.170270058669759,2.5959949065230994,0.4535573676110727,0.04191148714973069,0.24598961381758064,0.08066399071419274,0.08147475053972368,0.19447404376409513,31.951951243288242,0.23989793748209529
min,0.183,0.19699999999999998,0.0,-14.083,0.0,0.0232,0.0068,0.0,0.0531,0.0504,75.961,3.0
max,0.855,0.852,11.0,-2.8489999999999998,1.0,0.268,0.9440000000000001,0.39899999999999997,0.4,0.792,180.043,4.0
