,danceability,energy,key,loudness,mode,speechiness,acousticness,instrumentalness,liveness,valence,tempo,time_signature
mean,0.6720999999999999,0.5600600000000002,5.6,-7.93828,0.88,0.07514400000000002,0.36713959999999995,6.63458e-05,0.173166,0.5328200000000001,124.70535999999998,3.96
std,0.11072069105894992,0.18816562504607368,3.282607226593159,3.447796320988293,0.3282607226593161,0.06669473607720601,0.27268004387260786,0.00020434013824583398,0.12493979221029233,0.19141723740434194,29.76679209904479,0.19794866372215744
min,0.37200000000000005,0.17800000000000002,0.0,-21.055,0.0,0.0252,0.00838,0.0,0.0372,0.14300000000000002,79.01899999999999,3.0
max,0.91,0.882,11.0,-2.877,1.0,0.392,0.9109999999999999,0.00117,0.623,0.843,180.055,4.0
