,danceability,energy,key,loudness,mode,speechiness,acousticness,instrumentalness,liveness,valence,tempo,time_signature
mean,0.64036,0.52778,6.44,-8.167519999999998,0.76,0.08346999999999997,0.4301340000000001,0.003960748199999999,0.20048000000000005,0.5072200000000001,125.2326,3.94
std,0.14028902527370024,0.17073948289838575,3.5002040756830985,3.3171577103149676,0.43141911058690013,0.1354124436599502,0.30168252782671784,0.018862383145721393,0.17080480923306246,0.20017077300981514,32.184302829364576,0.46991097723995817
min,0.264,0.127,0.0,-18.782,0.0,0.0256,0.0128,0.0,0.0409,0.122,75.635,1.0
max,0.9359999999999999,0.8490000000000001,11.0,-3.425,1.0,0.889,0.963,0.122,0.857,0.961,199.99,5.0
