,danceability,energy,key,loudness,mode,speechiness,acousticness,instrumentalness,liveness,valence,tempo,time_signature
mean,0.65578,0.5610600000000001,5.68,-7.722580000000001,0.8,0.06599599999999999,0.3747212,0.0002914328,0.18249799999999994,0.5285600000000003,123.49929999999996,3.96
std,0.12293059100192119,0.19388723947865433,3.4548989175679568,3.49667915979299,0.4040610178208843,0.05825567138896942,0.2832263633932753,0.0014628115298274359,0.12937822813087876,0.18073829992899815,28.446825391008584,0.19794866372215744
min,0.35700000000000004,0.10300000000000001,0.0,-21.055,0.0,0.0252,0.00236,0.0,0.0372,0.14300000000000002,79.01899999999999,3.0
max,0.8640000000000001,0.85,11.0,-2.635,1.0,0.392,0.977,0.0103,0.623,0.945,180.055,4.0
