,danceability,energy,key,loudness,mode,speechiness,acousticness,instrumentalness,liveness,valence,tempo,time_signature
mean,0.6538600000000001,0.5400600000000002,5.4,-7.507019999999999,0.74,0.07052800000000002,0.39522845999999995,0.0057165344,0.15658000000000005,0.5221600000000001,115.5168,3.9
std,0.15206886329447417,0.1819707769766052,3.5913728828504383,2.407147948193005,0.443087497693452,0.06309318356403407,0.2721084766446009,0.0285816908985519,0.11487322204437875,0.20954551013163356,30.601541123656784,0.46291004988627565
min,0.28800000000000003,0.17800000000000002,0.0,-12.135,0.0,0.0252,0.000223,0.0,0.0426,0.19699999999999998,52.571999999999996,1.0
max,0.92,0.888,11.0,-3.275,1.0,0.33799999999999997,0.8170000000000001,0.17800000000000002,0.623,0.951,190.763,4.0
