,danceability,energy,key,loudness,mode,speechiness,acousticness,instrumentalness,liveness,valence,tempo,time_signature
mean,0.68774,0.5492000000000002,4.62,-7.537319999999999,0.72,0.091968,0.3717211999999999,0.0038498396,0.16869000000000003,0.5177400000000001,115.31045999999998,3.96
std,0.13335785981902307,0.19314095518928287,3.4575560555905698,2.6836893691714923,0.4535573676110726,0.08862964317303547,0.2847914862480038,0.019430951699014872,0.13286225374194044,0.21632579455015322,24.033008205306444,0.1979486637221575
min,0.326,0.158,0.0,-14.019,0.0,0.0252,0.00116,0.0,0.0619,0.07400000000000001,64.003,3.0
max,0.91,0.853,11.0,-2.537,1.0,0.455,0.953,0.132,0.752,0.9520000000000001,169.957,4.0
