,danceability,energy,key,loudness,mode,speechiness,acousticness,instrumentalness,liveness,valence,tempo,time_signature
mean,0.6689200000000001,0.5960599999999998,5.6,-6.723019999999999,0.56,0.078756,0.34329460000000006,0.0055314553999999995,0.157038,0.4729480000000001,119.18803999999999,3.92
std,0.13840591588158513,0.17060258270169829,3.469987943283177,2.163697322093054,0.5014265364224069,0.06705039274565765,0.25529041934436236,0.018883864763717846,0.11919114795579581,0.23383824100241182,31.695020884288912,0.2740475156178697
min,0.37799999999999995,0.175,0.0,-12.603,0.0,0.0256,0.00172,0.0,0.0542,0.0794,74.818,3.0
max,0.9129999999999999,0.935,11.0,-3.387,1.0,0.293,0.919,0.109,0.625,0.9670000000000001,200.28799999999998,4.0
