,danceability,energy,key,loudness,mode,speechiness,acousticness,instrumentalness,liveness,valence,tempo,time_signature
mean,0.654,0.6246,5.98,-6.754039999999999,0.74,0.09234399999999997,0.3389420000000001,0.019650156600000003,0.17367199999999997,0.45960800000000007,120.04313999999997,3.98
std,0.140781782216598,0.16296738123605836,3.841183916131981,2.4403888111093597,0.44308749769345196,0.07877422700868811,0.26127499886643013,0.1267382973665308,0.10480532592791811,0.21324195689308387,30.32949738375875,0.24660966430902945
min,0.126,0.301,0.0,-15.503,0.0,0.0257,0.00175,0.0,0.0429,0.0454,74.268,3.0
max,0.898,0.951,11.0,-3.478,1.0,0.342,0.873,0.897,0.514,0.905,199.97,5.0
