,danceability,energy,key,loudness,mode,speechiness,acousticness,instrumentalness,liveness,valence,tempo,time_signature
mean,0.63076,0.5349799999999999,5.28,-7.43448,0.82,0.06248999999999999,0.38125400000000004,0.0223438526,0.16308000000000003,0.5089999999999999,114.07964,3.9
std,0.14800104246737106,0.16748846929546754,3.5516021104595046,2.0647602938405236,0.3880879344916035,0.05677146541806267,0.24891615850174395,0.11623129384494493,0.14108934642087398,0.22400637746023472,30.68451680874448,0.46291004988627565
min,0.302,0.17800000000000002,0.0,-11.991,0.0,0.0244,0.0119,0.0,0.0614,0.105,73.012,1.0
max,0.9329999999999999,0.879,11.0,-4.007,1.0,0.275,0.8170000000000001,0.795,0.738,0.963,199.662,4.0
