,danceability,energy,key,loudness,mode,speechiness,acousticness,instrumentalness,liveness,valence,tempo,time_signature
mean,0.62316,0.5614060000000002,5.48,-7.38404,0.68,0.08964,0.35721800000000004,0.0029278059999999994,0.17326000000000005,0.46906000000000003,115.62775999999998,3.98
std,0.15266080314319888,0.18364814673717786,3.412103307285967,2.9419195660420807,0.471212071499161,0.10823377570833252,0.29623518106740937,0.01141593891475744,0.1447152122379027,0.16932716912557663,29.905592124359806,0.3187987657774485
min,0.308,0.0573,0.0,-18.463,0.0,0.0253,0.00122,0.0,0.0528,0.114,74.94,3.0
max,0.884,0.892,11.0,-3.0989999999999998,1.0,0.53,0.92,0.055999999999999994,0.912,0.8240000000000001,183.81799999999998,5.0
