,danceability,energy,key,loudness,mode,speechiness,acousticness,instrumentalness,liveness,valence,tempo,time_signature
mean,0.6303400000000002,0.6072200000000001,5.68,-6.556040000000003,0.62,0.07547799999999999,0.2537559600000001,0.0011524253999999998,0.17059800000000003,0.4503740000000001,123.47354,3.98
std,0.13294230910820076,0.1641371116736597,3.23526486945199,2.314834396686215,0.4903143514780145,0.06314032732488704,0.21036251538266226,0.005578264631654564,0.13968854348010018,0.1918253827663831,30.25083302965661,0.14142135623730945
min,0.255,0.27399999999999997,0.0,-15.075,0.0,0.0232,0.00044800000000000005,0.0,0.0353,0.0967,75.016,3.0
max,0.8640000000000001,0.927,11.0,-3.531,1.0,0.27,0.7909999999999999,0.0361,0.792,0.78,180.043,4.0
