,danceability,energy,key,loudness,mode,speechiness,acousticness,instrumentalness,liveness,valence,tempo,time_signature
mean,0.66416,0.6122800000000003,6.22,-6.5628199999999985,0.6,0.08943000000000001,0.267309,0.005573782800000001,0.14092599999999997,0.47545399999999993,121.41551999999997,3.98
std,0.128000216836551,0.15712169208116675,3.1705919102313525,2.3697717335177226,0.49487165930539356,0.07412857349337883,0.22772098311758804,0.036644345406741545,0.08820358595607211,0.2397493412218823,29.03081966774663,0.2466096643090295
min,0.258,0.27399999999999997,0.0,-15.075,0.0,0.0253,0.0011300000000000001,0.0,0.0353,0.0967,67.998,3.0
max,0.858,0.9109999999999999,11.0,-2.7089999999999996,1.0,0.371,0.919,0.259,0.39399999999999996,0.982,180.043,5.0
