,danceability,energy,key,loudness,mode,speechiness,acousticness,instrumentalness,liveness,valence,tempo,time_signature
mean,0.6528999999999999,0.5375800000000001,5.2,-7.413959999999998,0.72,0.074048,0.3967152,0.0037416602,0.15704600000000002,0.49028800000000017,118.65845999999998,3.94
std,0.1527197312940624,0.1770534440241599,3.5742845723419436,2.9198951194471747,0.45355736761107274,0.07097314306647758,0.2775893638293508,0.019712474537846303,0.11419147044525249,0.19508569507908516,29.884499944743045,0.2398979374820953
min,0.337,0.155,0.0,-15.359000000000002,0.0,0.0261,0.00527,0.0,0.0622,0.0398,75.208,3.0
max,0.9470000000000001,0.794,11.0,-4.016,1.0,0.336,0.919,0.132,0.625,0.856,199.967,4.0
