,danceability,energy,key,loudness,mode,speechiness,acousticness,instrumentalness,liveness,valence,tempo,time_signature
mean,0.7108,0.5523799999999999,4.52,-7.333939999999999,0.68,0.088752,0.32043400000000005,0.007174735200000001,0.1656,0.5180799999999999,120.45590000000004,3.96
std,0.11510172962760076,0.20052165540338596,3.6435013436001813,2.7633855559838927,0.4712120714991611,0.0895745049369176,0.2550877880260049,0.029715980185942438,0.1322906170026385,0.23590899663615533,27.878201055517135,0.19794866372215753
min,0.426,0.17800000000000002,0.0,-14.505,0.0,0.0278,0.006490000000000001,0.0,0.0212,0.13699999999999998,72.822,3.0
max,0.905,0.9,11.0,-2.188,1.0,0.455,0.919,0.162,0.662,0.968,202.00599999999997,4.0
