,danceability,energy,key,loudness,mode,speechiness,acousticness,instrumentalness,liveness,valence,tempo,time_signature
mean,0.60846,0.5292859999999999,6.04,-7.977339999999998,0.66,0.08179800000000002,0.4096004000000001,0.0042580328,0.167026,0.4286800000000001,118.18642,4.0
std,0.16268590119915,0.18390507756748328,3.2322355945653953,3.312805005503613,0.47851812069840666,0.10326684769398677,0.3229459916049653,0.01921999451739246,0.1431938201408518,0.18450268954402693,28.366776452205276,0.2857142857142857
min,0.228,0.0573,0.0,-18.463,0.0,0.0253,0.00122,0.0,0.0528,0.114,74.94,3.0
max,0.884,0.892,11.0,-3.0989999999999998,1.0,0.53,0.9259999999999999,0.122,0.912,0.9079999999999999,180.37,5.0
