,danceability,energy,key,loudness,mode,speechiness,acousticness,instrumentalness,liveness,valence,tempo,time_signature
mean,0.6223,0.55314,5.32,-7.72606,0.66,0.06308199999999999,0.4568755999999998,0.028772301999999996,0.188816,0.49996000000000007,125.09368,3.96
std,0.14081153274892666,0.19742154318687138,3.610867949252475,3.4971769921886824,0.47851812069840666,0.06888800342822059,0.29509104311582157,0.13505471555096255,0.13801004453240617,0.19256665530328423,33.55672224722109,0.28284271247461895
min,0.35700000000000004,0.10300000000000001,0.0,-17.774,0.0,0.027000000000000003,0.00458,0.0,0.0441,0.149,74.748,3.0
max,0.914,0.89,11.0,-2.7889999999999997,1.0,0.461,0.977,0.9009999999999999,0.66,0.892,190.097,5.0
