,danceability,energy,key,loudness,mode,speechiness,acousticness,instrumentalness,liveness,valence,tempo,time_signature
mean,0.65666,0.5772000000000002,5.04,-6.924359999999998,0.78,0.08081600000000001,0.3516620000000001,0.0100829648,0.17261800000000008,0.5293840000000002,118.14359999999999,4.0
std,0.15176090351844476,0.16562140254083055,3.8701368430164673,2.4892495448079393,0.41845195759648024,0.08263692992697091,0.2320482742615318,0.05003132044715542,0.12932744186911052,0.23302607575907347,34.804590637279034,0.0
min,0.337,0.175,0.0,-15.359000000000002,0.0,0.0261,0.0183,0.0,0.0622,0.0747,64.002,4.0
max,0.9470000000000001,0.9129999999999999,11.0,-1.2109999999999999,1.0,0.469,0.887,0.331,0.625,0.927,203.75599999999997,4.0
