,danceability,energy,key,loudness,mode,speechiness,acousticness,instrumentalness,liveness,valence,tempo,time_signature
mean,0.611,0.553682,4.44,-7.175180000000001,0.68,0.07420200000000002,0.33598968000000007,0.04946341419999999,0.140226,0.4236980000000001,117.29884,3.94
std,0.12959261127841812,0.19663629296293217,3.065009904435174,2.929066318394143,0.471212071499161,0.07855219372350787,0.2712617376048183,0.1678424164966403,0.07895361802982812,0.21402782814486573,32.33989328315284,0.23989793748209526
min,0.263,0.0556,0.0,-17.105,0.0,0.0232,0.000384,0.0,0.0531,0.0979,66.72399999999999,3.0
max,0.895,0.938,10.0,-2.8489999999999998,1.0,0.35600000000000004,0.945,0.866,0.4,0.963,180.00900000000001,4.0
