,danceability,energy,key,loudness,mode,speechiness,acousticness,instrumentalness,liveness,valence,tempo,time_signature
mean,0.6275599999999999,0.5597599999999998,5.68,-8.174260000000002,0.7,0.06974,0.38880696000000015,0.0205631838,0.20672599999999997,0.5238799999999998,121.14427999999994,3.92
std,0.1337916686951953,0.1870257605305772,3.23526486945199,3.26453912620612,0.46291004988627565,0.06576532800303621,0.29851978545448926,0.11541559876158054,0.15026278995445935,0.19597788713244654,30.258503784340345,0.44446711960297197
min,0.368,0.218,0.0,-15.177,0.0,0.024,0.0005480000000000001,0.0,0.0424,0.159,74.748,1.0
max,0.88,0.91,11.0,-2.563,1.0,0.40299999999999997,0.898,0.7879999999999999,0.6509999999999999,0.884,179.96599999999998,4.0
