,danceability,energy,key,loudness,mode,speechiness,acousticness,instrumentalness,liveness,valence,tempo,time_signature
mean,0.6369,0.5872599999999999,5.14,-7.5319400000000005,0.7,0.06853400000000001,0.3631871999999998,0.008471041000000002,0.18116799999999997,0.52032,123.97863999999998,3.98
std,0.1250637796469939,0.19212589516209605,3.6422128281738675,3.11077694481751,0.46291004988627565,0.05945972950369906,0.2845662386434369,0.047609336390532095,0.11139670320846254,0.2153896743967424,30.758409709003796,0.1414213562373094
min,0.35700000000000004,0.10300000000000001,0.0,-17.774,0.0,0.0255,0.00458,0.0,0.0498,0.138,75.023,3.0
max,0.8640000000000001,0.914,11.0,-2.9730000000000003,1.0,0.295,0.977,0.33,0.623,0.902,179.97400000000002,4.0
