,danceability,energy,key,loudness,mode,speechiness,acousticness,instrumentalness,liveness,valence,tempo,time_signature
mean,0.65498,0.57645,5.44,-7.271540000000003,0.74,0.06437000000000002,0.36390400000000006,0.020982685999999993,0.16820199999999996,0.4957599999999999,122.22440000000002,3.98
std,0.13827988328910673,0.1714201858068087,3.913138518021625,2.860092236346263,0.4430874976934521,0.05488333545079127,0.2667059100069833,0.1199626913947947,0.10972139577035975,0.20062449033567406,27.85213803100148,0.2466096643090295
min,0.29,0.0935,0.0,-18.021,0.0,0.0252,0.0085,0.0,0.0679,0.1,63.43899999999999,3.0
max,0.9009999999999999,0.898,11.0,-2.7489999999999997,1.0,0.33,0.9520000000000001,0.841,0.625,0.9670000000000001,179.972,5.0
