,danceability,energy,key,loudness,mode,speechiness,acousticness,instrumentalness,liveness,valence,tempo,time_signature
mean,0.6536799999999999,0.5800320000000001,5.54,-6.97946,0.88,0.08349000000000001,0.3755369999999999,0.02930552339999999,0.13695400000000005,0.4332000000000001,121.15932000000001,3.94
std,0.14454297291950294,0.17101844445222025,3.913399273975378,2.6581523367380817,0.32826072265931605,0.09914687363210403,0.25906920452194365,0.1327481074093608,0.07122368675589631,0.20938218157040886,31.484068439897715,0.3136356914300022
min,0.266,0.0596,0.0,-18.515,0.0,0.0252,0.00175,0.0,0.0429,0.14300000000000002,74.268,3.0
max,0.91,0.84,11.0,-2.371,1.0,0.563,0.905,0.765,0.34700000000000003,0.9259999999999999,186.31099999999998,5.0
