,danceability,energy,key,loudness,mode,speechiness,acousticness,instrumentalness,liveness,valence,tempo,time_signature
mean,0.65358,0.57968,6.12,-6.546520000000003,0.76,0.08849599999999999,0.3206575400000001,0.0020157569999999995,0.15801400000000002,0.48816000000000004,125.23702000000004,4.02
std,0.15684713603261186,0.13448851555551694,3.378443066120903,1.975523131337363,0.43141911058689997,0.1139308776479522,0.2655897615906225,0.0065813332447681745,0.10613786761970084,0.19961170060997968,34.80580195856983,0.14142135623730945
min,0.218,0.221,0.0,-12.39,0.0,0.0253,0.000837,0.0,0.0488,0.10099999999999999,66.278,4.0
max,0.909,0.94,11.0,-2.32,1.0,0.7170000000000001,0.8809999999999999,0.0384,0.499,0.941,201.859,5.0
