,danceability,energy,key,loudness,mode,speechiness,acousticness,instrumentalness,liveness,valence,tempo,time_signature
mean,0.7159200000000001,0.6582600000000001,5.58,-6.829420000000002,0.58,0.14748599999999998,0.228342678,0.11241256680000002,0.1366,0.4892039999999999,126.70050000000005,3.9
std,0.13969965450704505,0.17454182704370638,3.511439032879918,2.636179773761993,0.49856938190328975,0.13104619065701334,0.23650905478557005,0.2844431841215823,0.12772325312078103,0.24832657312991893,32.43309722241734,0.4629100498862757
min,0.294,0.225,0.0,-14.905999999999999,0.0,0.0279,1.39e-05,0.0,0.057,0.0375,74.986,1.0
max,0.9490000000000001,0.991,11.0,-2.097,1.0,0.474,0.884,0.929,0.884,0.961,192.09099999999998,4.0
