,danceability,energy,key,loudness,mode,speechiness,acousticness,instrumentalness,liveness,valence,tempo,time_signature
mean,0.7478199999999998,0.6867,5.44,-6.5658400000000015,0.44,0.13960600000000004,0.20251430599999995,0.09166496599999997,0.18030000000000002,0.5141140000000001,123.03342000000002,3.86
std,0.10492129022680356,0.1779766379991188,3.7316079589345486,3.2482333745453396,0.5014265364224069,0.1562503020862386,0.2250885921811308,0.2433289517294415,0.16217781246873095,0.20950166528976252,27.831209461417703,0.4952838806674208
min,0.46399999999999997,0.113,0.0,-25.144000000000002,0.0,0.0288,1.39e-05,0.0,0.0533,0.069,46.66,1.0
max,0.9390000000000001,0.991,11.0,-2.705,1.0,0.953,0.987,0.9279999999999999,0.884,0.884,180.03,4.0
