,danceability,energy,key,loudness,mode,speechiness,acousticness,instrumentalness,liveness,valence,tempo,time_signature
mean,0.70818,0.6089199999999999,5.08,-7.4212,0.6,0.12531799999999998,0.2519873820000001,0.05426150539999999,0.19917200000000002,0.382084,127.02064000000004,3.94
std,0.15130651280208174,0.19062259326014977,3.385684146942409,3.068968423375103,0.49487165930539356,0.09446742379880842,0.2694252332869375,0.1802738347212941,0.1558173826985308,0.20580670975357399,26.079334329147066,0.2398979374820953
min,0.29600000000000004,0.217,0.0,-15.372,0.0,0.0312,7.01e-05,0.0,0.0294,0.0872,79.943,3.0
max,0.9359999999999999,0.986,11.0,-2.536,1.0,0.36700000000000005,0.9229999999999999,0.9179999999999999,0.769,0.8390000000000001,179.921,4.0
