,danceability,energy,key,loudness,mode,speechiness,acousticness,instrumentalness,liveness,valence,tempo,time_signature
mean,0.6198799999999999,0.712638,5.04,-6.512359999999998,0.66,0.10056,0.19380720000000004,0.091566435,0.19706800000000002,0.4483100000000001,130.01645999999997,3.94
std,0.1490636954664765,0.21730035912890486,4.040408142648918,3.5340944212003147,0.4785181206984066,0.09966271486716524,0.25717884736263885,0.22071611377690126,0.1567397172228598,0.24294504144613716,27.49640120363807,0.23989793748209529
min,0.21,0.0959,0.0,-17.767,0.0,0.027000000000000003,0.00367,0.0,0.0483,0.0786,80.984,3.0
max,0.868,0.977,11.0,-2.7960000000000003,1.0,0.532,0.9690000000000001,0.8640000000000001,0.7390000000000001,0.943,175.91400000000002,4.0
