,danceability,energy,key,loudness,mode,speechiness,acousticness,instrumentalness,liveness,valence,tempo,time_signature
mean,0.73028,0.6368999999999999,5.62,-7.256619999999999,0.48,0.16419399999999995,0.20023310600000002,0.08651569199999999,0.17427400000000007,0.504826,117.56834000000002,4.0
std,0.14067548993832493,0.18155993556972205,3.6415403782644806,3.6696457032453336,0.5046720495044485,0.125509728722843,0.2181853347881917,0.2491460909014355,0.12877419219513744,0.22028909837126412,25.328880420007128,0.2857142857142857
min,0.376,0.131,0.0,-21.958000000000002,0.0,0.0328,6.43e-05,0.0,0.052000000000000005,0.0454,46.66,3.0
max,0.941,0.94,11.0,-2.546,1.0,0.46399999999999997,0.975,0.91,0.79,0.898,174.049,5.0
