,danceability,energy,key,loudness,mode,speechiness,acousticness,instrumentalness,liveness,valence,tempo,time_signature
mean,0.7100000000000002,0.6932199999999998,6.74,-6.118179999999999,0.58,0.14239600000000002,0.24338599999999996,0.0568148012,0.14878400000000006,0.5427420000000001,129.40414,3.96
std,0.11004804145722641,0.1560479112716505,3.789405208833531,1.9747096163688453,0.49856938190328975,0.11980637262870862,0.19755912912857462,0.20451472686874814,0.10941520313718299,0.21667301998115757,26.443707238021755,0.1979486637221575
min,0.42,0.382,0.0,-12.89,0.0,0.0308,0.0001,0.0,0.0271,0.0781,87.538,3.0
max,0.9059999999999999,0.98,11.0,-2.533,1.0,0.54,0.7509999999999999,0.945,0.7040000000000001,0.9159999999999999,194.011,4.0
