,danceability,energy,key,loudness,mode,speechiness,acousticness,instrumentalness,liveness,valence,tempo,time_signature
mean,0.6571799999999999,0.6511419999999998,4.42,-7.764999999999998,0.62,0.10812,0.235907258,0.1289351372,0.15453399999999995,0.4296800000000002,129.97593999999998,3.9
std,0.15538860962116882,0.22865311941088082,3.6032298436434007,4.294768944392036,0.4903143514780145,0.09823323141942364,0.29232934270149374,0.27070031758547447,0.12435055551602033,0.23461313706106196,25.695348485121517,0.3030457633656632
min,0.341,0.017,0.0,-27.471,0.0,0.0295,1.05e-05,0.0,0.0308,0.10099999999999999,76.018,3.0
max,0.912,0.955,11.0,-3.1830000000000003,1.0,0.445,0.993,0.937,0.853,0.9309999999999999,206.782,4.0
