,danceability,energy,key,loudness,mode,speechiness,acousticness,instrumentalness,liveness,valence,tempo,time_signature
mean,0.7171600000000001,0.6633400000000002,5.5,-6.587699999999999,0.48,0.13175800000000001,0.19874774599999995,0.09836907480000001,0.166214,0.5152840000000001,119.42162,4.02
std,0.12928016720538796,0.17362892757198015,3.882193783343198,2.93502165795298,0.5046720495044485,0.11075949508290658,0.21119981460220794,0.259867568844268,0.16315877331668097,0.2236799785407715,25.12251840350178,0.14142135623730945
min,0.455,0.207,0.0,-16.541,0.0,0.0295,1.39e-05,0.0,0.0335,0.0887,75.445,4.0
max,0.927,0.958,11.0,-1.838,1.0,0.426,0.877,0.9470000000000001,0.884,0.9209999999999999,178.643,5.0
