,danceability,energy,key,loudness,mode,speechiness,acousticness,instrumentalness,liveness,valence,tempo,time_signature
mean,0.6432400000000001,0.56292,5.54,-7.69722,0.56,0.11412599999999998,0.318178,0.036137960999999996,0.17392200000000002,0.464294,120.81167999999998,3.92
std,0.19412267949386425,0.1939491664938869,3.3086775211216204,2.8069392822584733,0.5014265364224069,0.10011430571183752,0.2925174198824642,0.15597880715547108,0.12902944971547212,0.22053465497489946,24.720143449851264,0.488228785446716
min,0.228,0.162,0.0,-17.142,0.0,0.0277,0.0125,0.0,0.0606,0.0897,46.66,1.0
max,0.941,0.894,11.0,-3.803,1.0,0.47,0.9259999999999999,0.873,0.71,0.898,169.72799999999998,5.0
