,danceability,energy,key,loudness,mode,speechiness,acousticness,instrumentalness,liveness,valence,tempo,time_signature
mean,0.67672,0.638718,5.3,-7.29144,0.56,0.09783599999999999,0.24461180000000002,0.1042847802,0.148818,0.4836779999999999,122.19858,4.0
std,0.1462572572767671,0.2031156116850797,3.72662784592731,3.7922604758553566,0.5014265364224069,0.07915980932420758,0.2682154771720921,0.275117210998058,0.0940365098224718,0.2206158007644483,24.32082942504307,0.20203050891044214
min,0.272,0.0909,0.0,-19.649,0.0,0.0271,0.00198,0.0,0.0515,0.0705,75.003,3.0
max,0.9109999999999999,0.961,11.0,-2.988,1.0,0.336,0.993,0.9109999999999999,0.397,0.877,177.91299999999998,5.0
