,danceability,energy,key,loudness,mode,speechiness,acousticness,instrumentalness,liveness,valence,tempo,time_signature
mean,0.7281799999999999,0.64882,5.66,-6.664980000000002,0.46,0.143566,0.22339715999999993,0.055903439600000014,0.16896799999999998,0.48733400000000004,124.01540000000001,3.92
std,0.1590318527971099,0.16789728273864474,3.809815465025966,2.490881038213309,0.5034574339058886,0.12289911842728606,0.23696475773451622,0.1943055218199193,0.10768183944815755,0.2003956144475121,30.78881517495519,0.48822878544671544
min,0.24600000000000002,0.218,0.0,-15.57,0.0,0.0334,0.0005480000000000001,0.0,0.0606,0.0897,46.66,1.0
max,0.9279999999999999,0.922,11.0,-2.454,1.0,0.621,0.838,0.915,0.521,0.898,180.05900000000003,5.0
