,danceability,energy,key,loudness,mode,speechiness,acousticness,instrumentalness,liveness,valence,tempo,time_signature
mean,0.6872999999999999,0.6944399999999997,4.76,-6.223939999999999,0.58,0.13557199999999997,0.2065015200000001,0.0108526192,0.22174599999999994,0.4478260000000001,119.03200000000001,3.94
std,0.1398479130180719,0.17733965565938078,3.5083573689935625,2.3585095640411278,0.49856938190328975,0.11973511417853552,0.22980542672676602,0.04397910161756116,0.19533833778386483,0.22843282298375278,26.995636553687255,0.23989793748209529
min,0.242,0.127,0.0,-14.761,0.0,0.0305,0.000146,0.0,0.047,0.0393,68.848,3.0
max,0.8859999999999999,0.983,11.0,-2.867,1.0,0.499,0.9209999999999999,0.282,0.9520000000000001,0.85,181.995,4.0
