,danceability,energy,key,loudness,mode,speechiness,acousticness,instrumentalness,liveness,valence,tempo,time_signature
mean,0.6769800000000002,0.690388,5.28,-6.213459999999997,0.64,0.114156,0.2513311,0.0991338402,0.149206,0.451066,125.39478,3.9
std,0.1291144864538635,0.21669781615542558,3.5227540246754874,3.8054951363864897,0.48487322138506106,0.0997382148119644,0.27871468762819746,0.25597267308823457,0.09220176059676333,0.23250888296394798,28.502501954117818,0.46291004988627565
min,0.353,0.0674,0.0,-21.543000000000003,0.0,0.0273,0.000197,0.0,0.0271,0.0441,76.986,1.0
max,0.9009999999999999,0.988,11.0,-2.481,1.0,0.54,0.961,0.945,0.41,0.9329999999999999,195.083,4.0
