,danceability,energy,key,loudness,mode,speechiness,acousticness,instrumentalness,liveness,valence,tempo,time_signature
mean,0.6948600000000001,0.67706,5.76,-6.487339999999998,0.54,0.158286,0.21771962000000006,0.06131344340000001,0.14809000000000003,0.48291800000000007,125.59188000000002,3.92
std,0.1414676728054137,0.18117444632177018,3.804186737621311,2.5402379657931937,0.5034574339058886,0.1678387199738159,0.2285450460851802,0.20315866637973257,0.10446621414581454,0.256260727154265,30.705832324833935,0.5283783431116262
min,0.294,0.225,0.0,-14.905999999999999,0.0,0.0287,0.000831,0.0,0.0518,0.0375,74.986,1.0
max,0.9159999999999999,0.991,11.0,-2.097,1.0,0.856,0.825,0.929,0.507,0.961,196.043,5.0
