,danceability,energy,key,loudness,mode,speechiness,acousticness,instrumentalness,liveness,valence,tempo,time_signature
mean,0.7300399999999999,0.69564,5.78,-6.093539999999999,0.5,0.118234,0.2095846,0.017274275000000002,0.16046999999999997,0.50266,126.94964000000002,3.96
std,0.11557115663044112,0.15448819517678233,3.950148537635991,2.44381781619979,0.5050762722761054,0.08185222027083508,0.20619666734781852,0.11236527227565565,0.11693956445401137,0.22125685599892855,27.669055702347197,0.1979486637221575
min,0.42,0.258,0.0,-13.35,0.0,0.0318,0.00121,0.0,0.0211,0.13699999999999998,73.027,3.0
max,0.9359999999999999,0.98,11.0,-2.75,1.0,0.32899999999999996,0.802,0.795,0.7040000000000001,0.902,202.00599999999997,4.0
