,danceability,energy,key,loudness,mode,speechiness,acousticness,instrumentalness,liveness,valence,tempo,time_signature
mean,0.6818,0.7142999999999999,5.42,-6.074080000000001,0.44,0.11467600000000001,0.19675987999999997,0.0826164112,0.17575200000000002,0.49442000000000014,124.84405999999998,4.02
std,0.12091116658142718,0.13601684319470536,4.030951677776779,1.8759940694393011,0.5014265364224069,0.09464268260900348,0.2152155963441805,0.23255740544280132,0.12139202179345249,0.22798129622530755,27.900466441430467,0.14142135623730942
min,0.36200000000000004,0.406,0.0,-11.833,0.0,0.0305,0.000146,0.0,0.0525,0.0326,54.924,4.0
max,0.884,0.94,11.0,-2.867,1.0,0.358,0.852,0.855,0.505,0.927,193.97099999999998,5.0
