,danceability,energy,key,loudness,mode,speechiness,acousticness,instrumentalness,liveness,valence,tempo,time_signature
mean,0.7172200000000001,0.6754400000000002,5.06,-6.5100999999999996,0.46,0.16324200000000005,0.17775141800000005,0.054335516,0.1773379999999999,0.511254,132.99382000000003,3.88
std,0.1410496062687572,0.1603757272081752,3.4131199444353024,1.6703267705476563,0.5034574339058886,0.12189595444560121,0.17238943168112217,0.17992819717029246,0.15150213831588555,0.20841378896957144,29.385707432244498,0.4797958749641905
min,0.405,0.391,0.0,-12.872,0.0,0.0288,1.39e-05,0.0,0.0522,0.069,74.986,1.0
max,0.9490000000000001,0.991,11.0,-3.072,1.0,0.474,0.688,0.9279999999999999,0.884,0.884,190.178,4.0
