,danceability,energy,key,loudness,mode,speechiness,acousticness,instrumentalness,liveness,valence,tempo,time_signature
mean,0.6553999999999999,0.6802720000000001,5.38,-7.31006,0.44,0.123456,0.283676654,0.0951905224,0.17352999999999993,0.4371680000000001,115.47130000000003,4.06
std,0.14964624953536254,0.2260730088322111,3.6527317147022775,3.4532054875410574,0.5014265364224069,0.11095846282942723,0.2782920257956417,0.22651657738522227,0.11508611726770133,0.22385732923686286,21.652485573725897,0.23989793748209526
min,0.201,0.0786,0.0,-17.673,0.0,0.026000000000000002,3.54e-05,0.0,0.025,0.0395,73.89,4.0
max,0.9179999999999999,0.9940000000000001,11.0,-1.99,1.0,0.475,0.8959999999999999,0.872,0.486,0.91,170.968,5.0
