,danceability,energy,key,loudness,mode,speechiness,acousticness,instrumentalness,liveness,valence,tempo,time_signature
mean,0.6137399999999998,0.6487600000000002,5.74,-6.947239999999999,0.58,0.132428,0.22355383399999998,0.0122033316,0.22518399999999997,0.404892,117.15600000000008,4.0
std,0.15110785579059963,0.18035651315307327,4.024465993223479,2.6519687454679355,0.49856938190328975,0.10267017538840434,0.2735655103755198,0.046232059084282864,0.17699952422396564,0.19306489956721282,29.833943891521436,0.20203050891044214
min,0.23199999999999998,0.262,0.0,-13.020999999999999,0.0,0.03,3.4200000000000005e-05,0.0,0.052000000000000005,0.0804,74.786,3.0
max,0.865,0.9620000000000001,11.0,-2.614,1.0,0.40299999999999997,0.894,0.23600000000000002,0.8909999999999999,0.887,185.923,5.0
