,danceability,energy,key,loudness,mode,speechiness,acousticness,instrumentalness,liveness,valence,tempo,time_signature
mean,0.66282,0.6542000000000001,4.72,-7.142319999999999,0.54,0.13287,0.201563366,0.10841122260000001,0.17424800000000004,0.46734000000000003,123.76677999999997,4.0
std,0.1695135525254424,0.17043641462014925,3.6758450368172326,2.2560954209809987,0.5034574339058886,0.10098681516284537,0.24828547627322936,0.26903707985578523,0.17714013274402673,0.2239542956288453,28.92276220986805,0.20203050891044214
min,0.22,0.322,0.0,-13.97,0.0,0.0283,3.929999999999999e-05,0.0,0.0285,0.0763,74.973,3.0
max,0.968,0.9840000000000001,11.0,-2.322,1.0,0.491,0.9490000000000001,0.941,0.976,0.96,180.043,5.0
