,danceability,energy,key,loudness,mode,speechiness,acousticness,instrumentalness,liveness,valence,tempo,time_signature
mean,0.6627399999999999,0.7012999999999999,4.64,-6.633939999999999,0.56,0.17855800000000002,0.19129763299999994,0.057313977399999994,0.16182000000000002,0.472202,121.63760000000003,3.94
std,0.14405282619474663,0.16411534644504,3.7945180651749135,2.5860519701361184,0.5014265364224069,0.1814103006435738,0.2394874811810024,0.1883210317104169,0.10100349761573725,0.2536094848625439,27.03582701542831,0.2398979374820953
min,0.319,0.299,0.0,-13.99,0.0,0.0263,7.85e-06,0.0,0.0363,0.0361,80.684,3.0
max,0.91,0.946,11.0,-1.7519999999999998,1.0,0.9329999999999999,0.922,0.94,0.5529999999999999,0.966,182.389,4.0
