,danceability,energy,key,loudness,mode,speechiness,acousticness,instrumentalness,liveness,valence,tempo,time_signature
mean,0.6449199999999999,0.6224599999999999,5.28,-6.8437600000000005,0.44,0.104992,0.209536488,0.028529577000000007,0.17406000000000005,0.49444199999999994,116.94070000000004,3.94
std,0.14934808539865815,0.14738097376721132,3.7744576580278255,2.519154227683796,0.5014265364224069,0.10502587793841428,0.23625015728496884,0.11454328264252461,0.13790977381710737,0.19013445520773675,24.54954581835996,0.2398979374820953
min,0.2,0.31,0.0,-13.229000000000001,0.0,0.0295,5.539999999999999e-05,0.0,0.0566,0.0351,71.028,3.0
max,0.9279999999999999,0.917,11.0,-1.865,1.0,0.43200000000000005,0.877,0.7290000000000001,0.647,0.843,176.03599999999997,4.0
