,danceability,energy,key,loudness,mode,speechiness,acousticness,instrumentalness,liveness,valence,tempo,time_signature
mean,0.6303200000000002,0.6593779999999999,4.5,-7.31214,0.56,0.10274999999999997,0.29026656399999995,0.11755213180000001,0.19321199999999997,0.4463800000000001,123.25227999999996,3.96
std,0.12937407241114773,0.2574987800961791,3.388154635894692,3.9743058950396537,0.5014265364224069,0.09358157905686093,0.3272034510626389,0.28468304787410437,0.16374535686204222,0.21078123778951874,28.13639010542926,0.2828427124746189
min,0.32899999999999996,0.0809,0.0,-19.346,0.0,0.0289,3.02e-05,0.0,0.0513,0.125,57.86,3.0
max,0.86,0.978,11.0,-2.061,1.0,0.42100000000000004,0.977,0.937,0.7609999999999999,0.9309999999999999,195.062,5.0
