,danceability,energy,key,loudness,mode,speechiness,acousticness,instrumentalness,liveness,valence,tempo,time_signature
mean,0.6227999999999999,0.6458780000000001,5.08,-7.233859999999998,0.62,0.10358800000000003,0.26783068000000004,0.1201530694,0.21408599999999997,0.42918800000000007,115.34811999999994,3.96
std,0.14101020371242787,0.22625009937082044,3.4690468019739535,3.6391498447089115,0.49031435147801444,0.10845036227487218,0.2992425104408743,0.2655055982275479,0.18198451493891185,0.24371531538888164,25.045915056266445,0.19794866372215747
min,0.309,0.0809,0.0,-19.346,0.0,0.0266,4e-05,0.0,0.0604,0.0634,57.86,3.0
max,0.885,0.98,11.0,-2.605,1.0,0.457,0.977,0.903,0.741,0.9309999999999999,177.833,4.0
