,danceability,energy,key,loudness,mode,speechiness,acousticness,instrumentalness,liveness,valence,tempo,time_signature
mean,0.6726000000000001,0.66136,4.8,-6.26296,0.46,0.134236,0.21141170799999998,0.046944627600000004,0.20116000000000006,0.44907600000000003,113.15446,4.0
std,0.15138031576133007,0.15919590805940065,3.5913728828504388,2.2560098328053195,0.5034574339058886,0.12197645600855996,0.2111521081982688,0.15990779392770682,0.1657709939916498,0.24411848207334877,26.48557675739452,0.0
min,0.18899999999999997,0.29600000000000004,0.0,-12.962,0.0,0.0321,3.64e-05,0.0,0.0466,0.0394,75.028,4.0
max,0.897,0.995,11.0,-1.808,1.0,0.46299999999999997,0.934,0.857,0.753,0.9490000000000001,198.468,4.0
