,danceability,energy,key,loudness,mode,speechiness,acousticness,instrumentalness,liveness,valence,tempo,time_signature
mean,0.7038000000000001,0.6857599999999999,6.26,-6.2295799999999995,0.54,0.15189199999999997,0.17024202000000002,0.02604462820000001,0.159862,0.44429999999999986,124.48924,4.0
std,0.11261529239687056,0.17199804934821739,3.427440289600318,3.0110687918045964,0.5034574339058886,0.12940697366314174,0.18667083804829465,0.13136521412709642,0.12401922314788172,0.18892339987520912,26.837569750342336,0.2857142857142857
min,0.42700000000000005,0.14,0.0,-18.629,0.0,0.0287,0.000118,0.0,0.045,0.113,74.986,3.0
max,0.9309999999999999,0.991,11.0,-2.097,1.0,0.474,0.833,0.89,0.65,0.95,192.09099999999998,5.0
