,danceability,energy,key,loudness,mode,speechiness,acousticness,instrumentalness,liveness,valence,tempo,time_signature
mean,0.68474,0.69796,4.6,-5.9661399999999984,0.5,0.12871,0.19185236000000006,0.010062260600000001,0.21223599999999995,0.4881360000000001,121.70740000000002,3.98
std,0.14247660889294303,0.1428617084984708,3.2071349029490928,2.208532655453408,0.5050762722761054,0.09911522309403129,0.20921026867945317,0.034244497038307974,0.20457086967202182,0.22501864390783813,26.688467959791474,0.24660966430902945
min,0.255,0.4,0.0,-12.5,0.0,0.0313,0.000132,0.0,0.0534,0.0778,77.501,3.0
max,0.915,0.963,11.0,0.175,1.0,0.43700000000000006,0.9740000000000001,0.21100000000000002,0.94,0.94,187.16299999999998,5.0
