,danceability,energy,key,loudness,mode,speechiness,acousticness,instrumentalness,liveness,valence,tempo,time_signature
mean,0.74204,0.6638600000000001,5.96,-6.367499999999998,0.38,0.16268600000000005,0.20814046000000008,0.0313203326,0.18495799999999996,0.50241,114.89596000000002,4.02
std,0.11481075111429491,0.12002788961618162,3.4342809603009643,2.133728788017897,0.4903143514780145,0.12728287957401443,0.19793245955754293,0.13994022279376034,0.14762045802859247,0.20824592628987137,29.486546083200977,0.14142135623730945
min,0.395,0.402,0.0,-10.668,0.0,0.0295,0.000573,0.0,0.0466,0.0628,73.51,4.0
max,0.966,0.8859999999999999,11.0,-2.6519999999999997,1.0,0.489,0.753,0.94,0.637,0.9520000000000001,202.00599999999997,5.0
