,danceability,energy,key,loudness,mode,speechiness,acousticness,instrumentalness,liveness,valence,tempo,time_signature
mean,0.6714000000000003,0.6669800000000001,5.84,-6.34806,0.5,0.14318399999999998,0.20822184,0.0406848468,0.16780600000000007,0.46656400000000015,113.41368,4.0
std,0.14045639892863548,0.15826837063310267,3.732701598640025,2.3576755537466756,0.5050762722761054,0.1281348004474752,0.2284618293744422,0.1393490276815027,0.11979149302016401,0.21313919449170166,30.117966891731395,0.2857142857142857
min,0.331,0.304,0.0,-12.604000000000001,0.0,0.028999999999999998,0.00043200000000000004,0.0,0.043,0.0374,64.934,3.0
max,0.9209999999999999,0.966,11.0,-1.825,1.0,0.64,0.883,0.7390000000000001,0.682,0.9059999999999999,200.19799999999998,5.0
