,danceability,energy,key,loudness,mode,speechiness,acousticness,instrumentalness,liveness,valence,tempo,time_signature
mean,0.6789999999999999,0.6171679999999998,5.82,-7.745819999999998,0.48,0.10252,0.279462252,0.1763203468,0.19432999999999997,0.501182,118.57348000000002,3.98
std,0.1474598527168168,0.2419339060021753,3.6849943925967366,4.776565402940844,0.5046720495044484,0.07459343408211788,0.3281623160834243,0.338570780840884,0.16272809956413523,0.2378106670081415,26.791541389210813,0.2466096643090295
min,0.184,0.0898,0.0,-20.539,0.0,0.0265,5.3200000000000006e-05,0.0,0.062,0.0331,64.808,3.0
max,0.872,0.9690000000000001,11.0,-2.6860000000000004,1.0,0.363,0.996,0.9470000000000001,0.764,0.9490000000000001,176.791,5.0
