,danceability,energy,key,loudness,mode,speechiness,acousticness,instrumentalness,liveness,valence,tempo,time_signature
mean,0.67466,0.6736199999999997,6.02,-5.83316,0.44,0.13916199999999995,0.2024602800000001,0.006064279399999999,0.16218400000000002,0.48578600000000016,127.33740000000003,3.98
std,0.1283786825078408,0.13733467092010923,3.359360969358456,1.9006704333804247,0.5014265364224069,0.10785599789363898,0.20572828331951215,0.04055093916893308,0.09818296614391077,0.1979678328952067,30.989322189346154,0.24660966430902947
min,0.39399999999999996,0.387,0.0,-9.856,0.0,0.0319,0.000204,0.0,0.0457,0.0732,75.023,3.0
max,0.9209999999999999,0.9540000000000001,11.0,-2.313,1.0,0.419,0.863,0.287,0.45799999999999996,0.778,189.99200000000002,5.0
