,danceability,energy,key,loudness,mode,speechiness,acousticness,instrumentalness,liveness,valence,tempo,time_signature
mean,0.7155199999999999,0.6675,5.96,-6.726119999999998,0.44,0.12262,0.19610101799999996,0.07897802259999998,0.191272,0.5051819999999999,127.89882000000001,3.82
std,0.1278751368024484,0.16436647083482045,3.5568846722136738,2.686324882262237,0.5014265364224069,0.10305617053682077,0.21772209536191672,0.2182820407279307,0.1845062059019331,0.21664382477293206,27.590923858673204,0.6605501726683942
min,0.40700000000000003,0.127,0.0,-19.875999999999998,0.0,0.0288,1.39e-05,0.0,0.0699,0.069,74.986,1.0
max,0.9279999999999999,0.991,11.0,-2.705,1.0,0.505,0.993,0.941,0.884,0.884,180.03,5.0
