,danceability,energy,key,loudness,mode,speechiness,acousticness,instrumentalness,liveness,valence,tempo,time_signature
mean,0.65514,0.6659999999999999,5.52,-6.66514,0.62,0.134994,0.20804919999999993,0.008775605,0.16921200000000003,0.4988520000000001,120.29178000000002,4.0
std,0.1265601429989646,0.13806919294620476,3.802469659340371,2.03474353806918,0.4903143514780145,0.1300427565637313,0.24440627455154104,0.04414474191512859,0.11952288593078939,0.22320847785815645,27.461801870434876,0.4948716593053935
min,0.319,0.39399999999999996,0.0,-10.763,0.0,0.0282,0.0011,0.0,0.0503,0.0767,77.176,1.0
max,0.884,0.912,11.0,-3.0610000000000004,1.0,0.48700000000000004,0.932,0.304,0.5579999999999999,0.8959999999999999,184.852,5.0
