,danceability,energy,key,loudness,mode,speechiness,acousticness,instrumentalness,liveness,valence,tempo,time_signature
mean,0.6652199999999999,0.631224,5.76,-7.163719999999999,0.54,0.12039800000000002,0.28200497599999996,0.08358211900000001,0.17455599999999996,0.44998400000000005,117.45892000000002,4.0
std,0.18412354880484405,0.20741225984664907,4.0383872311321785,4.240301534522453,0.5034574339058886,0.1312943468170753,0.2997049853891565,0.21566754605060998,0.12427844175766883,0.22674562062688086,23.179157963822515,0.20203050891044214
min,0.142,0.0547,0.0,-29.369,0.0,0.0272,4.5799999999999995e-05,0.0,0.0449,0.0376,67.751,3.0
max,0.9470000000000001,0.995,11.0,-2.2230000000000003,1.0,0.84,0.924,0.92,0.6409999999999999,0.8270000000000001,172.065,5.0
