,danceability,energy,key,loudness,mode,speechiness,acousticness,instrumentalness,liveness,valence,tempo,time_signature
mean,0.7359200000000001,0.679438,4.52,-6.1116399999999995,0.56,0.13903000000000001,0.16903768000000002,0.05079917440000001,0.20931999999999998,0.42605599999999993,123.99660000000002,3.98
std,0.14683043670457818,0.17914670865078194,3.4240446306456147,3.9479601282026073,0.5014265364224069,0.10688729950709004,0.20277490111697144,0.19357516738127484,0.16200820211032652,0.24844738625869162,23.7512285980824,0.14142135623730948
min,0.193,0.0329,0.0,-28.228,0.0,0.0342,0.000704,0.0,0.0418,0.0366,82.03399999999999,3.0
max,0.909,0.983,11.0,-0.777,1.0,0.473,0.972,0.929,0.785,0.8270000000000001,171.956,4.0
