,danceability,energy,key,loudness,mode,speechiness,acousticness,instrumentalness,liveness,valence,tempo,time_signature
mean,0.7336999999999998,0.66448,5.76,-6.44236,0.4,0.13759800000000003,0.215823038,0.065108619,0.17778000000000002,0.515334,129.11750000000006,3.96
std,0.12936710145464148,0.17091568992115527,3.7063651812986342,2.530255377608823,0.49487165930539356,0.12274425626031532,0.23499936286582054,0.19882914166638588,0.1639034048531298,0.19875444352368116,32.30504064810181,0.49321932861805895
min,0.359,0.218,0.0,-15.57,0.0,0.036000000000000004,1.39e-05,0.0,0.03,0.0887,46.66,1.0
max,0.9279999999999999,0.991,11.0,-2.454,1.0,0.521,0.838,0.9279999999999999,0.884,0.898,192.035,5.0
