,danceability,energy,key,loudness,mode,speechiness,acousticness,instrumentalness,liveness,valence,tempo,time_signature
mean,0.7101999999999998,0.6637000000000002,4.92,-6.436619999999998,0.46,0.14657200000000006,0.20274520199999999,0.0216327594,0.193382,0.48574399999999995,114.20004,4.0
std,0.13314929475546447,0.15153086167779925,3.601813602130154,2.5540373791872577,0.5034574339058886,0.129764708638995,0.19898459138015367,0.08116394586759991,0.153556566310734,0.2416423534980605,25.668287708297147,0.0
min,0.331,0.257,0.0,-16.359,0.0,0.0287,1.89e-05,0.0,0.0379,0.0778,73.013,4.0
max,0.9309999999999999,0.9540000000000001,11.0,-1.337,1.0,0.46299999999999997,0.7559999999999999,0.508,0.753,0.902,182.96400000000003,4.0
