,danceability,energy,key,loudness,mode,speechiness,acousticness,instrumentalness,liveness,valence,tempo,time_signature
mean,0.6704600000000001,0.66728,5.6,-6.5420799999999995,0.44,0.14460200000000004,0.18341191799999998,0.05789504220000001,0.17097400000000001,0.4315439999999999,116.29576000000002,3.98
std,0.11637311738103263,0.12838399671393974,3.226168511610348,2.0530896064821182,0.5014265364224069,0.10955826981891546,0.1879496350500376,0.20799012813405732,0.1000043729860176,0.21950907764223995,27.720610465757886,0.3187987657774485
min,0.374,0.40399999999999997,0.0,-12.526,0.0,0.0312,7.69e-05,0.0,0.0661,0.0391,63.978,3.0
max,0.8759999999999999,0.971,11.0,-2.384,1.0,0.419,0.693,0.941,0.409,0.883,189.99200000000002,5.0
