,danceability,energy,key,loudness,mode,speechiness,acousticness,instrumentalness,liveness,valence,tempo,time_signature
mean,0.6998399999999999,0.69828,5.64,-6.045819999999999,0.38,0.12116600000000002,0.18385548799999998,0.012294377999999996,0.15413200000000005,0.5387399999999999,117.75098,3.96
std,0.10489496398487276,0.13950759470219476,3.4920317458874446,2.2076138997125567,0.49031435147801455,0.11202512948769441,0.18712083176409514,0.05278860821839474,0.11968334485940263,0.20157125746676954,26.109149766512964,0.1979486637221575
min,0.45,0.32899999999999996,0.0,-12.603,0.0,0.0287,5.539999999999999e-05,0.0,0.0335,0.131,71.884,3.0
max,0.9079999999999999,0.961,11.0,-1.865,1.0,0.43200000000000005,0.818,0.349,0.642,0.929,198.93900000000002,4.0
