,danceability,energy,key,loudness,mode,speechiness,acousticness,instrumentalness,liveness,valence,tempo,time_signature
mean,0.7206199999999999,0.63826,5.54,-6.91432,0.52,0.154392,0.24272052000000002,0.08772199319999999,0.159504,0.53803,116.97798,4.0
std,0.12059933495603005,0.1741719546767457,3.791558830790699,3.1267630288154793,0.5046720495044485,0.12670868861853388,0.23904199632830636,0.24751644168079748,0.13828335883472115,0.22959272747673012,24.041425758673213,0.20203050891044214
min,0.45,0.207,0.0,-16.541,0.0,0.0259,0.000126,0.0,0.0335,0.0895,71.884,3.0
max,0.9279999999999999,0.958,11.0,-1.838,1.0,0.43200000000000005,0.818,0.9470000000000001,0.8590000000000001,0.941,176.03599999999997,5.0
