,danceability,energy,key,loudness,mode,speechiness,acousticness,instrumentalness,liveness,valence,tempo,time_signature
mean,0.70144,0.61842,5.14,-7.59504,0.54,0.15748,0.24239649999999993,0.024006976,0.151214,0.5581539999999999,127.54351999999996,3.98
std,0.15673156044912054,0.17017998755219518,3.539918135799649,3.278781673682081,0.5034574339058886,0.16860920399986887,0.24622250682998678,0.1159815068417489,0.09797726518880567,0.2134158393697093,32.64590213196438,0.24660966430902947
min,0.36,0.2,0.0,-17.384,0.0,0.0269,0.0009050000000000001,0.0,0.0612,0.069,74.986,3.0
max,0.9490000000000001,0.912,11.0,-3.082,1.0,0.856,0.795,0.785,0.578,0.961,204.077,5.0
