,danceability,energy,key,loudness,mode,speechiness,acousticness,instrumentalness,liveness,valence,tempo,time_signature
mean,0.7258999999999999,0.6769399999999999,5.9,-6.412960000000001,0.4,0.128232,0.14749539999999997,0.0474173708,0.173318,0.525116,117.28490000000002,3.96
std,0.1181346948294572,0.14476855702133942,3.5355339059327378,2.1300649310789206,0.49487165930539356,0.11692035914960863,0.18487723869804049,0.17536768019938417,0.1327844711998987,0.21332824985865118,22.19904211322862,0.493219328618059
min,0.413,0.261,0.0,-12.718,0.0,0.0295,0.0009199999999999999,0.0,0.064,0.0628,75.445,1.0
max,0.9079999999999999,0.987,11.0,-2.853,1.0,0.456,0.753,0.94,0.6809999999999999,0.9520000000000001,170.08700000000002,5.0
