,danceability,energy,key,loudness,mode,speechiness,acousticness,instrumentalness,liveness,valence,tempo,time_signature
mean,0.7613600000000001,0.6378199999999999,5.62,-7.002620000000002,0.58,0.170392,0.20238235999999998,0.034321122,0.16175200000000006,0.5654340000000001,120.45268000000002,4.0
std,0.10692048542763746,0.1551768826145157,3.6134103965474984,2.482970685304527,0.4985693819032897,0.16675414854552453,0.20612098116949648,0.15188344712930385,0.10692467354284929,0.22281483445466826,23.45701909610644,0.0
min,0.518,0.258,0.0,-13.970999999999998,0.0,0.0274,0.00031299999999999996,0.0,0.0362,0.0857,71.975,4.0
max,0.935,0.987,11.0,-2.516,1.0,0.902,0.83,0.7879999999999999,0.488,0.9279999999999999,179.97400000000002,4.0
