,danceability,energy,key,loudness,mode,speechiness,acousticness,instrumentalness,liveness,valence,tempo,time_signature
mean,0.6519999999999999,0.63664,5.86,-6.975599999999997,0.6,0.11596600000000004,0.2013464,0.035821983,0.20485199999999998,0.44586200000000004,120.90536,3.98
std,0.12664219240821434,0.16429276506608934,3.989834020382813,2.792341976600594,0.4948716593053935,0.11751900516729286,0.19196356067647796,0.14598437991595248,0.18249726331747376,0.22239916576888025,26.213475095103906,0.24660966430902945
min,0.322,0.304,0.0,-14.712,0.0,0.0269,0.0028,0.0,0.057999999999999996,0.0661,70.429,3.0
max,0.981,0.9940000000000001,11.0,-2.503,1.0,0.431,0.6920000000000001,0.892,0.8059999999999999,0.938,181.935,5.0
