,danceability,energy,key,loudness,mode,speechiness,acousticness,instrumentalness,liveness,valence,tempo,time_signature
mean,0.70422,0.6501199999999998,5.8,-6.290159999999998,0.5,0.10166000000000003,0.224072288,0.05472009300000002,0.16666599999999995,0.5190820000000003,122.41604,3.94
std,0.1344051581250223,0.1823943518638577,3.9897828696482693,2.877042403977688,0.5050762722761054,0.07443817322216513,0.2180157569795626,0.18181467724815728,0.09785065799159326,0.21777250411137486,27.611101074926292,0.2398979374820953
min,0.319,0.10400000000000001,0.0,-16.465,0.0,0.0307,8.14e-05,0.0,0.0521,0.0747,64.808,3.0
max,0.9,0.99,11.0,-1.694,1.0,0.331,0.9790000000000001,0.873,0.395,0.927,180.08,4.0
