,danceability,energy,key,loudness,mode,speechiness,acousticness,instrumentalness,liveness,valence,tempo,time_signature
mean,0.7723199999999999,0.60988,5.28,-7.130759999999998,0.6,0.18432400000000004,0.18760680000000002,0.0028410832000000004,0.13284400000000005,0.5181600000000001,120.21758000000005,3.98
std,0.11593461211266583,0.16762003192351685,3.505331216700571,2.515772860192595,0.49487165930539356,0.17755456598477218,0.22365581372734497,0.01137675019705656,0.07762487282844754,0.20245396150881378,26.067465792838707,0.24660966430902945
min,0.43799999999999994,0.225,0.0,-12.777999999999999,0.0,0.0269,0.0013599999999999999,0.0,0.0594,0.069,71.975,3.0
max,0.943,0.9890000000000001,11.0,-3.082,1.0,0.902,0.9,0.0688,0.442,0.9640000000000001,204.077,5.0
