,danceability,energy,key,loudness,mode,speechiness,acousticness,instrumentalness,liveness,valence,tempo,time_signature
mean,0.7067,0.61064,5.14,-7.31544,0.62,0.12911599999999995,0.23740480000000005,0.0200305822,0.15942800000000001,0.5172199999999999,125.86551999999998,4.02
std,0.1633815179515825,0.1682650678579024,3.516781924151797,2.578574144517762,0.4903143514780145,0.11340953845353971,0.22532544951003194,0.10564241039343553,0.0967794548107675,0.1942654705840039,23.863005622006593,0.2466096643090295
min,0.272,0.29600000000000004,0.0,-14.593,0.0,0.0291,0.00592,0.0,0.0507,0.191,79.092,3.0
max,0.934,0.915,11.0,-2.3169999999999997,1.0,0.426,0.847,0.696,0.46,0.898,200.125,5.0
