,danceability,energy,key,loudness,mode,speechiness,acousticness,instrumentalness,liveness,valence,tempo,time_signature
mean,0.6927600000000004,0.64874,5.88,-6.444419999999999,0.44,0.140162,0.18628466000000002,0.0018161244,0.16994599999999999,0.5157400000000001,121.85708000000002,3.98
std,0.12950668724361816,0.14261204832176913,3.967418324712596,2.0463597354665612,0.501426536422407,0.11157555852974474,0.19393601057045617,0.007236094846469233,0.10891810668233867,0.21370720099028495,29.873799114000775,0.14142135623730934
min,0.385,0.19399999999999998,0.0,-14.366,0.0,0.0275,0.000813,0.0,0.0513,0.162,70.124,3.0
max,0.922,0.9179999999999999,11.0,-2.384,1.0,0.452,0.9590000000000001,0.0372,0.6,0.9159999999999999,193.016,4.0
