,danceability,energy,key,loudness,mode,speechiness,acousticness,instrumentalness,liveness,valence,tempo,time_signature
mean,0.6424,0.6011699999999999,4.34,-7.7815199999999995,0.68,0.07163000000000003,0.30169300000000004,0.0400051792,0.23282600000000003,0.5041300000000002,124.68508,3.9
std,0.17155078976614405,0.20958067001729422,3.662328912212076,3.0506702725526957,0.471212071499161,0.07902990715222812,0.3033400301288497,0.1546002992099861,0.21313704971981126,0.23104802950636802,23.64829249463557,0.46291004988627577
min,0.16899999999999998,0.0935,0.0,-16.766,0.0,0.0236,0.00168,0.0,0.0313,0.0795,79.992,1.0
max,0.95,0.981,11.0,-1.746,1.0,0.33399999999999996,0.9890000000000001,0.905,0.846,0.898,185.36,4.0
