,danceability,energy,key,loudness,mode,speechiness,acousticness,instrumentalness,liveness,valence,tempo,time_signature
mean,0.6781999999999999,0.6419800000000002,6.2,-6.471759999999998,0.5,0.12101200000000004,0.20312208,0.04172734819999999,0.21895,0.441206,121.5263,4.02
std,0.1451192331730522,0.18193680109267815,3.675622951505317,2.3457987418239568,0.5050762722761054,0.12055201204527141,0.2372856082922994,0.16808931288955506,0.1526498651376103,0.21668963454297338,25.023236989621772,0.14142135623730945
min,0.264,0.207,0.0,-11.462,0.0,0.0229,0.000459,0.0,0.0563,0.0904,80.126,4.0
max,0.925,0.953,11.0,-2.279,1.0,0.461,0.892,0.889,0.612,0.9440000000000001,170.982,5.0
