,danceability,energy,key,loudness,mode,speechiness,acousticness,instrumentalness,liveness,valence,tempo,time_signature
mean,0.6771,0.6454400000000001,5.34,-6.357539999999999,0.64,0.10344400000000004,0.26240400000000014,0.032589430399999994,0.19053599999999998,0.4774600000000001,119.88336,3.94
std,0.13231830052211688,0.2118591330221522,3.679008295834127,2.876820447320697,0.4848732213850611,0.09794192398288583,0.2707402509070724,0.16125599019009237,0.18694809686768402,0.2067881899679091,22.14123306279992,0.4699109772399583
min,0.37799999999999995,0.128,0.0,-14.567,0.0,0.031,0.00182,0.0,0.0313,0.15,78.072,1.0
max,0.9329999999999999,0.966,11.0,-1.746,1.0,0.484,0.9470000000000001,0.915,0.846,0.878,182.97299999999998,5.0
