,danceability,energy,key,loudness,mode,speechiness,acousticness,instrumentalness,liveness,valence,tempo,time_signature
mean,0.6919999999999998,0.639614,5.2,-6.585000000000003,0.68,0.12574400000000002,0.23231499999999997,0.019077076000000002,0.16141600000000003,0.49412999999999996,121.34357999999996,4.0
std,0.1496376575980411,0.19269885780668236,3.7634113920912826,2.5037620428760676,0.47121207149916117,0.10585207267595623,0.2407048758673711,0.12356069060261977,0.13970615570853398,0.19854971129957066,28.657267948801184,0.0
min,0.387,0.0897,0.0,-14.409,0.0,0.026000000000000002,0.00502,0.0,0.0313,0.0925,66.044,4.0
max,0.9670000000000001,0.99,11.0,-2.7289999999999996,1.0,0.469,0.9540000000000001,0.8740000000000001,0.677,0.794,204.24099999999999,4.0
