,danceability,energy,key,loudness,mode,speechiness,acousticness,instrumentalness,liveness,valence,tempo,time_signature
mean,0.70584,0.6163200000000003,4.92,-6.506940000000001,0.56,0.178264,0.2509098,0.0015613404,0.166838,0.5072760000000002,119.41822,3.92
std,0.12273238848679459,0.16997616159392495,3.4631588741718313,2.02107598550467,0.5014265364224069,0.16203225650141018,0.24989053261737612,0.0063989521010211605,0.13308412544288653,0.24473076548629968,27.396881872548335,0.3404678653660854
min,0.428,0.132,0.0,-11.265999999999998,0.0,0.0247,0.0012900000000000001,0.0,0.0282,0.0768,63.763999999999996,3.0
max,0.897,0.9329999999999999,11.0,-3.034,1.0,0.8690000000000001,0.909,0.0401,0.7170000000000001,0.889,200.03,5.0
