,danceability,energy,key,loudness,mode,speechiness,acousticness,instrumentalness,liveness,valence,tempo,time_signature
mean,0.6799399999999998,0.6152199999999999,5.84,-6.92706,0.48,0.11344800000000001,0.2918624000000001,0.0191943118,0.16981,0.46293999999999996,118.53867999999997,3.94
std,0.14439944739562982,0.17527486169687068,4.11249961230691,2.6597524927814518,0.5046720495044485,0.09995633585496728,0.2624182868391451,0.09009179506850012,0.12526003687024329,0.18712512565944003,23.653244696468608,0.2398979374820953
min,0.33899999999999997,0.10400000000000001,0.0,-14.08,0.0,0.0273,0.00381,0.0,0.0593,0.159,83.205,3.0
max,0.935,0.9359999999999999,11.0,-3.01,1.0,0.359,0.9790000000000001,0.57,0.764,0.884,180.0,4.0
