,danceability,energy,key,loudness,mode,speechiness,acousticness,instrumentalness,liveness,valence,tempo,time_signature
mean,0.6943999999999998,0.6315199999999999,5.34,-6.811059999999999,0.54,0.12421600000000002,0.21276840000000002,0.08005923039999999,0.14957999999999994,0.46506999999999993,112.5988,4.02
std,0.142816851460969,0.1383292788521472,3.8998168455161366,2.296923882686831,0.5034574339058886,0.10949827761202456,0.22194590206238488,0.22295122445383733,0.0985174137720156,0.24507844329387055,25.815214771802417,0.2466096643090295
min,0.294,0.312,0.0,-15.805,0.0,0.0274,0.0019,0.0,0.0545,0.0789,65.467,3.0
max,0.934,0.953,11.0,-2.906,1.0,0.501,0.795,0.889,0.5,0.951,181.828,5.0
