,danceability,energy,key,loudness,mode,speechiness,acousticness,instrumentalness,liveness,valence,tempo,time_signature
mean,0.6589800000000001,0.6549200000000001,5.46,-6.720459999999998,0.52,0.128278,0.18847986,0.0042860786,0.19070399999999996,0.5052999999999999,125.46544000000002,3.96
std,0.13987100325307034,0.1293056559206179,3.575483412442723,2.3184345370203965,0.5046720495044484,0.10516812446783311,0.1995794226381363,0.024659076942640617,0.13106700414486555,0.21335103296048538,31.109337560210154,0.28284271247461873
min,0.284,0.259,0.0,-16.509,0.0,0.0276,0.000813,0.0,0.0424,0.08800000000000001,77.176,3.0
max,0.927,0.889,11.0,-2.889,1.0,0.436,0.8220000000000001,0.174,0.5579999999999999,0.935,195.67,5.0
