,danceability,energy,key,loudness,mode,speechiness,acousticness,instrumentalness,liveness,valence,tempo,time_signature
mean,0.7395999999999998,0.6859799999999998,5.32,-6.199159999999999,0.5,0.14903,0.15573730799999996,0.051488001600000007,0.15110799999999996,0.55638,116.63105999999998,3.98
std,0.11254767697219138,0.15342105461767624,3.3953148992849127,2.600561417879467,0.5050762722761054,0.13575203873389216,0.19645989151939536,0.17515060954565095,0.09000759342116302,0.20199008765334028,20.88232104388782,0.24660966430902947
min,0.521,0.261,0.0,-16.039,0.0,0.0295,5.539999999999999e-05,0.0,0.0395,0.107,75.445,3.0
max,0.9209999999999999,0.987,11.0,-1.865,1.0,0.489,0.993,0.893,0.38299999999999995,0.9520000000000001,158.08700000000002,5.0
