,danceability,energy,key,loudness,mode,speechiness,acousticness,instrumentalness,liveness,valence,tempo,time_signature
mean,0.7045999999999999,0.66986,4.36,-6.427679999999999,0.56,0.128006,0.19826878,0.0125990214,0.19867400000000007,0.502068,116.30283999999997,4.0
std,0.1373382536599594,0.17139583139740644,3.58431959216467,2.6282777043966594,0.5014265364224069,0.09472264434136332,0.20990002370645652,0.07193806919525268,0.12728841076188244,0.22662972267555725,24.176441535528266,0.0
min,0.33399999999999996,0.129,0.0,-18.317,0.0,0.0304,0.000109,0.0,0.05,0.0394,75.028,4.0
max,0.953,0.995,11.0,-1.808,1.0,0.46299999999999997,0.9179999999999999,0.508,0.609,0.934,179.85299999999998,4.0
