,danceability,energy,key,loudness,mode,speechiness,acousticness,instrumentalness,liveness,valence,tempo,time_signature
mean,0.6895399999999998,0.6336800000000001,5.36,-6.968820000000001,0.58,0.14718000000000006,0.16519247999999995,0.0499889102,0.17159400000000002,0.48512,118.35696000000002,3.94
std,0.14024878914679748,0.14702331343660283,3.5269226917341676,2.7538514453879515,0.49856938190328975,0.12936701468997389,0.21964034921227799,0.18084190904773909,0.11699521603685427,0.21019452991969903,29.061741615971147,0.3136356914300022
min,0.375,0.244,0.0,-19.964000000000002,0.0,0.0275,0.000813,0.0,0.0456,0.126,59.973,3.0
max,0.9359999999999999,0.958,11.0,-2.573,1.0,0.451,0.9209999999999999,0.9009999999999999,0.5579999999999999,0.935,199.75599999999997,5.0
