,danceability,energy,key,loudness,mode,speechiness,acousticness,instrumentalness,liveness,valence,tempo,time_signature
mean,0.7219399999999999,0.5903200000000001,5.08,-7.657160000000001,0.68,0.16756599999999996,0.2264676,0.021360703400000004,0.15424600000000002,0.5039000000000001,119.91108,3.92
std,0.14359330465887726,0.16474351617726563,3.7079066100121008,3.747905441492267,0.4712120714991613,0.1746390675720899,0.2566461399301794,0.13656663031357985,0.11374303514896181,0.21998972610519046,29.39207929249523,0.2740475156178697
min,0.297,0.018000000000000002,0.0,-26.104,0.0,0.0269,0.0037799999999999995,0.0,0.0587,0.069,71.975,3.0
max,0.9,0.9890000000000001,11.0,-3.082,1.0,0.902,0.996,0.965,0.618,0.9640000000000001,197.643,4.0
