,danceability,energy,key,loudness,mode,speechiness,acousticness,instrumentalness,liveness,valence,tempo,time_signature
mean,0.7167199999999998,0.60434,6.78,-7.52196,0.4,0.14168600000000003,0.25271316000000005,0.07980928320000001,0.18326600000000004,0.5267540000000001,127.89856,3.84
std,0.1482587423859974,0.18835448668152618,3.4421753918955713,3.8355035215305793,0.49487165930539356,0.1365622187719516,0.26736564969759813,0.23159128342185267,0.1307967914634868,0.23490420384419147,29.69175322196865,0.680935730732171
min,0.36,0.113,0.0,-25.144000000000002,0.0,0.0289,0.00015800000000000002,0.0,0.0632,0.069,74.991,1.0
max,0.932,0.925,11.0,-2.282,1.0,0.581,0.987,0.9229999999999999,0.7170000000000001,0.9279999999999999,202.511,5.0
