,danceability,energy,key,loudness,mode,speechiness,acousticness,instrumentalness,liveness,valence,tempo,time_signature
mean,0.7601800000000003,0.6190399999999999,5.36,-7.275660000000001,0.52,0.160836,0.17623292000000007,0.028622267,0.16344799999999995,0.5319799999999999,119.41859999999998,4.0
std,0.10530765229864855,0.13463555645231498,3.5614718351621235,2.191900504314994,0.5046720495044484,0.1444829920927776,0.20049188381617028,0.11886000552659844,0.10595322849527249,0.23671350892190854,24.88615240552505,0.0
min,0.512,0.258,0.0,-13.78,0.0,0.0274,0.000143,0.0,0.0594,0.11800000000000001,71.975,4.0
max,0.978,0.971,11.0,-3.0439999999999996,1.0,0.6609999999999999,0.83,0.747,0.488,0.9279999999999999,179.97400000000002,4.0
