,danceability,energy,key,loudness,mode,speechiness,acousticness,instrumentalness,liveness,valence,tempo,time_signature
mean,0.65444,0.6377740000000002,5.02,-7.079860000000004,0.54,0.109322,0.2584036600000001,0.03293536819999999,0.193674,0.5193899999999999,123.40180000000001,4.0
std,0.1495249839201681,0.2086291180589153,4.103209296466882,2.954961970196253,0.5034574339058886,0.09473157413859175,0.25724656130579776,0.13517359900347495,0.17799484148682054,0.23518145512929944,29.756975682954042,0.20203050891044214
min,0.322,0.0997,0.0,-17.727,0.0,0.0259,0.0006929999999999999,0.0,0.0481,0.0612,78.969,3.0
max,0.902,0.992,11.0,-1.9269999999999998,1.0,0.401,0.889,0.732,0.935,0.963,199.951,5.0
