,danceability,energy,key,loudness,mode,speechiness,acousticness,instrumentalness,liveness,valence,tempo,time_signature
mean,0.6702000000000002,0.6734600000000001,4.92,-6.315659999999999,0.48,0.12268400000000002,0.1900798479999999,0.017645338,0.16910400000000003,0.505948,116.89371999999997,4.0
std,0.1382237169170593,0.15833318138195357,3.9940772477788276,2.3859847974095283,0.5046720495044484,0.10678262176124016,0.21714502639746366,0.0851743342364501,0.10325843733871169,0.20647398535547146,30.50184993388742,0.3499271061118826
min,0.32899999999999996,0.168,0.0,-15.477,0.0,0.0265,1.24e-05,0.0,0.0308,0.0374,48.788000000000004,3.0
max,0.899,0.9540000000000001,11.0,-2.452,1.0,0.414,0.84,0.598,0.419,0.9309999999999999,185.99599999999998,5.0
