,danceability,energy,key,loudness,mode,speechiness,acousticness,instrumentalness,liveness,valence,tempo,time_signature
mean,0.5986,0.6530400000000001,5.72,-6.2133199999999995,0.62,0.11384400000000003,0.26361467380000003,0.0225880504,0.20881800000000006,0.406128,123.14434,3.96
std,0.16660389294028258,0.20624850871446024,3.7744576580278255,2.1274607691051863,0.49031435147801444,0.11924183993815567,0.29566546387110243,0.13892459893426884,0.1771240412702871,0.20857926310138877,31.654873641342938,0.19794866372215747
min,0.265,0.16899999999999998,0.0,-13.140999999999998,0.0,0.0288,3.69e-06,0.0,0.0154,0.0374,72.446,3.0
max,0.9359999999999999,0.932,11.0,-2.013,1.0,0.623,0.94,0.982,0.752,0.89,183.736,4.0
