,danceability,energy,key,loudness,mode,speechiness,acousticness,instrumentalness,liveness,valence,tempo,time_signature
mean,0.70492,0.6802000000000001,6.02,-7.426960000000003,0.6,0.114274,0.15179248999999997,0.04411587759999999,0.223918,0.5243,122.64936000000006,4.02
std,0.1408976817931859,0.17501498478118718,3.519566299812452,2.9580297563046374,0.4948716593053935,0.11145352799279536,0.24292033155370454,0.15556315049983005,0.1764797759009253,0.21043591782346494,21.3341070089131,0.1414213562373095
min,0.348,0.28,0.0,-15.932,0.0,0.0264,6.97e-05,0.0,0.0408,0.138,79.837,4.0
max,0.9159999999999999,0.988,11.0,-2.555,1.0,0.615,0.7979999999999999,0.821,0.846,0.946,176.115,5.0
