,danceability,energy,key,loudness,mode,speechiness,acousticness,instrumentalness,liveness,valence,tempo,time_signature
mean,0.7050800000000002,0.6222100000000002,5.4,-7.793019999999998,0.5,0.13833800000000002,0.24730462000000003,0.043767161400000004,0.16256,0.508944,125.78980000000001,3.76
std,0.16685455477444897,0.19603035192936583,3.6309328648968098,4.081614088938395,0.5050762722761054,0.13526746126674744,0.25028717343645845,0.18029719781321352,0.10923354870764435,0.2565014963237574,28.635929070925947,0.6565214453186322
min,0.20800000000000002,0.0695,0.0,-21.329,0.0,0.0274,0.0008609999999999999,0.0,0.0371,0.0367,74.986,1.0
max,0.9490000000000001,0.985,11.0,-2.898,1.0,0.511,0.992,0.9390000000000001,0.439,0.9640000000000001,202.511,4.0
