,danceability,energy,key,loudness,mode,speechiness,acousticness,instrumentalness,liveness,valence,tempo,time_signature
mean,0.6764800000000001,0.6373600000000001,5.44,-6.679679999999999,0.68,0.119524,0.2780723600000001,0.015477196200000001,0.17616200000000004,0.48528600000000005,122.77635999999997,3.9
std,0.16493266900806053,0.16599173325862973,3.6820579871056025,2.6159986538098017,0.4712120714991613,0.10914061994715339,0.2621952678850958,0.10629619923429466,0.1356162335867093,0.21095650389284962,25.75103465625711,0.5439837932759934
min,0.19699999999999998,0.255,0.0,-14.050999999999998,0.0,0.0283,0.000308,0.0,0.047,0.0564,79.992,1.0
max,0.953,0.966,11.0,-3.075,1.0,0.45799999999999996,0.948,0.752,0.846,0.9159999999999999,186.44299999999998,5.0
