,danceability,energy,key,loudness,mode,speechiness,acousticness,instrumentalness,liveness,valence,tempo,time_signature
mean,0.6716800000000002,0.62124,5.94,-6.830060000000002,0.56,0.134424,0.18132349999999994,0.024009736200000003,0.19138200000000002,0.442434,121.11942000000005,3.94
std,0.13764468306298724,0.12996931505991272,3.099769576689763,2.1866252108335944,0.5014265364224069,0.12564718267548108,0.20443903073036074,0.12090247172175378,0.14858533820876219,0.2041870507097622,25.0773757245084,0.3136356914300021
min,0.314,0.259,1.0,-14.835999999999999,0.0,0.0295,0.000975,0.0,0.0385,0.0764,75.023,3.0
max,0.9640000000000001,0.892,11.0,-3.2439999999999998,1.0,0.439,0.78,0.8009999999999999,0.711,0.841,180.07299999999998,5.0
