,danceability,energy,key,loudness,mode,speechiness,acousticness,instrumentalness,liveness,valence,tempo,time_signature
mean,0.6950999999999999,0.6450739999999999,5.94,-6.84778,0.62,0.12074200000000002,0.2547440000000001,0.049432664599999995,0.17747999999999997,0.48905,121.15921999999996,3.92
std,0.12123366710949697,0.16355714324395143,3.3830912081185427,3.3631136465471756,0.4903143514780145,0.12240211097619423,0.24598841575512104,0.19193390981268915,0.1395255941702863,0.2214293384779341,24.929399269340692,0.4444671196029721
min,0.37799999999999995,0.0177,0.0,-22.953000000000003,0.0,0.0275,0.00532,0.0,0.0313,0.0464,79.992,1.0
max,0.9540000000000001,0.966,11.0,-1.746,1.0,0.517,0.993,0.961,0.846,0.9159999999999999,182.14,4.0
