,danceability,energy,key,loudness,mode,speechiness,acousticness,instrumentalness,liveness,valence,tempo,time_signature
mean,0.7659,0.6436799999999999,5.66,-6.691140000000002,0.58,0.19447800000000004,0.20142196,0.0359169912,0.17370800000000003,0.556374,119.35498000000005,3.98
std,0.10761159371573685,0.14053533799187234,3.5260546258516468,2.0935566847460563,0.4985693819032897,0.16957835139316718,0.22226353804555743,0.15188028010769786,0.11874728068207606,0.20577489663638346,24.74971515522751,0.14142135623730945
min,0.506,0.382,0.0,-12.777999999999999,0.0,0.0269,0.00031299999999999996,0.0,0.0523,0.0857,71.975,3.0
max,0.943,0.987,11.0,-2.049,1.0,0.902,0.9109999999999999,0.7879999999999999,0.488,0.9279999999999999,180.167,4.0
