,danceability,energy,key,loudness,mode,speechiness,acousticness,instrumentalness,liveness,valence,tempo,time_signature
mean,0.7144800000000001,0.64784,6.26,-6.709920000000002,0.44,0.13020000000000004,0.22442499999999987,0.022353101600000005,0.162898,0.518798,122.88649999999996,4.02
std,0.133925998451475,0.1747257162479735,4.0041305204113655,2.904917476364827,0.5014265364224069,0.11417158765897684,0.22452237554708465,0.10616383576146798,0.1183011368310136,0.21930388802308273,28.04688870900126,0.14142135623730945
min,0.276,0.172,0.0,-15.805,0.0,0.0278,0.000125,0.0,0.0515,0.0509,73.483,4.0
max,0.934,0.96,11.0,-2.485,1.0,0.501,0.9259999999999999,0.7390000000000001,0.6,0.951,181.828,5.0
