,danceability,energy,key,loudness,mode,speechiness,acousticness,instrumentalness,liveness,valence,tempo,time_signature
mean,0.69622,0.6828199999999996,6.34,-6.159239999999999,0.54,0.10124000000000001,0.19108589999999992,0.020478844799999996,0.19285600000000008,0.5273599999999998,118.33746000000002,3.98
std,0.12342531245697555,0.16176585371632493,3.6005101679328377,1.929110195221134,0.5034574339058886,0.09197999338809211,0.23961017843685362,0.10115131309375669,0.12714806435564704,0.21169025890268478,25.27545363908693,0.14142135623730948
min,0.36,0.203,0.0,-10.89,0.0,0.028999999999999998,0.00017900000000000001,0.0,0.0319,0.141,78.457,3.0
max,0.932,0.971,11.0,-2.485,1.0,0.46399999999999997,0.909,0.687,0.667,0.895,184.05700000000002,4.0
