,danceability,energy,key,loudness,mode,speechiness,acousticness,instrumentalness,liveness,valence,tempo,time_signature
mean,0.6541199999999999,0.6288200000000002,5.84,-6.949619999999998,0.52,0.105198,0.2701565799999999,0.026420167,0.22771999999999995,0.43443000000000004,122.63980000000001,3.96
std,0.15635564379624667,0.18728235694931278,3.6047587595130017,2.6569778818985226,0.5046720495044484,0.09522138863228799,0.2574158574660529,0.1334094785239418,0.2173123051260183,0.22827278011812346,27.406967229788375,0.19794866372215753
min,0.275,0.19899999999999998,0.0,-13.243,0.0,0.0276,0.000364,0.0,0.0447,0.0573,77.911,3.0
max,0.929,0.94,11.0,-3.1039999999999996,1.0,0.486,0.9229999999999999,0.8190000000000001,0.9470000000000001,0.905,193.976,4.0
