,danceability,energy,key,loudness,mode,speechiness,acousticness,instrumentalness,liveness,valence,tempo,time_signature
mean,0.6689399999999999,0.6521759999999999,6.28,-7.006600000000002,0.56,0.11970600000000005,0.2279848500000001,0.0342061714,0.179814,0.51729,117.77834000000001,4.0
std,0.1524064664652001,0.18151441676593502,3.6142574815385164,4.222748099307379,0.5014265364224069,0.09550332275446156,0.25652568566078765,0.1469761879047809,0.13405570272335696,0.21436997986030162,26.93821375501004,0.20203050891044214
min,0.307,0.0038,0.0,-30.011,0.0,0.0293,8.55e-05,0.0,0.059000000000000004,0.0392,69.85300000000001,3.0
max,0.9670000000000001,0.998,11.0,-2.9360000000000004,1.0,0.375,0.993,0.95,0.711,0.945,177.852,5.0
