,danceability,energy,key,loudness,mode,speechiness,acousticness,instrumentalness,liveness,valence,tempo,time_signature
mean,0.6693400000000002,0.64756,5.44,-6.623640000000002,0.66,0.10049599999999997,0.2973988,0.047206674600000005,0.177762,0.47076600000000013,120.13662000000002,3.84
std,0.144392126248106,0.1840067833709687,3.5465418626703777,3.457646154391683,0.47851812069840666,0.09286116905557106,0.2725156314006855,0.18804122672970264,0.14261583317945234,0.22289548352425229,23.461210498973465,0.6180945043652557
min,0.28600000000000003,0.146,0.0,-20.918000000000003,0.0,0.0316,0.004220000000000001,0.0,0.0313,0.0464,79.992,1.0
max,0.953,0.966,11.0,-1.746,1.0,0.45799999999999996,0.9640000000000001,0.9179999999999999,0.846,0.9159999999999999,170.023,4.0
