,danceability,energy,key,loudness,mode,speechiness,acousticness,instrumentalness,liveness,valence,tempo,time_signature
mean,0.6926999999999999,0.65538,5.48,-6.732820000000001,0.46,0.12208200000000001,0.21237262,0.036358192000000004,0.16781800000000008,0.4691039999999999,120.18792000000009,3.98
std,0.14294686468212228,0.17155672471785643,3.4537173111455024,2.3158470279218997,0.5034574339058886,0.1133614279323313,0.22893480349162862,0.13756064187160927,0.11150061350613681,0.24109619128692433,21.726920207607776,0.14142135623730936
min,0.33299999999999996,0.221,0.0,-13.148,0.0,0.0254,0.00029,0.0,0.0241,0.073,75.016,3.0
max,0.971,0.9740000000000001,11.0,-1.41,1.0,0.474,0.915,0.855,0.532,0.9229999999999999,169.898,4.0
