,danceability,energy,key,loudness,mode,speechiness,acousticness,instrumentalness,liveness,valence,tempo,time_signature
mean,0.6753800000000001,0.5866191999999998,5.14,-7.431280000000002,0.54,0.08596999999999999,0.2839790600000001,0.0422303832,0.155978,0.5090480000000001,119.85603999999995,3.98
std,0.14497007291443406,0.22184596564467052,3.5800467446497892,4.670882781746544,0.5034574339058886,0.07609709493234848,0.2822162884480704,0.18336958502458664,0.11032743712999712,0.21547219456015995,28.707178615809667,0.24660966430902945
min,0.308,0.00896,0.0,-32.707,0.0,0.0301,0.000573,0.0,0.0517,0.0747,64.808,3.0
max,0.9109999999999999,0.953,11.0,-2.95,1.0,0.336,0.995,0.9309999999999999,0.625,0.927,177.91299999999998,5.0
