,danceability,energy,key,loudness,mode,speechiness,acousticness,instrumentalness,liveness,valence,tempo,time_signature
mean,0.7075200000000001,0.69076,5.0,-6.0410200000000005,0.54,0.118104,0.15843187200000003,0.006754031000000001,0.17102799999999999,0.49616599999999983,122.52471999999997,3.96
std,0.15581271332164479,0.13735230434981455,3.625307868699863,1.9055353470286267,0.5034574339058886,0.09168621724475856,0.16601702885541103,0.027075180962869733,0.12768202699020142,0.19999647508118226,25.523727940111264,0.1979486637221575
min,0.179,0.413,0.0,-10.853,0.0,0.0279,1.9600000000000002e-05,0.0,0.0449,0.0833,74.965,3.0
max,0.9490000000000001,0.97,11.0,-2.7760000000000002,1.0,0.39399999999999996,0.5660000000000001,0.159,0.7240000000000001,0.878,179.997,4.0
