,danceability,energy,key,loudness,mode,speechiness,acousticness,instrumentalness,liveness,valence,tempo,time_signature
mean,0.70058,0.6455,5.96,-6.69052,0.44,0.11508199999999999,0.24240048000000003,0.0081138554,0.20565999999999998,0.483194,120.48085999999998,3.94
std,0.16512049898081546,0.1813612079665937,3.675400852773944,2.6137547332743916,0.5014265364224069,0.08598046928203627,0.23253171876500137,0.03395648111968404,0.1906303924630389,0.22701240495638478,25.774315875645485,0.2398979374820953
min,0.275,0.19899999999999998,0.0,-13.333,0.0,0.0253,0.000291,0.0,0.0607,0.0573,79.976,3.0
max,0.95,0.9670000000000001,11.0,-2.345,1.0,0.381,0.9229999999999999,0.196,0.867,0.894,193.976,4.0
