,danceability,energy,key,loudness,mode,speechiness,acousticness,instrumentalness,liveness,valence,tempo,time_signature
mean,0.71854,0.5955399999999998,5.4,-7.912560000000001,0.5,0.15908199999999995,0.25167716,0.0277931768,0.140778,0.4813940000000002,123.34354000000002,3.86
std,0.13571552029513645,0.18030792369427023,3.469987943283177,3.171086224508143,0.5050762722761054,0.13916875630188064,0.265429352478734,0.12768250414029025,0.08016913317658932,0.2268962240626264,29.88955116124724,0.4952838806674208
min,0.36,0.114,0.0,-17.887,0.0,0.0288,0.000587,0.0,0.0452,0.069,74.986,1.0
max,0.9490000000000001,0.985,11.0,-3.292,1.0,0.5,0.961,0.8590000000000001,0.40399999999999997,0.9640000000000001,202.511,4.0
