,danceability,energy,key,loudness,mode,speechiness,acousticness,instrumentalness,liveness,valence,tempo,time_signature
mean,0.6691199999999999,0.6247940000000001,5.18,-7.286460000000001,0.62,0.11416,0.229572228,0.06383643700000001,0.17337,0.4925760000000001,128.13690000000003,4.0
std,0.16554790169344355,0.1995577645491068,3.6683422269299735,3.789655103632756,0.4903143514780145,0.10792956319861995,0.26120264614638317,0.20208937091742998,0.13206556079061177,0.2098300989673623,26.706397050106908,0.0
min,0.158,0.0417,0.0,-25.128,0.0,0.0261,8.14e-05,0.0,0.0578,0.0708,68.482,4.0
max,0.975,0.953,11.0,-3.1489999999999996,1.0,0.469,0.9620000000000001,0.9420000000000001,0.6409999999999999,0.9109999999999999,204.24099999999999,4.0
