,danceability,energy,key,loudness,mode,speechiness,acousticness,instrumentalness,liveness,valence,tempo,time_signature
mean,0.7105400000000003,0.6690999999999998,5.2,-6.3811,0.58,0.115152,0.21693252220000006,0.026603467199999987,0.20563999999999996,0.481062,118.19442,3.98
std,0.13479693117078453,0.1658462836361381,3.4699879432831775,2.265781590155087,0.49856938190328975,0.11372318026951342,0.2256658405983329,0.13148705644809416,0.1688179263138188,0.23889135681992624,21.68214970900426,0.14142135623730948
min,0.419,0.259,0.0,-14.835999999999999,0.0,0.0293,6.11e-06,0.0,0.0657,0.0778,77.093,3.0
max,0.9670000000000001,0.988,11.0,-0.201,1.0,0.483,0.9590000000000001,0.8059999999999999,0.711,0.937,169.873,4.0
