,danceability,energy,key,loudness,mode,speechiness,acousticness,instrumentalness,liveness,valence,tempo,time_signature
mean,0.6828400000000003,0.6635199999999998,4.56,-5.976459999999999,0.6,0.11485200000000002,0.24555486,0.050335977999999997,0.13900200000000004,0.486848,127.84187999999996,4.0
std,0.13253099136982782,0.14064185808249963,3.363428765593898,1.8329033532756116,0.4948716593053935,0.09529593485558555,0.22515030536392752,0.19230819770653892,0.09138240014982565,0.21092698247188263,26.648023692574274,0.20203050891044214
min,0.405,0.33,0.0,-11.719000000000001,0.0,0.0252,0.000393,0.0,0.044000000000000004,0.0454,88.335,3.0
max,0.9309999999999999,0.9640000000000001,11.0,-2.371,1.0,0.41200000000000003,0.838,0.897,0.5489999999999999,0.836,184.088,5.0
