,danceability,energy,key,loudness,mode,speechiness,acousticness,instrumentalness,liveness,valence,tempo,time_signature
mean,0.6593000000000001,0.6823200000000001,5.92,-6.3477799999999975,0.6,0.10513600000000002,0.12887791999999998,0.025000725000000005,0.19689400000000007,0.4823019999999999,123.82434,3.98
std,0.14468829973993283,0.15662035731835952,3.5273855728558847,2.323258375907529,0.49487165930539356,0.08756497007178997,0.15135882168284068,0.12776042525481962,0.14588759918484626,0.21357407785265575,31.71942557745448,0.14142135623730948
min,0.256,0.301,0.0,-11.975,0.0,0.0266,0.000106,0.0,0.0342,0.0921,70.003,3.0
max,0.929,0.9570000000000001,11.0,-2.951,1.0,0.364,0.589,0.899,0.752,0.8740000000000001,184.02700000000002,4.0
