,danceability,energy,key,loudness,mode,speechiness,acousticness,instrumentalness,liveness,valence,tempo,time_signature
mean,0.7143999999999999,0.6511399999999999,4.96,-6.53912,0.42,0.14469400000000004,0.30617020000000017,0.022838142000000002,0.14410199999999998,0.52755,118.73076,4.0
std,0.12028384796651899,0.17300477874725823,3.533859542385085,3.3360063845189236,0.49856938190328975,0.11046782043210777,0.24361654562028248,0.12792403922880663,0.08197800225097722,0.1991944043247343,28.623936658307077,0.20203050891044214
min,0.452,0.132,0.0,-19.928,0.0,0.0294,0.00911,0.0,0.0435,0.0895,63.078,3.0
max,0.919,0.9790000000000001,11.0,-1.865,1.0,0.426,0.97,0.898,0.354,0.8690000000000001,186.016,5.0
