,danceability,energy,key,loudness,mode,speechiness,acousticness,instrumentalness,liveness,valence,tempo,time_signature
mean,0.6496000000000001,0.6818,4.78,-6.920159999999999,0.46,0.09779399999999998,0.234010134,0.0864281542,0.169502,0.45726000000000006,120.89373999999998,3.9
std,0.1600935950738613,0.19443145794015615,3.6043624361915345,3.475942611019641,0.5034574339058886,0.0942322281409506,0.26629214178026017,0.18546409421054394,0.12414310124914353,0.22130695369803008,25.650603069498768,0.46291004988627554
min,0.284,0.19399999999999998,0.0,-16.879,0.0,0.0298,2.95e-05,0.0,0.0544,0.038,61.961999999999996,1.0
max,0.905,0.978,11.0,-1.715,1.0,0.469,0.892,0.7090000000000001,0.6990000000000001,0.884,182.067,4.0
