,danceability,energy,key,loudness,mode,speechiness,acousticness,instrumentalness,liveness,valence,tempo,time_signature
mean,0.73348,0.6801200000000001,5.98,-6.299059999999998,0.52,0.14911800000000003,0.22068194000000002,0.0351046742,0.17339999999999997,0.5414599999999999,117.28916000000002,3.96
std,0.1286368468493648,0.12866784321481037,3.6336859343355137,2.2435553909464545,0.5046720495044485,0.12639712068859538,0.22408499299526996,0.138009474732267,0.1569837662216793,0.1969427773517486,27.10594432912968,0.1979486637221575
min,0.396,0.32899999999999996,0.0,-12.78,0.0,0.0293,0.000143,0.0,0.045,0.131,71.884,3.0
max,0.978,0.9440000000000001,11.0,-1.865,1.0,0.467,0.828,0.87,0.795,0.9640000000000001,187.514,4.0
