,danceability,energy,key,loudness,mode,speechiness,acousticness,instrumentalness,liveness,valence,tempo,time_signature
mean,0.5937400000000002,0.60956,5.52,-8.322099999999999,0.6,0.07538399999999999,0.27074511999999995,0.1554657438,0.17114000000000004,0.4977500000000001,122.18828000000002,3.94
std,0.17113389077394509,0.22444054346534723,3.500670489713509,3.0738376416035336,0.49487165930539356,0.07018614713018226,0.284875517813475,0.2846108821931429,0.11364282212444461,0.2630050781305353,26.61893352947354,0.3730732816343024
min,0.161,0.19699999999999998,0.0,-15.325,0.0,0.0258,0.00031,0.0,0.0416,0.0766,67.40899999999999,3.0
max,0.9179999999999999,0.9670000000000001,11.0,-2.435,1.0,0.285,0.9520000000000001,0.915,0.503,0.971,179.912,5.0
