,danceability,energy,key,loudness,mode,speechiness,acousticness,instrumentalness,liveness,valence,tempo,time_signature
mean,0.6941799999999998,0.6433180000000001,5.84,-6.87404,0.46,0.17550999999999997,0.27596539999999997,0.044740213200000004,0.15820599999999999,0.4406700000000001,116.72600000000003,3.98
std,0.16081738788109315,0.1613611713782824,3.971120234690376,3.0914462896244292,0.5034574339058886,0.140414395811186,0.23739496440174573,0.18092785211839527,0.11592735658196313,0.23127792738148953,27.076845142245485,0.24660966430902947
min,0.258,0.0779,0.0,-22.87,0.0,0.0243,0.00274,0.0,0.0463,0.0573,73.00399999999999,3.0
max,0.9440000000000001,0.9259999999999999,11.0,-3.633,1.0,0.493,0.9940000000000001,0.912,0.5760000000000001,0.9229999999999999,180.043,5.0
