,danceability,energy,key,loudness,mode,speechiness,acousticness,instrumentalness,liveness,valence,tempo,time_signature
mean,0.7297199999999998,0.64786,5.68,-6.485460000000002,0.46,0.15392599999999995,0.21262,0.0094727904,0.14835600000000004,0.5187559999999999,122.69184,4.02
std,0.11512389776555818,0.130563458650167,3.4252364732904472,2.49304462013001,0.5034574339058886,0.1337335254931101,0.18516878884754123,0.06574262499261915,0.11314251832561104,0.18241812606856628,27.232482625972196,0.3187987657774485
min,0.43799999999999994,0.33899999999999997,0.0,-14.908,0.0,0.0277,0.00525,0.0,0.0425,0.0908,74.986,3.0
max,0.9670000000000001,0.972,11.0,-2.986,1.0,0.569,0.774,0.465,0.594,0.97,192.09099999999998,5.0
