,danceability,energy,key,loudness,mode,speechiness,acousticness,instrumentalness,liveness,valence,tempo,time_signature
mean,0.7175600000000002,0.6375600000000001,5.04,-6.760619999999998,0.56,0.13385999999999998,0.22766131999999994,0.0354603622,0.16200799999999999,0.5635000000000001,120.44590000000004,4.0
std,0.15232566616111867,0.17780660900000772,3.6363246751159535,2.5976908418431774,0.5014265364224069,0.15497439024772144,0.22353147143025084,0.13587916900698682,0.1283745776218634,0.21783557270265538,25.456848168287944,0.2857142857142857
min,0.193,0.131,0.0,-13.285,0.0,0.025,0.00047599999999999997,0.0,0.0412,0.146,76.032,3.0
max,0.9309999999999999,0.972,11.0,-2.097,1.0,0.902,0.9109999999999999,0.8,0.594,0.97,181.93599999999998,5.0
