,danceability,energy,key,loudness,mode,speechiness,acousticness,instrumentalness,liveness,valence,tempo,time_signature
mean,0.6892600000000002,0.60293,5.1,-7.52676,0.56,0.11230999999999998,0.31254180000000004,0.12876749059999998,0.167122,0.493196,125.74680000000002,3.94
std,0.14934480170370298,0.21742494013299565,3.7156590867542723,4.440430391715815,0.5014265364224069,0.10024239652574397,0.27684081791535153,0.3059225423358238,0.11409981181905103,0.196270449562405,28.048420031896885,0.23989793748209529
min,0.256,0.0165,0.0,-25.04,0.0,0.0293,0.00196,0.0,0.0659,0.0441,70.705,3.0
max,0.9109999999999999,0.938,11.0,-3.569,1.0,0.452,0.995,0.9520000000000001,0.6559999999999999,0.804,195.983,4.0
