,danceability,energy,key,loudness,mode,speechiness,acousticness,instrumentalness,liveness,valence,tempo,time_signature
mean,0.7012,0.6450600000000002,6.26,-6.22212,0.52,0.133152,0.18604411999999995,0.08578722100000002,0.17573600000000003,0.4957560000000001,118.54178000000002,4.02
std,0.13099524839489718,0.12971671017243377,3.6578682316343762,1.7364670048047302,0.5046720495044485,0.12405946276701674,0.16147154605645805,0.23769732200941535,0.12420712418359578,0.19800677494078067,30.440630150688744,0.2466096643090295
min,0.353,0.387,0.0,-10.297,0.0,0.0251,0.000156,0.0,0.0508,0.0948,64.556,3.0
max,0.9209999999999999,0.8590000000000001,11.0,-3.2439999999999998,1.0,0.484,0.648,0.9,0.636,0.9059999999999999,184.86599999999999,5.0
