,danceability,energy,key,loudness,mode,speechiness,acousticness,instrumentalness,liveness,valence,tempo,time_signature
mean,0.6721600000000001,0.6799000000000001,4.1,-6.0263,0.5,0.12813999999999998,0.22119927999999997,0.0126484168,0.20236399999999996,0.5266200000000001,124.70250000000004,4.0
std,0.14205120663381374,0.15140245731702195,3.535533905932737,1.89368965250381,0.5050762722761054,0.10430482603740768,0.2301392371529648,0.03687842841564641,0.14866272574014577,0.21069485527847218,28.495545839728734,0.20203050891044214
min,0.359,0.385,0.0,-9.999,0.0,0.0286,0.00010400000000000001,0.0,0.0338,0.14800000000000002,77.501,3.0
max,0.953,0.948,11.0,0.175,1.0,0.43700000000000006,0.9740000000000001,0.161,0.753,0.94,197.858,5.0
