,danceability,energy,key,loudness,mode,speechiness,acousticness,instrumentalness,liveness,valence,tempo,time_signature
mean,0.7126000000000002,0.6988600000000001,5.0,-6.121919999999998,0.58,0.13132600000000003,0.16977119999999998,0.030011166,0.17052,0.46715599999999996,118.78126,3.98
std,0.11585247480467281,0.13545388702508349,3.5742845723419436,2.289966249105173,0.49856938190328975,0.1062587212459115,0.1874198862386654,0.12403461437593617,0.12755888596156328,0.22202566606551757,24.979473251263972,0.24660966430902945
min,0.494,0.317,0.0,-12.466,0.0,0.032,0.0015300000000000001,0.0,0.044000000000000004,0.0778,83.90299999999999,3.0
max,0.9470000000000001,0.9640000000000001,11.0,-1.182,1.0,0.499,0.669,0.7,0.6609999999999999,0.958,181.995,5.0
