,danceability,energy,key,loudness,mode,speechiness,acousticness,instrumentalness,liveness,valence,tempo,time_signature
mean,0.6479400000000003,0.6735800000000001,6.2,-6.255540000000001,0.5,0.15044199999999996,0.21243432220000003,0.030007694400000003,0.16007399999999997,0.439072,118.02197999999999,4.02
std,0.1479803365315811,0.17425246638373967,3.4345186514775166,2.1911639271196033,0.5050762722761054,0.12163637024897997,0.23273532100442748,0.13421164251916365,0.09784750069284723,0.22002469809416525,31.389871297296143,0.24660966430902953
min,0.317,0.158,0.0,-12.962,0.0,0.027999999999999997,6.11e-06,0.0,0.0554,0.0385,46.95,3.0
max,0.903,0.9440000000000001,11.0,-2.593,1.0,0.46299999999999997,0.986,0.823,0.409,0.909,188.13299999999998,5.0
