,danceability,energy,key,loudness,mode,speechiness,acousticness,instrumentalness,liveness,valence,tempo,time_signature
mean,0.7180799999999999,0.5948480000000002,5.16,-7.6495999999999995,0.52,0.14637999999999995,0.29116319999999996,0.0471263476,0.15921,0.5113199999999999,124.17362000000001,4.0
std,0.16252771694548043,0.204717735231629,3.666505871551612,4.318053567551576,0.5046720495044484,0.1060246467303038,0.2658321265918146,0.18832084146120415,0.10616058927062204,0.23639196436496426,26.92481856069085,0.2857142857142857
min,0.26899999999999996,0.0344,0.0,-27.891,0.0,0.0267,0.0053100000000000005,0.0,0.0574,0.11900000000000001,69.21300000000001,3.0
max,0.941,0.972,11.0,-3.28,1.0,0.426,0.995,0.95,0.509,0.9640000000000001,200.125,5.0
