,danceability,energy,key,loudness,mode,speechiness,acousticness,instrumentalness,liveness,valence,tempo,time_signature
mean,0.68762,0.64874,5.88,-6.476919999999999,0.56,0.10118999999999997,0.23999584000000007,0.0150833634,0.16723199999999994,0.49427800000000005,117.65580000000001,3.96
std,0.13592027825463102,0.15949740065695905,3.342002332709649,2.0016591673011708,0.5014265364224069,0.09082928425101136,0.26390463252883223,0.05951039766983043,0.12060900470664089,0.20416895493483742,24.451963413507514,0.1979486637221575
min,0.302,0.307,0.0,-10.859000000000002,0.0,0.0264,0.00040199999999999996,0.0,0.0219,0.0989,80.028,3.0
max,0.9059999999999999,0.976,11.0,-3.0069999999999997,1.0,0.35700000000000004,0.9690000000000001,0.322,0.638,0.966,199.72099999999998,4.0
