,danceability,energy,key,loudness,mode,speechiness,acousticness,instrumentalness,liveness,valence,tempo,time_signature
mean,0.6603600000000001,0.6823599999999997,5.44,-6.465940000000001,0.58,0.10207399999999998,0.17495806000000005,0.0692396,0.16989599999999996,0.5142460000000001,115.69489999999998,3.96
std,0.14913269806669852,0.20486538736149526,3.8447419700581382,2.9677503292451495,0.49856938190328975,0.09193837068428845,0.250655697913994,0.20162525639979556,0.16214615850635297,0.2191409789545142,24.7741721245975,0.19794866372215744
min,0.313,0.139,0.0,-15.102,0.0,0.0284,0.00025499999999999996,0.0,0.0409,0.0753,70.429,3.0
max,0.968,0.946,11.0,-1.68,1.0,0.431,0.897,0.897,0.9229999999999999,0.966,182.785,4.0
