,danceability,energy,key,loudness,mode,speechiness,acousticness,instrumentalness,liveness,valence,tempo,time_signature
mean,0.6580999999999999,0.6284399999999999,4.76,-7.16188,0.6,0.11738399999999995,0.18640486000000003,0.022908361,0.18325200000000003,0.44974399999999987,118.91063999999997,3.94
std,0.17270563017422896,0.17134892911892993,3.3108356427133656,2.88281181218785,0.49487165930539356,0.11611373797677334,0.23417227569427843,0.10848542754118742,0.12049008129217906,0.22045427695685885,28.516971800022272,0.23989793748209526
min,0.265,0.163,0.0,-14.860999999999999,0.0,0.0235,0.000813,0.0,0.0215,0.0834,54.747,3.0
max,0.927,0.956,11.0,-2.573,1.0,0.485,0.8909999999999999,0.703,0.585,0.9259999999999999,191.702,4.0
