,danceability,energy,key,loudness,mode,speechiness,acousticness,instrumentalness,liveness,valence,tempo,time_signature
mean,0.6938200000000001,0.6446799999999999,5.3,-6.35842,0.4,0.14277600000000001,0.25328916000000007,0.0388958444,0.18964400000000003,0.46407400000000004,113.63832000000004,4.02
std,0.1365772099792432,0.15505844059579602,3.7755929389721468,1.7551649273047867,0.49487165930539356,0.12020141355411826,0.2278022040391092,0.1476490850365535,0.14710162690036674,0.23996193474493116,24.764539605967045,0.14142135623730948
min,0.33399999999999996,0.185,0.0,-10.494000000000002,0.0,0.0302,0.00010800000000000001,0.0,0.044000000000000004,0.0793,75.028,4.0
max,0.9309999999999999,0.9079999999999999,11.0,-3.0439999999999996,1.0,0.46299999999999997,0.934,0.8809999999999999,0.753,0.882,171.945,5.0
