,danceability,energy,key,loudness,mode,speechiness,acousticness,instrumentalness,liveness,valence,tempo,time_signature
mean,0.69042,0.6208199999999999,4.4,-6.8763200000000015,0.56,0.115706,0.3053768800000001,0.0441589308,0.15871,0.49402600000000013,119.8915,3.94
std,0.16274019485181945,0.1829197091622442,3.562846832382835,2.725927608004591,0.5014265364224069,0.09623224969641234,0.27318323210873147,0.17043137677725406,0.12256571789893629,0.19860743025128844,22.414872068493693,0.3136356914300021
min,0.276,0.217,0.0,-15.662,0.0,0.03,0.00043099999999999996,0.0,0.0449,0.0703,64.247,3.0
max,0.91,0.9640000000000001,11.0,-1.746,1.0,0.369,0.9890000000000001,0.905,0.753,0.904,180.024,5.0
