,danceability,energy,key,loudness,mode,speechiness,acousticness,instrumentalness,liveness,valence,tempo,time_signature
mean,0.6909200000000003,0.6714599999999998,6.14,-6.2242799999999985,0.54,0.12377799999999999,0.19625719999999997,0.020576023200000005,0.196264,0.54301,113.30969999999999,4.04
std,0.14478539220487116,0.16785200113705606,4.015327775270301,2.848965326255145,0.5034574339058886,0.09858998229111954,0.22364854823292254,0.1116765585789591,0.1340720530619446,0.22111651951874073,22.748693134251173,0.19794866372215744
min,0.312,0.16399999999999998,0.0,-17.201,0.0,0.0288,0.00135,0.0,0.0637,0.0745,75.02199999999999,4.0
max,0.929,0.909,11.0,-1.401,1.0,0.392,0.9159999999999999,0.779,0.687,0.93,181.017,5.0
