,danceability,energy,key,loudness,mode,speechiness,acousticness,instrumentalness,liveness,valence,tempo,time_signature
mean,0.7412799999999998,0.6207600000000002,5.72,-6.678719999999999,0.44,0.14791600000000002,0.27988440000000003,0.039378424599999996,0.15700399999999998,0.5115859999999999,123.88279999999997,3.96
std,0.11473590616396118,0.16736402461309863,4.120828131552677,2.610668254743703,0.5014265364224069,0.11372382293099724,0.2763468413248179,0.16285791204380562,0.09414026001186762,0.20399476384836704,30.53579090316203,0.49321932861805895
min,0.359,0.218,0.0,-15.177,0.0,0.0334,0.000292,0.0,0.0699,0.0503,46.66,1.0
max,0.9279999999999999,0.9590000000000001,11.0,-1.339,1.0,0.499,0.851,0.7879999999999999,0.452,0.9620000000000001,189.857,5.0
