,danceability,energy,key,loudness,mode,speechiness,acousticness,instrumentalness,liveness,valence,tempo,time_signature
mean,0.7245400000000002,0.551087,5.7,-8.641539999999999,0.4,0.128416,0.3616603660000001,0.1060543496,0.13554599999999997,0.45642800000000006,120.64504000000001,4.0
std,0.13692754079647904,0.19365180008068553,3.615443067098219,4.423870266070243,0.4948716593053935,0.10899487230028347,0.3136849780772655,0.2764954927433952,0.07092752037776855,0.2421650415796328,23.556539107709803,0.20203050891044214
min,0.353,0.00755,0.0,-26.901999999999997,0.0,0.0283,9.03e-05,0.0,0.0699,0.0489,46.66,3.0
max,0.9690000000000001,0.875,11.0,-4.258,1.0,0.46399999999999997,0.993,0.953,0.46,0.951,173.69,5.0
