,danceability,energy,key,loudness,mode,speechiness,acousticness,instrumentalness,liveness,valence,tempo,time_signature
mean,0.7004399999999998,0.5714619999999999,6.32,-7.7988800000000005,0.34,0.116298,0.26751020000000003,0.0590144168,0.15828799999999998,0.48173399999999994,121.10022000000005,3.86
std,0.1641624581110469,0.20231126441749128,3.389298886019866,4.556572582500124,0.4785181206984064,0.10523790247989243,0.28072698862083506,0.19727026999301514,0.09656516598459639,0.2202579245117053,28.765064648213784,0.6391959234627743
min,0.12,0.018000000000000002,0.0,-30.883000000000003,0.0,0.0259,0.000292,0.0,0.0469,0.0388,46.66,1.0
max,0.941,0.922,11.0,-2.642,1.0,0.46399999999999997,0.977,0.863,0.521,0.9440000000000001,180.05900000000003,5.0
