,danceability,energy,key,loudness,mode,speechiness,acousticness,instrumentalness,liveness,valence,tempo,time_signature
mean,0.6922799999999999,0.64526,5.74,-6.679880000000001,0.52,0.142774,0.3050542,0.07762430960000001,0.139274,0.5051400000000001,127.51539999999999,3.94
std,0.1273045584896507,0.18632217106015972,3.7623809222461295,2.513133978416071,0.5046720495044485,0.1365887135057024,0.23906642589917154,0.23804209567492388,0.0782019098101778,0.21028541343146182,30.69223661861516,0.23989793748209526
min,0.363,0.146,0.0,-14.562000000000001,0.0,0.0289,0.0001,0.0,0.0271,0.0793,80.036,3.0
max,0.9059999999999999,0.98,11.0,-2.533,1.0,0.654,0.868,0.945,0.395,0.9159999999999999,191.91099999999997,4.0
