,danceability,energy,key,loudness,mode,speechiness,acousticness,instrumentalness,liveness,valence,tempo,time_signature
mean,0.6940000000000002,0.6013199999999999,5.4,-7.1159799999999995,0.5,0.143662,0.2714403820000001,0.0121304208,0.15892,0.39901600000000004,125.68631999999997,3.94
std,0.16850349720830302,0.1596189902261517,3.6533462435841204,2.1354104943040046,0.5050762722761054,0.12046541359854863,0.2380144028097714,0.08239797836268424,0.11085170089735535,0.22796965458640525,26.26153765291572,0.2398979374820953
min,0.225,0.217,0.0,-15.372,0.0,0.033,7.01e-05,0.0,0.0294,0.0573,80.53,3.0
max,0.9359999999999999,0.951,11.0,-3.8280000000000003,1.0,0.447,0.853,0.583,0.557,0.917,191.972,4.0
