,danceability,energy,key,loudness,mode,speechiness,acousticness,instrumentalness,liveness,valence,tempo,time_signature
mean,0.74578,0.6636200000000001,5.74,-6.515679999999999,0.48,0.16049999999999998,0.20982652,0.000161703,0.14885999999999996,0.58648,123.33614000000003,4.0
std,0.1150952205607095,0.1364557026126435,3.6634432336984033,2.2155906794296434,0.5046720495044484,0.12744870116470952,0.2138004113592805,0.0005489461703963854,0.11127971925902469,0.19564276482551413,33.58053855727044,0.20203050891044214
min,0.442,0.307,0.0,-13.970999999999998,0.0,0.0287,0.000143,0.0,0.0302,0.182,71.975,3.0
max,0.978,0.938,11.0,-3.6010000000000004,1.0,0.6609999999999999,0.9159999999999999,0.00297,0.652,0.97,197.96200000000002,5.0
