,danceability,energy,key,loudness,mode,speechiness,acousticness,instrumentalness,liveness,valence,tempo,time_signature
mean,0.6346,0.63176,4.84,-7.152460000000001,0.5,0.099506,0.2728075579999999,0.07481855020000001,0.14723799999999998,0.3946400000000001,130.96611999999996,3.98
std,0.17048119173297052,0.1650392111726477,3.6160639329728315,2.373882295192533,0.5050762722761054,0.07799658655534686,0.2751318200133655,0.223887993549339,0.08507798796830289,0.22614070479979262,25.58318512077966,0.2466096643090295
min,0.258,0.26899999999999996,0.0,-13.582,0.0,0.0299,3.929999999999999e-05,0.0,0.0285,0.0383,91.835,3.0
max,0.9390000000000001,0.9840000000000001,11.0,-2.4730000000000003,1.0,0.341,0.9490000000000001,0.88,0.45399999999999996,0.862,196.00400000000002,5.0
