,danceability,energy,key,loudness,mode,speechiness,acousticness,instrumentalness,liveness,valence,tempo,time_signature
mean,0.6605800000000001,0.6658000000000002,5.38,-6.221600000000002,0.6,0.13632600000000003,0.18064006,0.0158051252,0.22332199999999996,0.49659800000000004,116.315,3.98
std,0.14875854837381855,0.1552437188581166,3.544987838556037,2.0492794253750044,0.4948716593053935,0.11719158883587828,0.1838693654183961,0.08089280821277355,0.17537222372160657,0.22743144873449098,27.944956532294633,0.14142135623730936
min,0.255,0.299,0.0,-11.485,0.0,0.0268,0.000813,0.0,0.0548,0.0959,63.553000000000004,3.0
max,0.943,0.961,11.0,-2.384,1.0,0.485,0.77,0.542,0.784,0.938,180.607,4.0
