,danceability,energy,key,loudness,mode,speechiness,acousticness,instrumentalness,liveness,valence,tempo,time_signature
mean,0.73398,0.6426799999999999,6.14,-6.249379999999999,0.4,0.144614,0.2235564,0.0033694572000000002,0.140268,0.53732,118.16805999999997,4.04
std,0.12608298045011335,0.15591617842250224,3.9435299632979293,2.7906023261025528,0.49487165930539356,0.12556739146768955,0.22597460713188142,0.022900822857457,0.10229171458856966,0.21063067978171207,28.099049076371358,0.1979486637221575
min,0.42100000000000004,0.317,0.0,-14.505,0.0,0.0295,0.00915,0.0,0.0537,0.13699999999999998,78.6,4.0
max,0.9279999999999999,0.887,11.0,-2.6519999999999997,1.0,0.588,0.753,0.162,0.7040000000000001,0.898,202.00599999999997,5.0
