,danceability,energy,key,loudness,mode,speechiness,acousticness,instrumentalness,liveness,valence,tempo,time_signature
mean,0.7343400000000002,0.6556399999999998,5.9,-6.1216800000000005,0.46,0.12399199999999996,0.2356344,0.0107999876,0.14493,0.54448,120.17209999999999,4.02
std,0.13228318572097436,0.16215736373117595,3.8292643296229163,2.6255249305265274,0.5034574339058886,0.08996648772896335,0.220947063427844,0.055613839338480985,0.10618082814381381,0.2087477962733489,28.794711906982545,0.24660966430902953
min,0.248,0.317,0.0,-14.505,0.0,0.0308,0.00463,0.0,0.0537,0.13699999999999998,79.648,3.0
max,0.927,0.937,11.0,-2.6519999999999997,1.0,0.33399999999999996,0.753,0.36200000000000004,0.7040000000000001,0.898,202.00599999999997,5.0
