,danceability,energy,key,loudness,mode,speechiness,acousticness,instrumentalness,liveness,valence,tempo,time_signature
mean,0.6739000000000002,0.6920599999999998,6.1,-5.76348,0.46,0.107998,0.19896835200000001,0.019684338200000002,0.18478999999999995,0.5160999999999999,112.89179999999999,3.96
std,0.16652170907072972,0.17115089535141742,3.7375644148431784,1.8935009173701587,0.5034574339058886,0.10042737550598647,0.21640216504132,0.10015537741498749,0.1302769518513289,0.21820223254062798,21.706660627370507,0.44994330708638924
min,0.312,0.22,0.0,-12.614,0.0,0.0288,8.759999999999999e-05,0.0,0.0564,0.109,71.855,1.0
max,0.9570000000000001,0.9420000000000001,11.0,-2.544,1.0,0.428,0.826,0.7020000000000001,0.645,0.924,170.745,5.0
