,danceability,energy,key,loudness,mode,speechiness,acousticness,instrumentalness,liveness,valence,tempo,time_signature
mean,0.74316,0.6237399999999999,6.28,-7.2609,0.54,0.150854,0.2328494600000001,0.040896267800000004,0.146196,0.54684,121.39182000000001,3.98
std,0.11804951572651755,0.14005637494689524,3.476099150789926,2.730057652452469,0.5034574339058886,0.14989785666464034,0.22657751479099975,0.1476466719727281,0.10507085453858929,0.20853251691821326,28.255628322614143,0.14142135623730934
min,0.297,0.307,0.0,-15.243,0.0,0.0287,0.000143,0.0,0.0425,0.182,75.046,3.0
max,0.978,0.972,11.0,-2.986,1.0,0.902,0.9159999999999999,0.7859999999999999,0.519,0.97,204.077,4.0
