,danceability,energy,key,loudness,mode,speechiness,acousticness,instrumentalness,liveness,valence,tempo,time_signature
mean,0.6652999999999998,0.644666,4.94,-7.0189200000000005,0.56,0.10407399999999999,0.24745958,0.06452967700000001,0.14601999999999998,0.483512,123.31100000000002,3.98
std,0.14924343215303085,0.2034878280569797,3.425057723333034,4.0804029855005295,0.5014265364224069,0.08816927784155908,0.24974831456995716,0.22672210259188738,0.09399191020334394,0.23492257573029274,30.696649955488564,0.14142135623730945
min,0.272,0.0153,0.0,-26.985,0.0,0.0286,0.000146,0.0,0.045,0.047,66.752,3.0
max,0.9109999999999999,0.951,11.0,-3.083,1.0,0.369,0.9940000000000001,0.966,0.511,0.927,190.08900000000003,4.0
