,danceability,energy,key,loudness,mode,speechiness,acousticness,instrumentalness,liveness,valence,tempo,time_signature
mean,0.7193599999999997,0.6837399999999997,5.26,-6.0476,0.36,0.12322200000000003,0.26394130800000004,0.038251235,0.13866599999999998,0.53768,116.83904000000001,3.98
std,0.11171150160944365,0.1366372838830558,3.60164361572517,2.4714273575554415,0.4848732213850611,0.1047129629423371,0.25042304703105644,0.14709526671090073,0.09120787562217532,0.20778328977616098,27.86931612625804,0.2466096643090295
min,0.456,0.33,0.0,-16.039,0.0,0.0295,5.539999999999999e-05,0.0,0.0435,0.107,75.445,3.0
max,0.9079999999999999,0.9790000000000001,11.0,-2.6519999999999997,1.0,0.426,0.993,0.893,0.444,0.9520000000000001,188.12400000000002,5.0
