,danceability,energy,key,loudness,mode,speechiness,acousticness,instrumentalness,liveness,valence,tempo,time_signature
mean,0.7455200000000001,0.6734288,5.68,-6.40402,0.32,0.15424,0.23153680000000004,0.03861872399999999,0.15274799999999997,0.5803159999999999,115.03081999999999,4.06
std,0.12783347586223415,0.1571923818146777,3.513472612091685,3.3205203949786832,0.47121207149916117,0.13692615617513682,0.24189638761372903,0.18784557356105613,0.10268091498443523,0.23041603221573112,27.332253865627365,0.23989793748209526
min,0.456,0.008440000000000001,0.0,-23.823,0.0,0.0295,0.00128,0.0,0.0537,0.0628,75.445,4.0
max,0.966,0.888,11.0,-2.0380000000000003,1.0,0.489,0.996,0.9590000000000001,0.637,0.9520000000000001,181.93400000000003,5.0
