,danceability,energy,key,loudness,mode,speechiness,acousticness,instrumentalness,liveness,valence,tempo,time_signature
mean,0.6627399999999999,0.64604,5.68,-6.495500000000002,0.6,0.13361199999999995,0.19882776000000002,0.0054297198000000015,0.175328,0.444682,124.76577999999999,3.92
std,0.14653491747981545,0.1437208121210519,3.5938723359834217,1.8413670193636031,0.49487165930539356,0.10565846912557073,0.2247015852106658,0.0364571062792475,0.11792433762409535,0.20886806077580383,31.856179513487024,0.4444671196029727
min,0.349,0.256,0.0,-11.216,0.0,0.0258,0.0007379999999999999,0.0,0.0653,0.0793,71.91199999999999,1.0
max,0.9209999999999999,0.925,11.0,-2.313,1.0,0.39399999999999996,0.86,0.258,0.503,0.855,189.99200000000002,4.0
