,danceability,energy,key,loudness,mode,speechiness,acousticness,instrumentalness,liveness,valence,tempo,time_signature
mean,0.5831879999999999,0.580122,4.46,-8.5912,0.54,0.13554600000000003,0.2892068,0.11652827000000002,0.166574,0.3758419999999998,113.70394,4.02
std,0.22228451766111992,0.23171162345661028,3.648930511471961,5.615958769253847,0.5034574339058886,0.14578251513253349,0.33429958927517545,0.25858011714529505,0.15065035178809755,0.28258265187158166,27.34162838141406,0.2466096643090295
min,0.0783,0.0122,0.0,-32.654,0.0,0.0262,0.00175,0.0,0.040999999999999995,0.0358,71.821,3.0
max,0.897,0.9259999999999999,11.0,-3.073,1.0,0.5529999999999999,0.988,0.9520000000000001,0.879,0.9640000000000001,176.705,5.0
