,danceability,energy,key,loudness,mode,speechiness,acousticness,instrumentalness,liveness,valence,tempo,time_signature
mean,0.69586,0.6646400000000001,5.2,-6.265980000000001,0.36,0.14401999999999998,0.2426376,0.024852922399999998,0.181768,0.45090800000000003,115.76174000000005,4.02
std,0.1346940615026573,0.1515728100112084,3.7142857142857153,1.8584968634432963,0.4848732213850611,0.14507131673344498,0.22849288300049422,0.11576567236718614,0.10512113797414671,0.20319930584004847,25.524002763153536,0.2466096643090295
min,0.353,0.308,0.0,-10.068,0.0,0.0252,0.00759,0.0,0.0525,0.0954,59.521,3.0
max,0.888,0.976,11.0,-1.808,1.0,0.733,0.883,0.779,0.446,0.868,191.153,5.0
