,danceability,energy,key,loudness,mode,speechiness,acousticness,instrumentalness,liveness,valence,tempo,time_signature
mean,0.69592,0.6681200000000002,5.34,-6.06938,0.46,0.12822799999999998,0.21978799999999993,0.0010782086,0.14527799999999996,0.48294,125.71073999999997,4.0
std,0.12251361273802372,0.12598617352061833,3.8840857932053443,1.5626645466337687,0.5034574339058886,0.11345448793526444,0.19651759432058752,0.005524418253440538,0.0896520195431384,0.2062128294272889,29.98101572172848,0.20203050891044214
min,0.382,0.381,0.0,-10.033,0.0,0.0253,0.00281,0.0,0.0482,0.153,80.997,3.0
max,0.912,0.922,11.0,-2.867,1.0,0.505,0.733,0.0384,0.462,0.9359999999999999,193.97099999999998,5.0
