,danceability,energy,key,loudness,mode,speechiness,acousticness,instrumentalness,liveness,valence,tempo,time_signature
mean,0.66354,0.6024599999999999,5.42,-6.8716599999999985,0.48,0.11070999999999995,0.24147934000000004,0.0271199354,0.17728999999999995,0.48157799999999995,118.49447999999998,4.0
std,0.15133773690737184,0.1516287369780248,3.897094679216237,2.667627193073367,0.5046720495044485,0.1241417347475153,0.2168196743119009,0.11105185791924381,0.15385886356644907,0.20252916674808463,33.946284171175556,0.20203050891044214
min,0.214,0.321,0.0,-14.288,0.0,0.0287,0.00034700000000000003,0.0,0.049,0.0369,60.02,3.0
max,0.97,0.9690000000000001,11.0,-2.15,1.0,0.6609999999999999,0.8690000000000001,0.6809999999999999,0.889,0.855,204.077,5.0
