,danceability,energy,key,loudness,mode,speechiness,acousticness,instrumentalness,liveness,valence,tempo,time_signature
mean,0.6553200000000001,0.6559000000000001,5.74,-6.491780000000001,0.52,0.106442,0.23772714000000014,0.034783594,0.18775400000000006,0.44082,115.46717999999998,4.0
std,0.13800583247065457,0.15608530503855766,3.988810881064425,2.932102187224472,0.5046720495044485,0.09458296668933104,0.24540209217294287,0.16219449317987988,0.10690665432411355,0.1777405458319881,23.099628435645837,0.2857142857142857
min,0.271,0.222,0.0,-22.303,0.0,0.0287,0.00047699999999999994,0.0,0.0786,0.115,79.992,3.0
max,0.904,0.9640000000000001,11.0,-2.7489999999999997,1.0,0.365,0.898,0.925,0.5429999999999999,0.9620000000000001,178.929,5.0
