,danceability,energy,key,loudness,mode,speechiness,acousticness,instrumentalness,liveness,valence,tempo,time_signature
mean,0.6851,0.5753400000000001,5.88,-6.661119999999998,0.3,0.10780799999999996,0.35121539999999996,0.0036789575999999994,0.18506400000000003,0.4704400000000002,121.41252,3.92
std,0.15813340402769982,0.16045796830272013,3.572228481848636,2.0940151027660345,0.46291004988627565,0.10950502334950443,0.2867408145119553,0.017078221077127177,0.1792395043009236,0.20385961155778207,24.19814694814629,0.4444671196029719
min,0.298,0.225,0.0,-11.584000000000001,0.0,0.0271,0.00268,0.0,0.057,0.109,74.954,1.0
max,0.9490000000000001,0.885,11.0,-2.6439999999999997,1.0,0.457,0.976,0.0883,0.978,0.884,182.87,4.0
