,danceability,energy,key,loudness,mode,speechiness,acousticness,instrumentalness,liveness,valence,tempo,time_signature
mean,0.6620199999999998,0.61436,5.78,-6.93154,0.48,0.107072,0.24813202000000006,0.012861842399999998,0.2276640000000001,0.5064780000000001,125.60438000000002,3.96
std,0.14746213488380602,0.18260638610108346,3.5759400077148267,3.1966604717793747,0.5046720495044485,0.08697613099733345,0.26088718009495515,0.05547862807746699,0.22083190186572374,0.23003712680826996,24.96553584353226,0.28284271247461895
min,0.316,0.10400000000000001,0.0,-15.359000000000002,0.0,0.0287,0.000811,0.0,0.0419,0.0702,82.459,3.0
max,0.861,0.937,11.0,-2.133,1.0,0.32299999999999995,0.9790000000000001,0.298,0.902,0.9620000000000001,177.916,5.0
