,danceability,energy,key,loudness,mode,speechiness,acousticness,instrumentalness,liveness,valence,tempo,time_signature
mean,0.66524,0.6445999999999998,5.28,-5.936080000000001,0.5,0.089228,0.32428900000000005,0.035283161199999996,0.19128,0.5132199999999999,129.14292,4.0
std,0.12047381966423164,0.18632350624543279,3.5227540246754874,1.9545101880271796,0.5050762722761054,0.0833985538953568,0.2604474421048891,0.16176225851814072,0.18328447165818607,0.16691123022586046,27.51322766459947,0.0
min,0.363,0.13,0.0,-10.029,0.0,0.0255,0.00182,0.0,0.064,0.142,82.014,4.0
max,0.9009999999999999,0.977,11.0,-2.293,1.0,0.442,0.945,0.9179999999999999,0.88,0.856,180.021,4.0
