,danceability,energy,key,loudness,mode,speechiness,acousticness,instrumentalness,liveness,valence,tempo,time_signature
mean,0.6674400000000001,0.66924,4.7,-6.181819999999998,0.6,0.12113,0.19835313999999996,0.0175795388,0.1939600000000001,0.422466,124.84406000000003,4.04
std,0.12470162920559864,0.16015955819629576,3.4714579657779625,2.086616416349587,0.49487165930539356,0.10298258669923428,0.22776210087595558,0.08361987076113002,0.130501165840441,0.2208993968173877,28.639242147658955,0.19794866372215744
min,0.41100000000000003,0.317,0.0,-12.39,0.0,0.0275,0.000837,0.0,0.0586,0.0363,71.944,4.0
max,0.9359999999999999,0.9159999999999999,11.0,-2.7289999999999996,1.0,0.46299999999999997,0.8,0.5589999999999999,0.6609999999999999,0.904,181.995,5.0
