,danceability,energy,key,loudness,mode,speechiness,acousticness,instrumentalness,liveness,valence,tempo,time_signature
mean,0.6747200000000001,0.58462,5.6,-6.9336199999999995,0.36,0.10672799999999999,0.27070521999999997,0.0456951186,0.21131600000000006,0.45693399999999973,120.55976000000003,4.02
std,0.1707240331945215,0.15094773930072616,3.752550153303914,2.180602368472472,0.4848732213850611,0.09355123454938628,0.28832951870933143,0.18230996712107814,0.17402810511934144,0.21211008271120707,25.502037081946607,0.3187987657774485
min,0.228,0.204,0.0,-14.454,0.0,0.027000000000000003,0.0005809999999999999,0.0,0.0692,0.0987,74.91199999999999,3.0
max,0.934,0.985,11.0,-3.091,1.0,0.426,0.9259999999999999,0.82,0.79,0.938,181.857,5.0
