,danceability,energy,key,loudness,mode,speechiness,acousticness,instrumentalness,liveness,valence,tempo,time_signature
mean,0.62612,0.5997944000000001,4.8,-7.3560599999999985,0.46,0.11063000000000002,0.27741676000000004,0.003054271,0.144058,0.4772319999999998,117.46783999999998,3.98
std,0.15972791150667975,0.19920451109718726,4.160062793874583,4.6714506701530585,0.5034574339058886,0.11405640969203235,0.2602712469194444,0.018538103949756475,0.08963747187011303,0.21372847970435452,31.418459244208652,0.3187987657774485
min,0.25,0.00872,0.0,-24.281999999999996,0.0,0.0305,0.000375,0.0,0.0566,0.0423,69.139,3.0
max,0.9079999999999999,0.917,11.0,-1.865,1.0,0.426,0.862,0.13,0.413,0.9,192.128,5.0
