,danceability,energy,key,loudness,mode,speechiness,acousticness,instrumentalness,liveness,valence,tempo,time_signature
mean,0.6753199999999999,0.68146,5.38,-5.267919999999998,0.46,0.16838199999999998,0.171833224,0.0033897586000000003,0.212806,0.502832,125.69051999999998,4.0
std,0.13938398584559158,0.17769972494322542,3.5218849313099025,2.2119191578392567,0.5034574339058886,0.14543271772085353,0.1982038877047063,0.013040314731901875,0.14012480211349787,0.21417968561610193,34.84246419519534,0.0
min,0.331,0.308,0.0,-11.833,0.0,0.0287,3.12e-05,0.0,0.0541,0.04,77.47800000000001,4.0
max,0.9640000000000001,0.955,11.0,0.175,1.0,0.53,0.8220000000000001,0.0816,0.628,0.902,203.92700000000002,4.0
