,danceability,energy,key,loudness,mode,speechiness,acousticness,instrumentalness,liveness,valence,tempo,time_signature
mean,0.6984400000000001,0.6393599999999999,6.5,-6.851559999999995,0.34,0.12130999999999997,0.29109419999999997,0.022123581000000003,0.18638600000000005,0.5193059999999999,121.37863999999999,3.98
std,0.14211739326833908,0.16172422483338472,3.6323377528831773,2.9706692309982947,0.4785181206984064,0.09382054135205062,0.2693520102787126,0.1329085974725437,0.14806387481249367,0.2420524655642125,30.178585180561534,0.1414213562373095
min,0.324,0.292,0.0,-15.175999999999998,0.0,0.0293,0.00213,0.0,0.0574,0.0793,73.51,3.0
max,0.9359999999999999,0.955,11.0,-2.6519999999999997,1.0,0.39799999999999996,0.804,0.93,0.841,0.982,202.00599999999997,4.0
