,danceability,energy,key,loudness,mode,speechiness,acousticness,instrumentalness,liveness,valence,tempo,time_signature
mean,0.67972,0.6541199999999999,4.56,-5.979959999999998,0.46,0.083752,0.30446020000000007,0.041717655599999987,0.16698400000000008,0.48516,122.16288,3.94
std,0.1416154666982504,0.17172351294438157,3.351271461425241,1.7514993339235656,0.5034574339058886,0.06719962718555478,0.26087888684598454,0.16512298353912663,0.10892185995249166,0.19799983096261592,25.824435370985444,0.2398979374820953
min,0.275,0.385,0.0,-11.503,0.0,0.0279,0.0001,0.0,0.0422,0.102,76.503,3.0
max,0.9009999999999999,0.9640000000000001,11.0,-2.293,1.0,0.336,0.9129999999999999,0.7509999999999999,0.514,0.9129999999999999,191.97099999999998,4.0
