,danceability,energy,key,loudness,mode,speechiness,acousticness,instrumentalness,liveness,valence,tempo,time_signature
mean,0.6658599999999999,0.68294,5.26,-5.826060000000001,0.5,0.12233199999999998,0.223560328,0.0369028612,0.19893199999999997,0.48351999999999995,125.02212000000002,3.98
std,0.1645471224610266,0.1794123525426774,3.5617583366898424,2.3554087509563244,0.5050762722761054,0.11052571672304529,0.21413497173852947,0.15490546237878838,0.1526282323898465,0.22042077016099762,30.205066014907135,0.24660966430902947
min,0.18899999999999997,0.308,0.0,-12.173,0.0,0.0272,3.64e-05,0.0,0.054000000000000006,0.121,80.85600000000001,3.0
max,0.925,0.977,11.0,0.175,1.0,0.46299999999999997,0.841,0.9520000000000001,0.698,0.8809999999999999,199.669,5.0
