,danceability,energy,key,loudness,mode,speechiness,acousticness,instrumentalness,liveness,valence,tempo,time_signature
mean,0.6782399999999998,0.5813600000000001,5.52,-7.0416599999999985,0.54,0.10973000000000002,0.32377486,0.0008180840000000002,0.17675199999999996,0.5243700000000001,121.65539999999999,3.96
std,0.12978704064107227,0.1755091438980794,3.6602665231384663,2.9018052903779235,0.5034574339058886,0.089823112452265,0.297061524874178,0.003818803501812191,0.09990112099226017,0.19607278974286824,23.83179996884629,0.4499433070863892
min,0.413,0.128,0.0,-18.717,0.0,0.0271,0.000713,0.0,0.0574,0.0895,75.801,1.0
max,0.934,0.961,11.0,-2.918,1.0,0.36700000000000005,0.907,0.026000000000000002,0.46,0.895,183.96099999999998,5.0
