,danceability,energy,key,loudness,mode,speechiness,acousticness,instrumentalness,liveness,valence,tempo,time_signature
mean,0.6732000000000002,0.65604,4.96,-5.744460000000001,0.54,0.129324,0.21126359999999994,0.0172013468,0.18080400000000002,0.413832,129.32446,3.92
std,0.14679376064147037,0.14723879812559387,3.70305995917221,1.5243625125920401,0.5034574339058886,0.11798323568219686,0.2224910466142631,0.11888713502016714,0.11138210562321592,0.2546318786974239,27.833171304501295,0.5283783431116263
min,0.376,0.184,0.0,-10.865,0.0,0.0275,0.00146,0.0,0.047,0.0564,85.07700000000001,1.0
max,0.9309999999999999,0.9570000000000001,11.0,-2.574,1.0,0.45799999999999996,0.955,0.841,0.55,0.9420000000000001,204.359,5.0
