,danceability,energy,key,loudness,mode,speechiness,acousticness,instrumentalness,liveness,valence,tempo,time_signature
mean,0.6988600000000001,0.62668,5.2,-6.340419999999998,0.52,0.10997600000000003,0.24214207999999995,0.0004396382,0.179294,0.515608,124.61655999999999,3.96
std,0.13214478917506525,0.18339802148800374,3.7197761617975815,2.2152305273690494,0.5046720495044484,0.11500685615764523,0.24226765124209385,0.0023208681078764307,0.16893286966443577,0.20250461807785308,27.68108546603545,0.19794866372215747
min,0.35100000000000003,0.13,0.0,-15.359000000000002,0.0,0.0243,0.000254,0.0,0.0618,0.0727,74.96300000000001,3.0
max,0.9420000000000001,0.872,11.0,-2.806,1.0,0.565,0.945,0.0164,0.968,0.885,190.08900000000003,4.0
