,danceability,energy,key,loudness,mode,speechiness,acousticness,instrumentalness,liveness,valence,tempo,time_signature
mean,0.6956599999999998,0.6115799999999999,4.88,-6.762919999999998,0.46,0.10971199999999998,0.29033311360000014,0.036042524400000005,0.15543200000000001,0.5226680000000001,125.52587999999997,4.04
std,0.13485027373546785,0.19251367192371302,3.6569196360447678,2.8126388498333443,0.5034574339058886,0.10967150326575921,0.26722455956461044,0.16640950770976237,0.11756623914949015,0.18216932406025835,29.54589269472431,0.19794866372215744
min,0.363,0.175,0.0,-15.359000000000002,0.0,0.0241,7.1e-06,0.0,0.0317,0.0727,74.96300000000001,4.0
max,0.9009999999999999,0.971,11.0,-2.9739999999999998,1.0,0.5720000000000001,0.89,0.938,0.625,0.9620000000000001,179.945,5.0
