,danceability,energy,key,loudness,mode,speechiness,acousticness,instrumentalness,liveness,valence,tempo,time_signature
mean,0.6600800000000001,0.6557399999999999,5.4,-6.12284,0.58,0.11138599999999994,0.24070356,0.021305123999999998,0.183066,0.4431159999999999,123.28476,3.98
std,0.12552336801714392,0.13918902284890375,3.725258517258657,1.8011491157432962,0.49856938190328975,0.10437192524616876,0.25278851278838127,0.08621016041166267,0.15135417392085793,0.2207399627782585,29.961880502520984,0.24660966430902945
min,0.382,0.387,0.0,-12.173,0.0,0.0253,0.000718,0.0,0.0555,0.0577,75.235,3.0
max,0.9309999999999999,0.937,11.0,-2.195,1.0,0.41200000000000003,0.821,0.5589999999999999,0.867,0.904,189.83700000000002,5.0
