,danceability,energy,key,loudness,mode,speechiness,acousticness,instrumentalness,liveness,valence,tempo,time_signature
mean,0.5956599999999999,0.44309560000000003,5.48,-11.728600000000002,0.6,0.11787999999999998,0.42229200000000006,0.020722987000000002,0.15337999999999996,0.42490000000000017,109.6642,3.96
std,0.20521890850543778,0.2894643015962629,3.79172030312665,8.02347215794931,0.49487165930539356,0.11804893658382287,0.31033113114075755,0.12720842575764946,0.13814267986397255,0.26860384910701124,29.44113597866573,0.40203563655629376
min,0.192,0.00646,0.0,-25.416999999999998,0.0,0.0324,0.0204,0.0,0.044000000000000004,0.0333,58.946999999999996,3.0
max,0.9179999999999999,0.8370000000000001,11.0,-1.865,1.0,0.467,0.93,0.893,0.795,0.9,183.209,5.0
