,danceability,energy,key,loudness,mode,speechiness,acousticness,instrumentalness,liveness,valence,tempo,time_signature
mean,0.6347240000000001,0.6287799999999998,5.34,-7.013140000000001,0.46,0.11968399999999997,0.26172931800000004,0.0687236826,0.190424,0.4998040000000002,127.58103999999997,3.92
std,0.17289807255686096,0.20572086199805914,3.6678971342930407,2.996441263450049,0.5034574339058886,0.11294779245478047,0.29203193434703073,0.2302906665630021,0.14942816656596336,0.23230504308967972,28.677810166704695,0.5283783431116262
min,0.0882,0.11599999999999999,0.0,-15.558,0.0,0.0256,6.890000000000001e-05,0.0,0.0349,0.0785,76.98,1.0
max,0.943,0.99,11.0,-2.384,1.0,0.506,0.9590000000000001,0.972,0.784,0.965,199.75599999999997,5.0
