,danceability,energy,key,loudness,mode,speechiness,acousticness,instrumentalness,liveness,valence,tempo,time_signature
mean,0.7116399999999998,0.6147600000000001,4.92,-7.066339999999998,0.64,0.11985200000000001,0.25613983999999995,0.050775752,0.16140400000000002,0.459654,127.38776,3.98
std,0.14835324088685306,0.1764103009625977,3.498337797717478,2.8289426928787087,0.4848732213850611,0.09854305852607514,0.25073005064243403,0.18436236593467475,0.11853245135611509,0.24883296849124162,27.608672539073588,0.14142135623730945
min,0.237,0.08,0.0,-19.292,0.0,0.0295,0.000732,0.0,0.047,0.0454,75.089,3.0
max,0.9159999999999999,0.9620000000000001,11.0,-1.787,1.0,0.461,0.9,0.897,0.6609999999999999,0.92,191.485,4.0
