,danceability,energy,key,loudness,mode,speechiness,acousticness,instrumentalness,liveness,valence,tempo,time_signature
mean,0.60618,0.61918,5.44,-7.316680000000002,0.46,0.14396000000000003,0.260436,0.037845618,0.20089199999999996,0.37315200000000004,121.05861999999999,4.0
std,0.1624348773747655,0.18117571693845524,3.7642789373753036,3.3196964665770397,0.5034574339058886,0.15151993874317235,0.30060196710566606,0.12172047960584052,0.16059603629439115,0.1989441006916264,29.936956834757304,0.2857142857142857
min,0.161,0.177,0.0,-21.028000000000002,0.0,0.0259,4.1e-05,0.0,0.036000000000000004,0.059000000000000004,72.792,3.0
max,0.907,0.981,11.0,-2.2769999999999997,1.0,0.765,0.9690000000000001,0.546,0.8740000000000001,0.958,178.88099999999997,5.0
