,danceability,energy,key,loudness,mode,speechiness,acousticness,instrumentalness,liveness,valence,tempo,time_signature
mean,0.67048,0.5394399999999999,5.4,-7.805239999999998,0.5,0.12558600000000003,0.31188422,0.0193029138,0.14929400000000004,0.4049779999999999,126.33236000000001,3.98
std,0.14707408101403335,0.2064104243135655,3.2888184094918107,4.167253946117103,0.5050762722761054,0.1397530854830791,0.28700904782689624,0.13474181851920738,0.12080789339328145,0.20840779323631986,31.772407554778393,0.2466096643090295
min,0.319,0.0103,0.0,-24.27,0.0,0.0263,0.000371,0.0,0.0489,0.047,71.18,3.0
max,0.9640000000000001,0.9079999999999999,11.0,-1.2109999999999999,1.0,0.685,0.995,0.953,0.7340000000000001,0.97,178.893,5.0
