,danceability,energy,key,loudness,mode,speechiness,acousticness,instrumentalness,liveness,valence,tempo,time_signature
mean,0.64178,0.59106,5.96,-7.211160000000001,0.62,0.12029399999999998,0.380686,0.0792977192,0.23084599999999994,0.46693599999999996,125.90719999999997,4.0
std,0.15458480137557679,0.19402960115005385,3.422375353643211,4.065584569560065,0.49031435147801444,0.12195464431249739,0.28171049690678795,0.24292691647307055,0.22283813857614596,0.24161847456057578,30.900239749416645,0.20203050891044214
min,0.228,0.10400000000000001,0.0,-25.521,0.0,0.0289,0.00041600000000000003,0.0,0.0521,0.0383,69.709,3.0
max,0.861,0.978,11.0,-1.694,1.0,0.721,0.9790000000000001,0.9540000000000001,0.866,0.927,192.09900000000002,5.0
