,danceability,energy,key,loudness,mode,speechiness,acousticness,instrumentalness,liveness,valence,tempo,time_signature
mean,0.69798,0.6723,6.08,-5.786600000000002,0.58,0.105998,0.25818564,0.0160723924,0.17256,0.5170159999999998,118.29850000000002,4.02
std,0.11316549016049599,0.12857194444340952,3.5676551494372495,1.7288741765574922,0.49856938190328975,0.0934369884587731,0.21833791737848438,0.08366235967971014,0.15206836003077362,0.19951135342866774,27.22388979933107,0.14142135623730942
min,0.395,0.342,0.0,-8.765,0.0,0.0256,0.000252,0.0,0.0264,0.0388,78.072,4.0
max,0.8740000000000001,0.929,11.0,-1.746,1.0,0.484,0.838,0.574,0.807,0.848,184.09099999999998,5.0
