,danceability,energy,key,loudness,mode,speechiness,acousticness,instrumentalness,liveness,valence,tempo,time_signature
mean,0.6327600000000002,0.57884,5.72,-7.123240000000002,0.6,0.08607600000000001,0.27395764000000006,0.0056379008,0.18733,0.47328000000000003,115.22566000000002,4.04
std,0.13806883228657937,0.18654018115053245,3.8228101641358556,2.5966625798261482,0.49487165930539356,0.08450228003203371,0.29200039132282696,0.02701711652427317,0.14953742177195672,0.22802315761378986,32.09224007012872,0.19794866372215744
min,0.337,0.14300000000000002,0.0,-15.148,0.0,0.0241,0.000424,0.0,0.0217,0.0893,64.934,4.0
max,0.9209999999999999,0.972,11.0,-3.2439999999999998,1.0,0.484,0.976,0.179,0.723,0.938,189.99200000000002,5.0
