,danceability,energy,key,loudness,mode,speechiness,acousticness,instrumentalness,liveness,valence,tempo,time_signature
mean,0.65416,0.6340799999999998,5.84,-6.648319999999997,0.52,0.11453200000000002,0.281805353,0.07783275199999999,0.17604999999999996,0.442108,120.42818000000001,3.9
std,0.1718741067509256,0.18796339634978648,3.466221844826297,2.6579576895021626,0.5046720495044485,0.10454067158922661,0.2807522776635713,0.20039857996697907,0.15358824924492906,0.22852076209877317,27.318177070154704,0.3030457633656633
min,0.214,0.307,0.0,-13.343,0.0,0.0268,4.51e-06,0.0,0.0339,0.0482,64.01899999999999,3.0
max,0.9359999999999999,0.9740000000000001,11.0,-0.927,1.0,0.389,0.917,0.795,0.6970000000000001,0.937,180.043,4.0
