,danceability,energy,key,loudness,mode,speechiness,acousticness,instrumentalness,liveness,valence,tempo,time_signature
mean,0.7111200000000001,0.6298399999999998,5.7,-6.988639999999999,0.44,0.19276,0.2974462199999999,0.00074701,0.16126200000000004,0.5263560000000002,125.80132000000002,3.84
std,0.14334653886327925,0.15996534828850034,3.671456364541828,3.1261391377498584,0.5014265364224069,0.1476682119358345,0.22770685470786906,0.003505962471145639,0.14113101004357037,0.24369556548434498,31.238648232689485,0.6180945043652558
min,0.368,0.145,0.0,-16.241,0.0,0.0287,0.000941,0.0,0.0452,0.0478,72.57300000000001,1.0
max,0.927,0.934,11.0,-2.4859999999999998,1.0,0.652,0.907,0.0246,0.951,0.94,204.09599999999998,4.0
