,danceability,energy,key,loudness,mode,speechiness,acousticness,instrumentalness,liveness,valence,tempo,time_signature
mean,0.65878,0.5766200000000001,4.16,-6.902319999999999,0.58,0.14971,0.3689878000000001,0.0016740633999999999,0.16231600000000004,0.45788199999999996,120.09142000000003,4.02
std,0.1457231495903469,0.18184630087757392,3.813830898512542,2.63862580530248,0.4985693819032897,0.13873447146051543,0.29480450513192913,0.0066998908946052805,0.143339034887392,0.24185001060279365,30.050719559512874,0.14142135623730942
min,0.272,0.121,0.0,-15.133,0.0,0.0263,0.00175,0.0,0.0488,0.0385,74.03699999999999,4.0
max,0.9309999999999999,0.925,11.0,-1.41,1.0,0.5529999999999999,0.932,0.0346,0.879,0.9309999999999999,184.801,5.0
