,danceability,energy,key,loudness,mode,speechiness,acousticness,instrumentalness,liveness,valence,tempo,time_signature
mean,0.7099599999999999,0.5851600000000001,5.84,-7.455959999999999,0.44,0.16094799999999995,0.37598315999999987,0.034604470400000004,0.19262200000000004,0.5208559999999999,124.38638,3.82
std,0.14025821086227255,0.180959839946518,3.3707021009073506,3.0444986046095317,0.5014265364224069,0.1260671140338206,0.26916418396792086,0.1320464331660608,0.18736483050509795,0.23761240962576693,32.69740743819277,0.6288960200872896
min,0.368,0.145,0.0,-15.809000000000001,0.0,0.0287,0.0005480000000000001,0.0,0.0507,0.0478,72.57300000000001,1.0
max,0.95,0.934,11.0,-2.3819999999999997,1.0,0.556,0.907,0.7879999999999999,0.951,0.961,193.832,4.0
