,danceability,energy,key,loudness,mode,speechiness,acousticness,instrumentalness,liveness,valence,tempo,time_signature
mean,0.6244999999999998,0.6253639999999998,5.28,-6.980000000000001,0.72,0.08884,0.27097302000000006,0.0600847364,0.2125619999999999,0.4697840000000001,121.5072,3.98
std,0.15588342714074147,0.22433598231952287,3.344444067771051,3.5181625248161015,0.4535573676110727,0.07953223964441805,0.29952887287984953,0.19014781598864824,0.19209172754659878,0.2440072392368718,26.86611881845509,0.3187987657774485
min,0.303,0.0842,0.0,-19.49,0.0,0.0294,0.000521,0.0,0.0556,0.0862,57.967,3.0
max,0.96,0.9890000000000001,11.0,-2.178,1.0,0.41200000000000003,0.977,0.903,0.9229999999999999,0.96,189.891,5.0
