,danceability,energy,key,loudness,mode,speechiness,acousticness,instrumentalness,liveness,valence,tempo,time_signature
mean,0.59436,0.6251000000000001,5.26,-7.057199999999999,0.58,0.10291199999999998,0.24956424000000005,0.0108205424,0.16013399999999997,0.4322399999999999,118.48281999999999,3.94
std,0.17030174421195063,0.17784265574963065,2.8983457632355236,3.107928754469308,0.4985693819032897,0.09317876529575189,0.2757722405910992,0.061182590148909345,0.12360363017256705,0.23057057886194995,31.59302549271382,0.37307328163430264
min,0.265,0.158,0.0,-16.526,0.0,0.0235,0.000239,0.0,0.0215,0.0792,54.747,3.0
max,0.943,0.9620000000000001,11.0,-2.778,1.0,0.48200000000000004,0.966,0.431,0.742,0.9620000000000001,191.702,5.0
