,danceability,energy,key,loudness,mode,speechiness,acousticness,instrumentalness,liveness,valence,tempo,time_signature
mean,0.6331000000000002,0.5847800000000001,5.64,-7.570080000000002,0.58,0.11398800000000005,0.3474307199999999,0.021361230800000006,0.18636199999999994,0.42485599999999996,120.10292000000001,4.0
std,0.14659791601380917,0.2032724410886101,3.9058302835737284,3.348933091390786,0.49856938190328975,0.09898182607871787,0.32987358960681173,0.11153928950899548,0.15394555079041183,0.2271977733794313,24.030211956771144,0.20203050891044214
min,0.294,0.125,0.0,-18.652,0.0,0.0274,0.000739,0.0,0.0308,0.0789,75.548,3.0
max,0.9129999999999999,0.941,11.0,-2.687,1.0,0.34600000000000003,0.95,0.779,0.687,0.872,181.017,5.0
