,danceability,energy,key,loudness,mode,speechiness,acousticness,instrumentalness,liveness,valence,tempo,time_signature
mean,0.7056999999999998,0.6187199999999998,6.1,-6.462460000000001,0.56,0.14075800000000002,0.3017138,0.0035676538000000003,0.180212,0.57322,117.58630000000001,4.0
std,0.13372668593295897,0.14185995393560594,3.7101625466344434,2.5404052240634725,0.5014265364224069,0.11299115387082842,0.26126394167576816,0.022350229852173137,0.1670176962883555,0.1954886384297104,26.079305152451703,0.3499271061118826
min,0.293,0.26,0.0,-13.244000000000002,0.0,0.0296,0.00122,0.0,0.0197,0.129,75.801,3.0
max,0.907,0.871,11.0,-1.406,1.0,0.484,0.888,0.158,0.9229999999999999,0.963,173.997,5.0
