,danceability,energy,key,loudness,mode,speechiness,acousticness,instrumentalness,liveness,valence,tempo,time_signature
mean,0.6884799999999999,0.6154800000000001,4.82,-7.1258799999999995,0.66,0.156906,0.23509589599999994,0.0129810742,0.17158400000000004,0.46249799999999974,122.18366000000002,3.98
std,0.14080587881975695,0.17673377187863382,3.8845061146948963,2.9440837155355544,0.4785181206984067,0.1407735327193493,0.2706101819378621,0.04583179776120206,0.12034841487641336,0.21177323306030987,30.606420701338905,0.24660966430902945
min,0.29,0.183,0.0,-19.494,0.0,0.0264,4.28e-05,0.0,0.0219,0.0989,67.322,3.0
max,0.9570000000000001,0.9279999999999999,11.0,-2.4019999999999997,1.0,0.508,0.9690000000000001,0.27699999999999997,0.638,0.966,189.891,5.0
