,danceability,energy,key,loudness,mode,speechiness,acousticness,instrumentalness,liveness,valence,tempo,time_signature
mean,0.711,0.587,5.68,-6.969780000000003,0.46,0.14233200000000001,0.3672939999999999,0.027373622599999998,0.149554,0.5426999999999997,116.04548000000001,4.02
std,0.1339425706969146,0.1517277368263594,3.627783941544839,2.783060210323469,0.5034574339058886,0.10803690495683899,0.27688622808301755,0.13328158512715826,0.09473906422271607,0.1935554816836659,25.97610913523644,0.3187987657774485
min,0.319,0.16,0.0,-15.164000000000001,0.0,0.0299,0.00122,0.0,0.0197,0.203,75.801,3.0
max,0.9490000000000001,0.8690000000000001,11.0,-1.94,1.0,0.484,0.902,0.69,0.46,0.924,180.03,5.0
