,danceability,energy,key,loudness,mode,speechiness,acousticness,instrumentalness,liveness,valence,tempo,time_signature
mean,0.6992200000000001,0.5972799999999999,5.46,-7.305660000000004,0.5,0.155158,0.28408399999999995,0.0035045028,0.137042,0.521468,126.67836000000003,3.94
std,0.1472895648658361,0.14380273336223126,3.405937193088755,2.526545335239487,0.5050762722761054,0.11302826825396291,0.23379451501046725,0.01495911953539011,0.07549082141801974,0.25221687334514314,32.70313644432788,0.5115003939990902
min,0.29,0.168,0.0,-16.426,0.0,0.0261,0.0184,0.0,0.0302,0.0364,72.523,1.0
max,0.938,0.8759999999999999,11.0,-3.4989999999999997,1.0,0.446,0.873,0.0919,0.436,0.9620000000000001,192.128,5.0
