,danceability,energy,key,loudness,mode,speechiness,acousticness,instrumentalness,liveness,valence,tempo,time_signature
mean,0.68796,0.6435400000000002,4.98,-6.162680000000002,0.5,0.12313000000000006,0.26291799999999993,0.016281550200000005,0.15254600000000001,0.45665599999999995,122.87179999999998,4.02
std,0.12951494437448727,0.12867554673103437,4.078264937195619,2.1671178399535402,0.5050762722761054,0.10964042575247358,0.21750083057781833,0.11281206478078795,0.11259336300083027,0.22812405876574066,27.7065701152456,0.14142135623730942
min,0.35100000000000003,0.29600000000000004,0.0,-13.984000000000002,0.0,0.0266,0.0084,0.0,0.0254,0.071,72.98899999999999,4.0
max,0.929,0.9279999999999999,11.0,-1.881,1.0,0.445,0.934,0.7979999999999999,0.631,0.9690000000000001,179.83700000000002,5.0
