,danceability,energy,key,loudness,mode,speechiness,acousticness,instrumentalness,liveness,valence,tempo,time_signature
mean,0.6167200000000002,0.62718,6.08,-6.9166,0.52,0.07353200000000001,0.25399310199999997,0.03748867580000001,0.189334,0.5047420000000001,117.92674,3.92
std,0.15318310238777272,0.17600425435488884,3.635651136134141,2.2919112779779343,0.5046720495044484,0.056820345019748565,0.27334744168120506,0.14292743671407818,0.12997925675951183,0.23087715267772044,26.916425162774964,0.27404751561786983
min,0.23199999999999998,0.262,0.0,-13.020999999999999,0.0,0.0239,1.09e-05,0.0,0.0527,0.0804,74.786,3.0
max,0.867,0.937,11.0,-3.517,1.0,0.298,0.919,0.802,0.618,0.934,179.09099999999998,4.0
