,danceability,energy,key,loudness,mode,speechiness,acousticness,instrumentalness,liveness,valence,tempo,time_signature
mean,0.7171599999999999,0.63026,4.86,-6.28238,0.46,0.11283200000000004,0.31268739999999995,0.0189914798,0.16365800000000003,0.4824240000000002,123.75912,4.02
std,0.132818329199808,0.18103656300001156,3.801235030237151,3.029860553738742,0.5034574339058886,0.09429539872341687,0.2241505553154042,0.12961591660105837,0.15735595303356664,0.211481863515334,25.62412143691716,0.14142135623730945
min,0.381,0.235,0.0,-16.541,0.0,0.03,0.00987,0.0,0.0211,0.0467,82.014,4.0
max,0.9059999999999999,0.971,11.0,-1.624,1.0,0.425,0.917,0.917,0.764,0.902,199.976,5.0
