,danceability,energy,key,loudness,mode,speechiness,acousticness,instrumentalness,liveness,valence,tempo,time_signature
mean,0.7119800000000001,0.61902,5.56,-7.06654,0.5,0.15839799999999998,0.293088,0.0007114833999999998,0.145496,0.503908,123.68572000000003,3.9
std,0.1378518118880428,0.15460040525859706,3.592281976114676,2.8872287907618412,0.5050762722761054,0.13136071461002768,0.2138635657399839,0.00393009000588817,0.08496167914094553,0.23125665293463582,29.32578127778786,0.5050762722761053
min,0.29,0.168,0.0,-16.426,0.0,0.0278,0.0103,0.0,0.0638,0.0364,72.523,1.0
max,0.894,0.9059999999999999,11.0,-2.097,1.0,0.621,0.826,0.0277,0.442,0.9620000000000001,192.128,5.0
