,danceability,energy,key,loudness,mode,speechiness,acousticness,instrumentalness,liveness,valence,tempo,time_signature
mean,0.6336599999999999,0.6385800000000001,5.7,-6.633660000000004,0.52,0.13376200000000005,0.21654700000000002,0.017631098200000004,0.17873800000000006,0.432758,112.13498,4.02
std,0.13177231600494135,0.19918457136381762,3.5814146104919082,2.761346289587818,0.5046720495044484,0.1518792066890323,0.2566912869624697,0.09988166082459884,0.13037719358907549,0.2371513458807713,24.032650624948058,0.24660966430902953
min,0.325,0.235,0.0,-16.156,0.0,0.0291,0.000166,0.0,0.0453,0.0894,68.191,3.0
max,0.893,0.9420000000000001,11.0,-2.589,1.0,0.8759999999999999,0.835,0.7020000000000001,0.618,0.895,160.041,5.0
