,danceability,energy,key,loudness,mode,speechiness,acousticness,instrumentalness,liveness,valence,tempo,time_signature
mean,0.59148,0.61344,5.0,-7.474619999999999,0.48,0.09361000000000001,0.22582557200000009,0.14688431319999995,0.14555399999999996,0.3869259999999998,120.15745999999999,3.98
std,0.19021311785489883,0.1684172612220939,3.7416573867739413,1.9988877712470046,0.5046720495044485,0.13804815079810204,0.26513628797014527,0.2932823437912362,0.09740502273015098,0.2044864276819429,26.581949775855843,0.24660966430902945
min,0.17300000000000001,0.26899999999999996,0.0,-12.665999999999999,0.0,0.0236,4.96e-05,0.0,0.0589,0.0387,73.00399999999999,3.0
max,0.95,0.9440000000000001,11.0,-3.093,1.0,0.884,0.847,0.9590000000000001,0.5870000000000001,0.722,204.31099999999998,5.0
