,danceability,energy,key,loudness,mode,speechiness,acousticness,instrumentalness,liveness,valence,tempo,time_signature
mean,0.7345399999999997,0.6544399999999997,5.9,-6.5744799999999985,0.5,0.18446,0.30715973999999996,0.021138315799999998,0.148366,0.56686,129.14813999999998,3.86
std,0.12616562001381118,0.1584544175748331,3.170334431596021,2.6316803760397374,0.5050762722761054,0.14251450624338532,0.24669700088866428,0.0964940743969497,0.12413853125785379,0.22603629923405788,26.112943146959257,0.6391959234627743
min,0.409,0.303,0.0,-14.794,0.0,0.0287,0.000587,0.0,0.0614,0.175,80.002,1.0
max,0.94,0.972,11.0,-0.9690000000000001,1.0,0.502,0.892,0.506,0.8340000000000001,0.96,204.09599999999998,5.0
