,danceability,energy,key,loudness,mode,speechiness,acousticness,instrumentalness,liveness,valence,tempo,time_signature
mean,0.665372,0.5232160000000001,5.24,-8.432920000000001,0.46,0.126754,0.3376900840000001,0.052846103,0.200276,0.40587399999999996,118.49143999999997,4.02
std,0.1676265675207111,0.2126458532923908,3.7283251150168364,4.003672558121237,0.5034574339058886,0.12376811961346533,0.32586441790675447,0.1920550758651424,0.1597625949938961,0.1869634743439892,28.24139871309204,0.14142135623730948
min,0.0866,0.0279,0.0,-22.281999999999996,0.0,0.0282,2.02e-05,0.0,0.0584,0.0717,74.038,4.0
max,0.95,0.961,11.0,-3.023,1.0,0.537,0.973,0.9329999999999999,0.6890000000000001,0.8220000000000001,183.982,5.0
