,danceability,energy,key,loudness,mode,speechiness,acousticness,instrumentalness,liveness,valence,tempo,time_signature
mean,0.6722599999999997,0.5784400000000002,5.74,-7.63134,0.4,0.15952000000000002,0.3924781999999999,0.014083250800000002,0.16521799999999998,0.49642199999999986,118.64650000000002,4.06
std,0.1420837364488466,0.1776187340735136,3.4688703095517703,3.044934492844515,0.49487165930539356,0.14417073919771767,0.28606559139177595,0.0696691129149919,0.13432762368818366,0.23534981804339944,31.729057274372458,0.2398979374820953
min,0.294,0.16,0.0,-17.19,0.0,0.0285,0.0018800000000000002,0.0,0.0507,0.0605,63.318000000000005,4.0
max,0.95,0.917,11.0,-1.932,1.0,0.56,0.889,0.42,0.8390000000000001,0.9640000000000001,200.75799999999998,5.0
