,danceability,energy,key,loudness,mode,speechiness,acousticness,instrumentalness,liveness,valence,tempo,time_signature
mean,0.67746,0.5604,5.06,-7.699439999999999,0.5,0.10189000000000002,0.36943400000000004,0.0423286116,0.15580800000000003,0.44187800000000005,123.91481999999998,4.0
std,0.14064881870844714,0.20290462221025352,3.5709142486803818,3.6951108136154667,0.5050762722761054,0.08551250833435219,0.300931239423933,0.1826948618650077,0.12324753065374129,0.24215602432805045,32.13765057240304,0.20203050891044214
min,0.319,0.175,0.0,-16.541,0.0,0.0248,0.0133,0.0,0.0515,0.0383,71.219,3.0
max,0.9109999999999999,0.8959999999999999,11.0,-1.624,1.0,0.336,0.9890000000000001,0.938,0.625,0.97,190.08900000000003,5.0
