,danceability,energy,key,loudness,mode,speechiness,acousticness,instrumentalness,liveness,valence,tempo,time_signature
mean,0.6992,0.60382,5.56,-7.0210599999999985,0.56,0.17832999999999996,0.31227745999999995,0.009925058,0.14755200000000002,0.526448,125.30104000000001,3.94
std,0.16163539216396883,0.15892658939374033,3.7588534943299843,2.9473545274724327,0.5014265364224069,0.1345658753024643,0.23359095200827237,0.06578736554917518,0.08421268322721068,0.24680952437547662,33.92636331158098,0.2398979374820953
min,0.29,0.168,0.0,-16.426,0.0,0.026000000000000002,0.000143,0.0,0.0617,0.0364,72.523,3.0
max,0.978,0.972,11.0,-2.097,1.0,0.621,0.856,0.465,0.442,0.96,198.52200000000002,4.0
