,danceability,energy,key,loudness,mode,speechiness,acousticness,instrumentalness,liveness,valence,tempo,time_signature
mean,0.6370400000000003,0.619418,5.32,-7.495240000000001,0.54,0.12009799999999995,0.23949505999999998,0.09169504920000003,0.15697399999999997,0.43135000000000007,120.64598,3.9
std,0.16303811498780127,0.2082808579582789,3.738601724862232,3.523422191736961,0.5034574339058886,0.16234958311857628,0.266008879796729,0.2261009303498744,0.10981651266117141,0.2221575128376353,26.8822740386558,0.3642156795423416
min,0.16,0.0959,0.0,-19.655,0.0,0.0243,0.000101,0.0,0.0529,0.0453,73.435,3.0
max,0.9079999999999999,0.971,11.0,-2.733,1.0,0.866,0.9690000000000001,0.862,0.638,0.904,199.99099999999999,5.0
