,danceability,energy,key,loudness,mode,speechiness,acousticness,instrumentalness,liveness,valence,tempo,time_signature
mean,0.6767599999999999,0.61946,5.5,-6.56208,0.58,0.14005000000000004,0.314132,0.001765755599999999,0.179874,0.4668399999999999,122.08511999999993,4.04
std,0.1418259295252962,0.15360952484285922,3.7430207161639717,1.8656307883306777,0.49856938190328975,0.12567377634663682,0.2563765354604315,0.0074525817991422764,0.1572654415506549,0.2189562774358649,28.47524974475417,0.28284271247461884
min,0.36200000000000004,0.153,0.0,-12.97,0.0,0.032,0.0116,0.0,0.0527,0.17,54.924,3.0
max,0.912,0.903,11.0,-2.867,1.0,0.684,0.9,0.0501,0.9079999999999999,0.934,205.11599999999999,5.0
