,danceability,energy,key,loudness,mode,speechiness,acousticness,instrumentalness,liveness,valence,tempo,time_signature
mean,0.6283800000000002,0.6377,4.36,-7.144780000000004,0.62,0.12032399999999997,0.20691183999999993,0.0018777798,0.20277599999999998,0.43514600000000003,117.75516000000002,3.92
std,0.1558696328634272,0.1796159451582794,3.1864509077899035,2.421366735746486,0.4903143514780145,0.10858449086836877,0.24606244502410193,0.006329403892085002,0.16245880050408004,0.24444981055757162,33.76485171175396,0.4882287854467154
min,0.19,0.299,0.0,-14.87,0.0,0.0263,0.000124,0.0,0.0529,0.0742,46.446000000000005,1.0
max,0.9209999999999999,0.955,10.0,-3.4789999999999996,1.0,0.47600000000000003,0.8,0.0332,0.9129999999999999,0.968,184.109,5.0
