,danceability,energy,key,loudness,mode,speechiness,acousticness,instrumentalness,liveness,valence,tempo,time_signature
mean,0.6807199999999999,0.5634999999999999,6.06,-7.501859999999998,0.48,0.13584399999999996,0.3860799999999999,0.013471531000000004,0.14462200000000003,0.54714,120.24058000000002,4.04
std,0.14201739473798014,0.1630358981379029,3.6444534317681345,2.649804228502128,0.5046720495044485,0.11406275780625043,0.2933237061469037,0.09287424540412322,0.0868889516238153,0.1958075908974451,26.837791183245876,0.28284271247461873
min,0.319,0.16,0.0,-15.164000000000001,0.0,0.0277,0.00122,0.0,0.0574,0.218,72.818,3.0
max,0.927,0.8190000000000001,11.0,-3.28,1.0,0.484,0.902,0.657,0.46,0.97,180.00799999999998,5.0
