,danceability,energy,key,loudness,mode,speechiness,acousticness,instrumentalness,liveness,valence,tempo,time_signature
mean,0.59396,0.6099600000000001,5.22,-7.551260000000001,0.46,0.09416600000000003,0.241370514,0.087433851,0.20716600000000004,0.42189400000000005,122.71239999999997,3.92
std,0.15153014921938462,0.2061906151984575,3.986149489808685,3.8057335521284092,0.5034574339058886,0.09931785833209186,0.2834478650271017,0.2088303863907101,0.16771706813218845,0.21348812174575577,28.938130141417787,0.3404678653660854
min,0.284,0.075,0.0,-21.393,0.0,0.0261,2.95e-05,0.0,0.0618,0.038,74.10300000000001,3.0
max,0.836,0.9390000000000001,11.0,-3.469,1.0,0.48700000000000004,0.9359999999999999,0.91,0.6990000000000001,0.8690000000000001,196.12099999999998,5.0
