,danceability,energy,key,loudness,mode,speechiness,acousticness,instrumentalness,liveness,valence,tempo,time_signature
mean,0.71088,0.6328400000000001,5.62,-6.47678,0.38,0.144024,0.26461199999999996,0.0009505226000000003,0.15333599999999997,0.52162,117.70634,4.04
std,0.12008987110850414,0.16715816291336608,3.619053884706355,2.6964696821085554,0.49031435147801455,0.1339633967064991,0.2422152303558274,0.002838982553575373,0.10793950641400005,0.22422163688854738,26.620868487043957,0.3475864303027553
min,0.423,0.32899999999999996,0.0,-15.952,0.0,0.0244,0.00116,0.0,0.0537,0.162,71.884,3.0
max,0.9079999999999999,0.963,11.0,-2.495,1.0,0.588,0.945,0.0136,0.532,0.9670000000000001,185.00400000000002,5.0
