,danceability,energy,key,loudness,mode,speechiness,acousticness,instrumentalness,liveness,valence,tempo,time_signature
mean,0.7025399999999997,0.6167799999999999,6.2,-6.486540000000002,0.6,0.132964,0.3695176399999999,0.0449027518,0.130084,0.476076,118.35866000000001,3.96
std,0.1487197350449386,0.1701923629548731,3.4992710611188262,3.344668417780448,0.4948716593053936,0.097986156373318,0.2671552875964182,0.17887743155249416,0.07970862335239953,0.22357533320186845,27.898173703382117,0.4499433070863892
min,0.335,0.153,0.0,-20.918000000000003,0.0,0.0333,0.000252,0.0,0.0527,0.0388,68.976,1.0
max,0.9179999999999999,0.8859999999999999,11.0,-0.787,1.0,0.40299999999999997,0.9640000000000001,0.9179999999999999,0.486,0.9009999999999999,180.049,5.0
