,danceability,energy,key,loudness,mode,speechiness,acousticness,instrumentalness,liveness,valence,tempo,time_signature
mean,0.7465400000000001,0.6323799999999999,5.28,-6.8109399999999996,0.42,0.18806800000000007,0.3277134000000001,0.011413460999999998,0.13183200000000006,0.5525639999999998,118.19096000000002,4.04
std,0.12236466243260306,0.16242510236275373,3.675845036817232,3.054156113847998,0.49856938190328975,0.1328929912311682,0.24273296413128398,0.04471353838287494,0.07955339739278702,0.2261429309267996,26.335308998361565,0.19794866372215741
min,0.444,0.235,0.0,-16.541,0.0,0.0272,0.00867,0.0,0.0501,0.0397,75.132,4.0
max,0.9470000000000001,0.9540000000000001,11.0,-1.865,1.0,0.532,0.945,0.264,0.374,0.963,175.956,5.0
