,danceability,energy,key,loudness,mode,speechiness,acousticness,instrumentalness,liveness,valence,tempo,time_signature
mean,0.6507199999999999,0.67226,5.16,-6.328860000000004,0.64,0.13004000000000002,0.18889787999999996,0.005083000200000002,0.222128,0.5132999999999999,119.35664000000001,3.98
std,0.1294446599902831,0.17175134019023797,4.022183385137167,2.1032213000877626,0.4848732213850611,0.10148074312148977,0.2154679785940683,0.01778219681165974,0.16509941227846292,0.20591916880570554,31.463787728026094,0.2466096643090295
min,0.423,0.321,0.0,-11.777000000000001,0.0,0.0283,0.000714,0.0,0.0473,0.14400000000000002,70.003,3.0
max,0.929,0.9670000000000001,11.0,-2.951,1.0,0.397,0.845,0.11199999999999999,0.752,0.966,183.925,5.0
