,danceability,energy,key,loudness,mode,speechiness,acousticness,instrumentalness,liveness,valence,tempo,time_signature
mean,0.63626,0.6396399999999999,5.52,-6.5407,0.62,0.15216399999999997,0.2385556,0.029485220399999998,0.18429199999999998,0.42864599999999986,120.13171999999999,4.04
std,0.15661011122777327,0.19322406999256017,3.8238777198449387,2.7453092480350803,0.4903143514780145,0.15108511962277613,0.2534599840184092,0.1321667512038835,0.13237577440370119,0.22180323253565376,29.5836100024514,0.3475864303027552
min,0.27,0.153,0.0,-13.923,0.0,0.0252,0.00606,0.0,0.0527,0.0388,59.521,3.0
max,0.925,0.96,11.0,-1.807,1.0,0.684,0.9,0.779,0.618,0.9470000000000001,205.11599999999999,5.0
