,danceability,energy,key,loudness,mode,speechiness,acousticness,instrumentalness,liveness,valence,tempo,time_signature
mean,0.664,0.5834399999999998,4.74,-7.070580000000001,0.58,0.14604399999999995,0.325103956,0.0027257926,0.17114200000000004,0.42924,115.28905999999999,3.88
std,0.147910894301472,0.2061255967429884,3.3855033086767503,2.8033204807797465,0.49856938190328975,0.1604280030011556,0.3182639352337624,0.01086608266545667,0.12241856616893183,0.19262351563480043,29.12226936899678,0.4797958749641905
min,0.28,0.22399999999999998,0.0,-12.603,0.0,0.0263,9.48e-05,0.0,0.0617,0.135,63.763999999999996,1.0
max,0.955,0.9279999999999999,11.0,-1.08,1.0,0.8690000000000001,0.98,0.0651,0.735,0.8190000000000001,182.389,4.0
