,danceability,energy,key,loudness,mode,speechiness,acousticness,instrumentalness,liveness,valence,tempo,time_signature
mean,0.58782,0.591542,5.16,-7.73694,0.58,0.11103400000000002,0.293050608,0.0196018092,0.15607400000000002,0.3805800000000001,120.79593999999996,3.94
std,0.18466800768196018,0.2152395989001417,3.430713616489629,4.27943068600562,0.4985693819032897,0.10076462897793663,0.31413413266064977,0.07376980360465225,0.09447530896526157,0.2029945138496635,31.20856087247568,0.3136356914300018
min,0.22699999999999998,0.0227,0.0,-27.430999999999997,0.0,0.0285,2.14e-05,0.0,0.0215,0.0792,54.747,3.0
max,0.955,0.965,11.0,-0.092,1.0,0.473,0.98,0.431,0.426,0.9259999999999999,191.702,5.0
