,danceability,energy,key,loudness,mode,speechiness,acousticness,instrumentalness,liveness,valence,tempo,time_signature
mean,0.6914800000000001,0.6287599999999998,5.4,-7.242060000000001,0.56,0.16482,0.30992625999999995,0.03114991019999999,0.14637,0.5089480000000001,128.42962,4.0
std,0.1574275654621736,0.17711284999302862,3.3258419219493764,3.0023845313146595,0.5014265364224069,0.1541633152053433,0.23183266275614503,0.12952802778121078,0.14974888947153894,0.26973511665925826,31.860987566134657,0.20203050891044214
min,0.29,0.168,0.0,-16.426,0.0,0.0287,0.000183,0.0,0.0583,0.0364,70.956,3.0
max,0.938,0.972,11.0,-2.9989999999999997,1.0,0.621,0.879,0.785,0.9209999999999999,0.961,203.958,5.0
