,danceability,energy,key,loudness,mode,speechiness,acousticness,instrumentalness,liveness,valence,tempo,time_signature
mean,0.6416000000000001,0.63288,5.46,-6.556959999999999,0.42,0.10983200000000005,0.19161884000000004,0.037533539,0.14155199999999998,0.40827199999999997,122.82994000000001,3.96
std,0.1825639390370801,0.18853469772139544,3.829051142654173,2.566100551261324,0.49856938190328975,0.10802545512564178,0.24275927728726476,0.159382882490423,0.07991547126144458,0.22935625798645873,27.744906418656385,0.1979486637221575
min,0.162,0.156,0.0,-14.339,0.0,0.0285,0.00011499999999999999,0.0,0.0468,0.036000000000000004,72.635,3.0
max,0.929,0.986,11.0,-2.4730000000000003,1.0,0.537,0.935,0.9520000000000001,0.39399999999999996,0.85,197.923,4.0
