,danceability,energy,key,loudness,mode,speechiness,acousticness,instrumentalness,liveness,valence,tempo,time_signature
mean,0.6977600000000003,0.6909299999999999,4.44,-6.413740000000001,0.7,0.099216,0.19170151600000004,0.08404190399999999,0.156132,0.4298180000000001,118.38015999999999,3.96
std,0.13517329165005268,0.18891743175368478,3.637446962934754,2.44845865559606,0.4629100498862757,0.0805785542948302,0.24060068874401933,0.23418550249048664,0.11750263642721782,0.23063154172128042,21.795051977652435,0.1979486637221575
min,0.31,0.0935,0.0,-14.040999999999999,0.0,0.0261,4.5799999999999995e-05,0.0,0.0621,0.0387,72.57,3.0
max,0.9209999999999999,0.973,11.0,-2.7489999999999997,1.0,0.364,0.924,0.925,0.6409999999999999,0.966,176.791,4.0
