,danceability,energy,key,loudness,mode,speechiness,acousticness,instrumentalness,liveness,valence,tempo,time_signature
mean,0.69036,0.6742799999999999,4.88,-6.7773600000000025,0.48,0.12159600000000001,0.24029134000000008,0.047538414400000006,0.166756,0.480932,123.5864,4.0
std,0.12989583896180754,0.15852406499857824,3.868449037945785,2.9282443075839755,0.5046720495044485,0.09457687502659368,0.2293669554629686,0.17058056752707645,0.11842163026358705,0.20319122032294243,26.620949331421716,0.20203050891044214
min,0.248,0.364,0.0,-14.505,0.0,0.027999999999999997,0.0008470000000000001,0.0,0.0443,0.0556,91.98700000000001,3.0
max,0.9059999999999999,0.968,11.0,-2.6519999999999997,1.0,0.361,0.763,0.871,0.7070000000000001,0.856,202.00599999999997,5.0
