,danceability,energy,key,loudness,mode,speechiness,acousticness,instrumentalness,liveness,valence,tempo,time_signature
mean,0.72622,0.6506400000000001,4.92,-7.0977799999999975,0.4,0.12970599999999996,0.24399144000000003,0.07843554520000001,0.138,0.47986799999999996,119.6128,4.0
std,0.12545513711511153,0.15205983784587657,3.702398560668586,2.583584531662337,0.49487165930539356,0.12838970556036627,0.2591525934463433,0.22433472417524858,0.08785613936709145,0.23081938732989252,28.319828107543596,0.2857142857142857
min,0.42,0.305,0.0,-14.475999999999999,0.0,0.0275,0.00011999999999999999,0.0,0.0537,0.0474,71.884,3.0
max,0.892,0.9309999999999999,11.0,-2.6519999999999997,1.0,0.588,0.889,0.9309999999999999,0.43700000000000006,0.9520000000000001,202.00599999999997,5.0
