,danceability,energy,key,loudness,mode,speechiness,acousticness,instrumentalness,liveness,valence,tempo,time_signature
mean,0.67956,0.6601400000000001,4.9,-7.488819999999999,0.54,0.10285999999999998,0.25528802,0.1556037384,0.130972,0.48383399999999993,123.32342000000003,3.96
std,0.1646695094634668,0.18043541554715214,3.903164597804071,3.5390714433625794,0.5034574339058886,0.08184840890827585,0.2551055965435818,0.30390944275276066,0.07050607164475632,0.23804591703351377,21.76447207111364,0.19794866372215741
min,0.302,0.235,0.0,-17.764,0.0,0.0262,0.000155,0.0,0.0574,0.0388,78.616,3.0
max,0.922,0.9740000000000001,11.0,-1.865,1.0,0.375,0.993,0.9109999999999999,0.354,0.961,173.827,4.0
