,danceability,energy,key,loudness,mode,speechiness,acousticness,instrumentalness,liveness,valence,tempo,time_signature
mean,0.67632,0.6630559999999999,5.0,-6.65442,0.58,0.108606,0.23628520000000006,0.0429760806,0.16847400000000007,0.48593200000000003,119.00873999999997,3.96
std,0.1518750076845551,0.18193861283635296,4.025429372458677,3.1201124658562933,0.49856938190328975,0.10023252437635771,0.23861310554048257,0.17371430010844482,0.09708568655931664,0.21462406282348015,21.35350478885738,0.28284271247461895
min,0.325,0.0868,0.0,-18.579,0.0,0.0308,0.0001,0.0,0.0211,0.0556,69.792,3.0
max,0.9259999999999999,0.9690000000000001,11.0,-2.526,1.0,0.502,0.922,0.871,0.406,0.902,169.979,5.0
