,danceability,energy,key,loudness,mode,speechiness,acousticness,instrumentalness,liveness,valence,tempo,time_signature
mean,0.7136200000000001,0.6378439999999999,5.2,-7.91684,0.4,0.11230199999999999,0.28805131999999994,0.1534632078,0.15686999999999998,0.4693739999999999,122.05336000000001,3.96
std,0.1345923383815751,0.19650250157830207,3.5340905362437085,4.32469965152707,0.49487165930539356,0.10483245814933777,0.3119587616136597,0.31680158934032243,0.13862116964399554,0.25789893196002667,26.62776122599442,0.1979486637221575
min,0.26,0.0622,0.0,-25.138,0.0,0.0257,0.00011999999999999999,0.0,0.0441,0.0441,73.602,3.0
max,0.905,0.948,11.0,-2.6519999999999997,1.0,0.489,0.992,0.94,0.752,0.9520000000000001,180.00400000000002,4.0
