,danceability,energy,key,loudness,mode,speechiness,acousticness,instrumentalness,liveness,valence,tempo,time_signature
mean,0.69176,0.6861000000000002,5.14,-6.588439999999999,0.5,0.10889200000000004,0.22299700000000008,0.0633479936,0.17209600000000003,0.45872,124.20924,4.0
std,0.14979571940152497,0.15745867614671966,4.085864133116239,2.602332902828318,0.5050762722761054,0.08220984557949298,0.2022513568002722,0.21314684748904375,0.11663688981324098,0.2189038182231024,25.418416029552837,0.20203050891044214
min,0.264,0.382,0.0,-14.136,0.0,0.0308,0.0020399999999999997,0.0,0.0459,0.0556,91.98700000000001,3.0
max,0.9359999999999999,0.968,11.0,-2.75,1.0,0.361,0.7509999999999999,0.915,0.7070000000000001,0.888,202.00599999999997,5.0
