,danceability,energy,key,loudness,mode,speechiness,acousticness,instrumentalness,liveness,valence,tempo,time_signature
mean,0.6833999999999999,0.6585599999999999,5.76,-6.7729800000000004,0.54,0.11007600000000001,0.2709542200000001,0.08673591799999995,0.16615999999999997,0.5496179999999999,123.85361999999998,3.94
std,0.14989574608332804,0.16826705693325592,3.080948700961959,2.897398569230611,0.5034574339058886,0.09486424147277035,0.2576788528593485,0.24442258870222147,0.09619183214508689,0.23374151752807315,26.732954670669713,0.2398979374820953
min,0.382,0.158,0.0,-17.018,0.0,0.0286,0.000932,0.0,0.0531,0.0616,46.95,3.0
max,0.98,0.998,11.0,-2.157,1.0,0.369,0.986,0.92,0.409,0.948,197.858,4.0
