,danceability,energy,key,loudness,mode,speechiness,acousticness,instrumentalness,liveness,valence,tempo,time_signature
mean,0.7216799999999999,0.65884,5.44,-6.690680000000003,0.6,0.129814,0.20518028000000005,0.06968587780000002,0.19219000000000006,0.51252,120.51567999999999,3.92
std,0.13317403681511142,0.1953417058408581,3.5922819761146765,2.9954811029895256,0.49487165930539356,0.12107173958662117,0.22952929224082283,0.18333513070386104,0.18492128303244962,0.20522742387459844,26.92692305636248,0.44446711960297214
min,0.313,0.225,0.0,-13.793,0.0,0.0287,0.000824,0.0,0.045,0.121,74.986,1.0
max,0.9490000000000001,0.972,11.0,-2.097,1.0,0.474,0.9159999999999999,0.785,0.9209999999999999,0.95,192.09099999999998,4.0
