,danceability,energy,key,loudness,mode,speechiness,acousticness,instrumentalness,liveness,valence,tempo,time_signature
mean,0.7289399999999999,0.6032400000000001,5.16,-7.533539999999999,0.6,0.13430400000000003,0.296801206,0.058795715799999995,0.16618599999999997,0.5242439999999999,123.27254000000005,3.94
std,0.10699941064113866,0.16361522308296925,3.376751246330093,2.6752143931632384,0.49487165930539356,0.1267439777742549,0.2772734095194822,0.21607385135772011,0.12410756692219432,0.24837390851829239,29.715393199972628,0.4699109772399583
min,0.46399999999999997,0.187,0.0,-15.399000000000001,0.0,0.0243,9.03e-05,0.0,0.0324,0.0413,73.03699999999999,1.0
max,0.899,0.866,11.0,-3.28,1.0,0.493,0.866,0.919,0.5870000000000001,0.985,202.076,5.0
