,danceability,energy,key,loudness,mode,speechiness,acousticness,instrumentalness,liveness,valence,tempo,time_signature
mean,0.64716,0.6176019999999999,4.98,-6.833400000000003,0.48,0.10898200000000001,0.246924208,0.0896200172,0.14610000000000004,0.4629020000000002,113.95380000000002,3.92
std,0.15499747990051385,0.17623010756464091,3.971788267369791,3.116413657015488,0.5046720495044485,0.11693431732107962,0.25407664011944037,0.2412411261790568,0.09218122346326109,0.2315466378640002,29.869956846986177,0.27404751561786966
min,0.182,0.0651,0.0,-16.541,0.0,0.0275,5.539999999999999e-05,0.0,0.0566,0.0351,60.812,3.0
max,0.9079999999999999,0.9740000000000001,11.0,-1.865,1.0,0.43200000000000005,0.9420000000000001,0.8859999999999999,0.43700000000000006,0.961,188.115,4.0
