,danceability,energy,key,loudness,mode,speechiness,acousticness,instrumentalness,liveness,valence,tempo,time_signature
mean,0.6011799999999998,0.6204999999999999,5.4,-7.670239999999999,0.6,0.12280199999999997,0.217779484,0.020089905000000005,0.18408800000000003,0.4279999999999999,120.0553,3.92
std,0.18157077554114331,0.19750114957040796,3.5742845723419445,3.204853478519028,0.49487165930539356,0.10805550064854708,0.2814587441838783,0.1018157502341285,0.14460552342176156,0.24624016814517344,33.45960046924088,0.34046786536608536
min,0.265,0.14400000000000002,0.0,-16.409000000000002,0.0,0.0235,4.02e-05,0.0,0.0215,0.0792,54.747,3.0
max,0.935,0.972,11.0,-4.333,1.0,0.541,0.97,0.703,0.742,0.963,191.702,5.0
