,danceability,energy,key,loudness,mode,speechiness,acousticness,instrumentalness,liveness,valence,tempo,time_signature
mean,0.64132,0.6032999999999998,6.46,-7.6795800000000005,0.6,0.11273799999999999,0.23988218799999994,0.049634558999999995,0.15321599999999994,0.40072,121.79036000000002,4.0
std,0.16601136425324772,0.1685421584757756,4.086862975387336,3.13723323503695,0.4948716593053935,0.10195135672846885,0.26012840615175753,0.15741241243759144,0.14234539247613065,0.20645201942952895,29.251648385968377,0.20203050891044214
min,0.284,0.14400000000000002,0.0,-16.498,0.0,0.0264,1.86e-05,0.0,0.0282,0.0448,58.768,3.0
max,0.9129999999999999,0.912,11.0,-2.889,1.0,0.446,0.97,0.764,0.873,0.9620000000000001,191.702,5.0
