,danceability,energy,key,loudness,mode,speechiness,acousticness,instrumentalness,liveness,valence,tempo,time_signature
mean,0.6919799999999999,0.7049999999999997,5.0,-6.06492,0.5,0.14975000000000002,0.18524037999999998,0.0663427678,0.18782400000000002,0.5133600000000001,119.44711999999996,3.92
std,0.1315101439402439,0.14284528522217343,3.843892584878203,2.273280115442289,0.5050762722761054,0.1308421330287389,0.20842017965843096,0.20606062450127594,0.153689111799484,0.2025625385919527,24.636217997285947,0.4882287854467157
min,0.385,0.389,0.0,-15.5,0.0,0.0253,0.000459,0.0,0.0438,0.069,77.176,1.0
max,0.9490000000000001,0.99,11.0,-2.384,1.0,0.68,0.902,0.8240000000000001,0.743,0.938,174.05599999999998,5.0
