,danceability,energy,key,loudness,mode,speechiness,acousticness,instrumentalness,liveness,valence,tempo,time_signature
mean,0.62642,0.579618,5.52,-8.26528,0.48,0.10909400000000001,0.31037658,0.13092281680000004,0.20345799999999997,0.43803399999999987,119.25133999999997,3.98
std,0.15152033473014337,0.2312411813563969,3.5296990679382394,4.1638782600957445,0.5046720495044485,0.13135864818526877,0.3007489435052331,0.28893575008902683,0.19795616407143665,0.23795767468786783,24.974834804961215,0.3187987657774485
min,0.263,0.0899,0.0,-20.636999999999997,0.0,0.027000000000000003,0.000359,0.0,0.0424,0.0389,77.503,3.0
max,0.91,0.965,11.0,-2.211,1.0,0.6509999999999999,0.9690000000000001,0.953,0.93,0.97,183.91299999999998,5.0
