,danceability,energy,key,loudness,mode,speechiness,acousticness,instrumentalness,liveness,valence,tempo,time_signature
mean,0.70588,0.69446,5.72,-6.611319999999998,0.56,0.10159600000000003,0.2043151,0.10646401619999998,0.182538,0.45910799999999985,125.67653999999997,4.0
std,0.11181154699232243,0.15669471293322088,3.747325576940418,2.4324134688134964,0.5014265364224069,0.09074049106307143,0.21280545578534912,0.2477354280842331,0.12876371793771277,0.252234358824147,23.921350014126865,0.20203050891044214
min,0.442,0.317,0.0,-14.232000000000001,0.0,0.0308,0.000252,0.0,0.0543,0.0326,80.10600000000001,3.0
max,0.91,0.9640000000000001,11.0,-1.182,1.0,0.39899999999999997,0.603,0.8909999999999999,0.569,0.9620000000000001,201.988,5.0
