,danceability,energy,key,loudness,mode,speechiness,acousticness,instrumentalness,liveness,valence,tempo,time_signature
mean,0.6807000000000002,0.6869,4.98,-6.15986,0.62,0.12018600000000004,0.23085423999999993,0.033633385200000004,0.19365399999999997,0.4713359999999999,124.89081999999999,3.92
std,0.1425821997076402,0.1638171267615452,3.760644755835339,2.128504399807527,0.4903143514780145,0.10885121283060598,0.24186850024827414,0.12917488868193946,0.19250800906742047,0.21146101079327673,27.810136365009214,0.4882287854467155
min,0.396,0.127,0.0,-14.169,0.0,0.0289,0.000252,0.0,0.0237,0.0388,59.635,1.0
max,0.94,0.9690000000000001,11.0,-2.867,1.0,0.41200000000000003,0.978,0.7,0.9520000000000001,0.924,199.95,5.0
