,danceability,energy,key,loudness,mode,speechiness,acousticness,instrumentalness,liveness,valence,tempo,time_signature
mean,0.665,0.65854,4.98,-6.453839999999998,0.5,0.14342800000000003,0.20174490000000003,0.04564298359999999,0.19318599999999994,0.41321400000000014,116.99158000000001,4.0
std,0.1603879225948317,0.17896849682875154,3.8198728475472286,2.1266722434405376,0.5050762722761054,0.11878490084765721,0.232429387067517,0.18729608380612603,0.14464850008040248,0.2139897499071068,29.471455928309446,0.0
min,0.33399999999999996,0.29600000000000004,0.0,-11.833,0.0,0.027000000000000003,0.000109,0.0,0.05,0.0394,75.028,4.0
max,0.953,0.995,11.0,-3.0439999999999996,1.0,0.46299999999999997,0.934,0.961,0.753,0.8809999999999999,203.75,4.0
