,danceability,energy,key,loudness,mode,speechiness,acousticness,instrumentalness,liveness,valence,tempo,time_signature
mean,0.6732,0.667608,5.62,-6.4493199999999975,0.6,0.11072599999999998,0.25774954000000005,0.1216564866,0.15423800000000001,0.4841680000000002,123.69362000000002,3.9
std,0.13498344569703685,0.20758915846017606,3.942908902351777,2.958368948303392,0.49487165930539356,0.11682188746907292,0.2466907621053756,0.29390235900792805,0.0868263523666987,0.2012927854785518,19.837754417323573,0.5050762722761054
min,0.353,0.0674,0.0,-19.18,0.0,0.0289,0.0001,0.0,0.0578,0.0781,82.014,1.0
max,0.9059999999999999,0.9420000000000001,11.0,-2.004,1.0,0.54,0.961,0.94,0.395,0.9159999999999999,171.993,5.0
