,danceability,energy,key,loudness,mode,speechiness,acousticness,instrumentalness,liveness,valence,tempo,time_signature
mean,0.7139800000000003,0.66722,4.98,-6.769720000000001,0.4,0.12556199999999998,0.25091502000000004,0.07470894780000001,0.15139800000000003,0.5237780000000001,116.72282000000003,3.94
std,0.1314895029565292,0.17202139045918155,3.437429034517941,3.3743354843311484,0.49487165930539356,0.11965586179215995,0.2578373859356754,0.22453992253729302,0.1005833302413923,0.22766940522949286,25.749812305787106,0.2398979374820953
min,0.289,0.124,0.0,-20.653000000000002,0.0,0.0275,0.000126,0.0,0.0295,0.0714,71.884,3.0
max,0.927,0.9740000000000001,11.0,-1.865,1.0,0.467,0.995,0.889,0.43700000000000006,0.961,176.03599999999997,4.0
