,danceability,energy,key,loudness,mode,speechiness,acousticness,instrumentalness,liveness,valence,tempo,time_signature
mean,0.6635400000000001,0.60942,4.86,-7.595860000000001,0.56,0.129296,0.296966338,0.05616511139999998,0.14369600000000002,0.460816,119.82665999999998,4.0
std,0.16126859456148532,0.18322107645449212,3.4167056576504224,3.305865819529688,0.5014265364224069,0.13393489883719856,0.3101584356519869,0.1742128888676437,0.13660072901469794,0.2294158574666164,27.810073010354085,0.2857142857142857
min,0.16699999999999998,0.157,0.0,-16.166,0.0,0.0256,1.09e-05,0.0,0.0517,0.0888,54.011,3.0
max,0.915,0.863,11.0,-1.881,1.0,0.52,0.966,0.802,0.856,0.941,200.08,5.0
