,danceability,energy,key,loudness,mode,speechiness,acousticness,instrumentalness,liveness,valence,tempo,time_signature
mean,0.64636,0.6767399999999999,6.4,-6.444839999999998,0.52,0.10599,0.18448884000000007,0.03350269200000001,0.206562,0.47156200000000004,120.86511999999999,4.0
std,0.144396811542615,0.1817170720810631,3.440455593940656,2.430855063804605,0.5046720495044484,0.08824717894548662,0.24116620883957918,0.13230136580492627,0.15776109151472792,0.20185044058229182,30.87414235023958,0.20203050891044214
min,0.353,0.121,0.0,-17.117,0.0,0.0266,0.00011200000000000001,0.0,0.045,0.0921,61.977,3.0
max,0.9570000000000001,0.9570000000000001,11.0,-3.304,1.0,0.365,0.948,0.892,0.752,0.868,184.02700000000002,5.0
