,danceability,energy,key,loudness,mode,speechiness,acousticness,instrumentalness,liveness,valence,tempo,time_signature
mean,0.6419400000000001,0.64422,5.18,-7.041340000000002,0.56,0.12146199999999995,0.31263570599999985,0.03399317600000001,0.139626,0.400978,130.02777999999998,3.86
std,0.16386198896806856,0.18425972020437867,3.5495903759074365,2.487332893453778,0.5014265364224069,0.10058388293420795,0.25908557496742934,0.1591281198090542,0.07513822313250564,0.22406840727504515,30.48851829941018,0.4952838806674207
min,0.301,0.20600000000000002,0.0,-13.364,0.0,0.0239,7.829999999999999e-05,0.0,0.0537,0.0466,74.014,1.0
max,0.951,0.946,11.0,-3.127,1.0,0.385,0.943,0.875,0.381,0.82,207.3,4.0
