,danceability,energy,key,loudness,mode,speechiness,acousticness,instrumentalness,liveness,valence,tempo,time_signature
mean,0.6573599999999999,0.65376,6.2,-6.532600000000001,0.5,0.136992,0.23683596199999996,0.0656537982,0.182052,0.46000399999999986,119.18708000000001,3.92
std,0.17566860730317393,0.21077442822087486,3.747107728172572,2.6381673988755527,0.5050762722761054,0.10172118122694053,0.2917289432374364,0.17156615623445362,0.15007585733588874,0.22399195954957213,24.119055301701405,0.2740475156178698
min,0.166,0.139,0.0,-15.102,0.0,0.0273,1.21e-05,0.0,0.0603,0.065,78.053,3.0
max,0.95,0.991,11.0,-2.461,1.0,0.431,0.925,0.774,0.9229999999999999,0.873,192.12900000000002,4.0
