,danceability,energy,key,loudness,mode,speechiness,acousticness,instrumentalness,liveness,valence,tempo,time_signature
mean,0.6693399999999998,0.67294,5.34,-6.546259999999998,0.68,0.129578,0.157015908,0.0331873738,0.199476,0.471722,123.06805999999999,4.0
std,0.12984065744800669,0.15946638184512596,3.8788279315340835,2.192479081509591,0.471212071499161,0.10581591888650743,0.20542151929021643,0.14618066838457106,0.14784728684886791,0.24962170095517558,29.16606020521602,0.0
min,0.385,0.19399999999999998,0.0,-14.366,0.0,0.0269,4.74e-05,0.0,0.0602,0.0377,75.987,4.0
max,0.922,0.948,11.0,-2.384,1.0,0.452,0.9590000000000001,0.809,0.69,0.9159999999999999,193.016,4.0
