,danceability,energy,key,loudness,mode,speechiness,acousticness,instrumentalness,liveness,valence,tempo,time_signature
mean,0.6314800000000003,0.625776,6.02,-7.067139999999998,0.48,0.11619,0.22691772220000003,0.04929611019999999,0.157478,0.4867620000000001,127.86479999999996,3.92
std,0.1411823600012062,0.19882705700160216,3.08710286217234,3.150183240604863,0.5046720495044485,0.1147197299010568,0.2628051011935214,0.15309303595521792,0.10031389569440395,0.2548734018596492,26.704249703837363,0.27404751561786966
min,0.368,0.0528,0.0,-17.249000000000002,0.0,0.0242,6.11e-06,0.0,0.0529,0.0778,80.91199999999999,3.0
max,0.934,0.982,11.0,-2.9210000000000003,1.0,0.48100000000000004,0.973,0.78,0.409,0.948,180.07299999999998,4.0
