,danceability,energy,key,loudness,mode,speechiness,acousticness,instrumentalness,liveness,valence,tempo,time_signature
mean,0.6872400000000001,0.5975,5.6,-7.493320000000001,0.48,0.16373,0.27025348000000005,0.0029851237999999995,0.14293799999999993,0.44384599999999996,128.62684000000002,3.9
std,0.14843944137291157,0.18892275173321232,3.891382420536067,2.749995847418015,0.5046720495044484,0.16553791507244078,0.2801623952560401,0.011420614778982874,0.07515764626328272,0.20245711585218157,31.021174908577716,0.4629100498862757
min,0.376,0.20600000000000002,0.0,-13.364,0.0,0.0239,0.00040300000000000004,0.0,0.0634,0.0583,63.763999999999996,1.0
max,0.951,0.934,11.0,-2.499,1.0,0.8690000000000001,0.872,0.0629,0.358,0.779,197.873,4.0
