,danceability,energy,key,loudness,mode,speechiness,acousticness,instrumentalness,liveness,valence,tempo,time_signature
mean,0.66026,0.559518,5.78,-8.291839999999999,0.54,0.14720799999999998,0.3137006,0.0773045582,0.180642,0.400478,116.43170000000002,3.9
std,0.14186941538051168,0.21139305656351465,3.7103825645760855,3.186516992784775,0.5034574339058886,0.13735703935810675,0.29727460712009723,0.22538586765247226,0.133071647250798,0.22792960002454035,23.006472699025817,0.46291004988627554
min,0.32899999999999996,0.0809,0.0,-19.346,0.0,0.031,0.0023899999999999998,0.0,0.0604,0.0746,67.007,1.0
max,0.972,0.958,11.0,-2.6710000000000003,1.0,0.535,0.976,0.938,0.653,0.9309999999999999,178.637,4.0
