,danceability,energy,key,loudness,mode,speechiness,acousticness,instrumentalness,liveness,valence,tempo,time_signature
mean,0.7403,0.6634200000000001,5.6,-7.278120000000001,0.54,0.12126800000000001,0.25384481999999986,0.06729316800000001,0.18336000000000002,0.4665200000000001,119.70121999999998,3.96
std,0.13148868966646554,0.15890313953821691,3.070597894314954,2.461418361972028,0.5034574339058886,0.12074306916349446,0.2627848323058775,0.21304548138598067,0.1629209023058836,0.2081118459102299,25.985956590631872,0.19794866372215747
min,0.414,0.32899999999999996,0.0,-12.645999999999999,0.0,0.0293,0.000143,0.0,0.0653,0.109,71.884,3.0
max,0.978,0.9490000000000001,11.0,-2.7939999999999996,1.0,0.6609999999999999,0.899,0.825,0.847,0.884,179.97400000000002,4.0
