,danceability,energy,key,loudness,mode,speechiness,acousticness,instrumentalness,liveness,valence,tempo,time_signature
mean,0.6685599999999999,0.6887920000000003,5.74,-6.859240000000003,0.6,0.07375999999999999,0.21963506,0.1697030454,0.155696,0.45195599999999997,118.37213999999996,3.98
std,0.13447739511129134,0.1840371522385674,3.7022331925805125,3.555860012854893,0.4948716593053935,0.05422315944693893,0.2410427609356608,0.3306589363684968,0.0985765339464619,0.2411118761073373,20.953775101895513,0.377424137532083
min,0.271,0.0336,0.0,-22.303,0.0,0.0331,0.000252,0.0,0.0343,0.0349,79.992,3.0
max,0.897,0.9640000000000001,11.0,-1.746,1.0,0.321,0.898,0.925,0.5579999999999999,0.966,178.929,5.0
