,danceability,energy,key,loudness,mode,speechiness,acousticness,instrumentalness,liveness,valence,tempo,time_signature
mean,0.6954200000000001,0.5876880000000001,5.58,-6.565260000000002,0.7,0.138224,0.21972488000000012,0.008460932000000001,0.17746000000000006,0.430814,127.71315999999999,3.86
std,0.17158898328177563,0.18934950368812373,3.774727993984657,2.9560440595567616,0.4629100498862757,0.11566906622616373,0.2535405393687035,0.05454339922992818,0.12157646791637108,0.2385894373100334,28.083509094768026,0.49528388066742074
min,0.301,0.0824,0.0,-17.372,0.0,0.0247,0.000704,0.0,0.0282,0.0377,74.014,1.0
max,0.951,0.855,11.0,-2.4459999999999997,1.0,0.473,0.9670000000000001,0.386,0.662,0.882,181.993,4.0
