,danceability,energy,key,loudness,mode,speechiness,acousticness,instrumentalness,liveness,valence,tempo,time_signature
mean,0.74562,0.6470999999999999,5.26,-6.963699999999999,0.58,0.153762,0.206688912,0.0850546834,0.18987199999999993,0.49821800000000005,122.60467999999996,3.98
std,0.14603632340997236,0.1817965054332869,3.480616881754012,2.9463319516625677,0.49856938190328975,0.1652211380087244,0.20963870360601752,0.2315904346293818,0.18706486928990432,0.2457499821994305,24.368073927085796,0.14142135623730934
min,0.297,0.375,0.0,-15.243,0.0,0.0287,1.9600000000000002e-05,0.0,0.0347,0.03,71.975,3.0
max,0.978,0.972,11.0,-2.097,1.0,0.902,0.856,0.892,0.8640000000000001,0.963,192.09099999999998,4.0
