,danceability,energy,key,loudness,mode,speechiness,acousticness,instrumentalness,liveness,valence,tempo,time_signature
mean,0.70658,0.619618,5.34,-7.0756,0.48,0.113748,0.27187446000000004,0.11322096079999994,0.12588000000000005,0.497724,123.86529999999995,4.0
std,0.1268798387033486,0.2201202970641096,3.8735629330008785,3.1390991688439427,0.5046720495044484,0.09181669013722452,0.27107223270930675,0.2745627108851379,0.08225810300635485,0.23829031818094396,26.738789514562576,0.20203050891044214
min,0.308,0.0769,0.0,-15.359000000000002,0.0,0.0301,0.000663,0.0,0.0443,0.0583,74.96300000000001,3.0
max,0.9490000000000001,0.9840000000000001,11.0,-0.114,1.0,0.344,0.9790000000000001,0.938,0.465,0.927,175.074,5.0
