,danceability,energy,key,loudness,mode,speechiness,acousticness,instrumentalness,liveness,valence,tempo,time_signature
mean,0.67948,0.616374,5.68,-6.644320000000002,0.48,0.15198800000000007,0.25160766,0.020939384,0.14525200000000002,0.48768000000000017,127.22361999999997,3.94
std,0.17173214074035556,0.18352128810509993,3.5134726120916846,2.5602467071812933,0.5046720495044485,0.1374083763599496,0.2639737378687362,0.08709899585874792,0.0999699020828218,0.2332133585630225,27.26377326880219,0.23989793748209529
min,0.258,0.0507,0.0,-16.519000000000002,0.0,0.0232,0.000113,0.0,0.0546,0.0573,64.01899999999999,3.0
max,0.965,0.9620000000000001,11.0,-2.345,1.0,0.555,0.956,0.516,0.562,0.9059999999999999,189.9,4.0
