,danceability,energy,key,loudness,mode,speechiness,acousticness,instrumentalness,liveness,valence,tempo,time_signature
mean,0.6973800000000001,0.6209373999999999,4.62,-7.277940000000001,0.58,0.122812,0.28683018,0.07265499480000001,0.17561,0.5160079999999999,122.42344000000001,3.98
std,0.1669709604471779,0.22654580025122817,3.5044578025417747,5.388863915747825,0.49856938190328975,0.11665540679580126,0.28323778436469965,0.20579925117897466,0.15573834447166665,0.2345019627784356,30.080811279468854,0.24660966430902947
min,0.21600000000000003,0.00487,0.0,-33.84,0.0,0.0287,0.000129,0.0,0.0441,0.0954,68.365,3.0
max,0.945,0.972,11.0,-2.097,1.0,0.474,0.996,0.9570000000000001,0.847,0.963,192.09099999999998,5.0
