,danceability,energy,key,loudness,mode,speechiness,acousticness,instrumentalness,liveness,valence,tempo,time_signature
mean,0.6816800000000002,0.6728800000000001,6.28,-6.851699999999998,0.76,0.106578,0.25096224800000005,0.09154673600000002,0.19344799999999995,0.436396,121.24308000000002,4.0
std,0.14060763761297623,0.19544116918460375,3.7254776436679076,3.0244841641482725,0.4314191105869,0.08348559765807831,0.2551089000561183,0.23062469124738333,0.15881300805201887,0.20888343879800914,24.521666217349548,0.20203050891044214
min,0.24600000000000002,0.282,0.0,-16.465,0.0,0.0298,8.14e-05,0.0,0.0621,0.0387,68.482,3.0
max,0.9470000000000001,0.995,11.0,-1.694,1.0,0.457,0.7979999999999999,0.897,0.815,0.966,176.791,5.0
