,danceability,energy,key,loudness,mode,speechiness,acousticness,instrumentalness,liveness,valence,tempo,time_signature
mean,0.72214,0.6180059999999999,4.9,-6.856820000000003,0.5,0.13989600000000002,0.25056196,0.06324247359999997,0.21935599999999994,0.5305599999999999,122.83268000000005,3.96
std,0.11828813144528205,0.19650541292850962,3.547059719410039,2.3984945507121576,0.5050762722761054,0.11288059785201605,0.27208540487868577,0.19180323211761927,0.21552807304244095,0.2129742879949098,27.98024463171493,0.49321932861805895
min,0.36,0.0823,0.0,-15.177,0.0,0.0241,0.0005480000000000001,0.0,0.0557,0.121,74.986,1.0
max,0.932,0.968,11.0,-2.7939999999999996,1.0,0.43200000000000005,0.93,0.943,0.9209999999999999,0.963,202.115,5.0
