,danceability,energy,key,loudness,mode,speechiness,acousticness,instrumentalness,liveness,valence,tempo,time_signature
mean,0.72076,0.64484,4.68,-7.034460000000001,0.6,0.145944,0.25897134000000005,0.061034154,0.146648,0.48536000000000024,121.81802000000002,3.96
std,0.13870502543755453,0.16011225144012087,3.501836253004578,2.3632634407116107,0.4948716593053935,0.13649693748526792,0.24016595271192145,0.19371785614001585,0.12076343756725884,0.2175461255336299,28.980051879145403,0.1979486637221575
min,0.395,0.32899999999999996,0.0,-12.61,0.0,0.0295,0.000126,0.0,0.052000000000000005,0.131,71.884,3.0
max,0.978,0.9490000000000001,11.0,-1.865,1.0,0.6609999999999999,0.818,0.816,0.795,0.941,204.03099999999998,4.0
