,danceability,energy,key,loudness,mode,speechiness,acousticness,instrumentalness,liveness,valence,tempo,time_signature
mean,0.7222800000000003,0.5811060000000002,5.56,-7.628380000000001,0.52,0.12697000000000003,0.27446382,0.12240702540000002,0.17921800000000002,0.5073259999999999,121.95326000000004,3.92
std,0.14171688361674065,0.2028054827681351,3.631832055813243,3.8401513463478416,0.5046720495044484,0.11030875453258737,0.3094276407682674,0.2701595777509679,0.12618399699628785,0.19670399268641067,24.31940947424338,0.44446711960297197
min,0.263,0.0823,0.0,-26.351,0.0,0.0253,0.000292,0.0,0.0699,0.0503,74.991,1.0
max,0.9259999999999999,0.9590000000000001,11.0,-1.339,1.0,0.43200000000000005,0.973,0.8740000000000001,0.5870000000000001,0.963,202.115,4.0
