,danceability,energy,key,loudness,mode,speechiness,acousticness,instrumentalness,liveness,valence,tempo,time_signature
mean,0.6729400000000001,0.71942,5.52,-5.894939999999999,0.54,0.117526,0.145011344,0.0501611596,0.13774000000000003,0.51732,117.36737999999997,3.98
std,0.1299169923372581,0.1612061793012227,3.6935685968439564,1.7873468812397755,0.5034574339058886,0.10801862237406953,0.1726024132365834,0.13374943215573684,0.09096424056311629,0.209600829566827,27.34073614619618,0.1414213562373094
min,0.325,0.271,0.0,-10.450999999999999,0.0,0.0264,3.72e-05,0.0,0.0457,0.14800000000000002,71.855,3.0
max,0.893,0.971,11.0,-2.589,1.0,0.47600000000000003,0.73,0.7020000000000001,0.457,0.895,180.524,4.0
