,danceability,energy,key,loudness,mode,speechiness,acousticness,instrumentalness,liveness,valence,tempo,time_signature
mean,0.7239,0.6758600000000001,6.14,-5.993379999999999,0.62,0.13531400000000002,0.274025308,0.0425932078,0.151722,0.6366299999999999,129.55642000000003,3.98
std,0.15014051241882637,0.1432129868127773,3.4047385946588005,3.018304665989617,0.4903143514780145,0.10574343229472641,0.21694733367963384,0.16890936854199076,0.13287436952832934,0.20385871483025908,31.619378109059536,0.14142135623730945
min,0.24,0.235,0.0,-16.541,0.0,0.0287,5.539999999999999e-05,0.0,0.0462,0.0895,90.979,3.0
max,0.919,0.9790000000000001,11.0,-1.9980000000000002,1.0,0.46,0.754,0.9470000000000001,0.802,0.9570000000000001,188.12400000000002,4.0
