,danceability,energy,key,loudness,mode,speechiness,acousticness,instrumentalness,liveness,valence,tempo,time_signature
mean,0.6086400000000002,0.6826799999999998,5.08,-6.40074,0.46,0.07496800000000002,0.16392160599999997,0.054036952,0.17661000000000004,0.50124,118.5071,3.94
std,0.17026818701743462,0.18884584362135487,4.129732906321064,2.666676650738112,0.5034574339058886,0.06703659810666325,0.2389228453566227,0.17441851141280376,0.1327201294269337,0.24691191191373893,28.97558384349534,0.2398979374820953
min,0.259,0.139,0.0,-15.362,0.0,0.0261,3.9500000000000005e-05,0.0,0.031,0.1,73.396,3.0
max,0.907,0.9570000000000001,11.0,-3.115,1.0,0.302,0.9690000000000001,0.878,0.6409999999999999,0.9640000000000001,178.07,4.0
