,danceability,energy,key,loudness,mode,speechiness,acousticness,instrumentalness,liveness,valence,tempo,time_signature
mean,0.7363599999999999,0.63238,5.6,-5.8608,0.52,0.11594000000000002,0.2985544,0.012368170599999999,0.15965200000000002,0.54862,119.25827999999996,3.96
std,0.12233489665167298,0.14793474706016535,3.8225966172170422,2.192525912629317,0.5046720495044484,0.10776653904981594,0.22458474067378267,0.08538641597028875,0.10148756079401242,0.2329274118339734,31.94176681121508,0.19794866372215744
min,0.395,0.10400000000000001,0.0,-14.08,0.0,0.0287,0.00195,0.0,0.0515,0.15,89.859,3.0
max,0.9420000000000001,0.872,11.0,-2.576,1.0,0.565,0.9790000000000001,0.604,0.47,0.9209999999999999,190.08900000000003,4.0
