,danceability,energy,key,loudness,mode,speechiness,acousticness,instrumentalness,liveness,valence,tempo,time_signature
mean,0.71184,0.6962399999999999,4.96,-5.325000000000001,0.58,0.072022,0.11339929999999997,0.0028199474000000007,0.17428000000000005,0.5424599999999999,116.24018,3.98
std,0.12174402051276377,0.13929070467250598,3.806331996201346,1.769441027844785,0.49856938190328975,0.039773354273987024,0.13493153952725018,0.016285806887274802,0.11113915895426428,0.24945595660499725,24.088733909757526,0.14142135623730942
min,0.386,0.44799999999999995,0.0,-9.367,0.0,0.026000000000000002,0.000725,0.0,0.0404,0.0869,75.016,3.0
max,0.929,0.9570000000000001,11.0,-1.715,1.0,0.23800000000000002,0.5489999999999999,0.115,0.409,0.9390000000000001,171.077,4.0
