,danceability,energy,key,loudness,mode,speechiness,acousticness,instrumentalness,liveness,valence,tempo,time_signature
mean,0.7166399999999998,0.6883800000000001,5.34,-5.6793000000000005,0.58,0.12007200000000001,0.19729880000000005,0.021677177,0.17378800000000005,0.5704199999999999,121.09765999999996,4.02
std,0.11910821010444962,0.12951635150096855,3.6956124012683156,1.9254942461188336,0.49856938190328975,0.09379003698013288,0.17039061395822605,0.10852364136432956,0.10655980909463808,0.2162061648387615,30.632609514332124,0.1414213562373095
min,0.433,0.342,0.0,-10.332,0.0,0.0261,0.00173,0.0,0.0498,0.1,79.992,4.0
max,0.966,0.902,11.0,-1.746,1.0,0.353,0.669,0.669,0.5429999999999999,0.9670000000000001,192.06799999999998,5.0
