,danceability,energy,key,loudness,mode,speechiness,acousticness,instrumentalness,liveness,valence,tempo,time_signature
mean,0.7246399999999998,0.6982259999999999,4.48,-5.331060000000001,0.66,0.13303400000000004,0.16713898000000005,0.005917808200000001,0.14492600000000003,0.587262,124.83306000000006,3.96
std,0.1381824821290562,0.17244782329500036,3.598412348324109,2.663954881106553,0.47851812069840666,0.11211253204176744,0.1967100209232154,0.0245846353020812,0.1131780966225446,0.24760823969178675,35.28779383138201,0.19794866372215747
min,0.27699999999999997,0.0413,0.0,-19.447,0.0,0.0319,0.000239,0.0,0.0424,0.0801,77.968,3.0
max,0.91,0.97,11.0,-0.5820000000000001,1.0,0.473,0.973,0.158,0.6970000000000001,0.9570000000000001,202.463,4.0
