,danceability,energy,key,loudness,mode,speechiness,acousticness,instrumentalness,liveness,valence,tempo,time_signature
mean,0.71726,0.6450199999999999,5.16,-6.1552,0.64,0.15788800000000003,0.24868179999999998,0.0305194128,0.178328,0.5561999999999998,123.59596000000002,4.0
std,0.13043018462466613,0.15699128924229896,3.4247597860049597,2.347893141538097,0.4848732213850611,0.13581885841826538,0.2675238966529296,0.1458710042643857,0.11109299843842912,0.20537243421329426,30.487454650390085,0.2857142857142857
min,0.32299999999999995,0.225,0.0,-14.454,0.0,0.0357,0.00122,0.0,0.0469,0.14400000000000002,77.566,3.0
max,0.941,0.956,11.0,-1.538,1.0,0.5870000000000001,0.902,0.81,0.46,0.955,181.857,5.0
