,danceability,energy,key,loudness,mode,speechiness,acousticness,instrumentalness,liveness,valence,tempo,time_signature
mean,0.7520200000000001,0.6575,5.6,-6.00244,0.48,0.13092199999999998,0.28701139999999997,0.0125158392,0.154686,0.5772200000000001,122.74276000000002,4.0
std,0.11060990286698971,0.1254904256856893,3.730732816343027,2.111973215661948,0.5046720495044484,0.10161437767865533,0.2097590328089324,0.08537437658003894,0.10331627093936524,0.21157246937141505,34.63949842307837,0.0
min,0.395,0.355,0.0,-10.47,0.0,0.0301,0.00987,0.0,0.0515,0.15,86.00299999999999,4.0
max,0.9059999999999999,0.872,11.0,-2.576,1.0,0.5,0.795,0.604,0.47,0.919,190.08900000000003,4.0
