,danceability,energy,key,loudness,mode,speechiness,acousticness,instrumentalness,liveness,valence,tempo,time_signature
mean,0.6422,0.61426,5.86,-7.0714400000000035,0.58,0.100682,0.24404846,0.07181278140000001,0.199882,0.480866,123.86006000000003,3.96
std,0.17822377587099397,0.21258686675890243,3.4817893593463034,3.86874907357478,0.4985693819032897,0.08918658426156313,0.2424656888863895,0.17846154155409957,0.19413643812577602,0.2409374104600273,28.235644394702266,0.1979486637221575
min,0.275,0.179,0.0,-15.73,0.0,0.0286,0.000683,0.0,0.0515,0.0506,80.04,3.0
max,0.966,0.97,11.0,-1.694,1.0,0.45299999999999996,0.9329999999999999,0.897,0.895,0.9690000000000001,192.44299999999998,4.0
