,danceability,energy,key,loudness,mode,speechiness,acousticness,instrumentalness,liveness,valence,tempo,time_signature
mean,0.7215199999999998,0.67342,5.22,-5.605100000000001,0.48,0.144986,0.23336316000000001,0.032610403200000006,0.16151799999999997,0.5963020000000001,120.23428000000001,4.0
std,0.12972722402433975,0.13861046431033455,3.903373736988587,1.921396221182792,0.5046720495044485,0.11667740807500843,0.20694999026703262,0.1361695394841583,0.10848514934575806,0.2231330183398893,34.87246010766685,0.0
min,0.19699999999999998,0.317,0.0,-10.732000000000001,0.0,0.0282,0.000308,0.0,0.0344,0.0681,73.51,4.0
max,0.9059999999999999,0.9109999999999999,11.0,-1.8659999999999999,1.0,0.43799999999999994,0.777,0.752,0.499,0.9520000000000001,189.993,4.0
