,danceability,energy,key,loudness,mode,speechiness,acousticness,instrumentalness,liveness,valence,tempo,time_signature
mean,0.7234400000000001,0.6532000000000001,5.42,-5.9406,0.66,0.12352,0.24721600000000002,0.0562491956,0.19530399999999998,0.6167999999999999,120.22482000000004,3.84
std,0.10850169941300555,0.18105687459120326,3.5403793178536267,2.9323855580780114,0.47851812069840666,0.09250024158821181,0.24152884214333917,0.19566729914553851,0.14988148646071492,0.17565504227761586,31.09716091423979,0.5095015571464864
min,0.41700000000000004,0.218,0.0,-15.177,0.0,0.037000000000000005,0.000292,0.0,0.0425,0.195,75.233,1.0
max,0.915,0.9790000000000001,11.0,-1.339,1.0,0.401,0.867,0.81,0.7170000000000001,0.9620000000000001,191.81400000000002,4.0
