,danceability,energy,key,loudness,mode,speechiness,acousticness,instrumentalness,liveness,valence,tempo,time_signature
mean,0.7108800000000001,0.6960199999999999,5.3,-5.9692599999999985,0.58,0.10841599999999998,0.18916000000000008,0.024437705200000003,0.18719800000000006,0.51564,112.29674000000003,4.02
std,0.13714845821895608,0.15280673267569206,3.506553631038165,2.4434156070917594,0.49856938190328975,0.08253681518706964,0.2414766064048779,0.12543622310239724,0.14724029296856683,0.23940638833479405,25.217568548582335,0.14142135623730948
min,0.349,0.34600000000000003,0.0,-11.415999999999999,0.0,0.0295,0.00161,0.0,0.0497,0.121,73.483,4.0
max,0.9670000000000001,0.934,11.0,-1.964,1.0,0.35100000000000003,0.8290000000000001,0.8859999999999999,0.667,0.8959999999999999,180.4,5.0
