,danceability,energy,key,loudness,mode,speechiness,acousticness,instrumentalness,liveness,valence,tempo,time_signature
mean,0.73592,0.677406,4.06,-5.361639999999999,0.62,0.13023200000000001,0.23535048,0.0050449953999999984,0.16700199999999996,0.5378619999999998,119.39536000000003,3.92
std,0.13707451273236876,0.18992857133186483,3.3283568293789463,3.2848317309122796,0.4903143514780145,0.10470171711747109,0.2620064993275688,0.024292236429363154,0.12179303202145675,0.24863452310077744,31.768537062512735,0.27404751561786983
min,0.284,0.0413,0.0,-19.447,0.0,0.0247,0.000704,0.0,0.0424,0.0601,76.983,3.0
max,0.9670000000000001,0.97,11.0,-0.5820000000000001,1.0,0.473,0.973,0.158,0.6970000000000001,0.9540000000000001,202.463,4.0
