,danceability,energy,key,loudness,mode,speechiness,acousticness,instrumentalness,liveness,valence,tempo,time_signature
mean,0.7312999999999996,0.6924799999999999,5.36,-5.4913,0.6,0.11134200000000001,0.19210636,0.010027411200000003,0.18184199999999998,0.5954999999999999,122.42135999999995,3.98
std,0.11883245794489186,0.13281600592011275,3.409231165945944,2.047584114043092,0.49487165930539356,0.08802925091312847,0.22315920582928583,0.06180290340728831,0.1536567657781061,0.20596217703099506,29.7983075226546,0.14142135623730936
min,0.319,0.37799999999999995,0.0,-11.485,0.0,0.025,0.000813,0.0,0.0501,0.162,77.176,3.0
max,0.922,0.917,11.0,-2.384,1.0,0.384,0.9840000000000001,0.43700000000000006,0.784,0.938,193.016,4.0
