,danceability,energy,key,loudness,mode,speechiness,acousticness,instrumentalness,liveness,valence,tempo,time_signature
mean,0.6271599999999998,0.62549,4.52,-7.452660000000003,0.58,0.086538,0.29588483,0.06155495099999999,0.16775200000000004,0.511876,123.74966,3.98
std,0.16324194639008838,0.23649146875927338,3.581357626512548,4.577566667600433,0.49856938190328975,0.07038976586674736,0.31841663550659743,0.1984976708695013,0.15784214568708207,0.266912147558491,26.912820704448578,0.1414213562373094
min,0.25,0.0533,0.0,-22.085,0.0,0.0275,1.24e-05,0.0,0.0308,0.0396,82.055,3.0
max,0.9309999999999999,0.988,11.0,-1.41,1.0,0.336,0.99,0.9009999999999999,0.799,0.96,193.8,4.0
