,danceability,energy,key,loudness,mode,speechiness,acousticness,instrumentalness,liveness,valence,tempo,time_signature
mean,0.70878,0.6820800000000001,5.74,-5.5336,0.56,0.10021799999999999,0.21640059999999994,0.0092196592,0.16512199999999996,0.588832,117.55274000000003,3.96
std,0.13725728708211765,0.13714595829827075,3.5674835354224417,2.3552264330676165,0.5014265364224069,0.0832614683894498,0.2143932318685952,0.049647544634182125,0.1306465683921819,0.21381758145385404,28.204869146728576,0.1979486637221575
min,0.342,0.36700000000000005,0.0,-14.605,0.0,0.0277,0.0016899999999999999,0.0,0.0418,0.0896,70.27600000000001,3.0
max,0.917,0.865,11.0,-2.864,1.0,0.46299999999999997,0.845,0.349,0.636,0.925,184.11900000000003,4.0
