,danceability,energy,key,loudness,mode,speechiness,acousticness,instrumentalness,liveness,valence,tempo,time_signature
mean,0.6982600000000002,0.6756200000000001,4.12,-5.762360000000001,0.64,0.12054599999999997,0.2082062,0.0029297471999999995,0.17708199999999993,0.5614399999999999,121.08839999999996,3.96
std,0.15592551989684705,0.17700246625746344,3.479619965174475,2.392007864296675,0.4848732213850611,0.10780333039798892,0.19881111036265714,0.019934687574561166,0.17112723717176298,0.2518964121399501,33.520751117929976,0.19794866372215744
min,0.317,0.215,0.0,-12.03,0.0,0.0313,0.0019399999999999999,0.0,0.0548,0.11900000000000001,79.997,3.0
max,0.9359999999999999,0.97,11.0,-2.5660000000000003,1.0,0.623,0.897,0.141,0.919,0.9670000000000001,204.21200000000002,4.0
