,danceability,energy,key,loudness,mode,speechiness,acousticness,instrumentalness,liveness,valence,tempo,time_signature
mean,0.7210599999999998,0.6833800000000002,5.4,-5.3565200000000015,0.64,0.13667399999999996,0.2404766,0.0007600717999999999,0.15130800000000005,0.57284,127.74420000000002,4.02
std,0.11856220446048822,0.13210646448673005,3.6922422809485957,1.9624198123745082,0.4848732213850611,0.10714410629748009,0.19824463188666056,0.0032458564757176078,0.10711709374058172,0.19895013835386094,33.88211580266654,0.14142135623730942
min,0.433,0.31,0.0,-11.134,0.0,0.0372,0.00513,0.0,0.0559,0.163,79.992,4.0
max,0.966,0.902,11.0,-1.0979999999999999,1.0,0.48200000000000004,0.94,0.022000000000000002,0.61,0.9670000000000001,192.06799999999998,5.0
