,danceability,energy,key,loudness,mode,speechiness,acousticness,instrumentalness,liveness,valence,tempo,time_signature
mean,0.72866,0.6518600000000001,5.58,-5.976519999999999,0.7,0.14165600000000003,0.2653366000000002,0.0250280536,0.16385799999999995,0.5428200000000001,122.37545999999996,4.0
std,0.12160719802809741,0.14526541647787267,3.5172461398320225,2.662209188793766,0.46291004988627565,0.1177409195944162,0.21584006531301486,0.1092181180106475,0.11237953203501147,0.21412352814700783,34.69486665271086,0.0
min,0.455,0.19399999999999998,0.0,-13.99,0.0,0.0287,0.00903,0.0,0.0372,0.10099999999999999,74.973,4.0
max,0.935,0.972,11.0,-1.8,1.0,0.433,0.836,0.618,0.499,0.9179999999999999,188.00900000000001,4.0
