,danceability,energy,key,loudness,mode,speechiness,acousticness,instrumentalness,liveness,valence,tempo,time_signature
mean,0.7306800000000002,0.6793600000000002,5.98,-5.600200000000001,0.64,0.181452,0.271156092,0.0743213224,0.15967799999999996,0.6016800000000001,126.32938000000001,4.02
std,0.12609381670900796,0.15300630372501595,3.9511816883932176,2.2558603318323356,0.4848732213850611,0.1320058923236507,0.23683520616044385,0.22923802174703994,0.1251666420482416,0.19439129904102484,35.52280029748644,0.24660966430902953
min,0.387,0.19399999999999998,0.0,-12.414000000000001,0.0,0.028999999999999998,5.16e-05,0.0,0.0501,0.196,74.973,3.0
max,0.978,0.972,11.0,-2.279,1.0,0.556,0.879,0.872,0.6709999999999999,0.9390000000000001,190.097,5.0
