,danceability,energy,key,loudness,mode,speechiness,acousticness,instrumentalness,liveness,valence,tempo,time_signature
mean,0.68672,0.6659200000000002,5.32,-6.386699999999999,0.62,0.11201799999999999,0.20353739999999995,0.00021515520000000006,0.19167400000000007,0.5458440000000001,124.54928000000001,3.88
std,0.16387576678318092,0.1636455652329392,3.3832721753126656,2.395888861941536,0.49031435147801444,0.09642034608305194,0.2215954518689867,0.0006618106379463379,0.1562994598421209,0.23269371491998941,29.124024386946058,0.4797958749641905
min,0.337,0.126,0.0,-15.615,0.0,0.0293,0.0010400000000000001,0.0,0.0232,0.0499,77.176,1.0
max,0.98,0.9129999999999999,11.0,-1.567,1.0,0.43799999999999994,0.978,0.00426,0.71,0.938,184.801,4.0
