,danceability,energy,key,loudness,mode,speechiness,acousticness,instrumentalness,liveness,valence,tempo,time_signature
mean,0.64554,0.6786600000000002,5.04,-6.515680000000001,0.66,0.085224,0.20335354,0.0388600316,0.20334600000000005,0.5522999999999998,115.39774,3.96
std,0.15309090403403852,0.1560237566944894,3.6363246751159526,2.0458498702076287,0.47851812069840655,0.07039389050484539,0.24599687350022584,0.12425568461883478,0.16074998995143908,0.2216999222151512,27.748776208212668,0.19794866372215753
min,0.183,0.33799999999999997,0.0,-11.482000000000001,0.0,0.0273,0.000135,0.0,0.0497,0.0661,69.352,3.0
max,0.9079999999999999,0.98,11.0,-2.569,1.0,0.35700000000000004,0.9690000000000001,0.7759999999999999,0.659,0.943,177.78400000000002,4.0
