,danceability,energy,key,loudness,mode,speechiness,acousticness,instrumentalness,liveness,valence,tempo,time_signature
mean,0.7273799999999998,0.6542600000000001,4.86,-5.7640199999999995,0.7,0.155794,0.28898508,0.003195565399999999,0.19305399999999998,0.5978899999999999,119.78784000000002,4.0
std,0.1417090854460616,0.16756622936764376,3.8914348646896877,2.677281925721667,0.4629100498862757,0.11217695643536617,0.24491502977720453,0.018458098629794716,0.17432559989740992,0.2211246137270077,32.29410386341793,0.20203050891044214
min,0.302,0.19399999999999998,0.0,-16.541,0.0,0.0298,0.000197,0.0,0.0501,0.0895,74.93,3.0
max,0.9079999999999999,0.9440000000000001,11.0,-1.8,1.0,0.467,0.9329999999999999,0.13,0.795,0.9209999999999999,185.90099999999998,5.0
