,danceability,energy,key,loudness,mode,speechiness,acousticness,instrumentalness,liveness,valence,tempo,time_signature
mean,0.584,0.7136800000000001,5.18,-6.273179999999999,0.68,0.0747,0.18423478800000004,0.04697693820000001,0.19633,0.5454880000000002,125.61254,3.96
std,0.1406008970273588,0.20693412537543915,3.9573749287287168,2.8418279090926606,0.47121207149916117,0.06678742396589346,0.23961356370190906,0.16014396239058604,0.15371982763509484,0.2309385576383503,30.874351560709503,0.1979486637221575
min,0.29,0.10099999999999999,0.0,-15.661,0.0,0.0261,5.24e-05,0.0,0.0291,0.0854,83.046,3.0
max,0.8270000000000001,0.996,11.0,-1.3969999999999998,1.0,0.363,0.934,0.825,0.65,0.961,209.795,4.0
