,danceability,energy,key,loudness,mode,speechiness,acousticness,instrumentalness,liveness,valence,tempo,time_signature
mean,0.7251200000000003,0.68738,5.26,-5.9380999999999995,0.56,0.11082399999999998,0.21865859999999998,0.0043313954,0.17310199999999998,0.5660799999999999,108.88971999999998,4.02
std,0.12840841093947078,0.17048309390119143,3.6856589143127536,2.205194223016306,0.5014265364224069,0.09765632483148154,0.23419836523253493,0.014596996076041684,0.10046430270681893,0.21491601017274503,21.456804478062335,0.14142135623730945
min,0.33399999999999996,0.115,0.0,-11.415999999999999,0.0,0.0291,0.00146,0.0,0.0494,0.121,73.483,4.0
max,0.9670000000000001,0.9520000000000001,11.0,-2.984,1.0,0.434,0.968,0.0798,0.423,0.889,173.986,5.0
