,danceability,energy,key,loudness,mode,speechiness,acousticness,instrumentalness,liveness,valence,tempo,time_signature
mean,0.64482,0.6496600000000001,4.74,-6.351440000000002,0.58,0.088766,0.28476014400000005,0.00015871300000000002,0.179354,0.4943779999999999,122.95363999999998,3.96
std,0.17891654536146628,0.2175785675594554,3.8956281094769474,2.739837431196923,0.49856938190328975,0.06901695919948123,0.2837069704693416,0.0006673460006906125,0.12435379286535653,0.2396816505028182,31.67629873745495,0.1979486637221575
min,0.205,0.14800000000000002,0.0,-15.372,0.0,0.0289,3.570000000000001e-05,0.0,0.0433,0.0872,78.01100000000001,3.0
max,0.895,0.987,11.0,-2.315,1.0,0.368,0.9109999999999999,0.0045,0.6409999999999999,0.893,183.817,4.0
