,danceability,energy,key,loudness,mode,speechiness,acousticness,instrumentalness,liveness,valence,tempo,time_signature
mean,0.68586,0.63102,4.6,-6.467759999999998,0.52,0.09446999999999997,0.19644984000000001,0.010809479,0.15845999999999993,0.5385540000000001,123.31552000000003,3.94
std,0.1565817267207676,0.1758658452065212,4.0203563655629395,2.4071686014731846,0.5046720495044484,0.08513771856497555,0.24160212438849768,0.07234626413529938,0.12368466488021305,0.22978141095486415,27.56975673927606,0.2398979374820953
min,0.258,0.14800000000000002,0.0,-13.519,0.0,0.026000000000000002,0.00074,0.0,0.0562,0.0967,79.987,3.0
max,0.9359999999999999,0.885,11.0,-2.315,1.0,0.368,0.9109999999999999,0.512,0.7909999999999999,0.9620000000000001,188.36,4.0
