,danceability,energy,key,loudness,mode,speechiness,acousticness,instrumentalness,liveness,valence,tempo,time_signature
mean,0.7299599999999998,0.6631199999999999,5.42,-5.993160000000001,0.62,0.133926,0.23191117999999997,0.005772357400000001,0.16624199999999995,0.60686,129.39134,4.0
std,0.11927638286854646,0.16658682114618742,4.036011367067991,2.6054998686843733,0.4903143514780145,0.10173012278392596,0.23143408245869396,0.024334541130096084,0.10729220845857526,0.1828840393165426,32.559757745306726,0.0
min,0.39899999999999997,0.168,0.0,-14.505,0.0,0.0278,0.000749,0.0,0.0344,0.13699999999999998,90.01100000000001,4.0
max,0.9109999999999999,0.9109999999999999,11.0,-1.9980000000000002,1.0,0.376,0.9309999999999999,0.162,0.499,0.9179999999999999,202.00599999999997,4.0
