,danceability,energy,key,loudness,mode,speechiness,acousticness,instrumentalness,liveness,valence,tempo,time_signature
mean,0.7109400000000001,0.6862099999999998,5.38,-5.669240000000001,0.58,0.13394599999999998,0.2333097999999999,0.015236834799999998,0.133332,0.57622,126.00364000000002,4.02
std,0.1297146648830204,0.1585272168095679,3.527674842714159,2.1878730381401037,0.49856938190328975,0.09970719215456296,0.22642393046609344,0.09902205590910225,0.07237522814457716,0.17995195390516242,31.741524233143952,0.14142135623730948
min,0.433,0.0935,0.0,-13.712,0.0,0.0278,0.00124,0.0,0.0344,0.1,79.992,4.0
max,0.966,0.9640000000000001,11.0,-1.746,1.0,0.353,0.94,0.7,0.33799999999999997,0.961,188.048,5.0
