,danceability,energy,key,loudness,mode,speechiness,acousticness,instrumentalness,liveness,valence,tempo,time_signature
mean,0.7428399999999997,0.6424000000000001,5.98,-5.884799999999999,0.62,0.13152800000000003,0.27831000000000006,0.0008691011999999999,0.146472,0.5613600000000002,121.57315999999999,4.0
std,0.10384473496327022,0.15950842854065803,3.987173312060584,2.3919040660579367,0.4903143514780145,0.08892728063320236,0.2366957032106146,0.0034033735390504444,0.09075879906743625,0.20370464413168474,34.58468537878272,0.0
min,0.518,0.19699999999999998,0.0,-12.89,0.0,0.0287,0.00615,0.0,0.0344,0.13699999999999998,75.014,4.0
max,0.9359999999999999,0.8909999999999999,11.0,-2.576,1.0,0.37799999999999995,0.9309999999999999,0.0212,0.406,0.91,202.00599999999997,4.0
