,danceability,energy,key,loudness,mode,speechiness,acousticness,instrumentalness,liveness,valence,tempo,time_signature
mean,0.7288800000000002,0.6139,5.36,-5.89186,0.62,0.14745599999999998,0.24671939999999992,0.035619020599999995,0.15437599999999999,0.5393680000000001,129.02259999999995,3.98
std,0.1271151880005224,0.12257663159120051,3.853225523996164,2.291497540910747,0.49031435147801444,0.12716531127566488,0.214445215594728,0.1756656123911128,0.12406116917859182,0.185034149567377,32.84219354763637,0.24660966430902953
min,0.376,0.35700000000000004,0.0,-15.76,0.0,0.0261,0.00147,0.0,0.0469,0.0454,64.921,3.0
max,0.9540000000000001,0.821,11.0,-2.2030000000000003,1.0,0.5870000000000001,0.968,0.897,0.79,0.96,184.04,5.0
