,danceability,energy,key,loudness,mode,speechiness,acousticness,instrumentalness,liveness,valence,tempo,time_signature
mean,0.7202399999999999,0.66856,6.1,-5.66552,0.66,0.13893000000000003,0.22637939999999998,0.0002487748,0.15232600000000002,0.5835720000000001,124.51616000000001,4.0
std,0.10163009356665646,0.1284458370723804,3.4121631178560525,2.128040290780152,0.4785181206984066,0.12183336771917586,0.20859283724186756,0.0014161647276347824,0.07955403710942748,0.2054137487598915,34.37104869066882,0.20203050891044214
min,0.456,0.34,0.0,-12.914000000000001,0.0,0.0298,0.00677,0.0,0.0469,0.0916,78.616,3.0
max,0.938,0.9009999999999999,11.0,-1.865,1.0,0.5870000000000001,0.831,0.00999,0.46,0.955,191.977,5.0
