,danceability,energy,key,loudness,mode,speechiness,acousticness,instrumentalness,liveness,valence,tempo,time_signature
mean,0.6634000000000002,0.64146,5.86,-6.317020000000001,0.34,0.128214,0.18533237999999994,0.004154156599999999,0.17651,0.46678799999999987,120.64476,4.02
std,0.1372105487704118,0.17621834901795055,3.838632834853617,3.1641792145250953,0.47851812069840644,0.1549695915003841,0.26860979896138776,0.025325157052748917,0.11584657913792355,0.22040153953312452,31.63463521467751,0.14142135623730945
min,0.35600000000000004,0.14300000000000002,0.0,-20.18,0.0,0.0251,0.000198,0.0,0.0501,0.0684,64.934,4.0
max,0.972,0.972,11.0,-2.384,1.0,0.92,0.976,0.179,0.455,0.9179999999999999,200.04,5.0
