,danceability,energy,key,loudness,mode,speechiness,acousticness,instrumentalness,liveness,valence,tempo,time_signature
mean,0.65764,0.69256,5.42,-5.965319999999999,0.52,0.172496,0.1437798,0.0181196606,0.1752299999999999,0.45555200000000007,118.17488000000002,3.98
std,0.13292083880172853,0.15091843451862005,3.4587363505848696,1.8375660636742688,0.5046720495044484,0.1629973042972284,0.17027527621999594,0.11719717530683996,0.12459872939700042,0.23245738449910183,25.62687134880423,0.24660966430902945
min,0.35100000000000003,0.29600000000000004,0.0,-10.109,0.0,0.0321,0.00144,0.0,0.0403,0.0395,72.98899999999999,3.0
max,0.934,0.9129999999999999,11.0,-2.552,1.0,0.6809999999999999,0.934,0.828,0.631,0.9079999999999999,180.07299999999998,5.0
