,danceability,energy,key,loudness,mode,speechiness,acousticness,instrumentalness,liveness,valence,tempo,time_signature
mean,0.6741799999999999,0.69762,5.44,-5.700780000000001,0.52,0.14442800000000003,0.10794695999999997,0.0020154990000000005,0.1943319999999999,0.4415119999999999,125.32172,3.96
std,0.14178925004587417,0.1328196398681079,3.381582771545941,1.7085032988088773,0.5046720495044485,0.10898006003721177,0.14670136208804663,0.008198451448873484,0.1516578337803187,0.21129245873520267,33.32746061527727,0.19794866372215744
min,0.284,0.44799999999999995,0.0,-11.235,0.0,0.0291,0.000239,0.0,0.0215,0.0986,68.976,3.0
max,0.909,0.956,11.0,-2.532,1.0,0.473,0.688,0.0545,0.742,0.9259999999999999,191.702,4.0
