,danceability,energy,key,loudness,mode,speechiness,acousticness,instrumentalness,liveness,valence,tempo,time_signature
mean,0.7216800000000001,0.66616,4.44,-5.997779999999999,0.68,0.17248599999999997,0.16681736,0.020243206,0.18934200000000004,0.3800880000000001,129.51162,3.98
std,0.13093579046421874,0.14132844363252517,3.6931265444700636,1.3899140230347244,0.4712120714991613,0.15309000821845467,0.17320879469090453,0.08467133403284599,0.14818195666690548,0.19443697960196435,28.56355460136041,0.14142135623730942
min,0.381,0.387,0.0,-10.270999999999999,0.0,0.0318,0.000718,0.0,0.0343,0.0577,75.235,3.0
max,0.9359999999999999,0.996,11.0,-2.258,1.0,0.873,0.733,0.574,0.769,0.727,191.97400000000002,4.0
