,danceability,energy,key,loudness,mode,speechiness,acousticness,instrumentalness,liveness,valence,tempo,time_signature
mean,0.7371800000000002,0.69186,5.48,-6.283280000000001,0.5,0.13006000000000006,0.18623409999999999,0.04893635660000001,0.16878400000000002,0.48803999999999986,123.35943999999999,4.0
std,0.12261848746982551,0.18369551226007072,3.892640885212055,2.611088724682343,0.5050762722761054,0.1020097474334123,0.20414280719705977,0.16353581672898732,0.09105163675136235,0.2064401835587129,27.900324457304382,0.0
min,0.49,0.317,0.0,-14.505,0.0,0.0308,0.00025499999999999996,0.0,0.0388,0.099,86.00299999999999,4.0
max,0.935,0.9940000000000001,11.0,-2.24,1.0,0.396,0.74,0.871,0.4,0.96,202.00599999999997,4.0
