,danceability,energy,key,loudness,mode,speechiness,acousticness,instrumentalness,liveness,valence,tempo,time_signature
mean,0.6953199999999997,0.6593399999999999,5.5,-6.223560000000001,0.5,0.09597000000000001,0.15121541999999996,0.0203821126,0.16789400000000004,0.494554,120.01243999999997,3.96
std,0.14684914375102145,0.14475505137285946,3.9859446938010588,1.9100731277805538,0.5050762722761054,0.07718804033934643,0.19452369256317295,0.09984259972816427,0.12337770348959873,0.20803546323467378,26.090532982533205,0.1979486637221575
min,0.258,0.37799999999999995,0.0,-13.333,0.0,0.0253,0.000725,0.0,0.0613,0.0967,76.997,3.0
max,0.95,0.885,11.0,-3.612,1.0,0.341,0.847,0.512,0.579,0.9440000000000001,180.043,4.0
