,danceability,energy,key,loudness,mode,speechiness,acousticness,instrumentalness,liveness,valence,tempo,time_signature
mean,0.7051600000000002,0.69794,5.32,-5.69808,0.54,0.12734,0.17354626,0.018210436,0.18672600000000003,0.5160199999999999,126.87179999999998,3.96
std,0.12999832965959876,0.15310879285325057,3.7331389648139597,2.2695390599171885,0.5034574339058886,0.10157620041031225,0.21346288047672557,0.09990808573398709,0.12296755472190914,0.20027404592055292,29.14506994120191,0.19794866372215747
min,0.289,0.26899999999999996,0.0,-11.792,0.0,0.0286,0.000573,0.0,0.0403,0.1,84.186,3.0
max,0.9209999999999999,0.981,11.0,-1.76,1.0,0.41200000000000003,0.866,0.7,0.631,0.904,206.247,4.0
