,danceability,energy,key,loudness,mode,speechiness,acousticness,instrumentalness,liveness,valence,tempo,time_signature
mean,0.7007000000000001,0.67228,5.1,-6.183359999999999,0.44,0.15194599999999997,0.20417022800000006,0.0047665415999999985,0.1601760000000001,0.53782,127.22688000000002,4.0
std,0.1271974601851429,0.1392010790481283,3.105295017040594,2.0749188797519342,0.5014265364224069,0.11641160298786404,0.20187741571392748,0.020432790507581487,0.12080813352804773,0.21226337990567187,29.58638061306629,0.0
min,0.23199999999999998,0.391,0.0,-10.965,0.0,0.0289,6.14e-05,0.0,0.0645,0.131,82.041,4.0
max,0.9520000000000001,0.929,11.0,-2.33,1.0,0.461,0.7559999999999999,0.13,0.6940000000000001,0.9129999999999999,197.705,4.0
