,danceability,energy,key,loudness,mode,speechiness,acousticness,instrumentalness,liveness,valence,tempo,time_signature
mean,0.7174200000000001,0.6724199999999996,4.88,-6.19914,0.46,0.14826999999999999,0.230198708,0.010165135799999996,0.16216,0.5519799999999999,122.92388000000003,3.96
std,0.16392757111428377,0.15403194606367623,3.420466610966214,2.381434587446339,0.5034574339058886,0.1288532360034913,0.220756960970319,0.052271780502369095,0.09940442440775327,0.21475249066052285,31.36533061840147,0.1979486637221575
min,0.29600000000000004,0.32899999999999996,0.0,-12.603,0.0,0.0295,5.539999999999999e-05,0.0,0.0574,0.131,71.884,3.0
max,0.919,0.97,11.0,-2.059,1.0,0.493,0.823,0.349,0.529,0.922,192.128,4.0
