,danceability,energy,key,loudness,mode,speechiness,acousticness,instrumentalness,liveness,valence,tempo,time_signature
mean,0.7273000000000001,0.66378,5.66,-5.8310400000000016,0.56,0.11441000000000003,0.18865945999999997,0.014892097200000001,0.17205,0.4635279999999999,125.92202000000002,4.0
std,0.11863393361126333,0.1426139773325611,3.9621165236447515,1.973756792494548,0.5014265364224069,0.0936749683420152,0.18947724938842792,0.07342768106624732,0.0975439623546057,0.20810489019350067,26.37311704971483,0.20203050891044214
min,0.414,0.32299999999999995,0.0,-14.050999999999998,0.0,0.0283,0.000573,0.0,0.0543,0.0564,79.992,3.0
max,0.9309999999999999,0.902,11.0,-2.835,1.0,0.41200000000000003,0.6970000000000001,0.506,0.41100000000000003,0.8959999999999999,175.903,5.0
