,danceability,energy,key,loudness,mode,speechiness,acousticness,instrumentalness,liveness,valence,tempo,time_signature
mean,0.6808000000000001,0.64802,4.8,-5.8504999999999985,0.54,0.12798400000000001,0.1575752,0.0028620742000000005,0.19360200000000005,0.36260800000000004,125.48200000000001,3.96
std,0.14012705604819753,0.12218695778625976,3.4641016151377544,1.4336115838920205,0.5034574339058886,0.1090573231781136,0.16016871566735688,0.017956426063276017,0.1290755410681699,0.20238765474167816,25.763810883184377,0.493219328618059
min,0.414,0.387,0.0,-10.270999999999999,0.0,0.0311,0.00146,0.0,0.052000000000000005,0.0564,75.235,1.0
max,0.9309999999999999,0.84,11.0,-3.225,1.0,0.45799999999999996,0.6970000000000001,0.127,0.6759999999999999,0.835,174.028,5.0
