,danceability,energy,key,loudness,mode,speechiness,acousticness,instrumentalness,liveness,valence,tempo,time_signature
mean,0.6876800000000002,0.6579600000000001,4.4,-6.2244399999999995,0.6,0.15560799999999994,0.17789468,0.015577858600000001,0.175628,0.47617799999999993,127.28254000000001,3.98
std,0.1365806093746212,0.13819329261020225,3.7688302737922617,1.957723169023295,0.49487165930539356,0.14860801313303038,0.21897846536620996,0.04813608980771273,0.12037492117953638,0.19049371010024216,29.261880156515673,0.1414213562373094
min,0.37200000000000005,0.369,0.0,-11.377,0.0,0.0264,0.00028199999999999997,0.0,0.0545,0.0989,69.986,3.0
max,0.9570000000000001,0.96,11.0,-1.68,1.0,0.615,0.9690000000000001,0.27699999999999997,0.638,0.966,189.891,4.0
