,danceability,energy,key,loudness,mode,speechiness,acousticness,instrumentalness,liveness,valence,tempo,time_signature
mean,0.7402600000000001,0.60604,5.36,-7.273259999999998,0.6,0.13353800000000005,0.18154961999999994,0.0010999153999999998,0.19685399999999997,0.4776740000000003,129.38280000000003,4.02
std,0.16229310974094913,0.15333249984984945,3.4152120679963276,2.94945607444865,0.49487165930539356,0.08932720382311955,0.21863322507899954,0.0048399011197806435,0.17343493423253833,0.21262339784276824,25.860589299913013,0.1414213562373095
min,0.228,0.349,0.0,-14.548,0.0,0.0308,0.000811,0.0,0.0628,0.0713,74.96300000000001,4.0
max,0.946,0.937,11.0,-2.133,1.0,0.402,0.807,0.0313,0.815,0.877,177.91299999999998,5.0
