,danceability,energy,key,loudness,mode,speechiness,acousticness,instrumentalness,liveness,valence,tempo,time_signature
mean,0.7227399999999998,0.6168800000000001,5.02,-6.27538,0.58,0.10531800000000002,0.17690080000000002,0.0058235872,0.157212,0.4479439999999999,122.72966000000002,3.96
std,0.14195728158822418,0.15520094150776909,3.7930656386062593,2.418266396172503,0.49856938190328975,0.09345375957976133,0.20991902523222852,0.031544274228771464,0.11035874458384548,0.22874602631543578,27.977361026817697,0.19794866372215744
min,0.335,0.217,0.0,-15.372,0.0,0.0232,0.0011300000000000001,0.0,0.057999999999999996,0.0872,79.028,3.0
max,0.9359999999999999,0.917,11.0,-2.5660000000000003,1.0,0.423,0.8370000000000001,0.21100000000000002,0.5760000000000001,0.9670000000000001,175.957,4.0
