,danceability,energy,key,loudness,mode,speechiness,acousticness,instrumentalness,liveness,valence,tempo,time_signature
mean,0.7336999999999999,0.6647000000000002,5.04,-6.8040199999999995,0.56,0.19254000000000002,0.22590149999999995,0.004804329999999999,0.203186,0.59074,125.37992000000003,4.0
std,0.11395420669940094,0.17111867823477464,3.4520623826746752,3.0649403129654607,0.5014265364224069,0.1719385604552643,0.2394930596270389,0.020455311261811493,0.15851838882577113,0.21257237038961868,31.306695610272982,0.20203050891044214
min,0.42700000000000005,0.235,0.0,-20.683000000000003,0.0,0.0295,0.000197,0.0,0.0575,0.131,54.566,3.0
max,0.919,0.9440000000000001,11.0,-2.33,1.0,0.941,0.9890000000000001,0.13,0.795,0.971,192.128,5.0
