,danceability,energy,key,loudness,mode,speechiness,acousticness,instrumentalness,liveness,valence,tempo,time_signature
mean,0.6874600000000001,0.5903599999999999,4.92,-7.565479999999997,0.52,0.14706599999999997,0.19524873799999998,0.016327265,0.18008399999999994,0.380762,124.29686000000001,4.0
std,0.16772258558192366,0.17222988434422315,3.968446979433067,2.583572982660775,0.5046720495044485,0.12857188668172354,0.22037817386946548,0.07246917886956829,0.10825330528959588,0.2169251454548602,28.73610271248432,0.20203050891044214
min,0.23199999999999998,0.217,0.0,-13.539000000000001,0.0,0.0306,7.69e-05,0.0,0.0571,0.037000000000000005,76.056,3.0
max,0.909,0.971,11.0,-3.0869999999999997,1.0,0.7170000000000001,0.847,0.506,0.499,0.9229999999999999,181.995,5.0
