,danceability,energy,key,loudness,mode,speechiness,acousticness,instrumentalness,liveness,valence,tempo,time_signature
mean,0.6647120000000002,0.58984,5.28,-7.679639999999998,0.56,0.10702999999999997,0.22351008,0.0177585818,0.23564600000000002,0.4328320000000001,125.08553999999995,3.96
std,0.19976204276741927,0.1921538881591884,3.6702888725770983,3.099211537386467,0.5014265364224069,0.08789721095619332,0.24317241281544105,0.10013194677549665,0.23488186193341135,0.22843164157679513,24.756037164501993,0.28284271247461895
min,0.0986,0.10400000000000001,0.0,-15.359000000000002,0.0,0.0299,0.000573,0.0,0.0403,0.0386,68.131,3.0
max,0.96,0.9640000000000001,11.0,-2.133,1.0,0.402,0.9790000000000001,0.7,0.955,0.927,177.898,5.0
