,danceability,energy,key,loudness,mode,speechiness,acousticness,instrumentalness,liveness,valence,tempo,time_signature
mean,0.7013600000000002,0.7116799999999999,5.26,-5.618580000000001,0.64,0.13384200000000002,0.16624014000000004,0.017150005599999997,0.182928,0.48127999999999993,126.04757999999998,4.0
std,0.12718775451260703,0.14305663784897596,3.48647532675647,2.026367969182945,0.48487322138506106,0.10882979425859146,0.16401766020319591,0.09941020204419358,0.11120945312924671,0.20189682554033705,26.724393927256493,0.20203050891044214
min,0.37799999999999995,0.387,0.0,-13.147,0.0,0.0333,0.00047699999999999994,0.0,0.0403,0.11199999999999999,80.02,3.0
max,0.9309999999999999,0.9640000000000001,11.0,-1.1,1.0,0.45799999999999996,0.6970000000000001,0.7,0.6759999999999999,0.9009999999999999,180.049,5.0
