,danceability,energy,key,loudness,mode,speechiness,acousticness,instrumentalness,liveness,valence,tempo,time_signature
mean,0.7141799999999996,0.6064199999999998,4.86,-6.37318,0.42,0.142564,0.22405340000000007,0.006130620799999999,0.18316599999999994,0.4159080000000001,123.08568,3.98
std,0.1540414322743815,0.16613777046629163,3.774295447159506,2.1839308194358247,0.4985693819032897,0.12016067433708442,0.2297014815337862,0.02266155053215917,0.12639910328085432,0.21567465751422338,29.99930312349789,0.14142135623730948
min,0.33399999999999996,0.185,0.0,-10.533,0.0,0.0318,0.00158,0.0,0.0572,0.0734,76.038,3.0
max,0.9640000000000001,0.9009999999999999,11.0,0.175,1.0,0.53,0.934,0.131,0.609,0.8809999999999999,203.92700000000002,4.0
