,danceability,energy,key,loudness,mode,speechiness,acousticness,instrumentalness,liveness,valence,tempo,time_signature
mean,0.7034800000000001,0.6430000000000001,5.66,-6.400160000000002,0.54,0.12298799999999996,0.2129721200000001,0.0037466865999999993,0.18372400000000005,0.4783600000000001,125.60861999999999,3.98
std,0.13294071718519607,0.18169564145143652,3.8418214217652924,2.6802082645243237,0.5034574339058886,0.0992441550018983,0.22790314723813393,0.022976199299708865,0.12397682067752071,0.2119470245709757,31.144093940637692,0.14142135623730942
min,0.42,0.19699999999999998,0.0,-14.505,0.0,0.0287,0.000336,0.0,0.052000000000000005,0.047,75.014,3.0
max,0.938,0.9940000000000001,11.0,-2.24,1.0,0.396,0.88,0.162,0.764,0.96,202.00599999999997,4.0
