,danceability,energy,key,loudness,mode,speechiness,acousticness,instrumentalness,liveness,valence,tempo,time_signature
mean,0.70412,0.68678,4.84,-5.98578,0.54,0.14442800000000006,0.16470767999999997,0.0282873366,0.197622,0.4712939999999999,123.68723999999999,4.02
std,0.12100474606984873,0.17391744346918495,3.738164997832547,2.6357453601729945,0.5034574339058886,0.11463950603023876,0.22863843478442336,0.13699961408181982,0.15597423163681198,0.2108095943388396,28.81743510131974,0.3187987657774485
min,0.365,0.273,0.0,-16.526,0.0,0.0303,0.000198,0.0,0.0417,0.0527,75.023,3.0
max,0.922,0.961,11.0,-2.384,1.0,0.5,0.94,0.8759999999999999,0.726,0.856,199.75599999999997,5.0
