,danceability,energy,key,loudness,mode,speechiness,acousticness,instrumentalness,liveness,valence,tempo,time_signature
mean,0.5850526315789475,0.6279473684210527,5.578947368421052,-7.829684210526317,0.631578947368421,0.1636421052631579,0.1941384210526316,0.03603828631578948,0.21045263157894736,0.47534210526315784,117.2486842105263,4.105263157894737
std,0.17763272774157435,0.18290843905086335,3.775885318904756,3.2032529829088774,0.49559462778335217,0.13765519046511945,0.2546935310931587,0.09323916731835277,0.15947614021616405,0.23546325808166496,31.003538907415482,0.45883146774112354
min,0.175,0.139,0.0,-14.967,0.0,0.0294,0.0013800000000000002,0.0,0.0603,0.04,62.493,3.0
max,0.8420000000000001,0.9470000000000001,11.0,-2.081,1.0,0.39299999999999996,0.904,0.342,0.5329999999999999,0.825,174.44299999999998,5.0
