,danceability,energy,key,loudness,mode,speechiness,acousticness,instrumentalness,liveness,valence,tempo,time_signature
mean,0.6709800000000001,0.60822,4.6,-6.62072,0.58,0.13054600000000005,0.2219875999999999,0.006324178600000001,0.18799800000000005,0.43912,123.72273999999997,4.0
std,0.1488596777958,0.19234113932685076,3.557114170853924,2.6874764358909995,0.4985693819032897,0.11107931935223184,0.2414129131571474,0.027503552730190752,0.13259042580943214,0.19923083115229093,27.942829045275094,0.20203050891044214
min,0.263,0.121,0.0,-15.133,0.0,0.0256,0.00151,0.0,0.07200000000000001,0.122,75.07300000000001,3.0
max,0.9059999999999999,0.892,11.0,-2.801,1.0,0.41200000000000003,0.915,0.17300000000000001,0.879,0.9309999999999999,206.679,5.0
