,danceability,energy,key,loudness,mode,speechiness,acousticness,instrumentalness,liveness,valence,tempo,time_signature
mean,0.68372,0.65098,5.18,-6.48006,0.48,0.108006,0.15595110999999998,0.025027192400000006,0.16357400000000002,0.44649399999999984,118.99968000000001,4.0
std,0.13356112106906146,0.15739738996357894,3.5725141207358644,2.399761802890496,0.5046720495044485,0.10219893647355892,0.20809715597869505,0.12999227624007403,0.1209890563612415,0.2160186352599975,28.413119281840242,0.0
min,0.33399999999999996,0.139,0.0,-15.102,0.0,0.0296,2.95e-05,0.0,0.0513,0.0397,74.10300000000001,4.0
max,0.9570000000000001,0.9129999999999999,11.0,-3.5389999999999997,1.0,0.408,0.9129999999999999,0.91,0.6990000000000001,0.9620000000000001,196.12099999999998,4.0
