,danceability,energy,key,loudness,mode,speechiness,acousticness,instrumentalness,liveness,valence,tempo,time_signature
mean,0.6881799999999998,0.6749400000000001,5.0,-6.124800000000001,0.42,0.10877200000000004,0.14921350000000003,0.012878978599999997,0.160188,0.46320199999999995,125.41076000000001,4.0
std,0.13167766612110818,0.15647225873969495,3.325841921949376,2.351088909680893,0.49856938190328975,0.08089316724002373,0.23157329185548517,0.07384271345187429,0.09154850089611807,0.19193917881262623,26.875450399688606,0.20203050891044214
min,0.358,0.251,0.0,-16.169,0.0,0.0276,0.00011499999999999999,0.0,0.0404,0.0921,72.635,3.0
max,0.929,0.934,11.0,-2.149,1.0,0.35200000000000004,0.847,0.512,0.39399999999999996,0.895,184.981,5.0
