,danceability,energy,key,loudness,mode,speechiness,acousticness,instrumentalness,liveness,valence,tempo,time_signature
mean,0.7038,0.6649200000000001,5.98,-6.006140000000003,0.44,0.13621,0.11665766,0.0045748602,0.16676200000000002,0.45364,116.79644000000003,4.0
std,0.1412557385505785,0.165676823351724,3.787681429614283,2.0951730434598512,0.5014265364224069,0.10744364873300435,0.16943961792194617,0.018281635238954676,0.10788818264806412,0.195993415133035,27.292115066114626,0.20203050891044214
min,0.318,0.263,0.0,-11.344000000000001,0.0,0.0302,0.0002,0.0,0.0515,0.14400000000000002,73.483,3.0
max,0.9129999999999999,0.995,11.0,-2.069,1.0,0.38299999999999995,0.9059999999999999,0.121,0.423,0.872,187.773,5.0
