,danceability,energy,key,loudness,mode,speechiness,acousticness,instrumentalness,liveness,valence,tempo,time_signature
mean,0.7346399999999998,0.6513399999999998,4.84,-6.290939999999997,0.5,0.11690400000000002,0.15708573999999997,0.010898402599999999,0.20289400000000002,0.4537000000000001,124.63235999999999,4.02
std,0.11442933119062916,0.13976972461290518,3.6160639329728306,1.9319686840957155,0.5050762722761054,0.07657319816718525,0.18660753107829037,0.036211872980337054,0.1515513941384444,0.22241377600117768,27.612071055793766,0.14142135623730948
min,0.506,0.317,0.0,-12.39,0.0,0.0265,0.000837,0.0,0.0543,0.125,80.02,4.0
max,0.9470000000000001,0.938,11.0,-2.269,1.0,0.321,0.733,0.207,0.708,0.9279999999999999,181.995,5.0
