,danceability,energy,key,loudness,mode,speechiness,acousticness,instrumentalness,liveness,valence,tempo,time_signature
mean,0.7105399999999997,0.6610799999999999,5.46,-6.13306,0.38,0.11489200000000002,0.20097437999999992,0.013915549000000001,0.17430799999999994,0.58291,132.06464000000003,4.0
std,0.14332839558019142,0.19546938170381947,3.569771043935794,3.0393090944878796,0.4903143514780145,0.09392619516820379,0.23180105174268714,0.09288507409907769,0.12342161164240306,0.23603717473555486,25.705688750015106,0.20203050891044214
min,0.319,0.128,0.0,-18.717,0.0,0.0267,0.00015900000000000002,0.0,0.0573,0.0605,76.469,3.0
max,0.9309999999999999,0.9640000000000001,11.0,-1.758,1.0,0.426,0.902,0.657,0.569,0.9690000000000001,178.893,5.0
