,danceability,energy,key,loudness,mode,speechiness,acousticness,instrumentalness,liveness,valence,tempo,time_signature
mean,0.74032,0.6475599999999999,6.08,-6.017179999999999,0.26,0.132196,0.22803700000000007,0.009184413800000003,0.16272399999999995,0.5733,127.00840000000002,3.94
std,0.09071224744616734,0.17177597655798374,3.56765514943725,2.1777049582774346,0.44308749769345207,0.10483703769884663,0.24881070989851717,0.03348724725721602,0.10484680089131407,0.2163178170174239,29.865910390084736,0.4699109772399583
min,0.499,0.18600000000000003,0.0,-12.808,0.0,0.027999999999999997,0.00247,0.0,0.0409,0.107,72.541,1.0
max,0.943,0.97,11.0,-2.326,1.0,0.408,0.868,0.18100000000000002,0.521,0.9640000000000001,191.842,5.0
