,danceability,energy,key,loudness,mode,speechiness,acousticness,instrumentalness,liveness,valence,tempo,time_signature
mean,0.6999799999999999,0.6705200000000001,5.8,-5.749919999999999,0.48,0.141196,0.15381695999999997,0.0001943452,0.17552199999999996,0.4653639999999998,127.63289999999999,3.92
std,0.16298297018838678,0.11999697955382382,3.319700011034929,1.7293053086752046,0.5046720495044484,0.12203295466590078,0.16361381496744837,0.000669463436212516,0.11377185780574836,0.22070466346108183,29.86993330017901,0.4444671196029721
min,0.32,0.40399999999999997,0.0,-10.177999999999999,0.0,0.0293,0.0007379999999999999,0.0,0.0501,0.0499,71.91199999999999,1.0
max,0.98,0.9129999999999999,11.0,-2.313,1.0,0.5529999999999999,0.648,0.00404,0.536,0.907,189.99200000000002,4.0
