,danceability,energy,key,loudness,mode,speechiness,acousticness,instrumentalness,liveness,valence,tempo,time_signature
mean,0.7231599999999999,0.6479600000000001,6.02,-6.388940000000002,0.5,0.133524,0.2191462000000001,0.0039305546,0.174414,0.51186,122.86278000000004,3.98
std,0.13845832792370627,0.1634938630814812,3.6727901866431245,2.480888891144479,0.5050762722761054,0.10751784580871651,0.20232171534858004,0.022934125044102895,0.12344155521987742,0.23254922761709212,28.462383831274135,0.14142135623730942
min,0.42100000000000004,0.317,0.0,-14.505,0.0,0.0287,0.00158,0.0,0.0574,0.102,75.014,3.0
max,0.9359999999999999,0.9940000000000001,11.0,-2.24,1.0,0.39799999999999996,0.74,0.162,0.764,0.96,202.00599999999997,4.0
