,danceability,energy,key,loudness,mode,speechiness,acousticness,instrumentalness,liveness,valence,tempo,time_signature
mean,0.70522,0.6787200000000001,4.96,-5.833459999999999,0.62,0.137802,0.17818994000000005,0.018573054000000002,0.18230800000000003,0.466374,117.27246000000001,3.98
std,0.13913805946554214,0.16126072690155013,3.7359805968993154,2.2114704334354514,0.4903143514780145,0.10762662308145865,0.21987770620510105,0.11678404215299393,0.13465045274520915,0.2098276890835012,27.422242267695093,0.2466096643090295
min,0.24,0.11599999999999999,0.0,-13.216,0.0,0.0291,0.000459,0.0,0.0443,0.0937,77.176,3.0
max,0.9490000000000001,0.9,11.0,-2.384,1.0,0.473,0.877,0.8240000000000001,0.7240000000000001,0.907,199.75599999999997,5.0
