,danceability,energy,key,loudness,mode,speechiness,acousticness,instrumentalness,liveness,valence,tempo,time_signature
mean,0.66348,0.69024,5.8,-6.55426,0.38,0.120444,0.12496758,0.048154384999999994,0.183616,0.53202,129.17456,3.94
std,0.17047499547333225,0.15150625500659187,3.7032803990902066,2.327149143287134,0.4903143514780145,0.14013542889880867,0.15116280083043457,0.18368007700570368,0.14346187200217117,0.19549575808331865,27.040448529941365,0.23989793748209529
min,0.319,0.434,0.0,-15.218,0.0,0.0268,0.000359,0.0,0.0555,0.121,71.994,3.0
max,0.9129999999999999,0.9740000000000001,11.0,-2.785,1.0,0.765,0.5329999999999999,0.96,0.8759999999999999,0.9329999999999999,188.017,4.0
