,danceability,energy,key,loudness,mode,speechiness,acousticness,instrumentalness,liveness,valence,tempo,time_signature
mean,0.7356999999999999,0.6817199999999999,5.8,-5.87348,0.46,0.11767799999999999,0.21309240000000002,0.0005032958,0.18344799999999994,0.5154179999999999,131.84037999999998,4.0
std,0.10363835276221495,0.15525870970343505,3.7142857142857144,1.511271059035258,0.5034574339058886,0.11397586978776496,0.1910859840924274,0.001626901176877962,0.12434986397012165,0.19527284280917181,29.87198300700877,0.0
min,0.551,0.38299999999999995,0.0,-9.789,0.0,0.0301,0.00195,0.0,0.052000000000000005,0.047,86.00299999999999,4.0
max,0.9420000000000001,0.927,11.0,-2.293,1.0,0.565,0.74,0.009859999999999999,0.7340000000000001,0.9059999999999999,199.727,4.0
