,danceability,energy,key,loudness,mode,speechiness,acousticness,instrumentalness,liveness,valence,tempo,time_signature
mean,0.6564600000000002,0.6550600000000002,5.62,-6.1925,0.52,0.10212000000000002,0.12687039200000003,0.017942888200000003,0.15267599999999998,0.4285920000000001,125.05818,3.98
std,0.16684652730419472,0.1512414490752034,3.5507400780739804,1.8347913772304425,0.5046720495044484,0.08570231821216259,0.1628856952279336,0.07863139604681715,0.09553505513257252,0.18939836953805456,30.756792661193938,0.14142135623730942
min,0.258,0.34600000000000003,0.0,-10.538,0.0,0.0275,4.96e-05,0.0,0.0404,0.0769,75.016,3.0
max,0.929,0.9329999999999999,11.0,-2.149,1.0,0.35200000000000004,0.703,0.512,0.45399999999999996,0.9440000000000001,183.94,4.0
