,danceability,energy,key,loudness,mode,speechiness,acousticness,instrumentalness,liveness,valence,tempo,time_signature
mean,0.6884,0.6894400000000002,4.74,-5.357100000000002,0.5,0.13052599999999998,0.14978006,0.024394176,0.17917599999999997,0.501896,123.72630000000002,4.0
std,0.12051962326458183,0.1312553454693778,3.4274402896003178,1.6289641412472489,0.5050762722761054,0.10402350756694666,0.15106150512148275,0.11292738660194045,0.10406381001626856,0.2033734927041719,26.86321604453015,0.20203050891044214
min,0.442,0.408,0.0,-10.332,0.0,0.0261,0.000573,0.0,0.0403,0.0928,82.014,3.0
max,0.9009999999999999,0.9640000000000001,11.0,-1.9480000000000002,1.0,0.387,0.669,0.7,0.5429999999999999,0.9009999999999999,182.97299999999998,5.0
