,danceability,energy,key,loudness,mode,speechiness,acousticness,instrumentalness,liveness,valence,tempo,time_signature
mean,0.6858599999999998,0.6065799999999999,5.7,-7.098600000000001,0.44,0.10658,0.21710220399999994,0.0415530392,0.17578799999999997,0.42622000000000004,119.49954,3.92
std,0.1505407952031879,0.1869640465273405,3.660322278662559,3.0719351143764047,0.5014265364224069,0.09022577350226281,0.25828388448597817,0.17090099041240545,0.1339265617220642,0.23337849524070622,25.48167694975817,0.44446711960297236
min,0.273,0.121,0.0,-16.252,0.0,0.0278,3.3100000000000005e-05,0.0,0.0562,0.1,71.994,1.0
max,0.924,0.92,11.0,-2.801,1.0,0.42,0.977,0.903,0.7440000000000001,0.965,173.56099999999998,4.0
