,danceability,energy,key,loudness,mode,speechiness,acousticness,instrumentalness,liveness,valence,tempo,time_signature
mean,0.7159200000000001,0.66022,5.92,-6.309280000000002,0.36,0.13314,0.19625894000000005,0.013770475999999999,0.168166,0.5097399999999999,123.93843999999997,3.88
std,0.13206582156065133,0.14468534331931682,3.2314778321368434,2.2965011100740687,0.48487322138506106,0.0956648209070799,0.20251266489661068,0.0813693469800748,0.13950292895762118,0.20989548516792245,30.881609985760996,0.6272713828600038
min,0.348,0.311,0.0,-11.467,0.0,0.028999999999999998,0.000677,0.0,0.0554,0.10099999999999999,80.002,1.0
max,0.932,0.92,11.0,-2.9610000000000003,1.0,0.369,0.892,0.5760000000000001,0.853,0.9640000000000001,192.09099999999998,5.0
