,danceability,energy,key,loudness,mode,speechiness,acousticness,instrumentalness,liveness,valence,tempo,time_signature
mean,0.71438,0.6487079999999998,4.52,-6.0623000000000005,0.52,0.148448,0.13193070799999998,0.006223783200000002,0.165738,0.4394959999999999,127.46975999999997,3.96
std,0.16934000214518308,0.15962962852190324,3.1895236673349516,2.536706809778282,0.5046720495044484,0.10707570893950673,0.18967808722561846,0.038627563684804155,0.10395189211105965,0.22173487014165066,31.272575392114895,0.19794866372215744
min,0.22699999999999998,0.0824,0.0,-17.372,0.0,0.0291,2.14e-05,0.0,0.0215,0.0601,77.206,3.0
max,0.9209999999999999,0.956,11.0,-2.4459999999999997,1.0,0.473,0.9670000000000001,0.273,0.426,0.9259999999999999,183.736,4.0
