,danceability,energy,key,loudness,mode,speechiness,acousticness,instrumentalness,liveness,valence,tempo,time_signature
mean,0.6650320000000001,0.6242400000000001,5.08,-5.892900000000001,0.52,0.10250400000000001,0.23848008000000004,0.0037169666000000006,0.216802,0.445044,120.60066000000002,3.98
std,0.18562926124017043,0.1749362052817179,3.5733709004015703,1.90836622346371,0.5046720495044484,0.09519179342093455,0.23656894053253766,0.01731188033220217,0.1963226472739532,0.21470144164606342,28.40539111277639,0.14142135623730945
min,0.0986,0.179,0.0,-11.589,0.0,0.0288,0.000573,0.0,0.0403,0.0386,62.67100000000001,3.0
max,0.9620000000000001,0.937,11.0,-1.76,1.0,0.387,0.9329999999999999,0.10800000000000001,0.8170000000000001,0.904,176.791,4.0
