,danceability,energy,key,loudness,mode,speechiness,acousticness,instrumentalness,liveness,valence,tempo,time_signature
mean,0.6693199999999999,0.64876,5.8,-8.03366,0.72,0.13333799999999998,0.23489374000000002,0.05149505299999999,0.17518799999999998,0.5202580000000002,127.67697999999999,3.92
std,0.12948491993199795,0.17956848048494892,3.368521749300456,3.8032652598974557,0.4535573676110727,0.12441526891332716,0.2527254218159168,0.20135190311170953,0.13010273592003188,0.20173664798141044,26.2232599115241,0.48822878544671583
min,0.414,0.127,0.0,-20.642,0.0,0.0304,0.000927,0.0,0.0356,0.0454,79.992,1.0
max,0.953,0.966,11.0,-1.746,1.0,0.521,0.892,0.907,0.846,0.9640000000000001,203.967,5.0
