,danceability,energy,key,loudness,mode,speechiness,acousticness,instrumentalness,liveness,valence,tempo,time_signature
mean,0.6287200000000001,0.5888399999999998,5.0,-6.945079999999999,0.54,0.10495200000000005,0.30789107999999993,0.04935862500000001,0.18235399999999996,0.449878,123.17921999999999,3.88
std,0.17320119714908888,0.21129400737129395,3.7361990944634345,2.6501629433154585,0.5034574339058886,0.09523697455531113,0.26477220479073815,0.19384511394546156,0.13321611290972094,0.2233134452115342,29.256372081288127,0.558423436734059
min,0.182,0.10400000000000001,0.0,-14.08,0.0,0.0287,0.0001,0.0,0.0618,0.0459,60.696999999999996,1.0
max,0.9540000000000001,0.966,11.0,-2.7289999999999996,1.0,0.37799999999999995,0.9790000000000001,0.915,0.764,0.9620000000000001,187.99099999999999,5.0
