,danceability,energy,key,loudness,mode,speechiness,acousticness,instrumentalness,liveness,valence,tempo,time_signature
mean,0.66404,0.59014,5.46,-7.4023,0.68,0.15016800000000002,0.29836820000000003,0.04373889,0.187118,0.49688599999999994,124.78256000000002,3.92
std,0.19289491270362416,0.20450837116741952,3.813028150101883,3.092285168160351,0.47121207149916106,0.1212563239503787,0.29277763653646355,0.14711334727232006,0.106683140779275,0.21929919177754786,32.77630748409962,0.444467119602972
min,0.21,0.11199999999999999,0.0,-16.616,0.0,0.0264,0.00722,0.0,0.0574,0.0393,62.619,1.0
max,0.941,0.991,11.0,-1.538,1.0,0.435,0.94,0.696,0.552,0.9329999999999999,200.125,4.0
