,danceability,energy,key,loudness,mode,speechiness,acousticness,instrumentalness,liveness,valence,tempo,time_signature
mean,0.6895400000000003,0.63466,5.32,-6.832920000000002,0.6,0.11978399999999999,0.22116345599999998,0.0148652322,0.15048000000000003,0.480578,119.80312000000002,3.92
std,0.1414733276945856,0.1973334079104474,3.4666928308798095,3.31683638820525,0.49487165930539356,0.11143483747949576,0.2284048498240164,0.05969827522542474,0.09399219898155249,0.2163416754269288,25.764157998526972,0.44446711960297197
min,0.35,0.149,0.0,-17.82,0.0,0.0261,4.5799999999999995e-05,0.0,0.0337,0.0499,74.1,1.0
max,0.9470000000000001,0.9890000000000001,11.0,-1.382,1.0,0.521,0.8590000000000001,0.391,0.37200000000000005,0.9540000000000001,183.96400000000003,4.0
