,danceability,energy,key,loudness,mode,speechiness,acousticness,instrumentalness,liveness,valence,tempo,time_signature
mean,0.6805800000000002,0.6714200000000001,5.46,-6.743200000000001,0.62,0.09682400000000001,0.1754617,0.019503486,0.17259800000000006,0.5138160000000002,116.64475999999996,3.96
std,0.14506832872822378,0.1588974884531996,3.3576595347087244,2.485368276410511,0.4903143514780145,0.10334861660952235,0.21457315279631092,0.05262464754476646,0.11736550007631401,0.255691178014193,21.80243587548166,0.1979486637221575
min,0.35600000000000004,0.32899999999999996,0.0,-14.219000000000001,0.0,0.0269,0.000131,0.0,0.0491,0.0848,71.884,3.0
max,0.978,0.963,11.0,-1.865,1.0,0.426,0.818,0.3,0.43700000000000006,0.978,176.03599999999997,4.0
