,danceability,energy,key,loudness,mode,speechiness,acousticness,instrumentalness,liveness,valence,tempo,time_signature
mean,0.6420599999999999,0.76146,4.74,-6.15258,0.52,0.10265600000000003,0.134469466,0.04668715479999999,0.190338,0.479882,121.19784000000001,4.02
std,0.13470336419900808,0.16484082736793984,3.858782720189445,2.0801594629808,0.5046720495044484,0.08203955034255224,0.19123098226408178,0.1554193739421113,0.16378203396276284,0.19581007633908518,23.114146580333504,0.14142135623730948
min,0.35100000000000003,0.32799999999999996,0.0,-12.01,0.0,0.0267,2.95e-05,0.0,0.0479,0.0721,76.964,4.0
max,0.868,0.986,11.0,-1.78,1.0,0.324,0.723,0.9309999999999999,0.7390000000000001,0.905,182.067,5.0
