,danceability,energy,key,loudness,mode,speechiness,acousticness,instrumentalness,liveness,valence,tempo,time_signature
mean,0.61024,0.58482,5.12,-7.310759999999999,0.72,0.12914399999999998,0.28483780000000003,0.032379100800000005,0.16154,0.4374599999999999,124.42418000000002,3.92
std,0.15557891363339357,0.21755193515525417,3.450170063835658,3.154406335426619,0.4535573676110727,0.1632826798368213,0.30753555673164834,0.12496384133039251,0.10439422925641445,0.2050121161178091,30.672322320260648,0.3404678653660854
min,0.305,0.078,0.0,-16.408,0.0,0.0263,0.0019100000000000002,0.0,0.0525,0.061,63.763999999999996,3.0
max,0.91,0.9420000000000001,11.0,-2.499,1.0,0.8690000000000001,0.9359999999999999,0.805,0.499,0.89,200.02200000000002,5.0
