,danceability,energy,key,loudness,mode,speechiness,acousticness,instrumentalness,liveness,valence,tempo,time_signature
mean,0.6574,0.62046,5.36,-6.732320000000003,0.58,0.08209799999999999,0.28352894000000006,0.008678379,0.18565199999999993,0.4413839999999999,116.27379999999998,3.9
std,0.15245032647002213,0.19994317662163671,3.6464128305243007,2.0224756948666975,0.49856938190328975,0.06453588304191707,0.27734114151380423,0.05401653208387534,0.14734099176081727,0.23361699281219303,26.450143998682133,0.5050762722761053
min,0.262,0.13699999999999998,0.0,-15.372,0.0,0.0232,0.000797,0.0,0.0515,0.0872,66.999,1.0
max,0.9359999999999999,0.92,11.0,-3.0469999999999997,1.0,0.27699999999999997,0.9279999999999999,0.382,0.738,0.966,180.203,5.0
