,danceability,energy,key,loudness,mode,speechiness,acousticness,instrumentalness,liveness,valence,tempo,time_signature
mean,0.6295199999999999,0.71104,4.98,-6.36756,0.6,0.08260599999999998,0.19046406400000002,0.017054116999999997,0.18209799999999998,0.548536,121.58732,4.02
std,0.1564773231272226,0.15816511135196534,3.920068720763733,2.3998360246704613,0.4948716593053935,0.07484179889089046,0.20803003868221331,0.05476172719793551,0.1434475051390307,0.19339718437053052,28.78770372596393,0.14142135623730945
min,0.297,0.258,0.0,-14.936,0.0,0.0251,3.2200000000000003e-05,0.0,0.0456,0.0668,77.176,4.0
max,0.9159999999999999,0.9570000000000001,11.0,-1.659,1.0,0.436,0.904,0.25,0.785,0.884,199.847,5.0
