,danceability,energy,key,loudness,mode,speechiness,acousticness,instrumentalness,liveness,valence,tempo,time_signature
mean,0.6520800000000002,0.5951039999999999,5.84,-7.434920000000001,0.64,0.11016000000000005,0.3053486,0.07466702900000001,0.17035000000000003,0.5082900000000001,121.87810000000003,4.0
std,0.1610511187702304,0.23772914441885842,3.6942315762246833,3.5789305827185816,0.4848732213850611,0.10632392362349068,0.2955174488029084,0.2507506979687825,0.17269340326315955,0.24208733139181024,25.574902023671726,0.2857142857142857
min,0.308,0.0769,0.0,-20.94,0.0,0.0301,0.00675,0.0,0.0515,0.0727,77.132,3.0
max,0.9109999999999999,0.9329999999999999,11.0,-2.95,1.0,0.515,0.9940000000000001,0.934,0.885,0.932,178.05,5.0
