,danceability,energy,key,loudness,mode,speechiness,acousticness,instrumentalness,liveness,valence,tempo,time_signature
mean,0.6567600000000001,0.7211399999999999,5.26,-6.483079999999998,0.74,0.113842,0.19122160000000002,0.0403972688,0.17847200000000002,0.5224719999999999,119.35278,3.96
std,0.14438250784436654,0.14859230759884923,3.5789064570859392,2.108559164114545,0.44308749769345196,0.11309326129801195,0.2076348622212384,0.16003595074332141,0.11958447964275537,0.22054155149244298,25.972919196803307,0.19794866372215747
min,0.28300000000000003,0.373,0.0,-12.512,0.0,0.0242,0.0011300000000000001,0.0,0.047,0.0576,75.235,3.0
max,0.953,0.975,11.0,-2.258,1.0,0.519,0.799,0.894,0.53,0.9640000000000001,191.97400000000002,4.0
