,danceability,energy,key,loudness,mode,speechiness,acousticness,instrumentalness,liveness,valence,tempo,time_signature
mean,0.6403,0.65876,4.92,-6.774979999999999,0.5,0.10755799999999999,0.19396922,0.0135973446,0.15784600000000007,0.461252,115.54762000000001,4.02
std,0.14502304531856097,0.15680165034533405,3.590463559406859,2.596995292758969,0.5050762722761054,0.09677571185003825,0.22277072253083394,0.0863525529011827,0.10477099849925367,0.20666946817938786,27.456145024153468,0.3187987657774485
min,0.37,0.301,0.0,-16.051,0.0,0.0267,0.000129,0.0,0.0413,0.0416,74.05199999999999,3.0
max,0.929,0.97,11.0,-3.306,1.0,0.44,0.774,0.611,0.48200000000000004,0.9129999999999999,213.667,5.0
