,danceability,energy,key,loudness,mode,speechiness,acousticness,instrumentalness,liveness,valence,tempo,time_signature
mean,0.64382,0.58734,5.46,-7.487599999999999,0.66,0.110872,0.3067886000000001,0.0560677762,0.19799599999999998,0.4932279999999998,124.25728000000001,3.96
std,0.16119296206847294,0.22990518098750612,3.5925660205826273,3.4443827384568624,0.47851812069840666,0.11533570882693808,0.3134281892953134,0.2173357734594709,0.1910686723005471,0.24491858209017384,29.58468730578751,0.28284271247461884
min,0.233,0.10400000000000001,0.0,-17.762,0.0,0.027999999999999997,0.0036299999999999995,0.0,0.0515,0.0922,71.91,3.0
max,0.9109999999999999,0.9329999999999999,11.0,-2.95,1.0,0.515,0.991,0.92,0.885,0.988,179.892,5.0
