,danceability,energy,key,loudness,mode,speechiness,acousticness,instrumentalness,liveness,valence,tempo,time_signature
mean,0.5979799999999998,0.7042380000000001,4.9,-6.83348,0.74,0.08761000000000001,0.17296959119999997,0.1272649342,0.175958,0.4669800000000002,125.34859999999998,4.0
std,0.16935429472811475,0.20172140708797123,3.8874470926250795,2.99581124061376,0.44308749769345207,0.08263674443377016,0.24499206674403426,0.255732430110944,0.15290812246014174,0.22009547928115197,29.340722152124396,0.2857142857142857
min,0.21,0.0959,0.0,-17.767,0.0,0.0242,2.36e-06,0.0,0.0389,0.1,68.92399999999999,3.0
max,0.907,0.9840000000000001,11.0,-2.369,1.0,0.45299999999999996,0.9690000000000001,0.89,0.698,0.9790000000000001,189.985,5.0
