,danceability,energy,key,loudness,mode,speechiness,acousticness,instrumentalness,liveness,valence,tempo,time_signature
mean,0.6731999999999999,0.63658,5.68,-7.0190199999999985,0.46,0.11371599999999998,0.22451228000000004,0.028166008199999995,0.166356,0.473,117.76624000000001,3.98
std,0.13904264505128328,0.17043977810119232,3.6891456895014794,3.1553565243107164,0.5034574339058886,0.09561690005177015,0.23074433080687345,0.10628578223544576,0.11596132036333566,0.20122279255814424,29.194995489903924,0.3187987657774485
min,0.39299999999999996,0.263,0.0,-16.335,0.0,0.0287,0.0008039999999999999,0.0,0.0537,0.121,78.6,3.0
max,0.938,0.929,11.0,-2.6519999999999997,1.0,0.39799999999999996,0.825,0.57,0.569,0.872,202.00599999999997,5.0
