,danceability,energy,key,loudness,mode,speechiness,acousticness,instrumentalness,liveness,valence,tempo,time_signature
mean,0.6776799999999998,0.6209700000000001,5.02,-6.97818,0.7,0.091756,0.26782279999999997,0.029735221,0.17306199999999997,0.498668,120.02828000000005,4.0
std,0.15830588319156438,0.2051260540770589,3.8676576257735222,3.117215913049885,0.4629100498862757,0.08713123379156763,0.2551284234682364,0.14099510311453245,0.1425514470538369,0.24086057313266515,21.148874389924778,0.20203050891044214
min,0.282,0.0935,0.0,-13.725999999999999,0.0,0.0236,0.00132,0.0,0.0313,0.0479,79.992,3.0
max,0.905,0.9890000000000001,11.0,-1.382,1.0,0.33,0.9259999999999999,0.725,0.747,0.9540000000000001,172.065,5.0
