,danceability,energy,key,loudness,mode,speechiness,acousticness,instrumentalness,liveness,valence,tempo,time_signature
mean,0.68698,0.54004,5.88,-8.496019999999998,0.64,0.142864,0.33724740000000003,0.011048067200000003,0.155582,0.49814,123.68817999999999,3.74
std,0.15869679600176081,0.18561557376602264,3.5030016283415097,3.4070373538022865,0.4848732213850611,0.13343364285253537,0.2974557979771867,0.04244873746421517,0.11011943736559084,0.19427773197887901,27.503137216740516,0.7507819053411948
min,0.408,0.114,0.0,-20.875999999999998,0.0,0.0277,0.00144,0.0,0.0569,0.12,74.1,1.0
max,0.9490000000000001,0.9440000000000001,11.0,-2.184,1.0,0.555,0.986,0.231,0.6609999999999999,0.884,179.97400000000002,4.0
