,danceability,energy,key,loudness,mode,speechiness,acousticness,instrumentalness,liveness,valence,tempo,time_signature
mean,0.6105799999999999,0.616548,5.7,-7.46682,0.52,0.12363000000000002,0.276006376,0.0671761152,0.172516,0.4012200000000001,115.5147,3.98
std,0.161177692536618,0.1964704342300149,3.5181743874356437,3.0229350968209423,0.5046720495044484,0.17842255880296057,0.31998656393450914,0.19820390993561188,0.12658860309148318,0.19023166113441578,24.57295775661048,0.1414213562373095
min,0.225,0.0974,0.0,-15.479000000000001,0.0,0.0262,3.929999999999999e-05,0.0,0.0554,0.0763,63.316,3.0
max,0.872,0.9840000000000001,11.0,-2.755,1.0,0.9540000000000001,0.987,0.88,0.618,0.865,180.043,4.0
