,danceability,energy,key,loudness,mode,speechiness,acousticness,instrumentalness,liveness,valence,tempo,time_signature
mean,0.6137400000000001,0.65398,5.56,-6.3869,0.58,0.095692,0.19193453800000002,0.051330007800000015,0.17049000000000003,0.45819000000000004,118.91339999999998,3.88
std,0.12998976568820128,0.20762697025076055,3.654239919293081,2.60732570983045,0.49856938190328975,0.0985098686447615,0.27108335857170024,0.19088567745756038,0.10790908162874516,0.21418518808712797,24.0448978405662,0.4797958749641905
min,0.207,0.22899999999999998,0.0,-13.517000000000001,0.0,0.0306,1.09e-05,0.0,0.0378,0.0925,59.933,1.0
max,0.851,0.938,11.0,-1.431,1.0,0.445,0.934,0.828,0.45899999999999996,0.9670000000000001,181.891,4.0
