,danceability,energy,key,loudness,mode,speechiness,acousticness,instrumentalness,liveness,valence,tempo,time_signature
mean,0.7033400000000001,0.618648,5.08,-7.3434800000000005,0.68,0.133568,0.24123170800000002,0.05942664279999999,0.18748400000000007,0.49399399999999993,116.45375999999996,4.0
std,0.15155824771017773,0.19104843411970654,3.963301036010363,3.278027114728913,0.4712120714991611,0.12266024161670883,0.26593912888522164,0.17544627613985797,0.13636735703718145,0.21481796604263315,22.748112226283567,0.20203050891044214
min,0.42,0.0911,0.0,-21.554000000000002,0.0,0.0258,5.539999999999999e-05,0.0,0.0325,0.0356,75.445,3.0
max,0.925,0.9640000000000001,11.0,-1.865,1.0,0.478,0.992,0.81,0.6809999999999999,0.907,172.03900000000002,5.0
