,danceability,energy,key,loudness,mode,speechiness,acousticness,instrumentalness,liveness,valence,tempo,time_signature
mean,0.6790800000000001,0.6194599999999999,5.88,-6.924920000000002,0.58,0.10335200000000004,0.2987413600000001,0.0161547064,0.17473200000000003,0.518032,120.80676000000003,3.92
std,0.1565695828879744,0.18614951309227162,3.5722284818486365,2.118614274106775,0.49856938190328975,0.09437476366236118,0.2762777953205322,0.078050230117006,0.12417165774747112,0.20002494277117602,24.142662834010977,0.488228785446716
min,0.299,0.226,0.0,-13.76,0.0,0.0278,0.000248,0.0,0.0426,0.0916,75.801,1.0
max,0.937,0.991,11.0,-2.825,1.0,0.444,0.8740000000000001,0.47600000000000003,0.735,0.898,180.291,5.0
