,danceability,energy,key,loudness,mode,speechiness,acousticness,instrumentalness,liveness,valence,tempo,time_signature
mean,0.67926,0.7166799999999998,5.92,-6.363059999999999,0.52,0.122884,0.16491244000000002,0.07415712180000002,0.19485600000000003,0.557116,122.32344000000003,3.96
std,0.12555831395842185,0.14530480840955945,3.7079066100121008,2.159938372231193,0.5046720495044484,0.11796037273039568,0.21409064204669415,0.21988204739103223,0.16616055201189592,0.23073798848610133,23.208838996329632,0.19794866372215753
min,0.375,0.324,0.0,-12.102,0.0,0.0287,0.00028199999999999997,0.0,0.0219,0.0969,69.993,3.0
max,0.9079999999999999,0.966,11.0,-3.112,1.0,0.462,0.9690000000000001,0.955,0.852,0.966,183.84,4.0
