,danceability,energy,key,loudness,mode,speechiness,acousticness,instrumentalness,liveness,valence,tempo,time_signature
mean,0.6382,0.6668599999999999,5.78,-7.06882,0.48,0.099582,0.146382964,0.026959891200000002,0.20950599999999997,0.49809400000000004,121.66458000000004,4.0
std,0.1407954080883873,0.1916547714735311,3.144739695921118,3.460640654914778,0.5046720495044484,0.07651578919359302,0.19337006512625832,0.09850914983709491,0.15626492863867114,0.2531717819737324,26.37189908192709,0.2857142857142857
min,0.313,0.158,0.0,-20.018,0.0,0.023,1.34e-05,0.0,0.057999999999999996,0.0374,76.35,3.0
max,0.8909999999999999,0.966,11.0,-1.431,1.0,0.331,0.86,0.46,0.675,0.945,189.99200000000002,5.0
