,danceability,energy,key,loudness,mode,speechiness,acousticness,instrumentalness,liveness,valence,tempo,time_signature
mean,0.6721600000000001,0.55974,6.18,-8.131599999999999,0.66,0.14679399999999998,0.27366956000000003,0.013565224799999992,0.18687799999999996,0.4516199999999999,118.04602000000001,3.92
std,0.1853964709172519,0.17561470000299761,3.4622748213819645,2.8189818830817015,0.47851812069840655,0.12875125108962188,0.2874057413325358,0.06635073189969248,0.14839746723456115,0.21933637292933408,30.360049729389782,0.44446711960297214
min,0.228,0.11900000000000001,0.0,-16.616,0.0,0.0256,0.000118,0.0,0.0608,0.11900000000000001,74.1,1.0
max,0.973,0.9390000000000001,11.0,-3.242,1.0,0.488,0.9259999999999999,0.45899999999999996,0.79,0.898,200.125,4.0
