,danceability,energy,key,loudness,mode,speechiness,acousticness,instrumentalness,liveness,valence,tempo,time_signature
mean,0.6829599999999999,0.6093799999999999,5.1,-7.7202199999999985,0.56,0.11253000000000002,0.28015719999999994,0.0191775736,0.16453199999999998,0.4599699999999999,118.48077999999995,4.04
std,0.14009427729430007,0.21152004681372785,3.944771791852593,3.488703017817741,0.5014265364224069,0.09310325680969182,0.27205774648896336,0.12931952106339673,0.1002865983681015,0.22558921512251381,24.220224476360787,0.28284271247461884
min,0.307,0.10400000000000001,0.0,-19.25,0.0,0.0286,0.0001,0.0,0.0558,0.065,78.558,3.0
max,0.9540000000000001,0.9359999999999999,11.0,-1.87,1.0,0.36700000000000005,0.9790000000000001,0.915,0.451,0.9179999999999999,186.40200000000002,5.0
