,danceability,energy,key,loudness,mode,speechiness,acousticness,instrumentalness,liveness,valence,tempo,time_signature
mean,0.69436,0.6239199999999999,5.36,-7.358799999999999,0.5,0.11233400000000002,0.21666991000000002,0.05370129339999999,0.19965800000000006,0.540074,117.41583999999995,3.92
std,0.16904820710829974,0.18579084575766092,3.555736956823782,3.1533492075077563,0.5050762722761054,0.10246809480546237,0.26182118719391195,0.18627474874351774,0.14215056560577174,0.21496187683837695,24.45137639826838,0.4882287854467155
min,0.27399999999999997,0.13,0.0,-18.725,0.0,0.0267,9.549999999999999e-05,0.0,0.0519,0.0897,74.982,1.0
max,0.9229999999999999,0.958,11.0,-3.772,1.0,0.401,0.898,0.7879999999999999,0.7170000000000001,0.914,175.041,5.0
