,danceability,energy,key,loudness,mode,speechiness,acousticness,instrumentalness,liveness,valence,tempo,time_signature
mean,0.63742,0.6797600000000001,6.24,-6.726260000000001,0.54,0.12809799999999996,0.19225704600000001,0.0438749512,0.21969600000000003,0.4736960000000001,125.61828000000003,3.96
std,0.15486941042605631,0.17581455443455302,3.248610377954719,2.643540720939495,0.5034574339058886,0.1282864436663961,0.19762463423895638,0.16385931710716092,0.17515503681724084,0.24585678588834378,26.1955916395979,0.49321932861805895
min,0.252,0.218,0.0,-17.82,0.0,0.0298,2.7300000000000003e-05,0.0,0.0418,0.0564,76.09100000000001,1.0
max,0.953,0.9840000000000001,11.0,-3.075,1.0,0.5329999999999999,0.882,0.841,0.846,0.966,184.66299999999998,5.0
