,danceability,energy,key,loudness,mode,speechiness,acousticness,instrumentalness,liveness,valence,tempo,time_signature
mean,0.6618800000000001,0.68662,5.24,-6.335020000000002,0.5,0.11753400000000001,0.16003257599999998,0.0332843734,0.22436199999999995,0.50742,127.99004000000001,4.02
std,0.14305695169606902,0.1622631888290736,3.8732994952097153,2.563795341015395,0.5050762722761054,0.09641222212722929,0.17029430139062626,0.131913541293627,0.17109627304234187,0.23068319914407928,27.608489110741996,0.14142135623730942
min,0.331,0.308,0.0,-14.947000000000001,0.0,0.0269,1.89e-05,0.0,0.0587,0.14400000000000002,80.02,4.0
max,0.953,0.9990000000000001,11.0,-0.9279999999999999,1.0,0.46299999999999997,0.733,0.777,0.778,0.961,183.894,5.0
