,danceability,energy,key,loudness,mode,speechiness,acousticness,instrumentalness,liveness,valence,tempo,time_signature
mean,0.67496,0.6023599999999999,4.8,-7.369160000000001,0.64,0.135044,0.2698862,0.015978914,0.17818199999999998,0.5423859999999998,121.95019999999998,3.86
std,0.19656041912691102,0.17001629693794,3.9897828696482693,2.852576603704097,0.4848732213850611,0.11021771064023929,0.25825068923305305,0.06781472728567674,0.10565459838163066,0.22397912804544978,32.45667504252903,0.49528388066742074
min,0.21,0.18,0.0,-16.616,0.0,0.0291,0.00122,0.0,0.0602,0.0393,52.574,1.0
max,0.973,0.991,11.0,-2.3169999999999997,1.0,0.435,0.934,0.385,0.552,0.961,200.125,4.0
