,danceability,energy,key,loudness,mode,speechiness,acousticness,instrumentalness,liveness,valence,tempo,time_signature
mean,0.6471800000000001,0.5824679999999998,5.56,-7.5134799999999995,0.72,0.10553799999999999,0.3251104000000001,0.052020981800000005,0.236056,0.47385999999999995,120.9601,3.92
std,0.17791326595867335,0.20977578938534566,3.8711913475026773,3.3794234216589585,0.4535573676110727,0.10955533293961642,0.30500044764075546,0.20584153281129483,0.21985850845208496,0.21817386906514982,26.914749872589972,0.4882287854467156
min,0.21,0.0674,0.0,-19.301,0.0,0.0301,0.00195,0.0,0.06,0.102,74.67399999999999,1.0
max,0.9420000000000001,0.9440000000000001,11.0,-2.95,1.0,0.565,0.9640000000000001,0.915,0.973,0.988,179.892,5.0
