,danceability,energy,key,loudness,mode,speechiness,acousticness,instrumentalness,liveness,valence,tempo,time_signature
mean,0.62898,0.6323199999999997,5.52,-7.228580000000002,0.52,0.09230599999999999,0.29393814200000007,0.05696881280000002,0.2056219999999999,0.5225200000000001,118.01386000000001,4.0
std,0.1617134641574285,0.20610106892552715,3.5527511616107494,3.6593390676236517,0.5046720495044485,0.09182158923139802,0.27865275020602925,0.20197375237097628,0.12527330984365215,0.26035590083967913,30.187569298021614,0.3499271061118826
min,0.155,0.043,0.0,-24.235,0.0,0.0232,1.7100000000000002e-05,0.0,0.05,0.0368,68.482,3.0
max,0.94,0.992,11.0,-2.5380000000000003,1.0,0.457,0.9840000000000001,0.961,0.578,0.966,197.52,5.0
