,danceability,energy,key,loudness,mode,speechiness,acousticness,instrumentalness,liveness,valence,tempo,time_signature
mean,0.61722,0.6695799999999998,4.92,-6.534019999999999,0.6,0.08638000000000001,0.18144949000000007,0.0225917206,0.18914000000000006,0.47865400000000013,120.68051999999997,4.0
std,0.14049828091039232,0.1747625899817889,3.7571156978920603,2.2325095560734303,0.4948716593053935,0.09760577517206026,0.24424396445070415,0.10327160569689131,0.14980198767107225,0.237640223017734,30.922079795300622,0.20203050891044214
min,0.223,0.245,0.0,-12.834000000000001,0.0,0.0264,3.45e-05,0.0,0.0509,0.06,75.023,3.0
max,0.88,0.99,11.0,-2.634,1.0,0.517,0.899,0.706,0.636,0.9390000000000001,199.518,5.0
