,danceability,energy,key,loudness,mode,speechiness,acousticness,instrumentalness,liveness,valence,tempo,time_signature
mean,0.6240000000000001,0.6811199999999998,5.88,-6.420020000000001,0.68,0.086352,0.23859229999999998,0.036471638,0.17668599999999998,0.5764,121.29783999999998,4.0
std,0.13851957792813172,0.1846521981610679,3.668064050361037,2.348215809798528,0.4712120714991613,0.08449251202180642,0.27234279507944337,0.16959290996640505,0.12606931039904118,0.2328595091904304,27.24521900868151,0.20203050891044214
min,0.319,0.182,0.0,-13.835,0.0,0.027000000000000003,0.000634,0.0,0.0377,0.177,69.181,3.0
max,0.929,0.988,11.0,-2.761,1.0,0.379,0.927,0.889,0.659,0.966,180.075,5.0
