,danceability,energy,key,loudness,mode,speechiness,acousticness,instrumentalness,liveness,valence,tempo,time_signature
mean,0.5695799999999999,0.65026,5.6,-7.1027799999999965,0.54,0.07085000000000002,0.29931640600000003,0.0383117764,0.21151,0.5035599999999998,119.47409999999998,3.9
std,0.1526151743063953,0.1984570904117408,3.636549160387958,2.731321518299618,0.5034574339058886,0.06935497054123453,0.2868196546408614,0.14508736785999954,0.1488763988779187,0.23822054264646342,24.76946678197303,0.30304576336566325
min,0.20600000000000002,0.205,0.0,-12.431,0.0,0.0229,2.13e-05,0.0,0.0353,0.10400000000000001,68.92399999999999,3.0
max,0.851,0.9890000000000001,11.0,-1.4869999999999999,1.0,0.344,0.9670000000000001,0.847,0.775,0.96,173.622,4.0
