,danceability,energy,key,loudness,mode,speechiness,acousticness,instrumentalness,liveness,valence,tempo,time_signature
mean,0.6218199999999999,0.6596599999999999,6.24,-7.06892,0.52,0.09074999999999997,0.1962672754,0.030225128399999995,0.20931199999999997,0.48587199999999986,113.82307999999999,3.96
std,0.17559097764000126,0.18811466433740756,3.6620502788599114,2.773478489594772,0.5046720495044484,0.07426868280034297,0.24716675915364092,0.14016362980889713,0.13612315798120284,0.24702039909154655,24.70456226711568,0.28284271247461895
min,0.166,0.262,0.0,-17.874000000000002,0.0,0.03,0.0,0.0,0.0575,0.0369,64.527,3.0
max,0.953,0.98,11.0,-2.895,1.0,0.32899999999999996,0.843,0.951,0.618,0.94,179.09099999999998,5.0
