,danceability,energy,key,loudness,mode,speechiness,acousticness,instrumentalness,liveness,valence,tempo,time_signature
mean,0.6592600000000002,0.7075000000000001,5.74,-6.47884,0.56,0.131192,0.16053062999999998,0.0306055868,0.195742,0.5646000000000001,120.87907999999997,4.0
std,0.1427745203930638,0.16014269784623147,3.3552274170923444,2.593923443554263,0.5014265364224069,0.1276219238410782,0.16798039615835678,0.140655549580212,0.14594018916064516,0.20578540437324805,23.373781577185134,0.4948716593053935
min,0.25,0.27699999999999997,0.0,-17.82,0.0,0.0279,3.15e-05,0.0,0.047,0.11199999999999999,74.967,1.0
max,0.953,0.985,11.0,-2.7289999999999996,1.0,0.521,0.7040000000000001,0.848,0.846,0.966,170.00799999999998,5.0
