,danceability,energy,key,loudness,mode,speechiness,acousticness,instrumentalness,liveness,valence,tempo,time_signature
mean,0.63422,0.6935799999999999,5.38,-6.371259999999999,0.64,0.11962999999999999,0.18595271400000002,0.0410533874,0.17101399999999994,0.44918000000000013,120.93267999999996,3.96
std,0.15015642048292474,0.15267065927702556,3.5507400780739804,2.116051885961597,0.4848732213850611,0.11013509561313452,0.2228638493478721,0.14623005133428965,0.10191789214252574,0.2197492197752628,23.985301365832285,0.19794866372215741
min,0.358,0.366,0.0,-15.050999999999998,0.0,0.0319,6.37e-05,0.0,0.0404,0.0378,78.457,3.0
max,0.929,0.982,11.0,-2.656,1.0,0.534,0.9,0.79,0.48700000000000004,0.9420000000000001,192.12099999999998,4.0
