,danceability,energy,key,loudness,mode,speechiness,acousticness,instrumentalness,liveness,valence,tempo,time_signature
mean,0.6862400000000002,0.5976699999999999,5.44,-7.328720000000001,0.56,0.108884,0.30386105600000013,0.0305577298,0.167362,0.4993399999999999,117.97872,3.96
std,0.1593082700237473,0.22110357739931644,3.9443061519623663,4.106617457276507,0.5014265364224069,0.10322261530403151,0.2833207483255194,0.14223456180558017,0.0976870197756747,0.24535092901260214,23.946078198813133,0.4932193286180589
min,0.278,0.017,0.0,-22.541999999999998,0.0,0.0261,4.5799999999999995e-05,0.0,0.0313,0.0381,72.95100000000001,1.0
max,0.9470000000000001,0.9890000000000001,11.0,-1.382,1.0,0.521,0.976,0.935,0.37200000000000005,0.9540000000000001,172.065,5.0
