,danceability,energy,key,loudness,mode,speechiness,acousticness,instrumentalness,liveness,valence,tempo,time_signature
mean,0.6774799999999997,0.7106200000000001,4.92,-6.353619999999999,0.68,0.11557000000000003,0.18543799999999996,0.012488482800000002,0.20484,0.5110200000000001,118.47537999999999,3.96
std,0.14054750667533403,0.1487921286594839,3.4866509280221254,2.302839913884504,0.4712120714991611,0.0807184278330341,0.2023420217334592,0.05692122540850238,0.14171762380861166,0.22246664414042397,23.240252910466552,0.19794866372215744
min,0.37799999999999995,0.317,0.0,-12.39,0.0,0.0295,0.0013800000000000002,0.0,0.052000000000000005,0.129,79.719,3.0
max,0.953,0.963,11.0,-1.3,1.0,0.405,0.7509999999999999,0.307,0.649,0.95,185.915,4.0
