,danceability,energy,key,loudness,mode,speechiness,acousticness,instrumentalness,liveness,valence,tempo,time_signature
mean,0.7001999999999998,0.6245599999999999,5.46,-7.018660000000001,0.5,0.101562,0.2643404,0.032339735200000004,0.19357,0.5195719999999999,120.69016000000003,3.94
std,0.14917884076038482,0.17058436897551751,3.53530300638273,2.5626866929303804,0.5050762722761054,0.08640994814704792,0.29190006023840365,0.10746093563449037,0.1409753434079151,0.21113901024912377,20.852606088154907,0.4699109772399582
min,0.301,0.2,0.0,-18.963,0.0,0.0282,0.00122,0.0,0.0606,0.0916,75.801,1.0
max,0.934,0.9490000000000001,11.0,-3.0010000000000003,1.0,0.361,0.9490000000000001,0.615,0.735,0.898,175.15599999999998,5.0
