,danceability,energy,key,loudness,mode,speechiness,acousticness,instrumentalness,liveness,valence,tempo,time_signature
mean,0.6751199999999997,0.6868400000000001,5.68,-6.623459999999999,0.6,0.146158,0.16900781999999995,0.03289254760000001,0.19238400000000003,0.5069540000000001,123.71800000000005,4.08
std,0.12545275393305544,0.17139218185203198,3.6891456895014785,2.289168909077204,0.49487165930539356,0.1184805315790966,0.21986256764566006,0.13672910762740684,0.15251461135757133,0.2037302330063369,29.328667750868195,0.27404751561786983
min,0.375,0.317,0.0,-12.09,0.0,0.0303,0.000138,0.0,0.0282,0.0527,71.91199999999999,4.0
max,0.922,0.975,11.0,-2.384,1.0,0.5,0.883,0.775,0.726,0.912,180.07299999999998,5.0
