,danceability,energy,key,loudness,mode,speechiness,acousticness,instrumentalness,liveness,valence,tempo,time_signature
mean,0.7310600000000003,0.6500199999999999,5.36,-6.757439999999998,0.52,0.15125,0.19911666,0.014108171999999999,0.154282,0.51778,125.49868000000002,4.02
std,0.13345967976302422,0.16241525136990992,2.8482719429900807,2.611846263563343,0.5046720495044485,0.12910380928318332,0.19794600709259697,0.057092632596627446,0.10440333228320223,0.21124038826098826,25.988110721541542,0.2466096643090295
min,0.415,0.145,0.0,-18.456,0.0,0.0275,0.000143,0.0,0.055999999999999994,0.13699999999999998,90.01700000000001,3.0
max,0.978,0.895,11.0,-2.9989999999999997,1.0,0.499,0.7559999999999999,0.36700000000000005,0.561,0.877,197.705,5.0
