,danceability,energy,key,loudness,mode,speechiness,acousticness,instrumentalness,liveness,valence,tempo,time_signature
mean,0.6454199999999999,0.6300979999999998,5.26,-7.513820000000002,0.64,0.131616,0.18869078000000006,0.0844476482,0.178666,0.44814,117.08062,3.86
std,0.17483019049982212,0.1868438248748873,3.6522847196610213,4.799252818929213,0.48487322138506106,0.10107681532338841,0.23869760139841956,0.22423586199755807,0.1357823177000599,0.2096532618493727,30.859091076652643,0.6703638975228611
min,0.27699999999999997,0.0119,0.0,-33.73,0.0,0.028999999999999998,0.0007559999999999999,0.0,0.0424,0.1,70.066,1.0
max,0.9359999999999999,0.922,11.0,-2.573,1.0,0.35700000000000004,0.9520000000000001,0.9009999999999999,0.8170000000000001,0.875,191.702,5.0
