,danceability,energy,key,loudness,mode,speechiness,acousticness,instrumentalness,liveness,valence,tempo,time_signature
mean,0.7058800000000002,0.62652,5.5,-6.866100000000001,0.5,0.16171000000000002,0.25824414599999995,0.0278926838,0.14593,0.5128139999999999,123.749,3.94
std,0.1540231416484721,0.14994083731217975,3.1444801004364487,2.332470270169481,0.5050762722761054,0.15242045667247195,0.23276594390306796,0.09921492303310547,0.08070503423591623,0.23129806550449672,28.339990001870547,0.2398979374820953
min,0.29600000000000004,0.205,0.0,-12.603,0.0,0.0269,6.63e-05,0.0,0.0575,0.0567,71.884,3.0
max,0.927,0.953,11.0,-1.865,1.0,0.48100000000000004,0.823,0.507,0.43700000000000006,0.978,188.115,4.0
