,danceability,energy,key,loudness,mode,speechiness,acousticness,instrumentalness,liveness,valence,tempo,time_signature
mean,0.71152,0.6054399999999999,4.82,-6.9348,0.52,0.14293200000000003,0.2373322,0.0170707178,0.19581000000000004,0.5102399999999999,119.12732000000001,3.94
std,0.14903721491148253,0.13609227961728237,3.690528417449187,2.329243794251951,0.5046720495044485,0.11064631727504812,0.24767035858081807,0.09502950544466444,0.1507767213261966,0.20915188895408335,27.794515024488753,0.5115003939990902
min,0.33299999999999996,0.225,0.0,-14.454,0.0,0.0289,0.00122,0.0,0.0574,0.11800000000000001,62.948,1.0
max,0.946,0.894,11.0,-3.28,1.0,0.418,0.902,0.657,0.79,0.902,200.125,5.0
