,danceability,energy,key,loudness,mode,speechiness,acousticness,instrumentalness,liveness,valence,tempo,time_signature
mean,0.65456,0.5945199999999999,5.34,-7.0233799999999995,0.48,0.12319400000000004,0.29715600000000003,0.004081597799999999,0.16910199999999997,0.482012,120.36019999999999,3.94
std,0.14642044019235312,0.18385789099636887,3.6845513115367168,2.105308701878202,0.5046720495044485,0.1131776667411888,0.29268105359010216,0.026700025182827575,0.12657847527949462,0.21644204355995197,24.99177399849472,0.6824326235712106
min,0.294,0.184,0.0,-12.5,0.0,0.0259,0.0045899999999999995,0.0,0.0606,0.0996,68.85300000000001,1.0
max,0.907,0.9229999999999999,11.0,-3.465,1.0,0.486,0.868,0.18899999999999997,0.633,0.884,179.985,5.0
