,danceability,energy,key,loudness,mode,speechiness,acousticness,instrumentalness,liveness,valence,tempo,time_signature
mean,0.62682,0.6170599999999999,5.76,-7.2938800000000015,0.56,0.12360800000000002,0.27427988000000003,0.0541132368,0.189342,0.4399659999999999,113.15614000000004,3.94
std,0.15730234633744436,0.192105350561315,3.804186737621311,2.969612327065811,0.5014265364224069,0.14206104155091434,0.27015379428706826,0.1942854114733151,0.14032245676822147,0.21967011594847474,22.160636455726113,0.3730732816343026
min,0.24100000000000002,0.132,0.0,-15.372,0.0,0.03,0.0009570000000000001,0.0,0.0601,0.0365,68.482,3.0
max,0.9209999999999999,0.977,11.0,-2.7439999999999998,1.0,0.505,0.899,0.919,0.6859999999999999,0.826,159.77200000000002,5.0
