,danceability,energy,key,loudness,mode,speechiness,acousticness,instrumentalness,liveness,valence,tempo,time_signature
mean,0.64964,0.7152,5.1,-5.676359999999999,0.44,0.11715999999999999,0.19265397999999995,0.043229821,0.15277399999999994,0.4939599999999998,122.35374,4.0
std,0.15846351025277922,0.15508654594997556,3.908389720086986,1.9861955712736192,0.5014265364224069,0.10195308444854145,0.24517772594402043,0.1730835636117432,0.08205349128862867,0.2150530983316465,28.090010325998357,0.20203050891044214
min,0.292,0.364,0.0,-10.209,0.0,0.0283,3.4e-05,0.0,0.0353,0.129,75.24,3.0
max,0.929,0.986,11.0,-2.886,1.0,0.534,0.9,0.922,0.363,0.863,197.923,5.0
