,danceability,energy,key,loudness,mode,speechiness,acousticness,instrumentalness,liveness,valence,tempo,time_signature
mean,0.6592200000000001,0.70086,4.94,-6.4201999999999995,0.72,0.13872,0.17031356000000009,0.03036351759999999,0.18096,0.4448599999999999,119.22937999999998,3.98
std,0.13966684704419052,0.1591988885716511,3.5479801669831974,2.6256359229718043,0.4535573676110727,0.1316995746355457,0.19705921850697053,0.12740765768910434,0.14768824860330024,0.23940709160382886,26.169313404771305,0.14142135623730936
min,0.363,0.301,0.0,-17.296,0.0,0.0298,0.000718,0.0,0.047,0.0577,74.982,3.0
max,0.9309999999999999,0.996,11.0,-2.258,1.0,0.511,0.684,0.7,0.769,0.895,191.97400000000002,4.0
