,danceability,energy,key,loudness,mode,speechiness,acousticness,instrumentalness,liveness,valence,tempo,time_signature
mean,0.6799999999999996,0.6151200000000001,4.84,-7.3475,0.58,0.16306000000000004,0.20389539999999998,0.0027984618,0.17192799999999997,0.39135800000000015,116.89363999999996,4.02
std,0.13666314911683622,0.18459947155384596,3.765363087893845,2.728830393470164,0.49856938190328975,0.14871127484258254,0.2268396547074517,0.010111512904142259,0.11113909108566138,0.20961768317095572,28.577520356834775,0.1414213562373095
min,0.36200000000000004,0.217,0.0,-13.539000000000001,0.0,0.0295,0.0039,0.0,0.0571,0.037000000000000005,54.924,4.0
max,0.909,0.9690000000000001,11.0,-2.7289999999999996,1.0,0.7170000000000001,0.852,0.0537,0.499,0.757,181.995,5.0
