,danceability,energy,key,loudness,mode,speechiness,acousticness,instrumentalness,liveness,valence,tempo,time_signature
mean,0.7008399999999999,0.6595399999999999,5.1,-6.28032,0.68,0.10940600000000002,0.22856682800000003,0.0446276712,0.19433599999999998,0.52764,121.47312000000004,3.92
std,0.1590062712150508,0.18529482409591125,3.5181743874356437,2.517979027971862,0.47121207149916117,0.09340482312853801,0.23644434068468184,0.16115995703405842,0.20032499590334074,0.20487066701722248,24.77238547141736,0.4444671196029722
min,0.319,0.13699999999999998,0.0,-13.897,0.0,0.0298,8.14e-05,0.0,0.0222,0.106,77.506,1.0
max,0.975,0.9640000000000001,11.0,-1.694,1.0,0.369,0.9279999999999999,0.831,0.862,0.922,179.505,4.0
