,danceability,energy,key,loudness,mode,speechiness,acousticness,instrumentalness,liveness,valence,tempo,time_signature
mean,0.70246,0.6402400000000001,4.94,-6.878019999999999,0.54,0.12245400000000002,0.20372960000000007,0.042688240200000005,0.164132,0.48816200000000004,119.95039999999999,4.0
std,0.14402114498948285,0.18266972091393666,3.893532051586926,3.75766368736572,0.5034574339058886,0.09646749311851857,0.22280545447249245,0.15159268812285706,0.09528607290572909,0.2199773966959852,27.080614785925253,0.0
min,0.248,0.204,0.0,-22.482,0.0,0.0295,0.00107,0.0,0.0574,0.0781,83.875,4.0
max,0.9079999999999999,0.992,11.0,-1.167,1.0,0.353,0.909,0.94,0.406,0.919,202.00599999999997,4.0
