,danceability,energy,key,loudness,mode,speechiness,acousticness,instrumentalness,liveness,valence,tempo,time_signature
mean,0.58244,0.6056180000000001,5.08,-8.100280000000003,0.56,0.09008399999999998,0.32297297999999997,0.15760238800000004,0.18715399999999993,0.463304,120.05365999999997,3.94
std,0.1756160189801858,0.2502596494011117,3.4983377977174777,4.1193254601367215,0.5014265364224069,0.08306696673928396,0.3269746211232821,0.31158848959063573,0.1322647379388808,0.24182600083024786,25.56495718242422,0.3136356914300021
min,0.24600000000000002,0.0809,0.0,-21.421,0.0,0.0273,0.000359,0.0,0.0513,0.0483,57.86,3.0
max,0.8740000000000001,0.946,11.0,-2.326,1.0,0.42100000000000004,0.977,0.9229999999999999,0.653,0.943,178.637,5.0
