,danceability,energy,key,loudness,mode,speechiness,acousticness,instrumentalness,liveness,valence,tempo,time_signature
mean,0.6190800000000001,0.6125799999999999,5.6,-8.006879999999997,0.44,0.10924200000000002,0.22805714660000007,0.115054672,0.17515599999999995,0.41280200000000017,126.90957999999995,4.0
std,0.17638314510618924,0.23223352866615685,3.5742845723419445,4.692796223305396,0.5014265364224069,0.11073664491274154,0.29044146896432704,0.270008630276109,0.11371166572717588,0.2195924299743523,28.157027676136092,0.3499271061118826
min,0.155,0.043,0.0,-24.235,0.0,0.0276,3.63e-06,0.0,0.0515,0.0368,68.482,3.0
max,0.9359999999999999,0.992,11.0,-2.494,1.0,0.475,0.9840000000000001,0.961,0.5379999999999999,0.9,183.736,5.0
