,danceability,energy,key,loudness,mode,speechiness,acousticness,instrumentalness,liveness,valence,tempo,time_signature
mean,0.6272400000000001,0.64142,4.94,-6.84712,0.54,0.10815199999999998,0.23040257600000008,0.05769001520000001,0.164278,0.44705399999999995,119.16243999999999,3.98
std,0.15671299126955962,0.17963558235767096,3.5422234456306554,2.507969343952211,0.5034574339058886,0.0759441718686584,0.258304333857665,0.1888024256544413,0.12485568206075827,0.21546910021378646,27.66969549271535,0.2466096643090295
min,0.258,0.295,0.0,-16.197,0.0,0.0266,3.929999999999999e-05,0.0,0.0589,0.0763,60.878,3.0
max,0.94,0.9840000000000001,11.0,-3.008,1.0,0.3,0.872,0.88,0.7390000000000001,0.8320000000000001,203.68099999999998,5.0
