,danceability,energy,key,loudness,mode,speechiness,acousticness,instrumentalness,liveness,valence,tempo,time_signature
mean,0.7061599999999999,0.64154,4.8,-6.4016399999999996,0.58,0.146902,0.23924293999999996,0.0473698234,0.122942,0.52776,119.46499999999996,4.0
std,0.14447602159641065,0.15765477785209,3.81190401832181,2.618646041801927,0.49856938190328975,0.13718957461729178,0.2231791860524568,0.16687763311772127,0.05204820799126557,0.21600451714853425,26.90507701956215,0.20203050891044214
min,0.42,0.235,0.0,-16.541,0.0,0.0269,0.000126,0.0,0.0419,0.0625,71.884,3.0
max,0.9490000000000001,0.981,11.0,-1.65,1.0,0.478,0.818,0.81,0.305,0.9520000000000001,195.986,5.0
