,danceability,energy,key,loudness,mode,speechiness,acousticness,instrumentalness,liveness,valence,tempo,time_signature
mean,0.6358999999999999,0.7476799999999999,5.8,-5.883820000000002,0.56,0.10396000000000002,0.10752556999999997,0.054544937,0.163992,0.5000000000000001,117.58628,3.98
std,0.15324187230835906,0.16234209785109305,3.7416573867739418,2.116259924720872,0.5014265364224069,0.08800070732554324,0.1631794506143645,0.15999502264062965,0.12724891056828866,0.21112429843046274,27.49117437528351,0.1414213562373095
min,0.266,0.22,0.0,-12.614,0.0,0.027000000000000003,3.53e-05,0.0,0.0564,0.12300000000000001,73.102,3.0
max,0.903,0.9740000000000001,11.0,-2.589,1.0,0.428,0.883,0.7020000000000001,0.7,0.895,203.062,4.0
