,danceability,energy,key,loudness,mode,speechiness,acousticness,instrumentalness,liveness,valence,tempo,time_signature
mean,0.7292399999999998,0.62304,5.66,-6.807080000000001,0.54,0.14221999999999996,0.2400918,0.019470787599999997,0.1347,0.4829000000000002,120.97012,4.02
std,0.14116896230534295,0.1647889138335737,4.0082058686791875,3.452367202310877,0.5034574339058886,0.11886475765442378,0.2449101774927923,0.0776208146511983,0.08540827995993297,0.1981481871772554,28.049280190582362,0.14142135623730942
min,0.248,0.204,0.0,-22.482,0.0,0.0295,0.00387,0.0,0.0574,0.13699999999999998,83.875,4.0
max,0.953,0.937,11.0,-2.6519999999999997,1.0,0.588,0.909,0.39299999999999996,0.469,0.919,202.00599999999997,5.0
