,danceability,energy,key,loudness,mode,speechiness,acousticness,instrumentalness,liveness,valence,tempo,time_signature
mean,0.6454,0.6958599999999998,5.6,-6.2350400000000015,0.62,0.13738799999999995,0.13747104,0.05470982380000001,0.185406,0.5026000000000002,121.97492000000003,4.0
std,0.15282696631371395,0.1584890403730408,3.3806170189140667,2.266138124291489,0.4903143514780145,0.11463204068243923,0.1674853215618976,0.1851943539374638,0.1308280229764188,0.23338432873258474,29.225392774958763,0.2857142857142857
min,0.27699999999999997,0.259,0.0,-16.509,0.0,0.0293,0.00011899999999999999,0.0,0.0288,0.1,74.867,3.0
max,0.922,0.9740000000000001,11.0,-2.889,1.0,0.44299999999999995,0.779,0.845,0.5589999999999999,0.9309999999999999,191.702,5.0
