,danceability,energy,key,loudness,mode,speechiness,acousticness,instrumentalness,liveness,valence,tempo,time_signature
mean,0.6710399999999999,0.7043000000000003,4.42,-6.22628,0.68,0.087698,0.1808418,0.010019268000000003,0.218138,0.4899140000000002,121.66418,3.96
std,0.13181278622442094,0.17020135134598666,3.301762052762317,2.500300855693088,0.4712120714991612,0.08073172375471839,0.20310790797102737,0.04173665871448496,0.15464191011257367,0.24471265449377103,22.043123403345135,0.28284271247461895
min,0.425,0.317,0.0,-13.116,0.0,0.0277,0.0013800000000000002,0.0,0.0384,0.0729,82.337,3.0
max,0.9329999999999999,0.977,11.0,-1.785,1.0,0.46299999999999997,0.754,0.268,0.6970000000000001,0.96,181.995,5.0
