,danceability,energy,key,loudness,mode,speechiness,acousticness,instrumentalness,liveness,valence,tempo,time_signature
mean,0.7352599999999999,0.6039,5.56,-7.058340000000002,0.56,0.14066599999999999,0.23294520000000002,0.06265863399999999,0.18326999999999993,0.4883079999999998,119.38867999999998,3.96
std,0.1377831496465755,0.13292536650776812,3.5751980107857704,2.3437166507885876,0.5014265364224069,0.1144857831116767,0.24353890474301754,0.2039828228205828,0.14795745561974696,0.21809275394301608,26.488721898458554,0.493219328618059
min,0.376,0.225,0.0,-14.454,0.0,0.0296,0.00122,0.0,0.0584,0.0454,62.948,1.0
max,0.946,0.894,11.0,-2.2030000000000003,1.0,0.491,0.902,0.897,0.79,0.9129999999999999,200.125,5.0
