,danceability,energy,key,loudness,mode,speechiness,acousticness,instrumentalness,liveness,valence,tempo,time_signature
mean,0.70722,0.6137619999999999,5.86,-7.26016,0.48,0.15628400000000003,0.24247698,0.0545446144,0.17444400000000002,0.526364,120.95438,3.9
std,0.14280931913797873,0.1958977710179366,3.8598403266118115,3.387027993232234,0.5046720495044485,0.12270946333448261,0.27192928715103304,0.20201993256599435,0.1355471499561112,0.21579429997578903,24.54961640906523,0.6468132241526731
min,0.36,0.0368,0.0,-24.304000000000002,0.0,0.0311,0.000129,0.0,0.0459,0.0422,68.997,1.0
max,0.932,0.915,11.0,-3.497,1.0,0.43700000000000006,0.993,0.9440000000000001,0.7170000000000001,0.9229999999999999,175.041,5.0
