,danceability,energy,key,loudness,mode,speechiness,acousticness,instrumentalness,liveness,valence,tempo,time_signature
mean,0.6940400000000001,0.6510000000000001,5.74,-6.5798999999999985,0.5,0.170606,0.23823682799999996,0.052896305,0.1563,0.5446259999999999,115.78630000000001,3.98
std,0.13965510870625214,0.1795675076285194,3.6298647863724813,3.0206584445738827,0.5050762722761054,0.13858034346875595,0.23548826786366708,0.18157217993577587,0.10001287672197057,0.2076586237171036,23.882664943982505,0.2466096643090295
min,0.435,0.125,0.0,-17.832,0.0,0.0295,5.539999999999999e-05,0.0,0.0425,0.0528,75.445,3.0
max,0.9390000000000001,0.9790000000000001,11.0,-2.853,1.0,0.456,0.7509999999999999,0.851,0.42700000000000005,0.9520000000000001,187.576,5.0
