,danceability,energy,key,loudness,mode,speechiness,acousticness,instrumentalness,liveness,valence,tempo,time_signature
mean,0.6864800000000001,0.6722599999999999,5.2,-6.26966,0.62,0.14001399999999997,0.22531039999999994,0.023679498800000004,0.191112,0.4915,128.18005999999997,3.94
std,0.12873770834926498,0.16169381622091067,3.65334624358412,2.4961444278105778,0.4903143514780145,0.10635597717868354,0.23474689478687816,0.13359809539830733,0.12580926223973385,0.2114489613720203,28.68641524144294,0.424264068711929
min,0.409,0.13699999999999998,0.0,-15.534,0.0,0.0261,0.00118,0.0,0.0222,0.1,68.482,1.0
max,0.9470000000000001,0.932,11.0,-1.936,1.0,0.457,0.9279999999999999,0.9420000000000001,0.638,0.9420000000000001,202.03900000000002,4.0
