,danceability,energy,key,loudness,mode,speechiness,acousticness,instrumentalness,liveness,valence,tempo,time_signature
mean,0.662712,0.6739399999999999,4.52,-6.743420000000002,0.54,0.12541199999999997,0.20100539199999998,0.0844888292,0.16976600000000006,0.4525119999999999,125.78661999999998,4.0
std,0.17396990197110743,0.17926327804975248,3.4240446306456147,2.5173015686140863,0.5034574339058886,0.08836059385800196,0.24611080792399664,0.22716551366787202,0.11790159267415362,0.19807056013410154,25.048155341172535,0.20203050891044214
min,0.0866,0.203,0.0,-15.245999999999999,0.0,0.0312,2.02e-05,0.0,0.0538,0.0399,78.457,3.0
max,0.929,0.961,11.0,-2.326,1.0,0.35200000000000004,0.9,0.948,0.648,0.85,176.095,5.0
