,danceability,energy,key,loudness,mode,speechiness,acousticness,instrumentalness,liveness,valence,tempo,time_signature
mean,0.68828,0.6313199999999999,5.3,-6.73744,0.48,0.12736200000000003,0.25625556000000005,0.0042772316,0.18495200000000003,0.500462,120.29892000000001,3.98
std,0.1371800604300488,0.16177730220956238,3.4181388897158285,1.9186357415026511,0.5046720495044484,0.11256472222590841,0.2602151038243804,0.026701623139898444,0.1428595474654768,0.2021446813547168,23.524306812611453,0.5146823867043383
min,0.319,0.32,0.0,-10.599,0.0,0.026000000000000002,0.000248,0.0,0.0426,0.0605,75.801,1.0
max,0.934,0.9229999999999999,11.0,-3.0010000000000003,1.0,0.418,0.866,0.18899999999999997,0.735,0.884,180.291,5.0
