,danceability,energy,key,loudness,mode,speechiness,acousticness,instrumentalness,liveness,valence,tempo,time_signature
mean,0.6419199999999998,0.6285999999999999,5.76,-7.290339999999999,0.56,0.12358800000000007,0.23203785999999998,0.09076066819999999,0.161648,0.48089,115.50853999999998,3.96
std,0.14612852045304475,0.20160701315951796,3.982410304920211,2.980652090070362,0.5014265364224069,0.11954942046992062,0.2647628574550356,0.20825196691971196,0.11546653944157263,0.2053062105783476,24.911000480658075,0.28284271247461884
min,0.262,0.163,0.0,-15.949000000000002,0.0,0.0265,0.000513,0.0,0.0304,0.0394,73.483,3.0
max,0.893,0.917,11.0,-3.094,1.0,0.483,0.946,0.857,0.672,0.872,175.99,5.0
