,danceability,energy,key,loudness,mode,speechiness,acousticness,instrumentalness,liveness,valence,tempo,time_signature
mean,0.7310000000000001,0.65166,5.36,-6.301939999999999,0.5,0.15446200000000002,0.23814038000000007,0.020589439799999994,0.133938,0.56758,114.03677999999996,4.02
std,0.12462924608450393,0.1329972548435432,3.5095205789220763,2.132675366954926,0.5050762722761054,0.13992433507770824,0.25616441757772346,0.11576376328541896,0.08652775864615082,0.1877203836800351,25.224803111458304,0.2466096643090295
min,0.423,0.33299999999999996,0.0,-11.440999999999999,0.0,0.0295,0.000629,0.0,0.0537,0.18100000000000002,75.445,3.0
max,0.9259999999999999,0.887,11.0,-2.853,1.0,0.489,0.8440000000000001,0.81,0.38299999999999995,0.9520000000000001,203.878,5.0
