,danceability,energy,key,loudness,mode,speechiness,acousticness,instrumentalness,liveness,valence,tempo,time_signature
mean,0.7097200000000001,0.6388999999999999,5.96,-7.561319999999998,0.6,0.15677599999999997,0.22590765999999995,0.06300101220000001,0.12994999999999995,0.5423800000000001,124.40511999999998,3.92
std,0.14794428625916814,0.19837834909020466,3.602493467540707,2.5557998583454,0.4948716593053935,0.1305025069115689,0.25876899277167215,0.19606342030087165,0.07474394180624068,0.22491466771889743,29.390282948301536,0.6337449432233948
min,0.313,0.16,0.0,-12.985999999999999,0.0,0.0289,0.000129,0.0,0.0452,0.11,75.962,1.0
max,0.9490000000000001,0.961,11.0,-3.3,1.0,0.474,0.912,0.885,0.43200000000000005,0.937,204.09599999999998,5.0
