,danceability,energy,key,loudness,mode,speechiness,acousticness,instrumentalness,liveness,valence,tempo,time_signature
mean,0.6474199999999999,0.57676,5.62,-7.0853,0.72,0.10842200000000002,0.32518578000000004,0.0376114144,0.14117000000000005,0.457688,130.72639999999996,3.9
std,0.15549002067853823,0.21809851359569848,3.5044578025417734,3.147681817867018,0.45355736761107274,0.10435352059813072,0.28046908480697263,0.1687910048825636,0.09498307314292094,0.22466883986918004,28.010746889473022,0.46291004988627577
min,0.29,0.10400000000000001,0.0,-16.465,0.0,0.0274,0.000349,0.0,0.0419,0.0583,75.003,1.0
max,0.9109999999999999,0.9840000000000001,11.0,-1.11,1.0,0.5760000000000001,0.9790000000000001,0.873,0.47200000000000003,0.9620000000000001,179.847,4.0
