,danceability,energy,key,loudness,mode,speechiness,acousticness,instrumentalness,liveness,valence,tempo,time_signature
mean,0.7350799999999998,0.6056000000000001,5.02,-6.961119999999999,0.64,0.162528,0.27348868,0.0060353106,0.150504,0.5350800000000001,125.63179999999997,3.98
std,0.14736984433868472,0.1622278568896859,3.2481705997219357,2.2003209101754004,0.4848732213850611,0.1342291507619925,0.22978262926668722,0.024127319131879377,0.1370037806122182,0.2188395032055806,28.396111996726095,0.14142135623730942
min,0.395,0.293,0.0,-12.61,0.0,0.0295,0.000143,0.0,0.0459,0.131,78.03,3.0
max,0.978,0.937,11.0,-1.865,1.0,0.48100000000000004,0.9359999999999999,0.13,0.795,0.877,204.03099999999998,4.0
