,danceability,energy,key,loudness,mode,speechiness,acousticness,instrumentalness,liveness,valence,tempo,time_signature
mean,0.71648,0.6201199999999999,4.98,-7.512320000000001,0.6,0.18876799999999994,0.22964526,0.0194316422,0.157294,0.5173500000000001,121.89864,4.0
std,0.1389943825028441,0.1697868579804018,3.531144232658408,3.6987561805646645,0.49487165930539356,0.1949307908997866,0.23103824857058555,0.1264698584798923,0.10553856904043205,0.21158064535726306,26.709965425874827,0.20203050891044214
min,0.261,0.174,0.0,-19.629,0.0,0.0287,0.000143,0.0,0.0372,0.0393,71.975,3.0
max,0.978,0.905,11.0,-2.9989999999999997,1.0,0.902,0.8540000000000001,0.893,0.525,0.877,197.705,5.0
