,danceability,energy,key,loudness,mode,speechiness,acousticness,instrumentalness,liveness,valence,tempo,time_signature
mean,0.7073799999999999,0.6257879999999999,5.2,-6.73694,0.58,0.12739799999999996,0.26278918,0.0244308408,0.17617600000000003,0.480976,122.58025999999997,3.92
std,0.13247716630361903,0.18280979927291668,3.6196741312342646,2.8358335376868276,0.49856938190328975,0.1193545387251181,0.24448641272740265,0.13474259819227224,0.12330257716160631,0.20140786475128886,23.65972024332166,0.4444671196029721
min,0.353,0.0674,0.0,-19.18,0.0,0.0287,0.0001,0.0,0.0577,0.0727,86.00299999999999,1.0
max,0.9540000000000001,0.9620000000000001,11.0,-2.004,1.0,0.54,0.961,0.94,0.5870000000000001,0.9209999999999999,191.97099999999998,4.0
