,danceability,energy,key,loudness,mode,speechiness,acousticness,instrumentalness,liveness,valence,tempo,time_signature
mean,0.7424999999999998,0.6482800000000001,5.08,-6.347660000000002,0.54,0.16904200000000003,0.18525245999999998,0.004221461199999999,0.14722200000000008,0.5304199999999999,125.05937999999998,4.0
std,0.11344930540976964,0.1484767610484165,3.5561960874289396,2.285730166105548,0.5034574339058886,0.13716424102632044,0.20047294886202763,0.020793920022937805,0.105437197266178,0.21167274414115037,28.765772041410035,0.2857142857142857
min,0.509,0.183,0.0,-13.970999999999998,0.0,0.0287,0.000143,0.0,0.0372,0.10099999999999999,71.975,3.0
max,0.978,0.905,11.0,-2.9989999999999997,1.0,0.6609999999999999,0.946,0.13,0.525,0.877,197.705,5.0
