,danceability,energy,key,loudness,mode,speechiness,acousticness,instrumentalness,liveness,valence,tempo,time_signature
mean,0.6879400000000002,0.6802400000000004,5.34,-6.4145400000000015,0.48,0.18119400000000002,0.184508204,0.0375529292,0.16663799999999998,0.55576,126.18557999999997,3.86
std,0.13774783379162706,0.17195687166928142,3.6623289122120766,2.096401622703405,0.5046720495044485,0.1399608624740852,0.1985846457675817,0.1461140415156936,0.11102904177901991,0.2082184449474314,32.43822936364702,0.7827215732458702
min,0.391,0.225,0.0,-12.872,0.0,0.0266,5.12e-05,0.0,0.0459,0.171,68.997,1.0
max,0.932,0.961,11.0,-3.3,1.0,0.5670000000000001,0.7020000000000001,0.77,0.519,0.9229999999999999,210.16400000000002,5.0
