,danceability,energy,key,loudness,mode,speechiness,acousticness,instrumentalness,liveness,valence,tempo,time_signature
mean,0.56036,0.609128,5.54,-7.620039999999997,0.58,0.079798,0.273292744,0.1144399496,0.20260199999999995,0.389156,118.92897999999997,3.96
std,0.15791185347967943,0.19702560388882226,3.7318813989072863,3.232504531998023,0.49856938190328975,0.08374445455901995,0.31714197487427354,0.24991500760738025,0.18906767009055092,0.23823698727553297,24.00234390891941,0.34758643030275527
min,0.161,0.0694,0.0,-18.727999999999998,0.0,0.0257,3.52e-05,0.0,0.0646,0.0589,81.087,3.0
max,0.873,0.992,11.0,-1.271,1.0,0.441,0.9790000000000001,0.9079999999999999,0.915,0.968,179.912,5.0
