,danceability,energy,key,loudness,mode,speechiness,acousticness,instrumentalness,liveness,valence,tempo,time_signature
mean,0.7180599999999999,0.62882,5.3,-7.268339999999996,0.7,0.17580999999999997,0.19601925199999998,0.0456730148,0.16074599999999997,0.5124599999999999,124.30012000000005,4.04
std,0.13430234091597287,0.15373163603620224,3.643557355673386,2.6456886269196995,0.4629100498862757,0.1617936330449303,0.22917097774997888,0.17831947132743828,0.11906911251496771,0.21635092525141386,28.749818482933634,0.2828427124746188
min,0.297,0.16,0.0,-15.243,0.0,0.0287,1.9600000000000002e-05,0.0,0.0349,0.11,81.425,3.0
max,0.978,0.917,11.0,-3.187,1.0,0.902,0.889,0.897,0.618,0.9229999999999999,204.077,5.0
