,danceability,energy,key,loudness,mode,speechiness,acousticness,instrumentalness,liveness,valence,tempo,time_signature
mean,0.6061799999999999,0.65884,5.1,-7.000700000000002,0.64,0.10935799999999998,0.22323128800000006,0.0651391776,0.18741,0.46347200000000016,121.20407999999999,3.96
std,0.14599003180955575,0.20778121931984328,3.5814146104919065,3.01133477930655,0.4848732213850611,0.10610015308996629,0.27113544343344953,0.18048554038886575,0.1336909476733407,0.21732134679186157,27.867184622953857,0.1979486637221575
min,0.193,0.121,0.0,-16.804000000000002,0.0,0.0273,1.24e-05,0.0,0.0308,0.0566,75.988,3.0
max,0.852,0.9570000000000001,11.0,-2.326,1.0,0.405,0.948,0.878,0.7240000000000001,0.877,200.092,4.0
