,danceability,energy,key,loudness,mode,speechiness,acousticness,instrumentalness,liveness,valence,tempo,time_signature
mean,0.6007,0.5655719999999999,5.5,-8.08458,0.66,0.113696,0.27110684999999995,0.0898285646,0.154142,0.4086740000000001,114.36286,3.96
std,0.12598335652953915,0.23300265395703204,3.7321001364608946,3.6021038528808105,0.47851812069840666,0.10965249182424132,0.29090837362346145,0.23268884294154069,0.11890551057414438,0.20290711538403325,27.947921015017066,0.28284271247461884
min,0.322,0.0686,0.0,-18.011,0.0,0.0269,2.05e-05,0.0,0.0579,0.0807,69.90899999999999,3.0
max,0.858,0.9840000000000001,11.0,-2.503,1.0,0.47100000000000003,0.93,0.953,0.8079999999999999,0.95,171.983,5.0
