,danceability,energy,key,loudness,mode,speechiness,acousticness,instrumentalness,liveness,valence,tempo,time_signature
mean,0.63002,0.6118180000000001,5.64,-6.8864,0.62,0.12623600000000004,0.22381415999999996,0.0164398176,0.162518,0.395784,127.0159,3.96
std,0.2022013030095887,0.2000383000980623,3.8426181550752974,4.521095749429578,0.4903143514780145,0.11561076455777225,0.25889743620634553,0.07483976096964635,0.10886066865306239,0.23483961557816,30.094888667143383,0.3475864303027552
min,0.192,0.0824,0.0,-29.116,0.0,0.0305,0.000239,0.0,0.0424,0.0601,54.747,3.0
max,0.909,0.9570000000000001,11.0,-0.777,1.0,0.474,0.9890000000000001,0.40299999999999997,0.484,0.825,191.702,5.0
