,danceability,energy,key,loudness,mode,speechiness,acousticness,instrumentalness,liveness,valence,tempo,time_signature
mean,0.5903199999999998,0.6227999999999997,5.2,-6.944779999999997,0.6,0.129876,0.2958024,0.0412754752,0.16616599999999995,0.434088,113.609,4.08
std,0.17318698636126778,0.20241390207962998,3.7525501533039143,2.670127706874787,0.49487165930539356,0.11490379216136092,0.28335820440983767,0.13544699338963134,0.13153027526088465,0.24410193558245713,27.59520656763062,0.2740475156178698
min,0.242,0.11900000000000001,0.0,-14.035,0.0,0.0272,0.00352,0.0,0.0308,0.0374,67.762,4.0
max,0.9129999999999999,0.9620000000000001,11.0,-3.094,1.0,0.489,0.9440000000000001,0.779,0.687,0.9570000000000001,181.017,5.0
