,danceability,energy,key,loudness,mode,speechiness,acousticness,instrumentalness,liveness,valence,tempo,time_signature
mean,0.63546,0.6878,5.24,-6.20566,0.66,0.13405800000000004,0.17305553799999998,0.0314176132,0.18921400000000005,0.5157540000000002,129.2126,4.04
std,0.16383941989095324,0.17038731389013054,3.485011638782427,2.416887225675343,0.47851812069840666,0.11287070459203326,0.226258161986851,0.1461858511798643,0.15421442534235724,0.18155171659887986,28.44325276685463,0.2828427124746189
min,0.24,0.11599999999999999,0.0,-14.366,0.0,0.0284,6.890000000000001e-05,0.0,0.0424,0.0937,77.176,3.0
max,0.922,0.9570000000000001,11.0,-2.384,1.0,0.565,0.9590000000000001,0.972,0.67,0.847,193.334,5.0
