,danceability,energy,key,loudness,mode,speechiness,acousticness,instrumentalness,liveness,valence,tempo,time_signature
mean,0.7190799999999998,0.6599800000000002,5.66,-6.35772,0.5,0.15726800000000002,0.19777212,0.0467412734,0.13569799999999999,0.57488,114.83059999999996,3.98
std,0.12970607903554676,0.14388054711021464,3.6845513115367163,2.255596450735687,0.5050762722761054,0.13815649428921434,0.23168072926878466,0.17661400249554063,0.08328283624039769,0.18143483003828234,25.48528094282451,0.24660966430902947
min,0.45,0.32899999999999996,0.0,-12.603,0.0,0.0295,0.000376,0.0,0.0425,0.18100000000000002,71.884,3.0
max,0.9079999999999999,0.9790000000000001,11.0,-2.6439999999999997,1.0,0.489,0.818,0.851,0.363,0.9520000000000001,183.372,5.0
