,danceability,energy,key,loudness,mode,speechiness,acousticness,instrumentalness,liveness,valence,tempo,time_signature
mean,0.64152,0.5469259999999999,4.56,-8.148840000000002,0.56,0.14072800000000002,0.35536179999999995,0.021672128,0.19121799999999994,0.4568079999999999,117.6895,3.98
std,0.19646147672440692,0.202535883250553,3.8394302298382654,4.213382544188632,0.5014265364224069,0.11497086594579747,0.3321979911579041,0.10762875258797734,0.15361104298366907,0.23209142800866653,31.99957847888829,0.377424137532083
min,0.145,0.011000000000000001,0.0,-27.625999999999998,0.0,0.0274,0.00122,0.0,0.0606,0.0334,61.34,3.0
max,0.946,0.894,11.0,-2.3169999999999997,1.0,0.418,0.99,0.657,0.887,0.9620000000000001,200.125,5.0
