,danceability,energy,key,loudness,mode,speechiness,acousticness,instrumentalness,liveness,valence,tempo,time_signature
mean,0.6096599999999999,0.64388,4.88,-7.730899999999999,0.68,0.14418199999999998,0.26551258,0.056888833800000004,0.2332440000000001,0.4768080000000001,119.80702,3.94
std,0.17416197129367234,0.22694948102777304,3.7012959671896937,3.789721583925852,0.4712120714991611,0.15868521231722654,0.30873284483673463,0.19955110698025819,0.22323863790361476,0.25779421934273583,31.2677823179263,0.46991097723995834
min,0.309,0.106,0.0,-22.506999999999998,0.0,0.0265,0.000185,0.0,0.0457,0.0784,46.718,1.0
max,0.919,0.992,11.0,-2.6010000000000004,1.0,0.812,0.9940000000000001,0.871,0.922,0.963,204.692,5.0
