,danceability,energy,key,loudness,mode,speechiness,acousticness,instrumentalness,liveness,valence,tempo,time_signature
mean,0.6729599999999999,0.7119199999999999,5.5,-6.09118,0.6,0.11188000000000002,0.17285053999999994,0.06376448460000002,0.20129800000000003,0.4920620000000001,118.29462000000001,3.98
std,0.16829347059496383,0.16832558829087568,3.483195811496174,2.6391026898844054,0.4948716593053935,0.110572305275225,0.20093763146169794,0.18253668621521887,0.14437205406836312,0.2315241477157625,21.54646930676455,0.14142135623730945
min,0.242,0.317,0.0,-12.39,0.0,0.0277,0.000807,0.0,0.0498,0.0393,82.53399999999999,3.0
max,0.899,0.985,11.0,-1.696,1.0,0.44299999999999995,0.82,0.9159999999999999,0.747,0.8640000000000001,181.995,4.0
