,danceability,energy,key,loudness,mode,speechiness,acousticness,instrumentalness,liveness,valence,tempo,time_signature
mean,0.6883600000000001,0.6939799999999999,4.54,-6.7636400000000005,0.58,0.13895200000000002,0.16426866,0.0737395702,0.21107800000000004,0.453474,126.68781999999999,3.96
std,0.1534877193784571,0.19075141318651628,3.6208579432087586,3.3462927995631477,0.49856938190328975,0.10872806790806325,0.22135908375626387,0.22137522123597564,0.15490932738284055,0.23332706554166774,28.124480129573517,0.19794866372215744
min,0.21100000000000002,0.162,0.0,-19.964000000000002,0.0,0.027000000000000003,0.000245,0.0,0.0435,0.0667,77.176,3.0
max,0.945,0.9840000000000001,11.0,-1.7369999999999999,1.0,0.38799999999999996,0.9209999999999999,0.9009999999999999,0.6659999999999999,0.971,207.57299999999998,4.0
