,danceability,energy,key,loudness,mode,speechiness,acousticness,instrumentalness,liveness,valence,tempo,time_signature
mean,0.6950799999999999,0.6357,4.88,-6.696620000000001,0.6,0.10440600000000001,0.28097402000000005,0.011640832,0.21215199999999995,0.5263200000000001,128.14894000000007,3.98
std,0.17863162870978422,0.20417681912839117,3.8789857710804894,3.304146781650882,0.4948716593053935,0.07660057123994386,0.2507253483612639,0.055607375656698675,0.17656711765426394,0.22809955220097586,30.04169695498412,0.2466096643090295
min,0.248,0.19699999999999998,0.0,-20.434,0.0,0.0303,0.000491,0.0,0.0347,0.13699999999999998,90.042,3.0
max,0.9259999999999999,0.968,11.0,-2.459,1.0,0.361,0.878,0.36200000000000004,0.809,0.961,202.00599999999997,5.0
