,danceability,energy,key,loudness,mode,speechiness,acousticness,instrumentalness,liveness,valence,tempo,time_signature
mean,0.7331799999999999,0.66774,5.18,-7.07556,0.56,0.121434,0.19383888,0.08784571800000003,0.17623999999999995,0.48981600000000003,114.191,4.0
std,0.13556362915996462,0.18429355575786566,3.1081853751876856,2.467477379587401,0.5014265364224069,0.12264712549357501,0.21206215033099549,0.23443215704524903,0.14538147848235103,0.2371405226735354,22.816187197796616,0.0
min,0.4,0.322,0.0,-14.043,0.0,0.0272,0.000143,0.0,0.0653,0.0388,71.975,4.0
max,0.978,0.982,11.0,-1.865,1.0,0.6609999999999999,0.765,0.856,0.847,0.963,179.97400000000002,4.0
