,danceability,energy,key,loudness,mode,speechiness,acousticness,instrumentalness,liveness,valence,tempo,time_signature
mean,0.6949600000000001,0.623082,5.16,-7.330859999999998,0.52,0.085914,0.24142163400000002,0.06876851219999999,0.14936199999999997,0.4783380000000001,120.94524000000001,3.92
std,0.13188661797165016,0.2184738098440065,4.017106279045012,3.0508914923948622,0.5046720495044485,0.0675242904442542,0.2525534299671467,0.17558368112737477,0.09275029432815393,0.23830563884667616,22.794916175573633,0.3404678653660855
min,0.341,0.0521,0.0,-16.712,0.0,0.0275,1.24e-05,0.0,0.0308,0.0879,75.988,3.0
max,0.922,0.9540000000000001,11.0,-2.5340000000000003,1.0,0.307,0.943,0.887,0.41200000000000003,0.9670000000000001,177.833,5.0
