,danceability,energy,key,loudness,mode,speechiness,acousticness,instrumentalness,liveness,valence,tempo,time_signature
mean,0.7023799999999999,0.6869199999999998,5.2,-5.9247000000000005,0.4,0.12750799999999995,0.162319422,0.017130329399999998,0.20467399999999997,0.5248000000000002,119.50838000000002,3.92
std,0.14280840454316146,0.16763357025831976,3.697765458727081,2.055093485633653,0.4948716593053935,0.09816636615917877,0.21635665626147915,0.11330701814429894,0.1410941425620005,0.2201923092690217,28.262927073659945,0.4444671196029727
min,0.345,0.308,0.0,-9.985,0.0,0.0278,1.09e-05,0.0,0.0227,0.038,75.003,1.0
max,0.9359999999999999,0.968,11.0,-1.182,1.0,0.441,0.818,0.802,0.657,0.934,187.63299999999998,4.0
