,danceability,energy,key,loudness,mode,speechiness,acousticness,instrumentalness,liveness,valence,tempo,time_signature
mean,0.7208,0.6828,5.62,-6.648459999999999,0.62,0.121188,0.171981962,0.0705032142,0.20773599999999998,0.5348399999999998,119.12686000000002,4.0
std,0.1337460279784039,0.17662528073839928,3.1744515836822678,2.4407436154431563,0.4903143514780145,0.11599806761233533,0.17935436702308585,0.20293205497781674,0.18228781431840033,0.23321308116074832,22.09460126967025,0.20203050891044214
min,0.449,0.301,1.0,-14.043,0.0,0.0272,2.4100000000000003e-05,0.0,0.0516,0.13699999999999998,71.975,3.0
max,0.978,0.996,11.0,-0.45,1.0,0.6609999999999999,0.765,0.8490000000000001,0.847,0.963,191.942,5.0
