,danceability,energy,key,loudness,mode,speechiness,acousticness,instrumentalness,liveness,valence,tempo,time_signature
mean,0.67876,0.7242199999999999,4.86,-6.08842,0.48,0.099168,0.1707222,0.050832127799999995,0.21260399999999996,0.4825680000000003,120.41092000000005,4.04
std,0.15450454850975773,0.14329009963378916,3.5914297079211748,2.6145138002765895,0.5046720495044484,0.066359273962396,0.21802086306543217,0.17396600130878506,0.18545591693588698,0.22391439092944904,24.060130182557877,0.19794866372215744
min,0.26,0.374,0.0,-14.24,0.0,0.0337,0.00101,0.0,0.0349,0.0468,79.697,4.0
max,0.9159999999999999,0.983,11.0,-1.412,1.0,0.303,0.79,0.8859999999999999,0.851,0.879,201.989,5.0
