,danceability,energy,key,loudness,mode,speechiness,acousticness,instrumentalness,liveness,valence,tempo,time_signature
mean,0.6754800000000002,0.6722200000000003,4.74,-6.887479999999999,0.56,0.142354,0.18845115000000004,0.05476670079999999,0.198946,0.49025799999999997,126.47598000000004,3.92
std,0.14362596547694179,0.17422285634631693,3.821582106394989,3.020112271463579,0.5014265364224069,0.11941858333148136,0.22244434790743,0.18339845348703634,0.1816109198483485,0.2493099898863719,28.197638891233577,0.3404678653660854
min,0.381,0.295,0.0,-17.191,0.0,0.0264,7.35e-05,0.0,0.0519,0.0379,64.01899999999999,3.0
max,0.965,0.993,11.0,-1.617,1.0,0.44,0.945,0.889,0.7559999999999999,0.9059999999999999,189.99400000000003,5.0
