,danceability,energy,key,loudness,mode,speechiness,acousticness,instrumentalness,liveness,valence,tempo,time_signature
mean,0.7131000000000003,0.6677,5.8,-6.821959999999999,0.58,0.119828,0.21938689999999997,0.12178387260000001,0.15154800000000004,0.527168,120.70165999999996,3.96
std,0.16035308617204083,0.17779456730526189,3.63093286489681,2.927043852191672,0.49856938190328975,0.11835846113586039,0.23059326191301355,0.2862566989772693,0.12960705485963236,0.2609675782818351,27.906649877257514,0.1979486637221575
min,0.306,0.205,0.0,-16.039,0.0,0.0279,0.000155,0.0,0.0442,0.032,71.884,3.0
max,0.9570000000000001,0.988,11.0,-1.865,1.0,0.434,0.993,0.9359999999999999,0.847,0.953,200.44099999999997,4.0
