,danceability,energy,key,loudness,mode,speechiness,acousticness,instrumentalness,liveness,valence,tempo,time_signature
mean,0.6710400000000001,0.7030799999999998,5.36,-6.4400400000000015,0.44,0.09997799999999996,0.13169862,0.07016447659999998,0.17974,0.48204800000000014,117.77984000000001,3.94
std,0.14445943714272133,0.17578962844658313,3.6183207290066455,3.171507334671883,0.5014265364224069,0.07707281023519916,0.1963948216203819,0.2079699436541382,0.14589824802070175,0.26163057397944983,26.286385507237426,0.23989793748209523
min,0.264,0.195,0.0,-20.305,0.0,0.028999999999999998,0.0005009999999999999,0.0,0.0378,0.0383,72.45100000000001,3.0
max,0.929,0.971,11.0,-1.396,1.0,0.35200000000000004,0.898,0.948,0.7140000000000001,0.884,203.68099999999998,4.0
