,danceability,energy,key,loudness,mode,speechiness,acousticness,instrumentalness,liveness,valence,tempo,time_signature
mean,0.70272,0.63358,5.68,-7.8474,0.68,0.09276399999999997,0.270952376,0.10793513079999999,0.15891400000000003,0.5451600000000001,123.92930000000004,3.94
std,0.13949515974340018,0.22170324806840705,3.771212115000498,3.6517972315571083,0.4712120714991613,0.0769683973313405,0.2609064868308673,0.2617174746278023,0.09910830194431601,0.2253337080864734,20.404718367153638,0.23989793748209526
min,0.29,0.10400000000000001,0.0,-19.192,0.0,0.0276,6.54e-05,0.0,0.0443,0.151,88.555,3.0
max,0.9209999999999999,0.961,11.0,-1.2109999999999999,1.0,0.336,0.9790000000000001,0.8909999999999999,0.4,0.924,173.707,4.0
