,danceability,energy,key,loudness,mode,speechiness,acousticness,instrumentalness,liveness,valence,tempo,time_signature
mean,0.61702,0.6545400000000001,5.34,-7.1243,0.5,0.12144599999999998,0.21386216000000005,0.0898407898,0.18459400000000006,0.44941999999999993,115.67038000000007,3.96
std,0.16483925255737322,0.1923291407128596,3.936278155095968,3.0309597877065073,0.5050762722761054,0.1307118394931135,0.25737081541607054,0.22773426671024224,0.1334660537900395,0.22194934980204611,29.35114789459186,0.4932193286180589
min,0.231,0.27699999999999997,0.0,-15.422,0.0,0.0249,0.000359,0.0,0.0473,0.10400000000000001,65.76,1.0
max,0.909,0.983,11.0,-1.8969999999999998,1.0,0.643,0.875,0.86,0.687,0.9520000000000001,180.023,5.0
