,danceability,energy,key,loudness,mode,speechiness,acousticness,instrumentalness,liveness,valence,tempo,time_signature
mean,0.7444399999999999,0.64988,6.0,-6.698340000000001,0.68,0.12943000000000005,0.2349974000000001,0.004580619799999998,0.155978,0.6121719999999999,121.44348000000002,3.96
std,0.11388342768832004,0.184583661691021,3.619674131234265,1.8184899500319895,0.47121207149916117,0.11850209375572146,0.26757547379910646,0.026873707990980197,0.11061458052395172,0.22229910356296534,24.378141779513076,0.493219328618059
min,0.41100000000000003,0.32,0.0,-10.694,0.0,0.0246,0.00122,0.0,0.0324,0.0916,68.747,1.0
max,0.934,0.97,11.0,-2.3169999999999997,1.0,0.43799999999999994,0.866,0.18899999999999997,0.509,0.963,191.988,5.0
