,danceability,energy,key,loudness,mode,speechiness,acousticness,instrumentalness,liveness,valence,tempo,time_signature
mean,0.6812000000000001,0.6652799999999998,5.74,-6.742359999999999,0.44,0.14502400000000004,0.1974446,0.0370243008,0.17834399999999995,0.47598800000000013,123.40438000000002,3.96
std,0.16575972283484827,0.17712212321054716,3.8108866609828667,2.7040247308976526,0.5014265364224069,0.13121759706530156,0.27116580673703483,0.14869082805751171,0.12677852480219357,0.2331943576171812,25.24589305124091,0.19794866372215753
min,0.326,0.156,0.0,-14.339,0.0,0.0266,3.4e-05,0.0,0.0578,0.0378,78.457,3.0
max,0.9129999999999999,0.986,11.0,-1.694,1.0,0.534,0.935,0.863,0.755,0.846,192.12099999999998,4.0
