,danceability,energy,key,loudness,mode,speechiness,acousticness,instrumentalness,liveness,valence,tempo,time_signature
mean,0.6919999999999998,0.6057800000000001,6.32,-6.92086,0.48,0.110226,0.27897599999999995,0.0695921908,0.18754400000000004,0.5059719999999999,115.16277999999997,3.92
std,0.12347039635277032,0.18447811550978294,3.5076592578794976,2.7169654667196155,0.5046720495044484,0.11147349242885374,0.292523649467798,0.23125049511296478,0.14548743568726868,0.21909721171113028,28.97890991618222,0.4882287854467155
min,0.38,0.141,0.0,-17.673,0.0,0.0256,0.00251,0.0,0.045,0.0605,60.597,1.0
max,0.922,0.97,11.0,-2.8819999999999997,1.0,0.43799999999999994,0.992,0.935,0.857,0.9470000000000001,202.115,5.0
