,danceability,energy,key,loudness,mode,speechiness,acousticness,instrumentalness,liveness,valence,tempo,time_signature
mean,0.6668000000000004,0.7058,4.84,-6.6582799999999995,0.64,0.113468,0.179556146,0.0898516018,0.202356,0.521242,121.94904000000002,4.02
std,0.1827812342442099,0.14932050175678474,4.210579484089659,2.6451424408233475,0.4848732213850611,0.09310592922656889,0.24484042034956469,0.23290521818650767,0.1635415707746155,0.24080045603896064,26.085629457662108,0.1414213562373095
min,0.142,0.243,0.0,-14.24,0.0,0.0298,6.73e-05,0.0,0.0613,0.0587,75.548,4.0
max,0.937,0.951,11.0,-1.401,1.0,0.384,0.862,0.96,0.7440000000000001,0.951,181.017,5.0
