,danceability,energy,key,loudness,mode,speechiness,acousticness,instrumentalness,liveness,valence,tempo,time_signature
mean,0.65176,0.7225400000000002,5.56,-6.526079999999999,0.48,0.113952,0.12984432,0.0884442106,0.17678999999999997,0.4860579999999999,116.56034000000001,4.0
std,0.1663514303134991,0.17589145655715036,4.021168476744955,2.6874265046618824,0.5046720495044485,0.09139002142644749,0.1851635628917111,0.22008239444646643,0.13026541704363068,0.231067762911971,22.478240663606673,0.20203050891044214
min,0.302,0.22,0.0,-14.651,0.0,0.0246,0.000213,0.0,0.0457,0.0439,73.102,3.0
max,0.94,0.981,11.0,-2.449,1.0,0.428,0.787,0.917,0.532,0.945,176.183,5.0
