,danceability,energy,key,loudness,mode,speechiness,acousticness,instrumentalness,liveness,valence,tempo,time_signature
mean,0.67956,0.70536,5.94,-6.233460000000001,0.58,0.14253000000000002,0.15550347999999997,0.027691415599999995,0.21251199999999992,0.5134279999999999,122.64074000000002,4.02
std,0.16488352846534937,0.138200646798451,3.5993763632164995,1.9523097070508302,0.4985693819032897,0.10997121747743538,0.1947200432994519,0.12381772932180958,0.17891314007024725,0.2503094672681831,30.505694304044887,0.3187987657774485
min,0.265,0.312,0.0,-11.689,0.0,0.0322,0.000776,0.0,0.0215,0.0596,54.747,3.0
max,0.935,0.9570000000000001,11.0,-2.3930000000000002,1.0,0.541,0.8220000000000001,0.8640000000000001,0.9129999999999999,0.96,195.551,5.0
