,danceability,energy,key,loudness,mode,speechiness,acousticness,instrumentalness,liveness,valence,tempo,time_signature
mean,0.6586599999999998,0.6705999999999998,6.18,-6.6432600000000015,0.58,0.081486,0.20542690400000002,0.06574450200000002,0.160286,0.5039100000000001,118.81374,3.96
std,0.14643848189458888,0.18746874569443545,3.8475542191615384,2.4068196714794414,0.49856938190328975,0.07168887999045398,0.26454291412625636,0.1932262937400357,0.13910096320035065,0.25839300572609014,26.206852239801243,0.3475864303027552
min,0.345,0.213,0.0,-13.964,0.0,0.0232,7.120000000000001e-05,0.0,0.025,0.0707,66.93,3.0
max,0.882,0.9259999999999999,11.0,-2.9339999999999997,1.0,0.431,0.987,0.813,0.893,0.941,199.761,5.0
