,danceability,energy,key,loudness,mode,speechiness,acousticness,instrumentalness,liveness,valence,tempo,time_signature
mean,0.6369000000000002,0.6485599999999998,5.96,-7.20106,0.52,0.14482399999999998,0.22256187600000005,0.07978299659999999,0.17951000000000003,0.45417799999999997,121.05518000000001,3.96
std,0.17854894144126396,0.21001498100111327,3.864860004856949,3.5561148968490657,0.5046720495044485,0.15569390503583025,0.2711633764886045,0.22144224968767087,0.18014451709895674,0.23898870120162755,27.53109420695525,0.34758643030275527
min,0.247,0.17600000000000002,0.0,-20.464000000000002,0.0,0.0263,5.07e-05,0.0,0.0348,0.0391,63.763999999999996,3.0
max,0.946,0.99,11.0,-1.5119999999999998,1.0,0.8690000000000001,0.9259999999999999,0.915,0.922,0.934,171.764,5.0
