,danceability,energy,key,loudness,mode,speechiness,acousticness,instrumentalness,liveness,valence,tempo,time_signature
mean,0.7040200000000002,0.6494999999999999,5.06,-6.723339999999997,0.46,0.13630199999999998,0.213689508,0.0314316114,0.18177599999999994,0.55324,123.01132000000003,3.94
std,0.15044634137343807,0.1622721636696843,3.5191023901917178,2.2324100970082736,0.5034574339058886,0.11948783131621839,0.22004498396853173,0.13607865257344684,0.13658485373344936,0.21158976094975743,29.947538851171885,0.5115003939990905
min,0.33,0.237,0.0,-14.064,0.0,0.0278,4.14e-05,0.0,0.045,0.13,74.991,1.0
max,0.932,0.9940000000000001,11.0,-2.9610000000000003,1.0,0.40700000000000003,0.735,0.855,0.7170000000000001,0.9229999999999999,202.115,5.0
