,danceability,energy,key,loudness,mode,speechiness,acousticness,instrumentalness,liveness,valence,tempo,time_signature
mean,0.6527399999999998,0.6828799999999999,4.92,-6.75306,0.54,0.135482,0.230877642,0.0356862618,0.17698800000000003,0.5311200000000001,120.25406000000001,3.94
std,0.14660676405031972,0.20276503341431976,3.885294094927903,2.6328675793142504,0.5034574339058886,0.12361160319685996,0.27565971507768605,0.1251698503922151,0.1668096858148011,0.21389675556402513,25.506290870605202,0.469910977239958
min,0.298,0.139,0.0,-15.102,0.0,0.0316,4.47e-05,0.0,0.0545,0.10800000000000001,77.503,1.0
max,0.894,0.938,11.0,-1.68,1.0,0.474,0.992,0.794,0.8640000000000001,0.9390000000000001,182.785,5.0
