,danceability,energy,key,loudness,mode,speechiness,acousticness,instrumentalness,liveness,valence,tempo,time_signature
mean,0.6675599999999998,0.6047760000000001,5.66,-7.828660000000003,0.54,0.134074,0.3091391599999999,0.0826652462,0.1684,0.44519400000000003,118.06855999999999,3.88
std,0.17985812549374147,0.23822679603902752,3.438141405836969,3.5467296440178666,0.5034574339058886,0.13175765757864796,0.35141821708563625,0.21891280966556542,0.12843734913591617,0.25858821445909497,24.04203618678191,0.4797958749641905
min,0.25,0.0809,0.0,-19.346,0.0,0.032,0.000136,0.0,0.0491,0.0396,70.304,1.0
max,0.9079999999999999,0.904,11.0,-2.946,1.0,0.5529999999999999,0.9540000000000001,0.893,0.653,0.9309999999999999,186.09400000000002,4.0
