,danceability,energy,key,loudness,mode,speechiness,acousticness,instrumentalness,liveness,valence,tempo,time_signature
mean,0.6762800000000001,0.62872,5.46,-6.642880000000002,0.74,0.13412999999999997,0.25120798000000005,0.0286512676,0.17548000000000002,0.4334160000000001,122.45898000000003,3.94
std,0.19841103902798168,0.1805719981907833,3.411923869284882,4.215899679517422,0.4430874976934519,0.10798986016269853,0.2602232486538018,0.14031082729311214,0.14998462778374513,0.23070951110495147,28.83663053110309,0.23989793748209529
min,0.12300000000000001,0.132,0.0,-25.441999999999997,0.0,0.0247,0.000704,0.0,0.0424,0.0591,70.535,3.0
max,0.935,0.9359999999999999,11.0,-0.777,1.0,0.473,0.988,0.948,0.884,0.877,191.702,4.0
