,danceability,energy,key,loudness,mode,speechiness,acousticness,instrumentalness,liveness,valence,tempo,time_signature
mean,0.6932199999999998,0.75122,4.66,-5.373739999999999,0.56,0.15670400000000004,0.14815513800000002,0.0516281716,0.16718200000000003,0.5534800000000001,124.59228000000002,3.94
std,0.14310653802146778,0.1271599169935083,3.6118286396850254,1.7997449797804403,0.5014265364224069,0.1389221319991299,0.17531400810213038,0.1907720272668395,0.11829696925405096,0.20773572693424203,24.50666514756126,0.4242640687119288
min,0.207,0.449,0.0,-9.727,0.0,0.0332,1.09e-05,0.0,0.0403,0.155,72.98899999999999,1.0
max,0.903,0.972,11.0,-0.603,1.0,0.6809999999999999,0.8109999999999999,0.828,0.631,0.934,180.296,4.0
