,danceability,energy,key,loudness,mode,speechiness,acousticness,instrumentalness,liveness,valence,tempo,time_signature
mean,0.71512,0.6937220000000002,5.14,-6.683739999999998,0.64,0.10486,0.19456703999999994,0.15143430820000003,0.153336,0.44657000000000013,119.53718,4.0
std,0.12543778684011825,0.18666124209926604,3.8333126293436734,3.2774552211950625,0.4848732213850611,0.07757879733482834,0.22086840801504504,0.30972952057345043,0.11794659767047465,0.19820519901951952,24.1268790886591,0.0
min,0.341,0.0161,0.0,-23.209,0.0,0.0346,0.000167,0.0,0.0443,0.0387,70.083,4.0
max,0.9470000000000001,0.988,11.0,-2.7489999999999997,1.0,0.36200000000000004,0.985,0.9259999999999999,0.56,0.966,176.791,4.0
