,danceability,energy,key,loudness,mode,speechiness,acousticness,instrumentalness,liveness,valence,tempo,time_signature
mean,0.6718600000000001,0.7122919999999999,5.58,-6.6204,0.4,0.12085999999999995,0.19013457999999997,0.07908937320000001,0.18212,0.5181520000000001,114.2752,4.08
std,0.1319715507375799,0.20038033717540904,3.4763926881825324,3.5955077697661815,0.4948716593053935,0.10680124970605684,0.22822636577606586,0.21683680773357156,0.10869224480906009,0.23123981829984847,29.24703564396201,0.27404751561786966
min,0.335,0.0806,0.0,-20.249000000000002,0.0,0.0239,0.0006889999999999999,0.0,0.0438,0.0383,69.964,4.0
max,0.963,0.9940000000000001,11.0,-2.0069999999999997,1.0,0.5,0.914,0.897,0.455,0.9209999999999999,180.12900000000002,5.0
