,danceability,energy,key,loudness,mode,speechiness,acousticness,instrumentalness,liveness,valence,tempo,time_signature
mean,0.6621199999999999,0.6994600000000001,4.52,-6.184260000000002,0.54,0.13485399999999997,0.18673017600000003,0.053058274799999985,0.20412399999999997,0.43100600000000017,121.02573999999998,3.94
std,0.1662660322176113,0.16874545617465334,3.429999702504895,2.0527698441523405,0.5034574339058886,0.13117995773060792,0.21490860306186885,0.18708812970940641,0.18638351350407162,0.24525193578049825,25.7310943831682,0.4242640687119286
min,0.331,0.29600000000000004,0.0,-10.873,0.0,0.0275,1.89e-05,0.0,0.0541,0.04,77.411,1.0
max,0.937,0.9540000000000001,11.0,-1.337,1.0,0.524,0.934,0.823,0.9079999999999999,0.9390000000000001,183.894,4.0
