,danceability,energy,key,loudness,mode,speechiness,acousticness,instrumentalness,liveness,valence,tempo,time_signature
mean,0.6977799999999997,0.6027800000000001,5.6,-6.832360000000001,0.6,0.1423,0.3176532,0.0172541066,0.18278999999999995,0.5244199999999999,122.76990000000005,4.0
std,0.1599593430486992,0.18174385316501163,3.5456210417116734,2.452123517546806,0.4948716593053935,0.11438333866112366,0.29361758292342766,0.09610826782579904,0.13691707791393226,0.20978006850713235,29.96577056307372,0.5345224838248488
min,0.228,0.204,0.0,-14.454,0.0,0.0308,0.00295,0.0,0.0574,0.182,62.474,1.0
max,0.97,0.97,11.0,-2.3169999999999997,1.0,0.43799999999999994,0.9259999999999999,0.657,0.713,0.914,200.125,5.0
