,danceability,energy,key,loudness,mode,speechiness,acousticness,instrumentalness,liveness,valence,tempo,time_signature
mean,0.62438,0.704018,5.26,-6.367940000000002,0.64,0.09195800000000003,0.17163694,0.073853862,0.21895,0.4801380000000001,123.08244,3.94
std,0.156913714752889,0.18234653003642962,3.81623813059245,2.506622546009523,0.4848732213850611,0.0789093514801662,0.23021800957046815,0.20460916160443346,0.1642788560680297,0.2467444459106529,28.3996760337659,0.2398979374820953
min,0.19,0.0959,0.0,-17.767,0.0,0.027000000000000003,0.000101,0.0,0.0546,0.0989,80.984,3.0
max,0.9179999999999999,0.988,11.0,-1.923,1.0,0.406,0.9690000000000001,0.812,0.7390000000000001,0.95,181.855,4.0
