,danceability,energy,key,loudness,mode,speechiness,acousticness,instrumentalness,liveness,valence,tempo,time_signature
mean,0.6734800000000001,0.6617800000000001,5.44,-6.57514,0.52,0.12278399999999998,0.25145262799999996,0.0547075256,0.190898,0.5458919999999999,119.56678,3.88
std,0.1430734419657204,0.18513847988652674,3.506029791367892,3.564108149084052,0.5046720495044484,0.10694148001097972,0.24824302425822609,0.20196951392008955,0.13717207350995467,0.21473011902461778,27.062072621720336,0.6590035768383308
min,0.33,0.113,0.0,-25.144000000000002,0.0,0.0288,4.14e-05,0.0,0.045,0.0836,74.916,1.0
max,0.904,0.991,11.0,-1.6380000000000001,1.0,0.441,0.987,0.9229999999999999,0.614,0.963,202.115,5.0
