,danceability,energy,key,loudness,mode,speechiness,acousticness,instrumentalness,liveness,valence,tempo,time_signature
mean,0.6568599999999999,0.666262,5.74,-7.042859999999998,0.5,0.11340799999999998,0.22523109979999995,0.0981179334,0.18384399999999995,0.51506,126.8751,4.02
std,0.13920547285746127,0.21503150114742325,3.718733600546929,3.231175296440373,0.5050762722761054,0.11002087527336968,0.24113427047461958,0.22767762442631037,0.14072354597520892,0.23041430387146414,22.630030352726134,0.3187987657774485
min,0.359,0.0521,0.0,-16.712,0.0,0.0275,4.99e-06,0.0,0.0543,0.115,57.967,3.0
max,0.981,0.977,11.0,-2.063,1.0,0.41200000000000003,0.872,0.9059999999999999,0.674,0.9670000000000001,177.833,5.0
