,danceability,energy,key,loudness,mode,speechiness,acousticness,instrumentalness,liveness,valence,tempo,time_signature
mean,0.5972000000000001,0.6255359999999999,5.34,-7.981160000000002,0.56,0.10659200000000002,0.29787892000000016,0.09103234040000001,0.182156,0.467586,122.26903999999993,3.9
std,0.1850860803595374,0.23181730470174927,3.920693399730955,4.528957272251258,0.5014265364224069,0.12340636513203862,0.32920539100539337,0.2332807176552816,0.14557300175793703,0.2642862517446273,28.930459861438184,0.3030457633656633
min,0.125,0.0218,0.0,-30.587,0.0,0.0242,0.00028199999999999997,0.0,0.0525,0.0375,72.128,3.0
max,0.9079999999999999,0.941,11.0,-2.01,1.0,0.615,0.9740000000000001,0.9390000000000001,0.7020000000000001,0.9470000000000001,183.227,4.0
