,danceability,energy,key,loudness,mode,speechiness,acousticness,instrumentalness,liveness,valence,tempo,time_signature
mean,0.64558,0.6792800000000001,4.78,-6.082760000000004,0.54,0.157094,0.2012844400000001,0.037844246,0.16357600000000003,0.44518,121.45062000000001,3.94
std,0.16217930238612133,0.17311079854078593,3.3702782541214735,2.4334728149754397,0.5034574339058886,0.14253634181771155,0.25705613365440916,0.1624187595901891,0.12628386805373143,0.22542041267147836,32.47490502720712,0.46991097723995795
min,0.322,0.29600000000000004,0.0,-13.168,0.0,0.0313,0.000532,0.0,0.0468,0.0636,62.839,1.0
max,0.9640000000000001,0.9540000000000001,11.0,-1.337,1.0,0.53,0.9740000000000001,0.938,0.8,0.8959999999999999,197.858,5.0
