,danceability,energy,key,loudness,mode,speechiness,acousticness,instrumentalness,liveness,valence,tempo,time_signature
mean,0.6931800000000001,0.6823999999999998,5.06,-6.23616,0.6,0.12373200000000002,0.20853739999999998,0.0317364902,0.17334000000000002,0.46765199999999996,119.52195999999999,4.0
std,0.1642091361896873,0.17398252316640006,3.3160709477651777,2.3214735587728828,0.4948716593053936,0.10574756896901764,0.22718061789281946,0.10535004540721465,0.11927917347336792,0.22995127721732173,22.89592380971792,0.0
min,0.289,0.132,0.0,-12.436,0.0,0.0265,0.0019399999999999999,0.0,0.0589,0.071,74.99600000000001,4.0
max,0.945,0.958,11.0,-2.5660000000000003,1.0,0.495,0.902,0.617,0.5760000000000001,0.9670000000000001,159.92600000000002,4.0
