,danceability,energy,key,loudness,mode,speechiness,acousticness,instrumentalness,liveness,valence,tempo,time_signature
mean,0.6712400000000003,0.6718,5.26,-6.962759999999999,0.48,0.11301000000000004,0.20407600000000004,0.0966589514,0.1780120000000001,0.49807599999999996,119.11175999999999,4.02
std,0.16343863105902773,0.18029986360595654,3.6690097646451183,3.371664813514813,0.5046720495044484,0.13527043698624241,0.21679074939786938,0.22281793203047706,0.1067081957336675,0.24783886104664454,25.97574210254558,0.14142135623730948
min,0.237,0.16699999999999998,0.0,-18.942,0.0,0.0289,0.00202,0.0,0.0688,0.045,69.964,4.0
max,0.93,0.98,11.0,-2.384,1.0,0.889,0.8270000000000001,0.87,0.429,0.9620000000000001,180.07299999999998,5.0
