,danceability,energy,key,loudness,mode,speechiness,acousticness,instrumentalness,liveness,valence,tempo,time_signature
mean,0.67536,0.5703119999999999,4.42,-7.579760000000002,0.64,0.136472,0.3445290000000001,0.014942523000000003,0.176696,0.49976,121.63472000000003,3.96
std,0.1573065069946477,0.21752286733179324,3.681669984877925,3.4328478779971294,0.4848732213850611,0.12813742151236202,0.2940653433580464,0.09296699236970787,0.1210417215303071,0.21906131468572154,29.70787527764039,0.28284271247461884
min,0.319,0.0466,0.0,-16.524,0.0,0.0268,0.00122,0.0,0.0304,0.129,62.619,3.0
max,0.915,0.97,11.0,-2.3169999999999997,1.0,0.43799999999999994,0.9570000000000001,0.657,0.552,0.914,200.125,5.0
