,danceability,energy,key,loudness,mode,speechiness,acousticness,instrumentalness,liveness,valence,tempo,time_signature
mean,0.68488,0.68092,5.6,-6.303819999999999,0.62,0.07830999999999999,0.18858960000000002,0.04809546780000001,0.15277,0.566164,113.89565999999999,4.0
std,0.09651998629870417,0.1903616150640562,3.7416573867739413,2.650912732225931,0.4903143514780145,0.07480026260458104,0.22613822567191247,0.16867385441653804,0.10612439033742337,0.2280718958967965,25.89700805081702,0.20203050891044214
min,0.48200000000000004,0.121,0.0,-15.133,0.0,0.0264,0.00128,0.0,0.0497,0.0862,57.967,3.0
max,0.89,0.9790000000000001,11.0,-2.075,1.0,0.41200000000000003,0.91,0.87,0.647,0.9359999999999999,179.91,5.0
