,danceability,energy,key,loudness,mode,speechiness,acousticness,instrumentalness,liveness,valence,tempo,time_signature
mean,0.6705800000000001,0.6825199999999999,4.26,-6.18496,0.52,0.09605400000000001,0.16495339660000002,0.0449502562,0.16724400000000003,0.52928,115.32450000000004,3.98
std,0.15459533614952192,0.16826621764335228,3.800161113662935,2.498482249164031,0.5046720495044485,0.08442487594039459,0.17936366411327143,0.18240109209227423,0.12113683468857582,0.24318758108060684,28.68768503635136,0.14142135623730948
min,0.258,0.19699999999999998,0.0,-13.333,0.0,0.0253,9.83e-06,0.0,0.051,0.0573,51.443999999999996,3.0
max,0.917,0.997,11.0,-2.082,1.0,0.368,0.6579999999999999,0.847,0.626,0.932,180.043,4.0
