,danceability,energy,key,loudness,mode,speechiness,acousticness,instrumentalness,liveness,valence,tempo,time_signature
mean,0.6834600000000001,0.6823000000000001,5.34,-5.941560000000001,0.64,0.105888,0.21446044000000009,0.011106554999999997,0.18803599999999998,0.506544,123.88994000000001,3.92
std,0.14814846524720407,0.16033526735931702,3.5777658060953774,2.2627058044631037,0.48487322138506106,0.08838488106005461,0.23326451581624263,0.06210493589484545,0.14401941161679901,0.24866481428063864,29.955502303610814,0.2740475156178699
min,0.32,0.10800000000000001,0.0,-15.159,0.0,0.028999999999999998,0.000354,0.0,0.0501,0.0499,77.176,3.0
max,0.909,0.9440000000000001,11.0,-2.698,1.0,0.439,0.9840000000000001,0.424,0.636,0.905,189.99200000000002,4.0
