,danceability,energy,key,loudness,mode,speechiness,acousticness,instrumentalness,liveness,valence,tempo,time_signature
mean,0.7293199999999997,0.67872,4.36,-5.194,0.62,0.105834,0.2524136799999999,0.0197659864,0.15879800000000002,0.5768339999999998,120.41500000000008,3.92
std,0.12685833976269334,0.15512733939757825,3.088887257540475,2.726963056259487,0.4903143514780145,0.08336947909695705,0.21531121195385614,0.09737126135244323,0.10704643754855524,0.24195098981708957,31.93036068236816,0.27404751561786966
min,0.284,0.271,0.0,-13.99,0.0,0.026000000000000002,0.000704,0.0,0.0424,0.0801,73.233,3.0
max,0.909,0.97,11.0,0.642,1.0,0.39799999999999996,0.838,0.618,0.5539999999999999,0.961,191.702,4.0
