,danceability,energy,key,loudness,mode,speechiness,acousticness,instrumentalness,liveness,valence,tempo,time_signature
mean,0.6756999999999997,0.5487299999999999,4.04,-8.338659999999999,0.62,0.11376399999999999,0.4272777999999999,0.06004144219999999,0.156048,0.5426000000000001,110.83571999999997,3.88
std,0.13827438708035908,0.24307599907545505,3.187731584224309,5.050038915226904,0.49031435147801455,0.1375670237538408,0.33133059596359615,0.21135892112930452,0.11962587809585384,0.2405858495847338,29.29861665400548,0.47979587496419046
min,0.335,0.0136,0.0,-24.79,0.0,0.0289,0.00223,0.0,0.0488,0.11199999999999999,57.86,1.0
max,0.9309999999999999,0.938,10.0,-1.41,1.0,0.861,0.99,0.903,0.727,0.946,182.842,4.0
