,danceability,energy,key,loudness,mode,speechiness,acousticness,instrumentalness,liveness,valence,tempo,time_signature
mean,0.67124,0.6884000000000001,5.16,-5.972819999999998,0.54,0.10741399999999998,0.14200547400000005,0.044504921,0.19910600000000003,0.5944000000000002,119.28811999999998,3.96
std,0.1373683503339448,0.16947987659727795,3.749067911372324,2.095778874162958,0.5034574339058886,0.11286491656771262,0.16576047253483736,0.14818914640419542,0.17154639928055168,0.21804240366478805,31.451154775619926,0.19794866372215747
min,0.33399999999999996,0.303,0.0,-12.783,0.0,0.0261,2.95e-05,0.0,0.0342,0.128,74.038,3.0
max,0.9309999999999999,0.988,11.0,-1.715,1.0,0.5870000000000001,0.759,0.85,0.6990000000000001,0.9279999999999999,196.12099999999998,4.0
