,danceability,energy,key,loudness,mode,speechiness,acousticness,instrumentalness,liveness,valence,tempo,time_signature
mean,0.7300600000000002,0.6864399999999999,4.92,-5.1213000000000015,0.6,0.15478000000000003,0.2545506,0.031497852800000004,0.17504,0.6294599999999998,124.47879999999998,4.02
std,0.11931956919062664,0.17101666704787363,3.9114692682845784,2.533602406270807,0.49487165930539356,0.10461556445639728,0.2633722353256869,0.11165384574657863,0.1320074054818169,0.1790342812914639,37.55817725685237,0.2466096643090295
min,0.3,0.24100000000000002,0.0,-12.603,0.0,0.0409,0.00404,0.0,0.0501,0.131,71.884,3.0
max,0.9179999999999999,0.9670000000000001,11.0,-1.6640000000000001,1.0,0.426,0.9329999999999999,0.55,0.643,0.9179999999999999,200.007,5.0
