,danceability,energy,key,loudness,mode,speechiness,acousticness,instrumentalness,liveness,valence,tempo,time_signature
mean,0.72628,0.6509800000000001,5.62,-6.149359999999999,0.68,0.10844999999999999,0.2660334,0.017914582800000002,0.15059599999999998,0.5704239999999999,121.19282000000001,3.98
std,0.1136888054726406,0.17156012690266098,3.6020968949788577,2.55042705315588,0.47121207149916117,0.0848108224948025,0.225979615692682,0.1255612610301436,0.09315767840010805,0.2495211271248041,31.34092436981868,0.2466096643090295
min,0.392,0.217,0.0,-15.372,0.0,0.0263,0.0019399999999999999,0.0,0.0465,0.0872,79.987,3.0
max,0.9359999999999999,0.973,11.0,-2.883,1.0,0.368,0.8370000000000001,0.888,0.5379999999999999,0.9570000000000001,205.169,5.0
