,danceability,energy,key,loudness,mode,speechiness,acousticness,instrumentalness,liveness,valence,tempo,time_signature
mean,0.7177199999999999,0.6481400000000002,5.66,-5.808659999999999,0.62,0.137338,0.3197806,0.0417091676,0.17288400000000004,0.57342,124.37104000000004,3.94
std,0.13488120850646046,0.1759055880816961,3.3540106969271934,2.7958428732381826,0.4903143514780145,0.11218502735777759,0.2596250048522496,0.13275486772317815,0.11235678114554437,0.2050097150510339,36.996475251282725,0.23989793748209523
min,0.295,0.12,0.0,-13.99,0.0,0.0287,0.00903,0.0,0.0372,0.20199999999999999,74.973,3.0
max,0.932,0.972,11.0,-1.8,1.0,0.433,0.9790000000000001,0.618,0.43700000000000006,0.9309999999999999,188.00900000000001,4.0
