,danceability,energy,key,loudness,mode,speechiness,acousticness,instrumentalness,liveness,valence,tempo,time_signature
mean,0.7019599999999997,0.65748,5.12,-6.267419999999999,0.58,0.125176,0.23691795999999996,0.0329598864,0.14355199999999996,0.5187940000000002,115.30782000000004,4.0
std,0.14434411265147898,0.1622171937840859,3.717800534768713,2.4135443332517075,0.49856938190328975,0.10947570517923053,0.24823177214441658,0.15036515799330621,0.10840690022469295,0.24551630596332608,29.7560853002459,0.20203050891044214
min,0.433,0.12300000000000001,0.0,-13.114,0.0,0.0321,0.000718,0.0,0.0551,0.0577,75.235,3.0
max,0.966,0.903,11.0,-1.0979999999999999,1.0,0.41200000000000003,0.887,0.912,0.61,0.976,181.882,5.0
