,danceability,energy,key,loudness,mode,speechiness,acousticness,instrumentalness,liveness,valence,tempo,time_signature
mean,0.7289800000000003,0.6916,5.66,-5.7838,0.66,0.141066,0.24715750800000008,0.034310529000000006,0.16937199999999994,0.5918260000000002,130.09186000000003,3.98
std,0.10071955204063066,0.1639909156269434,3.645573217154286,2.9261056239392627,0.4785181206984065,0.09639903592116786,0.23206737459549553,0.10303027753501037,0.139141367020475,0.19644131783059388,34.10325560795674,0.1414213562373094
min,0.498,0.125,0.0,-17.832,0.0,0.03,5.539999999999999e-05,0.0,0.0462,0.0528,88.012,3.0
max,0.9079999999999999,0.9790000000000001,11.0,-1.9980000000000002,1.0,0.376,0.753,0.44299999999999995,0.802,0.9179999999999999,188.12400000000002,4.0
