,danceability,energy,key,loudness,mode,speechiness,acousticness,instrumentalness,liveness,valence,tempo,time_signature
mean,0.6454000000000001,0.62458,4.28,-7.067139999999998,0.58,0.10963800000000003,0.25643618,0.018195871,0.16316,0.49020399999999986,118.55400000000002,3.88
std,0.17971678399353688,0.19895970056516363,3.0172294359872187,4.3403930415931455,0.49856938190328975,0.09159754673214202,0.2668728803699749,0.08935892264453196,0.12113548495088344,0.25166484512022685,33.78887535801071,0.32826072265931605
min,0.22699999999999998,0.0227,0.0,-27.430999999999997,0.0,0.026000000000000002,0.000239,0.0,0.0215,0.0834,54.747,3.0
max,0.909,0.895,11.0,-3.002,1.0,0.433,0.98,0.618,0.585,0.9259999999999999,191.702,4.0
