,danceability,energy,key,loudness,mode,speechiness,acousticness,instrumentalness,liveness,valence,tempo,time_signature
mean,0.7493799999999997,0.6940199999999999,6.32,-5.30554,0.58,0.15481,0.26543279999999997,0.03226551600000001,0.16878,0.6312599999999998,126.23705999999999,4.0
std,0.09690262101297194,0.11509277358119512,3.655803326108185,1.8301038245333048,0.4985693819032897,0.1130284202115123,0.22618396500338625,0.11456858456725719,0.10720899292160758,0.209043673788566,35.44454064315815,0.2857142857142857
min,0.474,0.425,0.0,-10.965,0.0,0.0328,0.009009999999999999,0.0,0.0501,0.131,74.93,3.0
max,0.935,0.972,11.0,-1.8,1.0,0.479,0.9329999999999999,0.55,0.43700000000000006,0.9109999999999999,188.085,5.0
