,danceability,energy,key,loudness,mode,speechiness,acousticness,instrumentalness,liveness,valence,tempo,time_signature
mean,0.7157799999999999,0.6848399999999999,5.98,-5.30736,0.6,0.15252599999999997,0.27241622,0.009621436,0.193918,0.6127000000000001,124.32956,3.94
std,0.11804829347278485,0.15312997813648913,3.9511816883932176,2.2789845730240548,0.49487165930539356,0.1100693284494192,0.1918975530130053,0.043076728398151236,0.19047437632588457,0.20151753354616714,38.09746137032851,0.424264068711929
min,0.373,0.282,0.0,-14.190999999999999,0.0,0.0308,0.000811,0.0,0.0344,0.13699999999999998,68.482,1.0
max,0.922,0.937,11.0,-1.0979999999999999,1.0,0.483,0.8690000000000001,0.271,0.866,0.96,197.968,4.0
