,danceability,energy,key,loudness,mode,speechiness,acousticness,instrumentalness,liveness,valence,tempo,time_signature
mean,0.7224799999999999,0.66732,5.32,-5.7304600000000026,0.5,0.14409,0.2648206,0.031988516,0.173616,0.5956019999999999,124.97493999999999,3.98
std,0.11357910845552108,0.1712497209888983,3.966389403217892,2.5113929886151443,0.5050762722761054,0.12610488710204854,0.2032453515437006,0.11573473825900264,0.1498313342340892,0.22882274085110563,34.05546219751132,0.14142135623730942
min,0.248,0.257,0.0,-14.773,0.0,0.0282,0.00106,0.0,0.0419,0.0681,77.531,3.0
max,0.887,0.953,11.0,-1.8659999999999999,1.0,0.574,0.777,0.57,0.752,0.9520000000000001,200.03599999999997,4.0
