,danceability,energy,key,loudness,mode,speechiness,acousticness,instrumentalness,liveness,valence,tempo,time_signature
mean,0.6800400000000002,0.7540999999999998,4.54,-5.0797599999999985,0.54,0.10403200000000001,0.11638960000000001,0.022543940999999998,0.171836,0.55352,121.27038000000002,4.0
std,0.14861317545348174,0.12631887896776742,3.704437493447169,2.0060290815235873,0.5034574339058886,0.07955733509455265,0.13315052621934995,0.10462227112706464,0.1435634208996434,0.19735694793434352,32.20982762303633,0.0
min,0.264,0.466,0.0,-10.25,0.0,0.0312,0.00057,0.0,0.0353,0.187,75.016,4.0
max,0.893,0.976,11.0,-1.5030000000000001,1.0,0.35100000000000003,0.742,0.701,0.664,0.9440000000000001,194.05,4.0
