,danceability,energy,key,loudness,mode,speechiness,acousticness,instrumentalness,liveness,valence,tempo,time_signature
mean,0.6910800000000004,0.6801600000000001,4.82,-6.006679999999999,0.5,0.088934,0.19083065999999996,0.018168663600000003,0.15908399999999998,0.56388,115.43982000000001,3.92
std,0.14007721485826657,0.16468874290860422,3.4207649222156764,2.2440661021949437,0.5050762722761054,0.07241202575173124,0.21069354743794144,0.11972410511412564,0.11423884638987648,0.23727188658428397,23.986887342786066,0.4882287854467157
min,0.258,0.254,0.0,-11.665,0.0,0.0298,0.0009630000000000001,0.0,0.051,0.0573,79.987,1.0
max,0.9279999999999999,0.938,11.0,-2.082,1.0,0.368,0.857,0.847,0.519,0.9740000000000001,195.981,5.0
