,danceability,energy,key,loudness,mode,speechiness,acousticness,instrumentalness,liveness,valence,tempo,time_signature
mean,0.7187800000000002,0.7000399999999999,5.98,-5.535080000000001,0.64,0.12719800000000003,0.2812006000000001,0.000296071,0.13077600000000003,0.6323,120.91785999999998,4.0
std,0.1172809795459831,0.13800280387568586,3.6280652065332486,2.2288419967621333,0.4848732213850611,0.08449284836298157,0.2157885347563343,0.0010447369044361444,0.0951527977646952,0.20430392026766084,31.819676365425344,0.0
min,0.433,0.31,0.0,-11.225,0.0,0.0294,0.00513,0.0,0.0344,0.163,80.04,4.0
max,0.966,0.899,11.0,-0.787,1.0,0.353,0.94,0.00524,0.61,0.9009999999999999,182.18400000000003,4.0
