,danceability,energy,key,loudness,mode,speechiness,acousticness,instrumentalness,liveness,valence,tempo,time_signature
mean,0.71864,0.6795600000000002,5.28,-5.797600000000001,0.58,0.147798,0.24411739999999996,0.022809148199999997,0.16766999999999996,0.5733,129.97976000000003,4.0
std,0.11921097059500894,0.16065683544595977,3.8387923271013564,2.6142695784045356,0.49856938190328975,0.11875872382993295,0.20750864647645362,0.09657203746851366,0.13933179933569526,0.21027739211016735,35.15732714792355,0.0
min,0.248,0.257,0.0,-14.773,0.0,0.0287,0.00742,0.0,0.0537,0.13699999999999998,77.531,4.0
max,0.905,0.937,11.0,-1.9980000000000002,1.0,0.574,0.753,0.57,0.7759999999999999,0.9179999999999999,202.00599999999997,4.0
