,danceability,energy,key,loudness,mode,speechiness,acousticness,instrumentalness,liveness,valence,tempo,time_signature
mean,0.65484,0.6671600000000001,5.66,-6.37616,0.6,0.11275799999999998,0.22822810000000004,0.0418260442,0.18738600000000002,0.54756,127.04814,3.94
std,0.1582778956294844,0.19341805837646714,3.992901865325824,2.7116141240137805,0.49487165930539356,0.1034240845317206,0.28088680651532494,0.1318345295866623,0.15037901776402673,0.2457240164186194,31.092173824666315,0.31363569143000214
min,0.242,0.145,0.0,-12.790999999999999,0.0,0.0229,0.000575,0.0,0.0408,0.14400000000000002,75.188,3.0
max,0.925,0.9570000000000001,11.0,-1.3969999999999998,1.0,0.439,0.898,0.693,0.833,0.982,187.709,5.0
