,danceability,energy,key,loudness,mode,speechiness,acousticness,instrumentalness,liveness,valence,tempo,time_signature
mean,0.6836200000000001,0.6557200000000001,5.98,-7.352459999999999,0.5,0.10632000000000005,0.2626390800000001,0.0947001886,0.17252000000000003,0.6112260000000002,117.65860000000004,4.04
std,0.15010131136492239,0.1932871439077105,3.5827819540982744,4.612453896500965,0.5050762722761054,0.09379401660564712,0.2508087074210909,0.25747355518278964,0.11358573854142076,0.24023856579216743,28.086795463857595,0.28284271247461895
min,0.155,0.043,0.0,-24.235,0.0,0.0282,0.000384,0.0,0.0601,0.0368,76.69,3.0
max,0.9359999999999999,0.981,11.0,-2.325,1.0,0.368,0.9840000000000001,0.961,0.632,0.96,180.081,5.0
