,danceability,energy,key,loudness,mode,speechiness,acousticness,instrumentalness,liveness,valence,tempo,time_signature
mean,0.7162799999999998,0.67112,5.1,-6.01396,0.42,0.10744999999999999,0.21839977800000004,0.0324435084,0.155648,0.59174,119.04307999999997,3.98
std,0.13606076673640333,0.13907737385487026,3.5871084369970623,1.8552764903135603,0.49856938190328975,0.09759690579320723,0.2117280108108835,0.1542915813872918,0.10301623656452591,0.21238546108816547,27.747199109128704,0.14142135623730942
min,0.359,0.34600000000000003,0.0,-9.875,0.0,0.0306,1.89e-05,0.0,0.0468,0.16899999999999998,77.501,3.0
max,0.9640000000000001,0.8759999999999999,11.0,-2.864,1.0,0.53,0.769,0.863,0.434,0.948,184.11900000000003,4.0
