,danceability,energy,key,loudness,mode,speechiness,acousticness,instrumentalness,liveness,valence,tempo,time_signature
mean,0.7731600000000001,0.7158,5.26,-5.020739999999998,0.56,0.11948000000000002,0.21064340000000004,0.027575567,0.16201800000000005,0.6680999999999999,122.63354000000001,3.98
std,0.10154427203773471,0.12366792268830594,3.3734255586866007,1.979141659035708,0.5014265364224069,0.0912399147348151,0.1893042326640654,0.12569496724021287,0.14284780496624183,0.20753315446954887,31.202939447619947,0.14142135623730942
min,0.503,0.43,0.0,-12.834000000000001,0.0,0.0289,0.00147,0.0,0.0219,0.23600000000000002,62.078,3.0
max,0.9790000000000001,0.932,11.0,-1.406,1.0,0.34600000000000003,0.688,0.779,0.79,0.963,181.857,4.0
