,danceability,energy,key,loudness,mode,speechiness,acousticness,instrumentalness,liveness,valence,tempo,time_signature
mean,0.6147200000000002,0.6954600000000001,4.14,-6.5523,0.62,0.10784999999999996,0.19366798999999993,0.0356706168,0.16168200000000002,0.49777599999999994,117.65338,3.98
std,0.16207494361232638,0.14992681343827427,3.8333126293436743,2.4045205067428603,0.4903143514780145,0.08131812873661376,0.23488702481902135,0.15606394321072653,0.10739142535983182,0.22248590467621052,28.274456368501337,0.3187987657774485
min,0.243,0.348,0.0,-14.574000000000002,0.0,0.0312,7.950000000000001e-05,0.0,0.017,0.0608,79.987,3.0
max,0.816,0.9,11.0,-2.883,1.0,0.368,0.905,0.88,0.551,0.9620000000000001,180.043,5.0
