,danceability,energy,key,loudness,mode,speechiness,acousticness,instrumentalness,liveness,valence,tempo,time_signature
mean,0.6553800000000004,0.70788,4.7,-5.93176,0.66,0.09258000000000001,0.24267634000000005,0.023258339799999993,0.16018400000000002,0.575198,117.013,3.94
std,0.14290183443789053,0.14362985875691245,3.850523420555302,1.7631469958513364,0.47851812069840666,0.07865400336218088,0.22706017349391358,0.09979173210836313,0.1256901443703393,0.2157141556196391,28.375084495423955,0.2398979374820953
min,0.264,0.305,0.0,-11.377,0.0,0.0302,0.000123,0.0,0.0219,0.0989,80.913,3.0
max,0.9079999999999999,0.932,11.0,-3.0069999999999997,1.0,0.39,0.9690000000000001,0.65,0.638,0.966,177.953,4.0
