,danceability,energy,key,loudness,mode,speechiness,acousticness,instrumentalness,liveness,valence,tempo,time_signature
mean,0.7254199999999998,0.6871,5.64,-5.09454,0.58,0.12204400000000001,0.2714154,0.0002476691999999999,0.16539,0.6060000000000001,121.0518,4.0
std,0.11365182958204825,0.13536289094466755,3.6070226288308693,1.3812394494564273,0.4985693819032897,0.10742368180361767,0.21713722168636465,0.0012630816381307346,0.14062359985697526,0.22614109736703614,32.61762403289087,0.0
min,0.395,0.385,0.0,-8.33,0.0,0.0287,0.0001,0.0,0.0515,0.15,80.087,4.0
max,0.9059999999999999,0.955,11.0,-2.526,1.0,0.419,0.795,0.00889,0.934,0.963,187.99099999999999,4.0
