,danceability,energy,key,loudness,mode,speechiness,acousticness,instrumentalness,liveness,valence,tempo,time_signature
mean,0.7145999999999999,0.6722199999999998,5.74,-5.98296,0.58,0.16666,0.26733288,0.022281264599999996,0.15733800000000003,0.5879999999999999,131.22658000000004,3.96
std,0.13031923127772174,0.17679392939065455,4.064831748406954,2.962613524631003,0.49856938190328975,0.15024803031069955,0.2248014615629588,0.09662532271503456,0.1165504583554142,0.20694315496714333,36.98900748793415,0.1979486637221575
min,0.248,0.257,0.0,-14.773,0.0,0.0287,0.000824,0.0,0.0537,0.13699999999999998,77.531,3.0
max,0.905,0.937,11.0,-1.9980000000000002,1.0,0.769,0.871,0.57,0.506,0.9179999999999999,202.00599999999997,4.0
