,danceability,energy,key,loudness,mode,speechiness,acousticness,instrumentalness,liveness,valence,tempo,time_signature
mean,0.70882,0.6940000000000001,5.48,-5.574280000000001,0.48,0.14410200000000004,0.24250640000000004,0.0022977672,0.197148,0.5381079999999998,115.97980000000003,4.06
std,0.14291280201434664,0.14612351498870077,3.91876698642284,2.0774478164815795,0.5046720495044485,0.13307787115759231,0.22166356904064488,0.00799341484105588,0.13764785777853722,0.2234843270220303,30.341134376705597,0.23989793748209529
min,0.409,0.308,0.0,-11.35,0.0,0.028999999999999998,0.00267,0.0,0.0504,0.0864,64.934,4.0
max,0.9209999999999999,0.96,11.0,-1.807,1.0,0.684,0.883,0.0404,0.618,0.953,205.11599999999999,5.0
