,danceability,energy,key,loudness,mode,speechiness,acousticness,instrumentalness,liveness,valence,tempo,time_signature
mean,0.63558,0.6857399999999998,4.74,-6.397579999999997,0.74,0.08497199999999999,0.2516090000000001,0.04399005299999998,0.16928800000000002,0.5718399999999999,116.32379999999999,3.92
std,0.15332013859229054,0.17583791353611627,3.385503308676751,2.3071026187556956,0.443087497693452,0.06734076922637577,0.2611419278761991,0.15703114207821894,0.13733246809053107,0.23564657642238696,28.93762243029595,0.27404751561786983
min,0.183,0.305,0.0,-12.190999999999999,0.0,0.0302,0.00502,0.0,0.0219,0.0661,69.352,3.0
max,0.94,0.98,11.0,-3.181,1.0,0.3,0.9690000000000001,0.7759999999999999,0.638,0.943,177.78400000000002,4.0
