,danceability,energy,key,loudness,mode,speechiness,acousticness,instrumentalness,liveness,valence,tempo,time_signature
mean,0.69696,0.6691099999999999,4.96,-5.918420000000001,0.48,0.131414,0.2577614354,0.018829280400000002,0.165478,0.5971940000000001,124.68189999999998,4.0
std,0.1304100221514858,0.18581242709039805,3.625082687304652,2.916098337484103,0.5046720495044485,0.09737799275744695,0.250660663859986,0.09881554145552945,0.11591140932731728,0.20315538479555145,31.780436992571005,0.20203050891044214
min,0.377,0.0935,0.0,-16.61,0.0,0.0331,1.77e-06,0.0,0.0344,0.0347,79.992,3.0
max,0.9009999999999999,0.997,11.0,-1.0979999999999999,1.0,0.37799999999999995,0.94,0.648,0.636,0.968,192.06799999999998,5.0
