,danceability,energy,key,loudness,mode,speechiness,acousticness,instrumentalness,liveness,valence,tempo,time_signature
mean,0.6849799999999998,0.6678800000000001,5.04,-6.431979999999998,0.6,0.101302,0.25450607999999997,0.0034658636,0.18056400000000003,0.5073800000000002,118.63707999999998,3.92
std,0.14756990595259298,0.21428358475132328,3.848986084354036,3.6581807036854164,0.4948716593053935,0.10307900574069288,0.28341678206355175,0.017824287229902935,0.17349595744275886,0.24201803693956705,31.772637761444983,0.4444671196029723
min,0.368,0.106,0.0,-22.506999999999998,0.0,0.0288,0.000434,0.0,0.0592,0.11199999999999999,46.718,1.0
max,0.9209999999999999,0.97,11.0,-2.6010000000000004,1.0,0.623,0.9940000000000001,0.12300000000000001,0.919,0.893,197.095,4.0
