,danceability,energy,key,loudness,mode,speechiness,acousticness,instrumentalness,liveness,valence,tempo,time_signature
mean,0.6483399999999997,0.5982180000000001,5.62,-7.283539999999999,0.56,0.117686,0.3366187304000001,0.0354526412,0.17268,0.502344,115.70512000000002,3.94
std,0.16061471328134602,0.2320253343750133,3.9065094811776166,3.5791722575740543,0.5014265364224069,0.09670385892306597,0.2832088021856866,0.16825614739640946,0.1467220278942046,0.2642963983631921,24.44478343886608,0.46991097723995817
min,0.309,0.0809,0.0,-19.346,0.0,0.0282,6.52e-06,0.0,0.0574,0.0862,78.509,1.0
max,0.897,0.932,11.0,-3.15,1.0,0.365,0.977,0.903,0.7659999999999999,0.976,180.979,5.0
