,danceability,energy,key,loudness,mode,speechiness,acousticness,instrumentalness,liveness,valence,tempo,time_signature
mean,0.6724400000000003,0.7064800000000001,5.32,-6.0526,0.56,0.10909000000000005,0.20395538000000005,0.0195158342,0.16101400000000002,0.5699800000000002,118.40412000000002,4.0
std,0.1585278138217456,0.13855997596266934,3.945754628944473,2.496999603605928,0.5014265364224069,0.08572990631474348,0.23153311748279476,0.11024797419485187,0.11401272755661081,0.22657777778889773,28.133450844030303,0.20203050891044214
min,0.35700000000000004,0.45399999999999996,0.0,-11.58,0.0,0.0288,0.000739,0.0,0.0349,0.16399999999999998,75.548,3.0
max,0.9129999999999999,0.935,11.0,-1.715,1.0,0.35100000000000003,0.862,0.779,0.687,0.9129999999999999,199.854,5.0
