,danceability,energy,key,loudness,mode,speechiness,acousticness,instrumentalness,liveness,valence,tempo,time_signature
mean,0.6924799999999998,0.68948,5.78,-5.7047000000000025,0.52,0.137566,0.2649806,0.0143603642,0.15154600000000001,0.59948,121.90994000000005,4.02
std,0.11583278588428358,0.1571096380472788,3.6716787018741055,2.5824690546775866,0.5046720495044484,0.09750405666076731,0.2415914425553173,0.09166667718877514,0.1061353933349632,0.1942573760845783,32.84507734520734,0.14142135623730942
min,0.433,0.26899999999999996,0.0,-12.415,0.0,0.0351,0.00124,0.0,0.0344,0.163,79.992,4.0
max,0.845,0.904,11.0,-1.0979999999999999,1.0,0.37799999999999995,0.94,0.648,0.636,0.9009999999999999,192.06799999999998,5.0
