,danceability,energy,key,loudness,mode,speechiness,acousticness,instrumentalness,liveness,valence,tempo,time_signature
mean,0.5477199999999999,0.6161639999999999,5.66,-8.366539999999999,0.56,0.096894,0.286965426,0.11030980719999998,0.20136400000000002,0.43351199999999984,113.94068000000001,4.0
std,0.16695521090693632,0.2482544199906579,3.623111753108121,4.534017645374952,0.5014265364224069,0.09351814930257972,0.29443076367110094,0.27972843198290076,0.19158760106445474,0.2563996311882476,32.45839415183565,0.2857142857142857
min,0.109,0.0485,0.0,-28.795,0.0,0.0277,2.5300000000000002e-05,0.0,0.0497,0.0392,66.715,3.0
max,0.852,0.983,11.0,-3.3539999999999996,1.0,0.39799999999999996,0.9470000000000001,0.941,0.972,0.9420000000000001,181.701,5.0
