,danceability,energy,key,loudness,mode,speechiness,acousticness,instrumentalness,liveness,valence,tempo,time_signature
mean,0.61164,0.5813919999999999,6.02,-7.22914,0.6,0.09740599999999999,0.28043400000000007,0.006773142999999999,0.148822,0.447876,126.02539999999998,3.94
std,0.16984768206260814,0.20147847795124674,3.3042335243855674,3.5843464608528803,0.4948716593053936,0.0792385198277315,0.26510801526001065,0.047222923369806984,0.10526398746552809,0.23727731348335337,33.01234923479394,0.23989793748209526
min,0.265,0.0596,0.0,-18.515,0.0,0.0267,0.0047,0.0,0.0424,0.0783,54.747,3.0
max,0.907,0.904,11.0,-2.129,1.0,0.336,0.9329999999999999,0.33399999999999996,0.534,0.9129999999999999,191.702,4.0
