,danceability,energy,key,loudness,mode,speechiness,acousticness,instrumentalness,liveness,valence,tempo,time_signature
mean,0.6547400000000002,0.6535599999999999,5.72,-5.894619999999999,0.64,0.10938400000000001,0.25423926000000013,0.010079897400000003,0.15576399999999999,0.41412,126.19341999999997,3.98
std,0.14157940153417625,0.14586087304590728,3.7527676861381187,1.8429678470624826,0.48487322138506106,0.0983959854001023,0.23225625531180344,0.06841623308559504,0.11329105150461094,0.1835138475562483,27.49716945587865,0.31879876577744853
min,0.315,0.23399999999999999,0.0,-9.441,0.0,0.0266,0.00035299999999999996,0.0,0.0403,0.109,71.91199999999999,3.0
max,0.907,0.929,11.0,-1.881,1.0,0.39899999999999997,0.9129999999999999,0.484,0.5579999999999999,0.9129999999999999,170.46599999999998,5.0
