,danceability,energy,key,loudness,mode,speechiness,acousticness,instrumentalness,liveness,valence,tempo,time_signature
mean,0.5801,0.6385200000000001,5.62,-7.144700000000001,0.48,0.07991000000000001,0.24084856400000004,0.12216686520000003,0.17811400000000005,0.41767200000000004,118.02695999999997,3.96
std,0.15718561106707765,0.20754996841183834,3.433864961152167,3.534253795040065,0.5046720495044484,0.08462360661138453,0.2880465804976878,0.2670214233087753,0.16774729172667038,0.22203545960600293,29.89126275451728,0.28284271247461884
min,0.299,0.1,0.0,-15.387,0.0,0.0256,3.32e-05,0.0,0.0382,0.0399,57.967,3.0
max,0.914,0.941,11.0,-1.357,1.0,0.431,0.988,0.946,0.889,0.9670000000000001,188.899,5.0
