,danceability,energy,key,loudness,mode,speechiness,acousticness,instrumentalness,liveness,valence,tempo,time_signature
mean,0.66224,0.6422600000000002,5.56,-6.622639999999999,0.58,0.08281599999999997,0.2121535,0.009354611799999999,0.17403000000000002,0.5120819999999999,119.40427999999999,4.0
std,0.11670048178555044,0.20286114784778886,3.980359946804114,3.3924724579514547,0.49856938190328975,0.08548745548264937,0.22539736552126902,0.0332028481631056,0.12539443116561014,0.22907728282420858,26.159560348642817,0.0
min,0.40399999999999997,0.267,0.0,-22.618000000000002,0.0,0.0283,0.000725,0.0,0.0516,0.0921,73.483,4.0
max,0.953,0.924,11.0,-3.159,1.0,0.485,0.818,0.21,0.639,0.965,189.891,4.0
