,danceability,energy,key,loudness,mode,speechiness,acousticness,instrumentalness,liveness,valence,tempo,time_signature
mean,0.62054,0.6926400000000001,5.64,-6.267559999999999,0.52,0.09579399999999998,0.10961206000000004,0.010468192199999999,0.148404,0.486554,119.67032,3.88
std,0.13499149028357155,0.18188421524448475,3.6909154884468895,3.0035936718048473,0.5046720495044484,0.08987608569353606,0.16787303538032083,0.04341836232310881,0.13467532380067376,0.21502018624742547,26.397048545159556,0.4797958749641905
min,0.295,0.18,0.0,-18.064,0.0,0.027000000000000003,2.55e-05,0.0,0.0327,0.0997,72.416,1.0
max,0.898,0.9590000000000001,11.0,-2.7880000000000003,1.0,0.39399999999999996,0.91,0.218,0.7090000000000001,0.868,199.66099999999997,4.0
