,danceability,energy,key,loudness,mode,speechiness,acousticness,instrumentalness,liveness,valence,tempo,time_signature
mean,0.6244000000000001,0.60614,5.5,-7.045660000000001,0.6,0.09417399999999995,0.296378,0.0195574698,0.18821400000000008,0.49285,121.41462000000001,3.94
std,0.18396539159886147,0.20820858948346455,3.2277495793414297,3.0346563912003384,0.49487165930539356,0.08762393860313819,0.2610109743333582,0.08972809520778872,0.17598896418322857,0.22704693055284714,27.096189027083277,0.23989793748209529
min,0.209,0.122,0.0,-15.399000000000001,0.0,0.0281,0.00135,0.0,0.0327,0.0735,75.023,3.0
max,0.9209999999999999,0.934,11.0,-2.345,1.0,0.321,0.885,0.537,0.764,0.927,172.638,4.0
