,danceability,energy,key,loudness,mode,speechiness,acousticness,instrumentalness,liveness,valence,tempo,time_signature
mean,0.71102,0.65984,5.88,-6.534499999999997,0.42,0.115284,0.26124200000000003,0.0026253626,0.14408800000000002,0.49812000000000006,121.38680000000002,3.94
std,0.12444857802091826,0.16503040659842302,3.5088226992388596,2.632054278408748,0.49856938190328975,0.09461576077882111,0.1923272180744184,0.018381240583727546,0.09153671425795692,0.24342937960965774,30.826605828374277,0.46991097723995834
min,0.294,0.239,0.0,-13.945,0.0,0.0287,0.0138,0.0,0.039,0.10099999999999999,70.766,1.0
max,0.912,0.917,11.0,-2.097,1.0,0.375,0.727,0.13,0.423,0.95,195.872,5.0
