,danceability,energy,key,loudness,mode,speechiness,acousticness,instrumentalness,liveness,valence,tempo,time_signature
mean,0.69326,0.6696200000000002,5.52,-5.879860000000001,0.44,0.124036,0.2507912,0.006866726000000001,0.14773399999999995,0.452688,121.19584,4.02
std,0.13025388238955118,0.16391646578395364,3.693568596843956,2.1144255939249557,0.5014265364224069,0.10504468390321584,0.2157580883497222,0.03832116374757294,0.08337526577383211,0.1913137348942403,30.693495486137632,0.2466096643090295
min,0.37200000000000005,0.317,0.0,-11.713,0.0,0.0278,0.00346,0.0,0.042,0.0857,77.92699999999999,3.0
max,0.935,0.996,11.0,-2.6519999999999997,1.0,0.395,0.8190000000000001,0.266,0.40299999999999997,0.9520000000000001,192.00900000000001,5.0
