,danceability,energy,key,loudness,mode,speechiness,acousticness,instrumentalness,liveness,valence,tempo,time_signature
mean,0.6656400000000003,0.66314,4.92,-6.173580000000003,0.58,0.09070800000000004,0.2222024399999999,0.0005076894000000001,0.19273400000000002,0.51824,116.94281999999995,4.02
std,0.13318634482926392,0.1821849262341393,3.355409887063588,2.6968459059442322,0.49856938190328975,0.07828376128950788,0.22967470283106306,0.0018255747899719869,0.16623808425611397,0.21101277260886753,25.605580490046403,0.14142135623730945
min,0.37799999999999995,0.262,0.0,-15.73,0.0,0.0283,0.000452,0.0,0.0222,0.163,68.976,4.0
max,0.9009999999999999,0.95,11.0,-1.936,1.0,0.33,0.847,0.0114,0.8320000000000001,0.9620000000000001,184.34799999999998,5.0
