,danceability,energy,key,loudness,mode,speechiness,acousticness,instrumentalness,liveness,valence,tempo,time_signature
mean,0.6892400000000001,0.67328,5.16,-5.96114,0.5,0.09479000000000007,0.21259350000000002,0.011672095600000001,0.15337599999999998,0.518798,114.83642000000003,3.96
std,0.1083404610946625,0.15649933689629358,3.632955731486247,2.350797389771203,0.5050762722761054,0.07687715153783618,0.20873644942555125,0.04453508681387503,0.12183601149889628,0.21369566237611692,23.920670242717204,0.1979486637221575
min,0.42,0.369,0.0,-11.462,0.0,0.0232,0.00028199999999999997,0.0,0.0371,0.0989,72.38600000000001,3.0
max,0.9079999999999999,0.9359999999999999,11.0,-2.396,1.0,0.425,0.9690000000000001,0.27699999999999997,0.638,0.966,174.107,4.0
