,danceability,energy,key,loudness,mode,speechiness,acousticness,instrumentalness,liveness,valence,tempo,time_signature
mean,0.66078,0.6218,5.08,-6.542319999999997,0.5,0.08904199999999998,0.20983090399999998,0.0010534988000000002,0.14134799999999995,0.48018400000000006,121.46915999999999,3.9
std,0.1504243372080788,0.18503303621190437,3.8536492114485403,2.893992337690659,0.5050762722761054,0.07508022944198577,0.2409809664247018,0.0033721549960495883,0.10327602649685741,0.21234840677816375,24.6460232213422,0.4629100498862757
min,0.258,0.155,0.0,-16.169,0.0,0.0277,4.52e-05,0.0,0.0576,0.0935,76.805,1.0
max,0.929,0.92,11.0,-1.2919999999999998,1.0,0.35600000000000004,0.914,0.0184,0.7440000000000001,0.9309999999999999,180.043,4.0
