,danceability,energy,key,loudness,mode,speechiness,acousticness,instrumentalness,liveness,valence,tempo,time_signature
mean,0.6860400000000003,0.6487600000000002,5.72,-6.2339400000000005,0.4,0.13019799999999995,0.25235777,0.0003292596,0.154614,0.46365399999999996,121.00948000000002,4.04
std,0.12727616767149635,0.14947466647685603,3.907293024014222,2.494159499424892,0.4948716593053935,0.11430909848265959,0.18810065804513376,0.0017681725040866354,0.08823588748812089,0.20275920695268476,30.048588144523254,0.19794866372215753
min,0.37200000000000005,0.32299999999999995,0.0,-12.89,0.0,0.0278,7.85e-05,0.0,0.042,0.0897,77.00399999999999,4.0
max,0.935,0.8809999999999999,11.0,-2.6519999999999997,1.0,0.40399999999999997,0.753,0.0119,0.358,0.9520000000000001,202.00599999999997,5.0
