,danceability,energy,key,loudness,mode,speechiness,acousticness,instrumentalness,liveness,valence,tempo,time_signature
mean,0.6161428571428571,0.6514285714285714,5.785714285714286,-7.874428571428571,0.5,0.08957142857142857,0.12209714285714283,0.13470297857142857,0.18475000000000003,0.4867142857142857,120.22685714285713,4.0
std,0.21059945837568494,0.1927009298152148,3.378178194247295,2.7588024077984863,0.5188745216627708,0.08704800115737583,0.13228912086373956,0.2675565739061329,0.19279809586515828,0.29806670099452276,23.817771141143073,0.0
min,0.193,0.41700000000000004,1.0,-12.728,0.0,0.0301,0.008459999999999999,0.0,0.0447,0.127,84.975,4.0
max,0.877,0.953,11.0,-3.9610000000000003,1.0,0.307,0.45899999999999996,0.847,0.727,0.973,168.13099999999997,4.0
