,danceability,energy,key,loudness,mode,speechiness,acousticness,instrumentalness,liveness,valence,tempo,time_signature
mean,0.64482,0.62856,6.48,-6.753140000000002,0.58,0.10346399999999999,0.27661834,0.0025286342,0.16385800000000003,0.5315539999999999,121.84292,3.92
std,0.1490757498175792,0.1679525151551437,3.4889914337082857,2.551122986099275,0.49856938190328975,0.10061765325696465,0.25531326334969323,0.015863119253310014,0.11316334066024988,0.2331522732779886,30.5822218022304,0.44446711960297236
min,0.258,0.177,0.0,-14.134,0.0,0.0232,0.000917,0.0,0.027999999999999997,0.0967,75.922,1.0
max,0.895,0.9590000000000001,11.0,-2.512,1.0,0.419,0.9540000000000001,0.11199999999999999,0.5760000000000001,0.902,191.94400000000002,4.0
