,danceability,energy,key,loudness,mode,speechiness,acousticness,instrumentalness,liveness,valence,tempo,time_signature
mean,0.6876000000000002,0.6322000000000002,5.1,-6.278119999999999,0.52,0.13436800000000002,0.24661219999999992,0.004373340200000001,0.156246,0.4758000000000001,120.74918000000001,4.0
std,0.1464573490885344,0.1760543747174232,4.087062714548561,2.5574234454199547,0.5046720495044484,0.11111843918329044,0.2240842369788829,0.02373467595945057,0.07922271424952079,0.19031799383009007,31.63647385514616,0.20203050891044214
min,0.306,0.317,0.0,-14.505,0.0,0.0278,0.00264,0.0,0.0574,0.13699999999999998,70.23100000000001,3.0
max,0.9059999999999999,0.887,11.0,-2.6519999999999997,1.0,0.40399999999999997,0.835,0.162,0.342,0.8029999999999999,202.00599999999997,5.0
