,danceability,energy,key,loudness,mode,speechiness,acousticness,instrumentalness,liveness,valence,tempo,time_signature
mean,0.65874,0.6832399999999998,5.38,-6.010780000000002,0.6,0.110244,0.20461399999999996,0.010654640399999995,0.17802000000000004,0.48646599999999984,117.48453999999997,4.0
std,0.16017742840808927,0.15418416764058623,3.691634226911724,2.0381741157522457,0.49487165930539356,0.09941884837516927,0.2303484561335327,0.06837570021096775,0.14466617166597653,0.2160073710099085,24.733323605613542,0.2857142857142857
min,0.284,0.29600000000000004,0.0,-11.719000000000001,0.0,0.0252,0.000264,0.0,0.0424,0.0793,79.97399999999999,3.0
max,0.9309999999999999,0.904,11.0,-2.0709999999999997,1.0,0.41200000000000003,0.934,0.484,0.7759999999999999,0.941,191.702,5.0
