,danceability,energy,key,loudness,mode,speechiness,acousticness,instrumentalness,liveness,valence,tempo,time_signature
mean,0.6791800000000001,0.6717599999999999,4.92,-5.929219999999999,0.54,0.11758600000000001,0.1486025,0.0032241226,0.16564,0.48028000000000004,122.93215999999995,4.0
std,0.1407453468256099,0.1316658665264588,3.590463559406859,1.9199211430447358,0.5034574339058886,0.10695625466631158,0.16820892433557935,0.013136854266842128,0.13196273438098394,0.21359498580065886,29.5115462816346,0.0
min,0.307,0.327,0.0,-11.447000000000001,0.0,0.028999999999999998,0.00028199999999999997,0.0,0.0215,0.11900000000000001,74.931,4.0
max,0.92,0.885,11.0,-3.562,1.0,0.473,0.779,0.0794,0.742,0.935,179.605,4.0
