,danceability,energy,key,loudness,mode,speechiness,acousticness,instrumentalness,liveness,valence,tempo,time_signature
mean,0.6936199999999998,0.65578,5.66,-6.028220000000001,0.46,0.11825799999999997,0.2319015600000001,0.037299919,0.15989799999999998,0.4882380000000001,117.46716,4.02
std,0.13035178306006703,0.1731428913248434,3.772131969037766,2.16807408460286,0.5034574339058886,0.10539349220895944,0.20287684969480416,0.1489422419738749,0.11257698044685073,0.18849783075674906,25.811317113172176,0.24660966430902953
min,0.419,0.317,0.0,-12.89,0.0,0.0278,0.000278,0.0,0.0388,0.0929,70.23100000000001,3.0
max,0.9059999999999999,0.946,11.0,-2.6519999999999997,1.0,0.46299999999999997,0.7509999999999999,0.871,0.764,0.9259999999999999,192.00900000000001,5.0
