,danceability,energy,key,loudness,mode,speechiness,acousticness,instrumentalness,liveness,valence,tempo,time_signature
mean,0.54342,0.6090099999999999,5.88,-8.025879999999997,0.46,0.079462,0.27344435399999995,0.1197904226,0.16731800000000002,0.41819800000000024,122.99462000000001,3.98
std,0.15732600885176135,0.2476830638175344,3.8260119376367316,3.472759548725668,0.5034574339058886,0.08871350330917924,0.33180006311019017,0.27981274368728687,0.14107790971007214,0.22317717267696002,29.275608229719154,0.2466096643090295
min,0.249,0.0133,0.0,-19.043,0.0,0.0268,7.140000000000001e-05,0.0,0.0405,0.0667,59.004,3.0
max,0.843,0.9390000000000001,11.0,-2.801,1.0,0.47600000000000003,0.986,0.9259999999999999,0.688,0.946,189.317,5.0
