,danceability,energy,key,loudness,mode,speechiness,acousticness,instrumentalness,liveness,valence,tempo,time_signature
mean,0.64238,0.63064,5.62,-6.488739999999999,0.48,0.11443800000000003,0.28124800000000005,0.030594228799999998,0.17930800000000002,0.442994,117.39126000000002,3.96
std,0.15236059402694943,0.1767364878072691,3.33741926448248,2.4244611924874255,0.5046720495044485,0.10945155836520294,0.2760177340280135,0.11904959438345927,0.1625970264055231,0.22223953377252337,28.18216259702768,0.532993088747932
min,0.278,0.13,0.0,-18.725,0.0,0.0274,0.00182,0.0,0.055999999999999994,0.0605,63.011,1.0
max,0.932,0.9640000000000001,11.0,-2.665,1.0,0.451,0.9690000000000001,0.7,0.9440000000000001,0.884,180.051,5.0
