,danceability,energy,key,loudness,mode,speechiness,acousticness,instrumentalness,liveness,valence,tempo,time_signature
mean,0.6072083333333332,0.5998333333333333,5.458333333333333,-8.498916666666666,0.5833333333333334,0.06524583333333332,0.179589625,0.1863406875,0.20067083333333335,0.4592125,123.55658333333334,3.875
std,0.15703529904109947,0.19434967738961978,3.5750240700517355,2.4254251069194783,0.5036101551853348,0.05756856765531047,0.1921152821447292,0.33209082065753476,0.1412274837126156,0.25284063087163267,29.730904604492768,0.3378319623460881
min,0.309,0.198,0.0,-13.222999999999999,0.0,0.0255,0.000185,0.0,0.0776,0.0898,85.021,3.0
max,0.9129999999999999,0.912,11.0,-3.8810000000000002,1.0,0.23399999999999999,0.6729999999999999,0.925,0.5820000000000001,0.9209999999999999,183.035,4.0
