,danceability,energy,key,loudness,mode,speechiness,acousticness,instrumentalness,liveness,valence,tempo,time_signature
mean,0.6565000000000001,0.6095199999999997,5.3,-6.934960000000001,0.54,0.10585800000000001,0.2157567599999999,0.0272813602,0.15706799999999999,0.47782,116.86263999999996,4.0
std,0.14341039298574748,0.16226688019482985,3.441938229473359,3.0445121318228194,0.5034574339058886,0.10404727553828008,0.21274063809465463,0.10125416449565836,0.11452770708346481,0.2380288689402602,27.21530928015873,0.2857142857142857
min,0.295,0.275,0.0,-18.064,0.0,0.0277,0.00035299999999999996,0.0,0.0443,0.114,71.105,3.0
max,0.9329999999999999,0.929,11.0,-2.384,1.0,0.473,0.863,0.609,0.5579999999999999,0.907,199.75599999999997,5.0
