,danceability,energy,key,loudness,mode,speechiness,acousticness,instrumentalness,liveness,valence,tempo,time_signature
mean,0.6094999999999999,0.6602800000000002,4.48,-6.639499999999998,0.56,0.08601,0.22367352000000001,0.0127308932,0.15663600000000003,0.50752,115.53969999999998,4.0
std,0.1341230397654272,0.1992959075734126,3.85576695036282,2.842994399055549,0.5014265364224069,0.08288468076865863,0.2705719726337485,0.06888114334046337,0.12852805261966777,0.24882558763363646,29.202312876146067,0.20203050891044214
min,0.249,0.125,0.0,-15.73,0.0,0.0243,2.55e-05,0.0,0.0437,0.075,75.089,3.0
max,0.893,0.987,11.0,-3.094,1.0,0.401,0.961,0.484,0.8320000000000001,0.9329999999999999,174.19,5.0
