,danceability,energy,key,loudness,mode,speechiness,acousticness,instrumentalness,liveness,valence,tempo,time_signature
mean,0.6901799999999999,0.592,6.36,-6.752939999999999,0.46,0.11290200000000004,0.301189,0.014851380799999996,0.16594799999999996,0.470122,119.42121999999996,3.96
std,0.13911362115852183,0.14004226767192066,3.2748889995210027,2.1151162790441456,0.5034574339058886,0.09911845004223739,0.2716650879018021,0.09293328661258972,0.1292475180198278,0.21176710666509596,27.95329744142131,0.49321932861805906
min,0.278,0.225,0.0,-14.454,0.0,0.0284,0.00147,0.0,0.0527,0.0605,63.011,1.0
max,0.897,0.8340000000000001,11.0,-2.6069999999999998,1.0,0.355,0.902,0.657,0.79,0.898,188.115,5.0
