,danceability,energy,key,loudness,mode,speechiness,acousticness,instrumentalness,liveness,valence,tempo,time_signature
mean,0.6589000000000002,0.6423200000000002,5.5,-6.7612999999999985,0.42,0.11378,0.27012,0.0027870520000000004,0.16203000000000004,0.4299719999999999,117.42514000000001,4.0
std,0.1484384363558007,0.17011394020791248,3.8239310898069068,3.0777724601286773,0.49856938190328975,0.09625939445273986,0.2316943702908851,0.01837139847025441,0.11777003404248189,0.22406025159063167,29.109365380536047,0.2857142857142857
min,0.278,0.131,0.0,-18.435,0.0,0.0278,0.0117,0.0,0.0419,0.0681,63.011,3.0
max,0.951,0.914,11.0,-2.853,1.0,0.375,0.9520000000000001,0.13,0.601,0.941,202.00599999999997,5.0
