,danceability,energy,key,loudness,mode,speechiness,acousticness,instrumentalness,liveness,valence,tempo,time_signature
mean,0.6557199999999997,0.6432180000000001,5.34,-6.968020000000004,0.66,0.09651799999999999,0.20092453999999996,0.04092481879999999,0.18139200000000003,0.481358,118.50229999999999,4.0
std,0.15113935183620905,0.19760864404170178,3.992901865325824,2.712449081549735,0.47851812069840666,0.10935631835090877,0.22785408408598176,0.123083765685983,0.1682564209770314,0.24024164967968464,23.81318145802995,0.20203050891044214
min,0.19699999999999998,0.0879,0.0,-16.996,0.0,0.0261,0.000147,0.0,0.0604,0.0401,75.089,3.0
max,0.925,0.9129999999999999,11.0,-2.2230000000000003,1.0,0.615,0.9690000000000001,0.698,0.8320000000000001,0.917,174.516,5.0
