,danceability,energy,key,loudness,mode,speechiness,acousticness,instrumentalness,liveness,valence,tempo,time_signature
mean,0.6241399999999997,0.62198,5.46,-6.340780000000002,0.58,0.12443000000000001,0.24548512000000003,0.0199537512,0.15941999999999998,0.38646400000000014,118.92732,3.9
std,0.13666837712551666,0.18788994716295482,3.54682957019364,2.3147587549179693,0.49856938190328975,0.12147753172618267,0.27411024809741447,0.09023430242848007,0.11382301693275165,0.19114518977863448,29.643903844818016,0.4164965639175214
min,0.258,0.128,0.0,-13.4,0.0,0.0232,0.000662,0.0,0.0477,0.0499,78.842,3.0
max,0.909,0.9670000000000001,11.0,-0.7759999999999999,1.0,0.485,0.963,0.512,0.65,0.745,189.891,5.0
