,danceability,energy,key,loudness,mode,speechiness,acousticness,instrumentalness,liveness,valence,tempo,time_signature
mean,0.6667000000000002,0.6635800000000001,5.08,-5.821640000000002,0.54,0.15102000000000002,0.18160184000000001,0.013161300999999999,0.19085999999999997,0.44080199999999986,113.45481999999997,4.0
std,0.14754663738656207,0.16605507937956943,3.2753874984963423,2.116463036795693,0.5034574339058887,0.140012286632864,0.2173973666144847,0.06940478435579356,0.14984830969472876,0.20066004197372722,26.964921079129333,0.0
min,0.35100000000000003,0.29600000000000004,0.0,-10.109,0.0,0.0287,0.000452,0.0,0.0541,0.0778,68.976,4.0
max,0.9640000000000001,0.924,11.0,0.175,1.0,0.53,0.934,0.484,0.7759999999999999,0.853,174.30200000000002,4.0
