,danceability,energy,key,loudness,mode,speechiness,acousticness,instrumentalness,liveness,valence,tempo,time_signature
mean,0.71884,0.6210599999999998,5.5,-6.398939999999999,0.54,0.125464,0.23389280000000004,0.009915432200000001,0.16061400000000003,0.49629999999999996,120.04543999999996,3.96
std,0.13934150677455762,0.16762207370103954,3.8239310898069068,2.370262487918301,0.5034574339058886,0.1115243100798006,0.2314233215104709,0.04924849676603355,0.10954648255793667,0.16977394934898293,29.506297555523666,0.19794866372215747
min,0.42,0.19699999999999998,0.0,-14.505,0.0,0.0278,0.0010400000000000001,0.0,0.0543,0.17600000000000002,70.23100000000001,3.0
max,0.9420000000000001,0.888,11.0,-2.6519999999999997,1.0,0.565,0.88,0.312,0.764,0.816,191.97099999999998,4.0
