,danceability,energy,key,loudness,mode,speechiness,acousticness,instrumentalness,liveness,valence,tempo,time_signature
mean,0.5803157894736843,0.5980263157894737,4.578947368421052,-7.666105263157894,0.5,0.0885578947368421,0.28397244736842103,0.12913365736842106,0.1584078947368421,0.42971315789473674,119.50134210526312,3.973684210526316
std,0.15899993290210346,0.17662825320232034,3.7389952324797635,2.561680358454284,0.5067117097095317,0.0947347467051341,0.26297203787934575,0.301736187068798,0.11845105359662607,0.26555825560409135,33.416531891214525,0.2834957557490733
min,0.258,0.268,0.0,-12.92,0.0,0.0269,0.000102,0.0,0.0475,0.0572,70.429,3.0
max,0.925,0.97,11.0,-3.8789999999999996,1.0,0.431,0.9009999999999999,0.965,0.6759999999999999,0.9670000000000001,189.764,5.0
