,danceability,energy,key,loudness,mode,speechiness,acousticness,instrumentalness,liveness,valence,tempo,time_signature
mean,0.44129999999999997,0.44926666666666665,5.4,-11.084733333333334,0.6333333333333333,0.05124333333333333,0.5145214333333333,0.07419396566666667,0.1713333333333334,0.3948,121.43466666666664,3.7666666666666666
std,0.16964733196068635,0.2844063306600967,3.7655425033888,4.579729670785304,0.4901325178535608,0.039133394182333386,0.3477623722167771,0.22529229976778067,0.09007286833001048,0.24952540330906534,36.155579525857064,0.43018306715207627
min,0.14400000000000002,0.129,0.0,-19.644000000000002,0.0,0.027000000000000003,0.000157,0.0,0.0724,0.0832,64.21300000000001,3.0
max,0.7659999999999999,0.991,11.0,-2.101,1.0,0.214,0.9640000000000001,0.938,0.402,0.9520000000000001,197.97299999999998,4.0
