,danceability,energy,key,loudness,mode,speechiness,acousticness,instrumentalness,liveness,valence,tempo,time_signature
mean,0.60432,0.6333999999999999,4.98,-6.49134,0.64,0.08154799999999998,0.25149628,0.0038645275999999993,0.17925800000000003,0.4468260000000002,119.08742000000001,3.9
std,0.1421142742259746,0.2155336045582627,3.359360969358456,2.736276813556729,0.4848732213850611,0.08014670283617539,0.2638424615385012,0.023884474285574282,0.11207181751730742,0.23084484480149992,25.95802134694729,0.3030457633656632
min,0.307,0.19,0.0,-13.569,0.0,0.0232,0.000254,0.0,0.0243,0.0743,75.922,3.0
max,0.9009999999999999,0.9890000000000001,11.0,-1.909,1.0,0.366,0.919,0.16899999999999998,0.5760000000000001,0.87,193.903,4.0
