,danceability,energy,key,loudness,mode,speechiness,acousticness,instrumentalness,liveness,valence,tempo,time_signature
mean,0.60588,0.6059600000000002,5.54,-6.6497600000000014,0.52,0.07812999999999998,0.23068326,0.0215048906,0.17362200000000003,0.4199499999999999,116.53992000000002,3.86
std,0.16591485891312827,0.18680765618186873,3.5237387380277716,2.54978936753127,0.5046720495044485,0.06527431050761777,0.24806366860873622,0.0912129581623757,0.12885719874880006,0.2269947677631287,25.27050230704986,0.49528388066742074
min,0.258,0.13699999999999998,0.0,-12.595,0.0,0.0255,0.000278,0.0,0.0595,0.0778,70.23100000000001,1.0
max,0.904,0.9490000000000001,11.0,-2.7489999999999997,1.0,0.268,0.9279999999999999,0.537,0.764,0.8859999999999999,180.043,4.0
