,danceability,energy,key,loudness,mode,speechiness,acousticness,instrumentalness,liveness,valence,tempo,time_signature
mean,0.7043399999999999,0.66652,5.6,-6.611480000000001,0.42,0.15053,0.25589182,0.00020156599999999997,0.14276,0.53318,124.08152,4.0
std,0.12884266785977574,0.12821112053395145,3.8438925848782026,1.9228049370964413,0.49856938190328975,0.12422381915276137,0.2091294145911872,0.0007007559761647507,0.0824213168384718,0.1988212908978455,30.951611281284777,0.4948716593053935
min,0.433,0.391,0.0,-10.821,0.0,0.0316,0.000481,0.0,0.0594,0.11800000000000001,66.47399999999999,1.0
max,0.912,0.917,11.0,-3.4789999999999996,1.0,0.451,0.752,0.0033799999999999998,0.40299999999999997,0.941,200.225,5.0
