,danceability,energy,key,loudness,mode,speechiness,acousticness,instrumentalness,liveness,valence,tempo,time_signature
mean,0.6664799999999999,0.5688799999999999,5.0,-7.391779999999998,0.54,0.10411200000000001,0.2650010400000001,0.0002747776,0.15667799999999998,0.39711799999999997,117.89031999999999,3.94
std,0.15588159294929008,0.17339169294886494,3.4166459266003995,2.6799423789876298,0.5034574339058886,0.08915645418279589,0.25608765774313624,0.000789513606387929,0.14330065765974098,0.19737655164374393,27.963551376192893,0.23989793748209529
min,0.33899999999999997,0.14300000000000002,0.0,-14.545,0.0,0.0248,0.00028199999999999997,0.0,0.053,0.0573,74.96300000000001,3.0
max,0.95,0.865,11.0,-3.986,1.0,0.35100000000000003,0.9209999999999999,0.00404,0.764,0.813,177.91299999999998,4.0
