,danceability,energy,key,loudness,mode,speechiness,acousticness,instrumentalness,liveness,valence,tempo,time_signature
mean,0.6759999999999999,0.6567799999999998,5.92,-5.970319999999998,0.46,0.10949199999999998,0.21283230000000003,0.0051207966,0.16481000000000004,0.46798800000000007,118.0392,3.96
std,0.14622836487452612,0.14376572354113523,3.7243818826972164,2.129935952280332,0.5034574339058886,0.10301078374299914,0.23018366458115616,0.030837294812894947,0.0902773125611596,0.21224569670885807,25.089466265949227,0.1979486637221575
min,0.295,0.264,0.0,-14.522,0.0,0.0253,0.00038500000000000003,0.0,0.0332,0.0564,74.98899999999999,3.0
max,0.9309999999999999,0.963,11.0,-2.7489999999999997,1.0,0.41200000000000003,0.922,0.218,0.35,0.895,199.921,4.0
