,danceability,energy,key,loudness,mode,speechiness,acousticness,instrumentalness,liveness,valence,tempo,time_signature
mean,0.6829,0.6378199999999999,5.24,-6.437739999999999,0.4,0.11671600000000003,0.17071129999999995,0.0014052900000000002,0.16999200000000003,0.5513399999999999,117.07275999999997,3.98
std,0.13438419641050786,0.19071783731310438,4.0181222134784536,2.5757780897730886,0.49487165930539356,0.09414950629022904,0.22318349379993338,0.004079045323500516,0.13476581326319298,0.21440193134219965,23.254814280198644,0.24660966430902945
min,0.358,0.156,0.0,-12.238,0.0,0.0267,0.000799,0.0,0.0348,0.13699999999999998,75.09,3.0
max,0.929,0.981,11.0,-1.2990000000000002,1.0,0.431,0.922,0.0219,0.748,0.945,191.94400000000002,5.0
