,danceability,energy,key,loudness,mode,speechiness,acousticness,instrumentalness,liveness,valence,tempo,time_signature
mean,0.72918,0.7029,5.72,-5.388960000000002,0.66,0.09476399999999999,0.16981386,0.010619639199999998,0.18020999999999998,0.5589600000000001,121.67128000000002,3.96
std,0.09356100050943521,0.15490487535311231,3.4049184113213484,1.8459456285799616,0.47851812069840666,0.07632585289669656,0.22209062050801032,0.07024378126374684,0.15065466694885157,0.19034393789631845,31.314298141968333,0.19794866372215753
min,0.462,0.33899999999999997,0.0,-9.441,0.0,0.0326,0.000813,0.0,0.0501,0.15,75.023,3.0
max,0.922,0.97,11.0,-2.384,1.0,0.42,0.9840000000000001,0.49700000000000005,0.636,0.8640000000000001,199.75599999999997,4.0
