,danceability,energy,key,loudness,mode,speechiness,acousticness,instrumentalness,liveness,valence,tempo,time_signature
mean,0.7373400000000001,0.68756,5.3,-5.59462,0.5,0.12451000000000002,0.16529212219999995,0.009958923000000001,0.204906,0.5451199999999999,121.49164,3.96
std,0.12304663293869941,0.13553027525318498,3.382125886214776,1.8654567738497831,0.5050762722761054,0.08943413321363086,0.1520583720469152,0.06813216820490203,0.1738045423539245,0.2404714595479947,30.448503019239766,0.1979486637221575
min,0.35,0.40399999999999997,0.0,-10.177999999999999,0.0,0.036000000000000004,6.11e-06,0.0,0.043,0.0499,77.176,3.0
max,0.934,0.9440000000000001,11.0,-2.384,1.0,0.43799999999999994,0.71,0.48200000000000004,0.6809999999999999,0.9420000000000001,184.801,4.0
