,danceability,energy,key,loudness,mode,speechiness,acousticness,instrumentalness,liveness,valence,tempo,time_signature
mean,0.7302200000000001,0.6892399999999997,5.06,-5.209359999999999,0.6,0.10128399999999999,0.22921399999999995,0.0004485297999999999,0.185672,0.508676,120.98045999999998,4.0
std,0.13191560227072832,0.11108547178104042,3.4899856733230292,1.5844629781031776,0.49487165930539356,0.07958242899083712,0.19444583633852322,0.001995265056580244,0.14238683446362385,0.21963546752726065,25.99357854941273,0.20203050891044214
min,0.32899999999999996,0.41,0.0,-8.943999999999999,0.0,0.0266,0.0126,0.0,0.043,0.0778,86.046,3.0
max,0.934,0.895,11.0,-1.358,1.0,0.42,0.728,0.0134,0.636,0.9079999999999999,180.07299999999998,5.0
