,danceability,energy,key,loudness,mode,speechiness,acousticness,instrumentalness,liveness,valence,tempo,time_signature
mean,0.6613800000000001,0.68144,4.98,-5.572999999999999,0.7,0.08337200000000003,0.1622234,0.029622578600000008,0.17886,0.514138,120.46940000000002,3.96
std,0.128110585202068,0.1873976629566993,3.5137630273319367,2.064905621206402,0.46291004988627565,0.07103378914291425,0.22847324957166593,0.11033050170493808,0.15244906944783299,0.25290649469150234,30.25612652481666,0.1979486637221575
min,0.348,0.115,0.0,-10.395,0.0,0.0261,0.00502,0.0,0.0342,0.0989,73.102,3.0
max,0.953,0.9420000000000001,11.0,-1.715,1.0,0.326,0.9690000000000001,0.7020000000000001,0.7170000000000001,0.971,180.054,4.0
