,danceability,energy,key,loudness,mode,speechiness,acousticness,instrumentalness,liveness,valence,tempo,time_signature
mean,0.7342600000000001,0.69204,5.66,-5.3597199999999985,0.6,0.18469000000000005,0.2688286,0.025588459600000002,0.17223200000000005,0.63629,132.74272,4.04
std,0.11290447651145871,0.1471367488329916,3.931090101709079,2.3174328692916806,0.49487165930539356,0.12584853586590444,0.21963312600984655,0.13089934516160168,0.1417243882343761,0.20057229573479618,34.767639201336145,0.1979486637221575
min,0.4,0.235,0.0,-16.541,0.0,0.028999999999999998,0.00903,0.0,0.0302,0.0895,75.014,4.0
max,0.935,0.972,11.0,-1.681,1.0,0.556,0.74,0.81,0.657,0.96,190.097,5.0
