,danceability,energy,key,loudness,mode,speechiness,acousticness,instrumentalness,liveness,valence,tempo,time_signature
mean,0.6994999999999999,0.7052799999999998,5.08,-5.03784,0.54,0.086012,0.13692979999999996,0.0028760464000000003,0.15564199999999995,0.5266620000000001,120.9233,4.0
std,0.12890088741164743,0.13425212953884302,3.445434719765165,1.5011232442027251,0.5034574339058886,0.06299492574317202,0.1344146352194718,0.016269084347329744,0.10355422534959692,0.2148024387901685,26.187980466392656,0.0
min,0.375,0.466,0.0,-9.367,0.0,0.0312,0.0012900000000000001,0.0,0.0404,0.0921,75.016,4.0
max,0.922,0.9570000000000001,11.0,-1.715,1.0,0.35100000000000003,0.5489999999999999,0.115,0.409,0.9390000000000001,180.141,4.0
