,danceability,energy,key,loudness,mode,speechiness,acousticness,instrumentalness,liveness,valence,tempo,time_signature
mean,0.7211800000000003,0.698,6.04,-5.452579999999999,0.54,0.095704,0.13606880000000002,0.011497569400000001,0.16582200000000002,0.5789019999999999,117.97210000000003,4.0
std,0.10409781310804542,0.15038983356868355,3.901648003454071,1.7604125454574793,0.5034574339058886,0.07273685577308868,0.1348599337126472,0.042551054356349115,0.10912527773534568,0.219830599428055,30.697421561101837,0.0
min,0.375,0.34600000000000003,0.0,-10.742,0.0,0.0302,0.0026100000000000003,0.0,0.0494,0.0921,73.483,4.0
max,0.929,0.91,11.0,-2.984,1.0,0.35100000000000003,0.5489999999999999,0.21,0.423,0.9390000000000001,180.141,4.0
