,danceability,energy,key,loudness,mode,speechiness,acousticness,instrumentalness,liveness,valence,tempo,time_signature
mean,0.7238800000000001,0.68934,5.94,-5.33588,0.64,0.09525,0.20244220000000002,0.006331602600000001,0.17526600000000003,0.5896999999999999,120.22341999999999,3.98
std,0.11927051057942843,0.15498487220449905,3.6332365961034396,2.091923113270833,0.4848732213850611,0.06966752896318869,0.17697468221200682,0.04411099562403566,0.14065090321611945,0.18949829033744955,29.685560295276385,0.14142135623730948
min,0.32899999999999996,0.179,0.0,-11.589,0.0,0.0281,0.00381,0.0,0.0625,0.158,89.95,3.0
max,0.9329999999999999,0.934,11.0,-1.694,1.0,0.386,0.9329999999999999,0.312,0.955,0.927,201.80700000000002,4.0
