,danceability,energy,key,loudness,mode,speechiness,acousticness,instrumentalness,liveness,valence,tempo,time_signature
mean,0.7267,0.6574000000000001,5.66,-5.95336,0.7,0.11207399999999998,0.27095136,0.03304498480000001,0.16084200000000004,0.6023719999999999,121.05842000000003,4.0
std,0.10239723569291809,0.15428439152872123,3.82585191259971,2.4616774582734084,0.4629100498862757,0.08923813774710579,0.2554687810477652,0.1579967857058517,0.10370612933295935,0.21899157754748172,32.040614806001,0.20203050891044214
min,0.349,0.218,0.0,-15.177,0.0,0.0326,0.0005480000000000001,0.0,0.0359,0.0916,79.33800000000001,3.0
max,0.9,0.905,11.0,-2.454,1.0,0.368,0.8370000000000001,0.81,0.544,0.992,179.84,5.0
