,danceability,energy,key,loudness,mode,speechiness,acousticness,instrumentalness,liveness,valence,tempo,time_signature
mean,0.7044400000000001,0.6972400000000003,5.5,-4.993660000000001,0.62,0.11420399999999999,0.21324179999999998,0.0001655134,0.16657399999999994,0.61023,128.33396000000002,3.98
std,0.1128389063023486,0.13480182884970252,3.693623849670827,1.7454901610862719,0.4903143514780145,0.08941861642446335,0.14645622782293163,0.0007637776302082768,0.11772161525378073,0.21913413118220446,33.10735593209904,0.14142135623730942
min,0.392,0.335,0.0,-9.961,0.0,0.0268,0.00199,0.0,0.0501,0.0885,85.99700000000001,3.0
max,0.861,0.902,11.0,-1.694,1.0,0.353,0.785,0.00524,0.764,0.91,192.44299999999998,4.0
