,danceability,energy,key,loudness,mode,speechiness,acousticness,instrumentalness,liveness,valence,tempo,time_signature
mean,0.72586,0.6734999999999998,5.98,-5.52964,0.58,0.098712,0.23764356000000003,0.000476175,0.20095999999999997,0.5482859999999999,121.36525999999999,3.94
std,0.11543316999326439,0.15219030112034748,3.2166023397748287,1.901003073138398,0.49856938190328975,0.071245776502104,0.25519163962420116,0.002167845174867647,0.16390744526178452,0.22488439661483034,33.985785209683996,0.23989793748209529
min,0.32899999999999996,0.23399999999999999,0.0,-10.068,0.0,0.028999999999999998,0.0007379999999999999,0.0,0.0282,0.0793,64.934,3.0
max,0.9209999999999999,0.9,11.0,-2.379,1.0,0.35600000000000004,0.9840000000000001,0.0145,0.726,0.894,189.99200000000002,4.0
