,danceability,energy,key,loudness,mode,speechiness,acousticness,instrumentalness,liveness,valence,tempo,time_signature
mean,0.6531199999999999,0.7030200000000001,4.8,-5.897580000000001,0.62,0.07829599999999999,0.22899661999999998,0.0239128386,0.19058600000000003,0.5145520000000002,117.27953999999994,3.94
std,0.12807358216657952,0.16399172328542203,3.964124835860459,2.4071701913666352,0.4903143514780145,0.05880469216319531,0.2503690710191159,0.11374526059471841,0.16636038457247576,0.2320996955391966,27.784052570369592,0.42426406871192895
min,0.301,0.262,0.0,-15.73,0.0,0.0242,0.000417,0.0,0.055999999999999994,0.0374,86.035,1.0
max,0.883,0.995,11.0,-0.899,1.0,0.314,0.8029999999999999,0.7509999999999999,0.8320000000000001,0.9309999999999999,189.891,4.0
