,danceability,energy,key,loudness,mode,speechiness,acousticness,instrumentalness,liveness,valence,tempo,time_signature
mean,0.7160599999999998,0.7134200000000003,5.16,-5.256780000000001,0.62,0.11832,0.2368844,0.0012496474,0.14482200000000003,0.5974200000000001,125.31116,4.0
std,0.11633895060800328,0.14116889435953614,3.593418019271414,2.0918689065141765,0.4903143514780145,0.09152344853999474,0.19477404277631188,0.0064606665033197334,0.10024343693718604,0.19591544302664485,33.743110630691746,0.0
min,0.433,0.31,0.0,-11.134,0.0,0.0351,0.00175,0.0,0.0344,0.163,79.992,4.0
max,0.9390000000000001,0.904,11.0,-1.0979999999999999,1.0,0.353,0.94,0.0454,0.61,0.9009999999999999,188.048,4.0
