,danceability,energy,key,loudness,mode,speechiness,acousticness,instrumentalness,liveness,valence,tempo,time_signature
mean,0.6842999999999997,0.6600199999999999,4.22,-5.67674,0.44,0.08618600000000003,0.19085980000000002,0.0005348036,0.14819599999999997,0.5261140000000001,125.77534000000006,3.98
std,0.13664914853711443,0.16441975773821674,3.621308817405719,1.9747039748183184,0.5014265364224069,0.0557359701757184,0.20258260142963905,0.0020147812138038663,0.08721119325276674,0.20968191849288567,29.809078603132892,0.14142135623730936
min,0.258,0.37799999999999995,0.0,-9.74,0.0,0.0275,0.0026100000000000003,0.0,0.0601,0.0967,79.987,3.0
max,0.9359999999999999,0.976,11.0,-2.082,1.0,0.242,0.847,0.0129,0.39399999999999996,0.871,195.981,4.0
