,danceability,energy,key,loudness,mode,speechiness,acousticness,instrumentalness,liveness,valence,tempo,time_signature
mean,0.7344400000000002,0.6703600000000001,4.54,-5.361180000000001,0.62,0.13835799999999998,0.21647040000000006,0.0027061247999999997,0.149172,0.61549,130.16713999999996,4.0
std,0.12720851595161484,0.1460146428217641,3.737345997100191,2.6535291839744444,0.4903143514780145,0.09584651652831336,0.22353982389082902,0.018375564156475527,0.10641199111501122,0.20966310415735515,37.29339452263385,0.20203050891044214
min,0.3,0.235,0.0,-16.541,0.0,0.0295,0.004070000000000001,0.0,0.0501,0.0895,74.93,3.0
max,0.9179999999999999,0.9109999999999999,11.0,-1.8,1.0,0.426,0.9329999999999999,0.13,0.605,0.9670000000000001,200.007,5.0
