,danceability,energy,key,loudness,mode,speechiness,acousticness,instrumentalness,liveness,valence,tempo,time_signature
mean,0.72652,0.6258,4.92,-6.59226,0.52,0.12917,0.22340860000000004,0.0023914386,0.16262000000000001,0.488782,123.10356,4.04
std,0.1271400063885864,0.17201305123716154,3.794948307034132,2.632595838595009,0.5046720495044485,0.11488545892961995,0.21951923746306912,0.00868648106147333,0.11893801163734366,0.2384489537551775,32.26092437986341,0.19794866372215744
min,0.375,0.217,0.0,-13.539000000000001,0.0,0.0318,0.0039,0.0,0.0565,0.037000000000000005,76.056,4.0
max,0.909,0.889,11.0,-2.492,1.0,0.7170000000000001,0.847,0.0457,0.55,0.8809999999999999,199.669,5.0
