,danceability,energy,key,loudness,mode,speechiness,acousticness,instrumentalness,liveness,valence,tempo,time_signature
mean,0.76074,0.6706200000000001,5.52,-6.1654,0.46,0.09050600000000003,0.24789280000000002,0.014232827399999998,0.13713000000000003,0.7079139999999999,116.63020000000002,3.98
std,0.09463869209164044,0.1504561621692308,3.3026890713539503,2.90246662868193,0.5034574339058886,0.06495393472865746,0.1908877287942965,0.05881371265354711,0.11561497193138044,0.22511564013336136,28.529955410310155,0.14142135623730942
min,0.433,0.18100000000000002,1.0,-15.359000000000002,0.0,0.028999999999999998,0.00527,0.0,0.0455,0.0747,80.09899999999999,3.0
max,0.892,0.914,11.0,-2.9339999999999997,1.0,0.336,0.745,0.304,0.685,0.983,192.07,4.0
