,danceability,energy,key,loudness,mode,speechiness,acousticness,instrumentalness,liveness,valence,tempo,time_signature
mean,0.7173800000000001,0.6898000000000001,5.24,-5.104820000000003,0.56,0.09654,0.21457800000000005,0.0026491576,0.15388000000000002,0.6082939999999999,123.60452,3.96
std,0.12190024191769201,0.14166574629552967,3.4080337259996445,2.028717808501373,0.5014265364224069,0.07140639941595586,0.1912821543358056,0.009653974057432608,0.12630145506295803,0.22992766245770713,32.66945552368263,0.1979486637221575
min,0.313,0.31,0.0,-10.904000000000002,0.0,0.0281,0.0141,0.0,0.0348,0.0827,80.04,3.0
max,0.8859999999999999,0.914,11.0,-1.9480000000000002,1.0,0.336,0.912,0.0579,0.72,0.9670000000000001,192.44299999999998,4.0
