,danceability,energy,key,loudness,mode,speechiness,acousticness,instrumentalness,liveness,valence,tempo,time_signature
mean,0.72978,0.6665999999999999,4.52,-5.306280000000003,0.66,0.14425200000000005,0.277159,0.0026803981999999997,0.17275399999999996,0.63363,126.36661999999998,4.02
std,0.130332273948754,0.16304537993567111,3.6210270276116243,2.9378517490833054,0.4785181206984066,0.10296636312259394,0.25403990748884075,0.0183789000409138,0.1419785571766356,0.22122974506616605,35.38227765530567,0.14142135623730945
min,0.302,0.159,0.0,-16.541,0.0,0.0295,0.004070000000000001,0.0,0.0501,0.0895,74.93,4.0
max,0.9079999999999999,0.929,11.0,-1.8,1.0,0.38,0.946,0.13,0.627,0.9109999999999999,200.007,5.0
