,danceability,energy,key,loudness,mode,speechiness,acousticness,instrumentalness,liveness,valence,tempo,time_signature
mean,0.73406,0.64782,5.36,-5.913919999999997,0.58,0.10433800000000001,0.2854,0.0004669372,0.14922599999999997,0.5700500000000001,121.71220000000002,4.0
std,0.10853465730693904,0.1595988197491013,4.158885250955145,2.931864976148688,0.49856938190328975,0.06785114526878464,0.2274125075087748,0.0017284149730470483,0.08394634537632246,0.23132427654348636,32.85483070870947,0.0
min,0.433,0.157,0.0,-16.541,0.0,0.0281,0.0141,0.0,0.0515,0.0895,80.969,4.0
max,0.9059999999999999,0.9590000000000001,11.0,-1.3869999999999998,1.0,0.336,0.9470000000000001,0.00889,0.358,0.961,202.00599999999997,4.0
