,danceability,energy,key,loudness,mode,speechiness,acousticness,instrumentalness,liveness,valence,tempo,time_signature
mean,0.7207199999999997,0.70768,5.56,-5.223539999999999,0.6,0.135444,0.2572908,0.0009950006000000002,0.16687399999999997,0.5619879999999999,121.1807,4.0
std,0.11519212699854525,0.13392480985193728,3.523449145021256,1.7530327099175351,0.49487165930539356,0.10257538623482967,0.23038428569072264,0.003144656718090266,0.1673147136143045,0.21216091086239044,28.698384879000862,0.20203050891044214
min,0.48700000000000004,0.31,0.0,-11.134,0.0,0.0284,0.00277,0.0,0.0344,0.0564,80.04,3.0
max,0.9309999999999999,0.903,11.0,-1.746,1.0,0.42,0.94,0.0134,0.978,0.8809999999999999,180.113,5.0
