,danceability,energy,key,loudness,mode,speechiness,acousticness,instrumentalness,liveness,valence,tempo,time_signature
mean,0.7049400000000001,0.66692,4.42,-5.5044,0.54,0.08173000000000002,0.17632019999999993,0.0003393802,0.17564799999999994,0.545846,122.46974,3.98
std,0.12433224252225261,0.15952990123407929,3.725751533556138,2.000947540847708,0.5034574339058886,0.05051258986325961,0.16947987573618,0.0011524736029408522,0.12847186023977933,0.24468051072901628,31.452109357126638,0.14142135623730945
min,0.258,0.14800000000000002,0.0,-13.519,0.0,0.0232,0.0026100000000000003,0.0,0.0548,0.0736,78.982,3.0
max,0.929,0.897,11.0,-2.082,1.0,0.20800000000000002,0.9109999999999999,0.00527,0.6409999999999999,0.9309999999999999,183.817,4.0
