,danceability,energy,key,loudness,mode,speechiness,acousticness,instrumentalness,liveness,valence,tempo,time_signature
mean,0.7450999999999999,0.6546059999999998,4.54,-5.740919999999999,0.64,0.11345400000000001,0.23772360000000003,0.006770150800000001,0.16204600000000002,0.5705000000000001,119.35508000000003,3.96
std,0.11216956006012342,0.1751790878512848,3.6321130073222094,2.565203861413795,0.4848732213850611,0.08397829702624703,0.22851299340326897,0.040858964009297664,0.13183974225071396,0.26810044188470766,30.422950125193317,0.19794866372215753
min,0.433,0.0413,0.0,-19.447,0.0,0.0247,0.00413,0.0,0.0348,0.114,77.968,3.0
max,0.9359999999999999,0.97,11.0,-2.573,1.0,0.473,0.973,0.28800000000000003,0.6970000000000001,0.983,183.817,4.0
