,danceability,energy,key,loudness,mode,speechiness,acousticness,instrumentalness,liveness,valence,tempo,time_signature
mean,0.7268800000000002,0.66546,5.32,-5.408200000000001,0.5,0.10726400000000004,0.2970534,0.0010799333999999999,0.14423000000000002,0.63568,125.11604000000007,3.98
std,0.10494286881101407,0.13233094105001925,3.3953148992849136,1.8913296586134898,0.5050762722761054,0.08005074859750161,0.21400220551610002,0.005050470063514439,0.1052228000628249,0.23095413803946235,33.80342654769949,0.14142135623730942
min,0.395,0.355,0.0,-10.904000000000002,0.0,0.0298,0.00987,0.0,0.0455,0.158,80.09899999999999,3.0
max,0.9209999999999999,0.914,11.0,-1.9480000000000002,1.0,0.37799999999999995,0.795,0.0311,0.413,0.965,205.017,4.0
