,danceability,energy,key,loudness,mode,speechiness,acousticness,instrumentalness,liveness,valence,tempo,time_signature
mean,0.7181800000000002,0.6699400000000003,4.72,-5.661099999999999,0.54,0.10823199999999998,0.23785840000000003,0.002249048,0.19375599999999996,0.54569,115.31024000000004,4.04
std,0.13521437099084174,0.17067505945031144,3.779860703620639,2.3885298035504983,0.5034574339058886,0.10288107348600448,0.2211262434545627,0.008000655902729838,0.14441599939630184,0.21763944368836174,27.96828191739014,0.1979486637221575
min,0.27,0.222,0.0,-11.947000000000001,0.0,0.028999999999999998,0.00267,0.0,0.0565,0.0705,64.934,4.0
max,0.9640000000000001,0.96,11.0,-0.9279999999999999,1.0,0.53,0.883,0.0404,0.636,0.9229999999999999,180.07299999999998,5.0
