,danceability,energy,key,loudness,mode,speechiness,acousticness,instrumentalness,liveness,valence,tempo,time_signature
mean,0.73614,0.6516999999999998,5.96,-6.145039999999999,0.54,0.12764000000000003,0.27888199999999996,0.014959672000000004,0.17540399999999998,0.6007999999999999,124.23281999999999,4.0
std,0.12368739562596784,0.13528793933907132,3.6475320143788137,2.1769252887164185,0.5034574339058886,0.10691368633870321,0.24235058067828524,0.09285033288300047,0.13727562168937385,0.21628948854982033,32.79638911476291,0.20203050891044214
min,0.456,0.225,0.0,-14.454,0.0,0.0274,0.0125,0.0,0.0359,0.139,77.566,3.0
max,0.941,0.852,11.0,-2.592,1.0,0.415,0.902,0.657,0.685,0.992,191.977,5.0
