,danceability,energy,key,loudness,mode,speechiness,acousticness,instrumentalness,liveness,valence,tempo,time_signature
mean,0.7219000000000002,0.7114800000000001,4.62,-5.3288199999999994,0.62,0.08645199999999999,0.19174139999999998,0.000143294,0.18251200000000004,0.6223799999999998,124.79494000000001,4.0
std,0.11381980925828261,0.15938776231414445,3.4693409360586407,1.9911635885397592,0.4903143514780146,0.058000335115147295,0.18365861249311985,0.0006724700411656313,0.1696961385680239,0.2313900223626326,34.963010188559366,0.0
min,0.447,0.225,0.0,-11.777000000000001,0.0,0.0288,0.00257,0.0,0.0426,0.11900000000000001,79.997,4.0
max,0.9359999999999999,0.97,11.0,-2.6010000000000004,1.0,0.275,0.8009999999999999,0.0045,0.919,0.963,204.882,4.0
