,danceability,energy,key,loudness,mode,speechiness,acousticness,instrumentalness,liveness,valence,tempo,time_signature
mean,0.6299600000000002,0.7032600000000001,5.78,-6.91858,0.52,0.09734200000000003,0.16545054,0.0103337224,0.19146399999999997,0.5641000000000002,125.5491,3.92
std,0.154522828377544,0.161762841019481,3.6325624845392035,3.1892188800547947,0.5046720495044485,0.12376336718570179,0.2126961870377951,0.04299364261357395,0.1353072961515259,0.22211674168953474,30.291599915467906,0.27404751561786983
min,0.212,0.325,0.0,-16.922,0.0,0.0264,0.000455,0.0,0.0415,0.195,75.016,3.0
max,0.903,0.951,11.0,-1.376,1.0,0.765,0.82,0.28,0.605,0.965,184.08599999999998,4.0
