,danceability,energy,key,loudness,mode,speechiness,acousticness,instrumentalness,liveness,valence,tempo,time_signature
mean,0.7230999999999999,0.6678999999999999,5.8,-5.508060000000001,0.62,0.11493200000000002,0.23952600000000002,0.007402937199999999,0.15197200000000005,0.60513,128.23528,3.94
std,0.1368582239742565,0.13943519451482744,3.6645015252516173,2.473742338965769,0.49031435147801444,0.0804702770326677,0.19069263313146695,0.03638570828144793,0.10149177113521698,0.21505316879358755,35.902407788074946,0.23989793748209529
min,0.35700000000000004,0.235,0.0,-16.541,0.0,0.0281,0.0105,0.0,0.0462,0.0895,74.003,3.0
max,0.9079999999999999,0.9109999999999999,11.0,-1.9980000000000002,1.0,0.375,0.753,0.225,0.499,0.9570000000000001,191.99400000000003,4.0
