,danceability,energy,key,loudness,mode,speechiness,acousticness,instrumentalness,liveness,valence,tempo,time_signature
mean,0.6231599999999999,0.6494239999999999,5.22,-7.220580000000001,0.54,0.07041599999999999,0.2486844,0.049326263,0.15295200000000003,0.48972,118.73170000000003,3.98
std,0.14670146835095596,0.19627209617970537,3.7158787792446644,4.159614989493177,0.5034574339058886,0.07309052357682694,0.2621008982080553,0.18720487176644554,0.135730240024627,0.2271221050717981,29.070584296796355,0.14142135623730945
min,0.28,0.0842,0.0,-22.085,0.0,0.0258,0.00133,0.0,0.0377,0.14400000000000002,77.069,3.0
max,0.855,0.961,11.0,-1.7080000000000002,1.0,0.498,0.99,0.9009999999999999,0.727,0.9309999999999999,197.989,4.0
