,danceability,energy,key,loudness,mode,speechiness,acousticness,instrumentalness,liveness,valence,tempo,time_signature
mean,0.7249000000000002,0.6887460000000002,4.3,-5.79656,0.54,0.09722999999999998,0.18347239999999998,0.00018565179999999998,0.17997,0.5574600000000001,118.23390000000003,3.98
std,0.12618875560372378,0.17960029681580855,3.2717092830282244,2.74890748732611,0.5034574339058886,0.06253804474730823,0.20678423195678916,0.0007232567941361082,0.1656458186761681,0.245499840807962,32.254817576097786,0.14142135623730934
min,0.447,0.0413,0.0,-19.447,0.0,0.0263,0.0019399999999999999,0.0,0.0426,0.11900000000000001,77.968,3.0
max,0.9359999999999999,0.97,11.0,-2.082,1.0,0.268,0.973,0.0045,0.96,0.9259999999999999,195.981,4.0
