,danceability,energy,key,loudness,mode,speechiness,acousticness,instrumentalness,liveness,valence,tempo,time_signature
mean,0.68966,0.6771399999999999,6.38,-5.5050799999999995,0.56,0.09148400000000001,0.2301424,0.00029347179999999996,0.16578000000000004,0.5218980000000001,118.89140000000003,3.98
std,0.1381437597843165,0.13471981658090185,3.3799529039105063,1.7195609173772906,0.5014265364224069,0.058668283542963405,0.24689804107768865,0.000989948629699356,0.1290073989335179,0.22902147166961068,31.768290341541665,0.24660966430902945
min,0.32,0.37799999999999995,0.0,-10.177999999999999,0.0,0.028999999999999998,0.0010400000000000001,0.0,0.0501,0.0499,71.91199999999999,3.0
max,0.922,0.961,11.0,-2.384,1.0,0.27,0.9840000000000001,0.00557,0.636,0.905,187.96200000000002,5.0
