,danceability,energy,key,loudness,mode,speechiness,acousticness,instrumentalness,liveness,valence,tempo,time_signature
mean,0.7286799999999998,0.7249800000000003,4.74,-5.13152,0.62,0.093094,0.17637160000000005,0.00017642040000000002,0.17838800000000002,0.5885199999999998,125.6189,4.0
std,0.116111213401424,0.1474708535713455,3.842883696137682,1.4232155205587038,0.49031435147801444,0.06441988984904634,0.17209675744742656,0.0008008680685482753,0.1319999468769219,0.2274471672225245,34.45125725394577,0.20203050891044214
min,0.335,0.37200000000000005,0.0,-8.28,0.0,0.0232,0.0019399999999999999,0.0,0.0465,0.11900000000000001,79.997,3.0
max,0.9359999999999999,0.97,11.0,-2.984,1.0,0.275,0.8009999999999999,0.0045,0.6409999999999999,0.9259999999999999,197.095,5.0
