,danceability,energy,key,loudness,mode,speechiness,acousticness,instrumentalness,liveness,valence,tempo,time_signature
mean,0.6429200000000002,0.6359999999999999,5.56,-6.90394,0.72,0.072004,0.3001380799999999,0.0255690554,0.16781000000000001,0.5466180000000002,115.1336,3.92
std,0.14031216509436875,0.21564530590574812,3.886974585531969,3.1770172470673286,0.4535573676110728,0.055952034706122186,0.2701131312100838,0.1206739836723271,0.1450886797789545,0.25995494561754423,28.274505088506857,0.27404751561786966
min,0.27399999999999997,0.121,0.0,-15.133,0.0,0.0264,0.000155,0.0,0.0573,0.0374,75.01,3.0
max,0.897,0.995,11.0,-2.595,1.0,0.27,0.91,0.809,0.6920000000000001,0.94,182.842,4.0
