,danceability,energy,key,loudness,mode,speechiness,acousticness,instrumentalness,liveness,valence,tempo,time_signature
mean,0.73968,0.6489200000000003,5.7,-5.4403999999999995,0.6,0.13280600000000004,0.2857182,0.015234816999999998,0.168398,0.58235,120.33281999999997,4.0
std,0.10868892889943355,0.15686401754385865,3.780994362247443,2.656626232418762,0.49487165930539356,0.10763401596073954,0.23891210085181658,0.0707577887730615,0.11110678718774866,0.22869077799241383,37.03136057655203,0.0
min,0.442,0.159,0.0,-16.541,0.0,0.0287,0.00838,0.0,0.0501,0.0895,74.93,4.0
max,0.882,0.972,11.0,-1.8,1.0,0.433,0.946,0.465,0.43700000000000006,0.96,192.128,4.0
