,danceability,energy,key,loudness,mode,speechiness,acousticness,instrumentalness,liveness,valence,tempo,time_signature
mean,0.65696,0.6060200000000002,5.46,-6.954980000000003,0.6,0.10939800000000002,0.3578340000000001,0.016396307000000002,0.19571200000000005,0.5674840000000002,119.6436,3.96
std,0.16864392629902514,0.18370689720756989,4.056790729185838,3.7216804548154188,0.4948716593053935,0.10417571790009417,0.26348863865062416,0.11452438083141694,0.1356476883815766,0.23596009378965857,33.905456995616994,0.1979486637221575
min,0.27699999999999997,0.207,0.0,-16.796,0.0,0.027000000000000003,0.0169,0.0,0.0569,0.0742,66.30199999999999,3.0
max,0.912,0.905,11.0,-2.331,1.0,0.45399999999999996,0.8109999999999999,0.81,0.667,0.961,179.84,4.0
