,danceability,energy,key,loudness,mode,speechiness,acousticness,instrumentalness,liveness,valence,tempo,time_signature
mean,0.7132000000000001,0.6822,5.1,-5.8669600000000015,0.64,0.090618,0.2285824,0.021682513599999998,0.18399000000000004,0.5250199999999999,115.98780000000001,3.98
std,0.12203060840524849,0.15519822742518152,3.3760863708847064,2.4672360720251394,0.4848732213850611,0.05976311636411726,0.2528261603178382,0.09318086174438106,0.1574870597210826,0.20902558089714224,32.63979151656606,0.24660966430902945
min,0.27699999999999997,0.273,0.0,-16.526,0.0,0.031,0.0010400000000000001,0.0,0.0491,0.15,71.91199999999999,3.0
max,0.922,0.919,11.0,-2.733,1.0,0.27,0.9840000000000001,0.49700000000000005,0.784,0.848,195.99,5.0
