,danceability,energy,key,loudness,mode,speechiness,acousticness,instrumentalness,liveness,valence,tempo,time_signature
mean,0.7461999999999999,0.6870599999999999,5.46,-5.339760000000001,0.54,0.12156400000000002,0.25064179999999997,0.00042410120000000004,0.1555,0.5882200000000001,124.75918000000003,3.98
std,0.08145538405677512,0.14195276736740747,3.7536920600433716,2.2658929632302423,0.5034574339058886,0.07883236867569315,0.18487890017345662,0.0017205326138403547,0.08924251526381498,0.21827087552406257,35.88321687265795,0.14142135623730945
min,0.527,0.355,0.0,-12.89,0.0,0.0287,0.00579,0.0,0.0515,0.13699999999999998,78.972,3.0
max,0.9059999999999999,0.9590000000000001,11.0,-2.5,1.0,0.37799999999999995,0.74,0.00889,0.369,0.961,202.00599999999997,4.0
