,danceability,energy,key,loudness,mode,speechiness,acousticness,instrumentalness,liveness,valence,tempo,time_signature
mean,0.6443999999999999,0.7000799999999999,5.62,-5.974199999999999,0.58,0.071934,0.21435799200000005,0.0571695976,0.170304,0.5501060000000001,116.60726000000003,3.88
std,0.14703047025590804,0.18769317559055074,4.1200851982472795,2.498425471518951,0.49856938190328975,0.06142744719901483,0.23112521302531028,0.17334247134431166,0.15940873527392613,0.2837339832106324,27.63995916356739,0.4797958749641905
min,0.281,0.225,0.0,-13.668,0.0,0.0269,9.059999999999999e-05,0.0,0.0436,0.0841,70.429,1.0
max,0.889,0.9940000000000001,11.0,-2.432,1.0,0.348,0.785,0.809,0.8220000000000001,0.966,179.91,4.0
