,danceability,energy,key,loudness,mode,speechiness,acousticness,instrumentalness,liveness,valence,tempo,time_signature
mean,0.7352000000000001,0.6751,6.12,-5.399659999999999,0.6,0.151962,0.2805944,0.00022136940000000004,0.16082799999999994,0.5702880000000001,122.09462000000002,4.04
std,0.10696461364128126,0.13848513513392413,3.420466610966214,2.017328467886908,0.49487165930539356,0.1080473911328369,0.21792935152887488,0.000976690777107774,0.11969653642713755,0.2218234641349204,28.944615117877117,0.1979486637221575
min,0.48700000000000004,0.31,0.0,-14.050999999999998,0.0,0.0337,0.004220000000000001,0.0,0.0546,0.0564,80.04,4.0
max,0.9309999999999999,0.858,11.0,-1.9480000000000002,1.0,0.45799999999999996,0.94,0.00524,0.61,0.965,182.18400000000003,5.0
