,danceability,energy,key,loudness,mode,speechiness,acousticness,instrumentalness,liveness,valence,tempo,time_signature
mean,0.7418000000000002,0.6594460000000001,4.72,-6.550840000000001,0.62,0.11267800000000001,0.21991887999999998,0.021530843400000003,0.175664,0.6030980000000001,121.86177999999998,4.0
std,0.11527553504361554,0.1872075866354715,3.7582019148328185,3.907321538666944,0.4903143514780145,0.08117464993356445,0.2347427657529242,0.12589964853918398,0.14564730079397775,0.26533712748201704,31.449911577235294,0.0
min,0.368,0.0413,0.0,-22.601999999999997,0.0,0.0319,0.000704,0.0,0.0461,0.0763,68.837,4.0
max,0.9209999999999999,0.97,11.0,-2.0380000000000003,1.0,0.473,0.973,0.88,0.6970000000000001,0.968,183.817,4.0
