,danceability,energy,key,loudness,mode,speechiness,acousticness,instrumentalness,liveness,valence,tempo,time_signature
mean,0.73544,0.6727600000000001,5.58,-5.326799999999999,0.56,0.14343800000000007,0.25708659999999994,0.012172848000000003,0.15687999999999996,0.58741,126.68303999999998,4.02
std,0.11627766907936628,0.15717201807353026,3.6426610591484816,2.633295607238588,0.5014265364224069,0.11427419922346102,0.24294914122692005,0.0678869390201043,0.10418476523044264,0.209600000243418,36.384051243591976,0.1414213562373095
min,0.433,0.159,0.0,-16.541,0.0,0.0275,0.00903,0.0,0.0501,0.0895,74.93,4.0
max,0.9079999999999999,0.972,11.0,-1.8,1.0,0.479,0.946,0.465,0.43700000000000006,0.9109999999999999,192.128,5.0
