,danceability,energy,key,loudness,mode,speechiness,acousticness,instrumentalness,liveness,valence,tempo,time_signature
mean,0.7382800000000002,0.6788200000000001,5.46,-5.681619999999999,0.62,0.13352399999999998,0.2654928,0.04785242520000001,0.177496,0.6459200000000002,120.83494000000002,3.9
std,0.0854844633216338,0.17882321563203027,4.041670699205507,2.762141574420627,0.49031435147801455,0.1049643001701249,0.2247888171276157,0.19053276956301535,0.12812976356102462,0.19187547407373462,33.46395637429645,0.46291004988627565
min,0.473,0.159,0.0,-15.177,0.0,0.0376,0.000292,0.0,0.0469,0.18899999999999997,76.182,1.0
max,0.925,0.905,11.0,-1.865,1.0,0.45399999999999996,0.946,0.81,0.667,0.961,189.993,4.0
