,danceability,energy,key,loudness,mode,speechiness,acousticness,instrumentalness,liveness,valence,tempo,time_signature
mean,0.7423400000000002,0.6644399999999999,5.02,-5.581499999999998,0.48,0.11291999999999998,0.279808,0.0004288546,0.14689800000000003,0.61472,121.17697999999999,4.0
std,0.08920684745384214,0.14238725005979935,3.5484403012349772,1.7468819481625901,0.5046720495044484,0.09507299665981687,0.19771674753834803,0.0025988550745580175,0.09639423195970825,0.22073467682043169,32.69599135729526,0.0
min,0.546,0.355,0.0,-10.47,0.0,0.0301,0.0036299999999999995,0.0,0.0515,0.11599999999999999,80.09899999999999,4.0
max,0.9009999999999999,0.904,11.0,-2.576,1.0,0.5,0.705,0.0184,0.418,0.9640000000000001,187.99099999999999,4.0
