,danceability,energy,key,loudness,mode,speechiness,acousticness,instrumentalness,liveness,valence,tempo,time_signature
mean,0.6484000000000001,0.6971799999999999,5.08,-6.656240000000001,0.26,0.08525799999999999,0.18838640200000004,0.030707549199999996,0.17813999999999997,0.46909999999999996,120.49428000000003,4.0
std,0.1387205383319357,0.15775448374882134,3.1869632401202166,2.147123966840199,0.443087497693452,0.0842809419714317,0.2210065703411963,0.1468964927805191,0.12894866562840787,0.20844078589491502,26.373430413139946,0.0
min,0.28300000000000003,0.264,0.0,-13.119000000000002,0.0,0.0254,4.11e-05,0.0,0.0467,0.11199999999999999,74.878,4.0
max,0.863,0.956,11.0,-3.6489999999999996,1.0,0.523,0.767,0.966,0.593,0.847,199.813,4.0
