,danceability,energy,key,loudness,mode,speechiness,acousticness,instrumentalness,liveness,valence,tempo,time_signature
mean,0.6498999999999999,0.584504,6.02,-8.541620000000002,0.38,0.11213599999999997,0.3400260000000001,0.05075097179999998,0.153758,0.43622200000000005,126.55403999999999,4.02
std,0.16257811309380746,0.2043165380941433,3.744329045369811,4.0843933273685895,0.49031435147801444,0.10068736775032802,0.3118812131604739,0.1841129598033297,0.08106001075041346,0.21994449512250558,29.784846989058597,0.2466096643090295
min,0.24,0.0562,0.0,-24.017,0.0,0.0272,0.00908,0.0,0.0473,0.0558,75.445,3.0
max,0.943,0.951,11.0,-4.025,1.0,0.426,0.9620000000000001,0.934,0.368,0.8440000000000001,180.033,5.0
