,danceability,energy,key,loudness,mode,speechiness,acousticness,instrumentalness,liveness,valence,tempo,time_signature
mean,0.5759199999999999,0.564598,6.1,-8.54194,0.42,0.08838599999999999,0.39036022599999987,0.16368041319999999,0.170608,0.4166839999999999,120.28236000000003,3.98
std,0.15513875816737183,0.23557834737305633,3.0186495155879203,3.9542628065500787,0.49856938190328975,0.07725827083390424,0.345496146927648,0.3267803023334075,0.14272138526599615,0.23444474511979513,27.401743353416965,0.3187987657774485
min,0.22399999999999998,0.0809,0.0,-19.544,0.0,0.0283,3.02e-05,0.0,0.0513,0.0399,57.86,3.0
max,0.87,0.915,11.0,-2.782,1.0,0.42100000000000004,0.977,0.929,0.653,0.9329999999999999,177.833,5.0
