,danceability,energy,key,loudness,mode,speechiness,acousticness,instrumentalness,liveness,valence,tempo,time_signature
mean,0.6819999999999999,0.5968200000000001,5.52,-7.7274199999999995,0.32,0.106984,0.33855040000000003,0.020661950199999998,0.15017199999999994,0.49388000000000004,126.18806000000001,3.98
std,0.14147719221969082,0.18465043532390094,3.506495430494902,3.2080097911321905,0.4712120714991612,0.0945199090571043,0.2715102146156808,0.11514613413604519,0.10134952863778914,0.17410208593388715,28.789967341539985,0.3187987657774485
min,0.34299999999999997,0.165,0.0,-17.206,0.0,0.0292,0.00982,0.0,0.0565,0.19699999999999998,66.291,3.0
max,0.943,0.858,11.0,-1.893,1.0,0.395,0.866,0.81,0.643,0.8540000000000001,180.033,5.0
