,danceability,energy,key,loudness,mode,speechiness,acousticness,instrumentalness,liveness,valence,tempo,time_signature
mean,0.6752599999999999,0.6306000000000003,5.2,-7.41174,0.46,0.135098,0.27546555999999994,0.058322037599999994,0.167724,0.445758,120.97265999999999,4.0
std,0.15606380301737136,0.16538859620633475,3.4226138716316967,2.84507959653368,0.5034574339058886,0.10946562686663848,0.2819610751851354,0.18633581522844006,0.12159321201515842,0.2186868090326848,29.168974653055812,0.20203050891044214
min,0.19699999999999998,0.18600000000000003,0.0,-15.693,0.0,0.0337,0.000308,0.0,0.0558,0.0519,77.51100000000001,3.0
max,0.9309999999999999,0.8690000000000001,11.0,-2.391,1.0,0.45,0.9690000000000001,0.752,0.7170000000000001,0.866,190.03599999999997,5.0
