,danceability,energy,key,loudness,mode,speechiness,acousticness,instrumentalness,liveness,valence,tempo,time_signature
mean,0.6633999999999999,0.5972899999999999,5.08,-8.069280000000003,0.32,0.09622199999999997,0.32918100000000017,0.050771456000000006,0.24160600000000007,0.4592219999999999,115.7947,4.04
std,0.14164456810435544,0.20420178320794882,3.8324074599102205,3.1190435676891166,0.4712120714991611,0.12249202937834155,0.31732797747884806,0.15292987149061504,0.18534363827490705,0.2029508709927964,24.00205186828316,0.19794866372215744
min,0.222,0.0935,0.0,-14.175999999999998,0.0,0.026000000000000002,0.0034799999999999996,0.0,0.0322,0.0951,66.97399999999999,4.0
max,0.903,0.9420000000000001,11.0,-3.1489999999999996,1.0,0.84,0.955,0.8170000000000001,0.8029999999999999,0.893,172.065,5.0
