,danceability,energy,key,loudness,mode,speechiness,acousticness,instrumentalness,liveness,valence,tempo,time_signature
mean,0.6345999999999998,0.6332,4.16,-7.6538,0.52,0.083834,0.2869341999999999,0.06819016019999999,0.17582799999999996,0.5528040000000001,120.39805999999997,3.9
std,0.12418994668306634,0.15251938652284872,3.4068358651753248,2.8695760975433,0.5046720495044485,0.09009091464759815,0.2537023523262596,0.21143814867691077,0.12926826881508463,0.25346313096618944,27.35973095807719,0.30304576336566336
min,0.365,0.18100000000000002,0.0,-16.715999999999998,0.0,0.0243,0.00114,0.0,0.0706,0.0623,80.984,3.0
max,0.863,0.922,11.0,-3.78,1.0,0.431,0.9690000000000001,0.966,0.638,0.966,174.107,4.0
