,danceability,energy,key,loudness,mode,speechiness,acousticness,instrumentalness,liveness,valence,tempo,time_signature
mean,0.65108,0.5942799999999999,5.02,-7.363120000000001,0.5,0.104052,0.31893847999999997,0.046881941999999996,0.16091999999999998,0.40939600000000004,119.7907,3.96
std,0.17201742199378456,0.17238495601770037,3.3165632568571186,3.046553527097364,0.5050762722761054,0.08922986651088873,0.2966503785218429,0.18673994215194376,0.11829172344984537,0.24254823796262776,28.73043407561865,0.28284271247461873
min,0.17800000000000002,0.251,0.0,-14.154000000000002,0.0,0.025,0.000704,0.0,0.0377,0.0601,66.85,3.0
max,0.909,0.8809999999999999,11.0,-2.4459999999999997,1.0,0.473,0.925,0.8490000000000001,0.649,0.882,191.702,5.0
