,danceability,energy,key,loudness,mode,speechiness,acousticness,instrumentalness,liveness,valence,tempo,time_signature
mean,0.6893800000000002,0.6096059999999999,5.1,-7.52456,0.38,0.09743000000000004,0.278581,0.008444959400000002,0.17798199999999997,0.5055680000000001,123.97360000000002,3.96
std,0.12088599621805933,0.19211057233812415,3.5984690622314277,2.9552459972885154,0.4903143514780145,0.08391198073102603,0.2839923957752448,0.025106751763544943,0.13549817031673778,0.19422402533241487,26.86367637399116,0.1979486637221575
min,0.373,0.0683,0.0,-18.162,0.0,0.0254,0.0026100000000000003,0.0,0.0486,0.0774,85.19,3.0
max,0.9259999999999999,0.934,11.0,-3.915,1.0,0.348,0.932,0.132,0.624,0.821,194.014,4.0
