,danceability,energy,key,loudness,mode,speechiness,acousticness,instrumentalness,liveness,valence,tempo,time_signature
mean,0.6617000000000002,0.609876,5.28,-8.087499999999999,0.3,0.102164,0.30091874,0.0770644634,0.20554600000000003,0.456902,113.73857999999994,3.96
std,0.15213772627163205,0.20335944206638407,3.822810164135855,3.9134134651196244,0.46291004988627565,0.13106472269338487,0.3080012510321008,0.20545696203227423,0.1606316755430108,0.1920430505413421,25.474716389913567,0.28284271247461884
min,0.222,0.0628,0.0,-26.156,0.0,0.0256,0.000667,0.0,0.0322,0.039,64.808,3.0
max,0.909,0.9420000000000001,11.0,-2.997,1.0,0.84,0.9790000000000001,0.9359999999999999,0.8029999999999999,0.893,176.791,5.0
