,danceability,energy,key,loudness,mode,speechiness,acousticness,instrumentalness,liveness,valence,tempo,time_signature
mean,0.61164,0.6061599999999999,4.52,-6.91936,0.46,0.092314,0.28009643399999995,0.0863602816,0.20061199999999996,0.4014040000000001,122.07946000000001,4.0
std,0.16023309041925807,0.20191535506802077,3.315024548189959,2.463076819503507,0.5034574339058886,0.08790296832767551,0.291466287804571,0.22515715194052743,0.1570107063033523,0.2281909815599778,30.75040007186898,0.2857142857142857
min,0.198,0.131,0.0,-13.622,0.0,0.0275,1.9699999999999998e-05,0.0,0.0541,0.0356,67.574,3.0
max,0.925,0.907,11.0,0.175,1.0,0.426,0.935,0.9520000000000001,0.753,0.853,199.94299999999998,5.0
