,danceability,energy,key,loudness,mode,speechiness,acousticness,instrumentalness,liveness,valence,tempo,time_signature
mean,0.6691199999999999,0.6572999999999999,4.46,-7.204460000000001,0.54,0.12248200000000002,0.2649372000000001,0.07853070519999998,0.14401999999999998,0.48560200000000003,121.59582,3.94
std,0.14511988569624013,0.17573835491364742,3.182926390629112,2.90371173591769,0.5034574339058886,0.10546009534513082,0.26202713784551057,0.23198217144518635,0.08200822507280495,0.25064933264443784,26.96567344144426,0.4699109772399583
min,0.35700000000000004,0.183,0.0,-18.097,0.0,0.0281,0.00146,0.0,0.047,0.0478,77.51100000000001,1.0
max,0.9309999999999999,0.9229999999999999,11.0,-3.69,1.0,0.43700000000000006,0.9690000000000001,0.937,0.42,0.958,188.077,5.0
