,danceability,energy,key,loudness,mode,speechiness,acousticness,instrumentalness,liveness,valence,tempo,time_signature
mean,0.65124,0.61559,5.6,-7.758860000000001,0.28,0.09252199999999998,0.3216331799999999,0.04339512079999999,0.20562000000000002,0.451408,121.43634000000003,3.98
std,0.17985397251262322,0.17918601923642347,3.4345186514775166,3.012475841278352,0.45355736761107274,0.06483251983820641,0.2898822442294414,0.1421689239429267,0.14911519037308035,0.20856022361291568,28.119102072645152,0.2466096643090295
min,0.185,0.0655,0.0,-18.214000000000002,0.0,0.0264,0.000149,0.0,0.0519,0.0391,65.991,3.0
max,0.9570000000000001,0.9129999999999999,11.0,-3.937,1.0,0.268,0.93,0.847,0.863,0.853,183.578,5.0
