,danceability,energy,key,loudness,mode,speechiness,acousticness,instrumentalness,liveness,valence,tempo,time_signature
mean,0.6776799999999998,0.5834499999999999,5.56,-8.485,0.26,0.139528,0.36980015999999993,0.0613363628,0.18741,0.46093799999999985,127.44986000000004,3.96
std,0.13849400488019364,0.19959873649962043,3.399639836866277,3.515479164367504,0.443087497693452,0.11669060616582183,0.25458432172187295,0.21013168658606451,0.13025007697126484,0.2160704164226589,30.091156733356538,0.28284271247461873
min,0.332,0.0725,0.0,-17.234,0.0,0.0278,0.00020800000000000001,0.0,0.0663,0.0609,74.987,3.0
max,0.9440000000000001,0.997,11.0,-4.775,1.0,0.506,0.9490000000000001,0.909,0.635,0.932,194.39,5.0
