,danceability,energy,key,loudness,mode,speechiness,acousticness,instrumentalness,liveness,valence,tempo,time_signature
mean,0.6203000000000001,0.6046400000000001,5.46,-7.567739999999998,0.36,0.09554600000000005,0.30402538,0.010068615999999999,0.16245800000000002,0.47183600000000003,121.32988000000003,3.88
std,0.14704688270849445,0.1648408954608247,3.7209281264825553,2.69963890109891,0.4848732213850611,0.1100340192478523,0.2815997467434861,0.0323725083050476,0.09568580192377507,0.19942148448316546,31.153771146337444,0.3282607226593161
min,0.34600000000000003,0.14,0.0,-14.422,0.0,0.0252,0.000375,0.0,0.0657,0.0898,70.031,3.0
max,0.9079999999999999,0.9640000000000001,11.0,-1.865,1.0,0.523,0.9620000000000001,0.13,0.583,0.884,180.033,4.0
