,danceability,energy,key,loudness,mode,speechiness,acousticness,instrumentalness,liveness,valence,tempo,time_signature
mean,0.6121400000000001,0.6015199999999999,5.58,-7.929859999999998,0.4,0.099342,0.3425301399999999,0.14023169419999998,0.17747800000000005,0.49334000000000006,116.04280000000004,3.98
std,0.16383403872485705,0.18050792735150076,3.6258144757067887,2.99985534351922,0.49487165930539356,0.11732208256395238,0.30704154060468486,0.28444915894863726,0.10685287480017197,0.22113608424475195,27.76171975058829,0.14142135623730945
min,0.28800000000000003,0.19,0.0,-16.779,0.0,0.024,0.00024700000000000004,0.0,0.0549,0.11699999999999999,75.009,3.0
max,0.9490000000000001,0.8959999999999999,11.0,-2.384,1.0,0.625,0.9790000000000001,0.955,0.47600000000000003,0.938,192.085,4.0
