,danceability,energy,key,loudness,mode,speechiness,acousticness,instrumentalness,liveness,valence,tempo,time_signature
mean,0.5926999999999999,0.5875199999999999,5.52,-8.32722,0.38,0.08442199999999998,0.38979779999999997,0.027666173199999998,0.15816800000000006,0.410992,107.47932,4.04
std,0.12055606706475809,0.19152388245600183,3.195915760939329,3.0616564496883654,0.4903143514780145,0.10203265441684314,0.2929255805698849,0.12960733513512412,0.10379787548453022,0.20760363317177868,29.127602308155083,0.34758643030275527
min,0.337,0.182,0.0,-16.832,0.0,0.0271,0.00496,0.0,0.0681,0.0556,75.023,3.0
max,0.8240000000000001,0.927,11.0,-2.384,1.0,0.625,0.895,0.897,0.623,0.938,192.085,5.0
