,danceability,energy,key,loudness,mode,speechiness,acousticness,instrumentalness,liveness,valence,tempo,time_signature
mean,0.6829599999999999,0.6375800000000001,4.56,-7.6097199999999985,0.58,0.128552,0.23963866,0.07271651080000002,0.156478,0.47102999999999995,122.58580000000002,3.94
std,0.12882133807276314,0.16276627665559756,3.233498137324596,2.3674691562329344,0.49856938190328975,0.10708728318716541,0.25079114881198067,0.20825401009002348,0.1067847506693264,0.21939538741825942,32.11818558806502,0.4699109772399583
min,0.389,0.135,0.0,-18.097,0.0,0.0256,0.000573,0.0,0.0237,0.0669,45.188,1.0
max,0.9309999999999999,0.996,11.0,-4.115,1.0,0.41200000000000003,0.892,0.889,0.61,0.958,199.977,5.0
