,danceability,energy,key,loudness,mode,speechiness,acousticness,instrumentalness,liveness,valence,tempo,time_signature
mean,0.6175199999999998,0.6167199999999999,5.54,-7.341759999999999,0.6,0.093886,0.28113699999999997,0.0932809456,0.18704000000000004,0.45445599999999997,116.30768,4.0
std,0.16195190014070127,0.18910120818962398,3.626489841627655,2.7875154511148597,0.49487165930539356,0.08064256487356881,0.3075503090901204,0.24765034044033943,0.17018620294685874,0.2515000995333921,29.13272882854524,0.20203050891044214
min,0.254,0.114,0.0,-15.84,0.0,0.0253,0.00088,0.0,0.0461,0.0577,72.637,3.0
max,0.898,0.946,11.0,-2.449,1.0,0.358,0.953,0.904,0.9229999999999999,0.938,196.09,5.0
