,danceability,energy,key,loudness,mode,speechiness,acousticness,instrumentalness,liveness,valence,tempo,time_signature
mean,0.6880199999999997,0.5922800000000001,5.34,-8.168859999999999,0.3,0.12880799999999998,0.3612640000000001,0.0160408026,0.162686,0.478466,120.79004,3.94
std,0.1353951872656258,0.15021943677059063,3.432200460346103,3.1181442087451012,0.46291004988627565,0.11663294217329852,0.2787427266443787,0.07819972701124729,0.12831913024859193,0.20413095197716105,30.855487862337505,0.5115003939990905
min,0.364,0.23199999999999998,0.0,-16.512999999999998,0.0,0.0287,0.0266,0.0,0.0527,0.0393,68.422,1.0
max,0.907,0.843,11.0,-3.0580000000000003,1.0,0.506,0.945,0.53,0.79,0.882,194.39,5.0
