,danceability,energy,key,loudness,mode,speechiness,acousticness,instrumentalness,liveness,valence,tempo,time_signature
mean,0.6805,0.5933500000000002,5.2,-8.120420000000001,0.26,0.14376,0.3740279999999999,0.057021046199999995,0.18578400000000003,0.447398,124.07964000000001,3.98
std,0.13661718450488144,0.19514903383866206,3.251373336211726,3.1917444663330037,0.443087497693452,0.11093656764483173,0.25105660719512346,0.19421137239407588,0.13181484286680312,0.18907601806724,30.777893977731647,0.24660966430902945
min,0.332,0.0725,0.0,-16.755,0.0,0.0278,0.0142,0.0,0.0692,0.0609,78.023,3.0
max,0.8809999999999999,0.997,11.0,-4.775,1.0,0.506,0.915,0.909,0.635,0.9279999999999999,194.39,5.0
