,danceability,energy,key,loudness,mode,speechiness,acousticness,instrumentalness,liveness,valence,tempo,time_signature
mean,0.6286800000000001,0.5824199999999999,4.74,-7.513319999999998,0.46,0.09608399999999997,0.31460779999999994,0.0681160904,0.19918999999999998,0.41986399999999996,121.13892000000001,3.94
std,0.14485199201887675,0.19567685669209312,3.262714532785389,3.435696088101496,0.5034574339058886,0.09834546638856148,0.30997172301113174,0.20738449492768565,0.15272386746634445,0.1924893527508703,28.63746640033304,0.3136356914300022
min,0.317,0.131,0.0,-21.298000000000002,0.0,0.0278,0.00267,0.0,0.0506,0.0356,56.472,3.0
max,0.9640000000000001,0.898,10.0,0.175,1.0,0.53,0.9740000000000001,0.917,0.745,0.853,187.16299999999998,5.0
