,danceability,energy,key,loudness,mode,speechiness,acousticness,instrumentalness,liveness,valence,tempo,time_signature
mean,0.6807799999999999,0.6004200000000002,5.68,-7.812620000000001,0.26,0.082522,0.25688273999999994,0.0545329684,0.14520199999999997,0.47044199999999997,120.54110000000003,3.94
std,0.15164341766937656,0.2033051481524905,3.738601724862231,3.1909814617743795,0.4430874976934521,0.07843593587594079,0.25761027360651767,0.2028970829109008,0.09163398462784161,0.21043312194672417,28.197166097474607,0.313635691430002
min,0.16699999999999998,0.129,0.0,-20.74,0.0,0.0254,0.000997,0.0,0.027000000000000003,0.0531,73.483,3.0
max,0.893,0.9129999999999999,11.0,-3.094,1.0,0.35100000000000003,0.9570000000000001,0.966,0.544,0.9009999999999999,194.014,5.0
