,danceability,energy,key,loudness,mode,speechiness,acousticness,instrumentalness,liveness,valence,tempo,time_signature
mean,0.6638799999999999,0.6347600000000001,5.32,-7.292140000000001,0.5,0.105702,0.17621986000000003,0.06043425640000002,0.17548000000000002,0.48623399999999983,128.47178,4.02
std,0.1147845612885465,0.12716910804443163,3.787412018241265,2.137094527814885,0.5050762722761054,0.08342931381763626,0.21449975554945494,0.18676502125116368,0.12471553918532254,0.2443251827848639,28.475958474338395,0.2466096643090295
min,0.42700000000000005,0.33,0.0,-12.169,0.0,0.0234,0.0005,0.0,0.0662,0.0697,75.175,3.0
max,0.884,0.95,11.0,-2.705,1.0,0.33,0.8059999999999999,0.8390000000000001,0.61,0.9620000000000001,181.995,5.0
