,danceability,energy,key,loudness,mode,speechiness,acousticness,instrumentalness,liveness,valence,tempo,time_signature
mean,0.62944,0.62522,5.28,-7.413560000000002,0.44,0.10173599999999995,0.24758217999999996,0.08277975239999998,0.19350199999999995,0.4655960000000001,120.87131999999998,3.88
std,0.15376103378360872,0.16970674466170596,3.5400910861105226,2.7878558373409335,0.5014265364224069,0.10246213986698917,0.26811898943122253,0.21088678191635227,0.16724116704657987,0.19819427591149452,27.311272960296755,0.5205962045225314
min,0.27699999999999997,0.309,0.0,-14.571,0.0,0.0247,0.000436,0.0,0.0555,0.0395,77.176,1.0
max,0.9129999999999999,0.945,11.0,-2.889,1.0,0.47700000000000004,0.932,0.764,0.9390000000000001,0.938,180.06599999999997,5.0
