,danceability,energy,key,loudness,mode,speechiness,acousticness,instrumentalness,liveness,valence,tempo,time_signature
mean,0.6597600000000001,0.5864699999999998,5.5,-8.287099999999999,0.32,0.11644,0.31773131599999993,0.05248836479999999,0.22374400000000005,0.44658200000000003,120.22063999999996,4.02
std,0.151130104782034,0.21722720189906686,3.9083897200869866,3.625245822769844,0.47121207149916117,0.14378547228707192,0.3148096527557969,0.1801770119145984,0.17483840604561526,0.19240188985664397,25.978861381594108,0.24660966430902953
min,0.222,0.0935,0.0,-15.867,0.0,0.026000000000000002,4.5799999999999995e-05,0.0,0.0322,0.0951,75.619,3.0
max,0.903,0.973,11.0,-2.431,1.0,0.84,0.9890000000000001,0.905,0.8029999999999999,0.893,172.335,5.0
