,danceability,energy,key,loudness,mode,speechiness,acousticness,instrumentalness,liveness,valence,tempo,time_signature
mean,0.6816400000000001,0.6140199999999999,5.46,-7.6724999999999985,0.4,0.11010600000000002,0.2901213999999999,0.025535978399999996,0.15751600000000007,0.47055199999999997,120.14736,4.02
std,0.12705257789994032,0.18990937580964282,3.429821200789883,3.3612417302817943,0.4948716593053935,0.09218062661128411,0.2539814341118465,0.13172209108536823,0.08364062912733457,0.18508588876629187,34.20140527293089,0.2466096643090295
min,0.34700000000000003,0.153,0.0,-17.419,0.0,0.0252,0.00121,0.0,0.0559,0.0376,74.025,3.0
max,0.893,0.9309999999999999,11.0,-2.636,1.0,0.474,0.935,0.9209999999999999,0.354,0.884,199.94,5.0
