,danceability,energy,key,loudness,mode,speechiness,acousticness,instrumentalness,liveness,valence,tempo,time_signature
mean,0.63052,0.57349,5.5,-8.175699999999999,0.38,0.09680599999999996,0.34511743999999994,0.022922039799999995,0.179208,0.41268199999999994,115.36388000000001,3.94
std,0.14176212326230422,0.18408667241053517,3.529756885887382,3.6642376618960113,0.49031435147801455,0.10396486731937232,0.2791396914082924,0.1304135552999602,0.11674754000816971,0.23421922200174355,28.117354536082427,0.2398979374820953
min,0.24600000000000002,0.0645,0.0,-24.433000000000003,0.0,0.0247,0.000192,0.0,0.0327,0.0385,72.99600000000001,3.0
max,0.9209999999999999,0.885,11.0,-3.125,1.0,0.45299999999999996,0.943,0.917,0.645,0.9279999999999999,203.22400000000002,4.0
