,danceability,energy,key,loudness,mode,speechiness,acousticness,instrumentalness,liveness,valence,tempo,time_signature
mean,0.6610400000000002,0.6403399999999999,4.82,-7.437219999999997,0.4,0.09440999999999997,0.2863418,0.051691734399999995,0.153212,0.4871400000000001,114.54317999999999,3.98
std,0.15470709124546506,0.1960144319967803,3.420764922215677,3.6188464578241115,0.49487165930539356,0.08984175487137006,0.2540757746822144,0.1812131759986612,0.11187440049320617,0.23700624378238802,25.21434890942304,0.24660966430902947
min,0.276,0.125,0.0,-20.74,0.0,0.0254,0.00919,0.0,0.0462,0.11199999999999999,72.809,3.0
max,0.951,0.9420000000000001,11.0,-2.544,1.0,0.435,0.847,0.966,0.594,0.9620000000000001,194.014,5.0
