,danceability,energy,key,loudness,mode,speechiness,acousticness,instrumentalness,liveness,valence,tempo,time_signature
mean,0.67668,0.5627099999999998,4.82,-8.318559999999998,0.32,0.119142,0.39817359999999985,0.0217225344,0.15427000000000002,0.49491999999999997,111.07602000000003,4.0
std,0.1402262661354345,0.2072680924379272,3.3116368725314986,3.5945678753658616,0.47121207149916117,0.13234554353614464,0.3144870315275662,0.11557761437848371,0.08914432290461603,0.1960241384553006,24.220340234629745,0.3499271061118826
min,0.38,0.0855,0.0,-18.132,0.0,0.0262,0.00021,0.0,0.0559,0.102,71.975,3.0
max,0.9520000000000001,0.9309999999999999,11.0,-3.1910000000000003,1.0,0.6609999999999999,0.9640000000000001,0.804,0.439,0.9229999999999999,190.178,5.0
