,danceability,energy,key,loudness,mode,speechiness,acousticness,instrumentalness,liveness,valence,tempo,time_signature
mean,0.6800999999999999,0.5870799999999998,4.96,-8.036179999999998,0.42,0.10700200000000003,0.29631939999999996,0.08361138680000002,0.15889200000000003,0.4397499999999999,115.12748000000003,4.0
std,0.14414777706455642,0.1889755237363521,3.2885701874144364,2.9954427132848704,0.49856938190328975,0.09307987460854714,0.29711135126523364,0.2310745919735927,0.09724311179634645,0.19635037638395922,20.927151201191982,0.20203050891044214
min,0.35700000000000004,0.14800000000000002,0.0,-16.289,0.0,0.0283,0.00182,0.0,0.0681,0.0454,83.42299999999999,3.0
max,0.9309999999999999,0.9640000000000001,11.0,-2.823,1.0,0.41200000000000003,0.9690000000000001,0.897,0.435,0.8170000000000001,168.08900000000003,5.0
