,danceability,energy,key,loudness,mode,speechiness,acousticness,instrumentalness,liveness,valence,tempo,time_signature
mean,0.68254,0.5786999999999999,6.1,-8.572999999999999,0.26,0.10797000000000001,0.3776300000000001,0.043479785599999994,0.16266800000000003,0.47441199999999983,118.68511999999998,3.96
std,0.1277243859860372,0.18051968630278842,3.1959796173138706,3.616291634212245,0.44308749769345207,0.08622425969055156,0.27442672807442176,0.14635776893870667,0.10815309904322232,0.16697284838547607,29.882289703161526,0.49321932861805895
min,0.34700000000000003,0.177,0.0,-16.84,0.0,0.0252,0.0152,0.0,0.0711,0.0886,74.025,1.0
max,0.893,0.9309999999999999,11.0,-2.636,1.0,0.376,0.935,0.897,0.614,0.884,199.94,5.0
