,danceability,energy,key,loudness,mode,speechiness,acousticness,instrumentalness,liveness,valence,tempo,time_signature
mean,0.6098600000000001,0.5961399999999999,4.34,-8.112559999999998,0.36,0.08398000000000003,0.3230176,0.11907272799999997,0.14950000000000002,0.39249599999999996,124.30864000000003,4.0
std,0.12492299832378376,0.17214801533469234,3.755866160054814,2.8049230275007693,0.4848732213850611,0.10500000971817255,0.29623799014705615,0.2861969220839805,0.08530525978472123,0.22664066944151476,29.684059843736517,0.20203050891044214
min,0.258,0.106,0.0,-18.214000000000002,0.0,0.0251,0.00655,0.0,0.0621,0.0516,75.002,3.0
max,0.895,0.915,11.0,-2.1109999999999998,1.0,0.523,0.932,0.9390000000000001,0.544,0.852,196.04,5.0
