,danceability,energy,key,loudness,mode,speechiness,acousticness,instrumentalness,liveness,valence,tempo,time_signature
mean,0.58554,0.5567920000000002,4.78,-8.459280000000001,0.4,0.09447799999999998,0.33151895200000003,0.1528777664,0.15993000000000002,0.42473799999999995,122.67807999999997,3.94
std,0.1682015566915758,0.23633959900351623,3.7213668763737107,3.674756307566531,0.49487165930539356,0.10291976920824081,0.3356864287923905,0.2927119406295057,0.11624748976881619,0.2486686475646511,30.766737381391454,0.5115003939990905
min,0.225,0.042,0.0,-17.587,0.0,0.0286,2.36e-05,0.0,0.0293,0.0375,66.915,1.0
max,0.833,0.917,11.0,-3.1830000000000003,1.0,0.475,0.9690000000000001,0.946,0.6779999999999999,0.9309999999999999,189.891,5.0
