,danceability,energy,key,loudness,mode,speechiness,acousticness,instrumentalness,liveness,valence,tempo,time_signature
mean,0.6792,0.6115,4.9,-7.846579999999999,0.42,0.069522,0.24507104000000005,0.0480329138,0.152048,0.4836000000000001,117.79657999999999,3.94
std,0.1404739789979276,0.19990898439243873,3.887447092625079,3.6744818270813395,0.49856938190328975,0.060770499321258685,0.26499585822916294,0.17917519229266643,0.1058893824821402,0.20807906660494152,25.15477211112947,0.3136356914300022
min,0.276,0.147,0.0,-20.74,0.0,0.0254,0.000496,0.0,0.027000000000000003,0.11199999999999999,75.548,3.0
max,0.9129999999999999,0.9129999999999999,11.0,-3.094,1.0,0.305,0.867,0.779,0.687,0.91,194.014,5.0
