,danceability,energy,key,loudness,mode,speechiness,acousticness,instrumentalness,liveness,valence,tempo,time_signature
mean,0.62042,0.63188,5.92,-6.920519999999999,0.36,0.09888,0.227404386,0.06102608199999999,0.188592,0.4299739999999999,112.64452000000001,4.0
std,0.16814487072468312,0.1836682501752793,3.7733761205237384,2.4059970671941686,0.4848732213850611,0.0952552660711507,0.26375786852428396,0.17853799308620455,0.114475575935281,0.20277012500839062,24.488645187348293,0.2857142857142857
min,0.23199999999999998,0.177,0.0,-13.622,0.0,0.0286,3.4200000000000005e-05,0.0,0.0506,0.0356,74.947,3.0
max,0.8859999999999999,0.945,11.0,-2.895,1.0,0.441,0.919,0.856,0.606,0.8420000000000001,169.03599999999997,5.0
