,danceability,energy,key,loudness,mode,speechiness,acousticness,instrumentalness,liveness,valence,tempo,time_signature
mean,0.61054,0.6567799999999999,4.88,-6.210819999999999,0.74,0.06530199999999999,0.21741754000000008,0.005225917600000002,0.18830600000000003,0.4488000000000001,121.10800000000003,4.0
std,0.14979321937734225,0.148595230236302,3.6513346735076455,2.016673414516175,0.443087497693452,0.06678734601520786,0.21612861763813654,0.03491896308634224,0.137254550365073,0.19321078687088178,27.345739551012997,0.0
min,0.29600000000000004,0.271,0.0,-13.185,0.0,0.024,0.000177,0.0,0.0452,0.1,63.43899999999999,4.0
max,0.9009999999999999,0.961,11.0,-2.7489999999999997,1.0,0.33,0.754,0.247,0.632,0.8059999999999999,186.31099999999998,4.0
