,danceability,energy,key,loudness,mode,speechiness,acousticness,instrumentalness,liveness,valence,tempo,time_signature
mean,0.6174599999999999,0.5425499999999999,5.66,-7.237700000000001,0.7,0.06651999999999998,0.48910553999999995,0.0214278248,0.159054,0.4431640000000001,120.86706,3.98
std,0.14391411979910457,0.21144093231241404,3.4083331254262035,3.434376355174196,0.46291004988627565,0.054620183904815975,0.2904655609827592,0.13471193873362344,0.14173311973060998,0.21274427953171715,28.911936454117676,0.14142135623730942
min,0.359,0.0205,0.0,-24.368000000000002,0.0,0.0265,0.000587,0.0,0.03,0.0772,68.53399999999999,3.0
max,0.88,0.9790000000000001,11.0,-2.592,1.0,0.276,0.9940000000000001,0.951,0.9,0.94,183.77599999999998,4.0
