,danceability,energy,key,loudness,mode,speechiness,acousticness,instrumentalness,liveness,valence,tempo,time_signature
mean,0.6004893617021277,0.6110851063829785,4.808510638297872,-7.1315531914893615,0.574468085106383,0.07084680851063828,0.29331205319148934,0.08918935829787233,0.23395531914893614,0.4465106382978722,120.23021276595745,3.978723404255319
std,0.1474624303428748,0.15261514965360673,3.5240681646688103,2.773050390803464,0.49976867914561124,0.07849025652925178,0.2799516331969769,0.2347185999914423,0.21195787195091662,0.2331790394730704,26.344780065373044,0.14586499149789456
min,0.265,0.324,0.0,-15.677999999999999,0.0,0.0239,5.65e-05,0.0,0.067,0.0621,75.922,3.0
max,0.899,0.888,11.0,-2.696,1.0,0.37,0.898,0.88,0.915,0.943,214.13099999999997,4.0
