,danceability,energy,key,loudness,mode,speechiness,acousticness,instrumentalness,liveness,valence,tempo,time_signature
mean,0.6290799999999999,0.5199980000000002,4.54,-8.10474,0.74,0.05823199999999997,0.40186720000000015,0.004340042200000001,0.15306200000000003,0.4521879999999999,120.16362,3.98
std,0.1470087932952395,0.2193311562873988,3.429821200789884,4.262902517041168,0.44308749769345196,0.06120123528165098,0.2831491020721148,0.025196574840009277,0.12039487223808366,0.21688951446696145,25.30678058277856,0.1414213562373095
min,0.22,0.0268,0.0,-26.32,0.0,0.0248,0.0020399999999999997,0.0,0.0556,0.0747,71.021,3.0
max,0.909,0.872,11.0,-0.927,1.0,0.336,0.9640000000000001,0.175,0.625,0.941,177.91299999999998,4.0
