,danceability,energy,key,loudness,mode,speechiness,acousticness,instrumentalness,liveness,valence,tempo,time_signature
mean,0.6130200000000001,0.6742640000000002,5.18,-6.452920000000001,0.5,0.098232,0.25827984,0.0317582584,0.170862,0.47199800000000003,118.11220000000002,3.98
std,0.15281220834870543,0.18329627823915723,3.5149244483418167,3.3701170805072236,0.5050762722761054,0.12744689080362143,0.274715601926225,0.1297878369554199,0.11526743330009497,0.22579675752810113,27.733741717869037,0.473372615022312
min,0.324,0.0972,0.0,-26.134,0.0,0.0252,0.000292,0.0,0.0505,0.0489,74.953,1.0
max,0.9179999999999999,0.96,11.0,-1.807,1.0,0.733,0.97,0.779,0.446,0.9059999999999999,199.669,5.0
