,danceability,energy,key,loudness,mode,speechiness,acousticness,instrumentalness,liveness,valence,tempo,time_signature
mean,0.6126,0.5654199999999999,5.26,-7.278680000000003,0.68,0.06258399999999999,0.39865019999999995,0.051732368199999997,0.18875199999999995,0.42524,113.25144000000002,4.0
std,0.14812956270420422,0.17145988880606378,3.5214213271440986,2.6202712076486767,0.47121207149916117,0.0622642405971747,0.3041631510406539,0.19547831507624328,0.1569033177417461,0.21436451503484075,26.020630923157558,0.0
min,0.28800000000000003,0.136,0.0,-16.076,0.0,0.0282,0.00109,0.0,0.0624,0.105,52.571999999999996,4.0
max,0.898,0.882,11.0,-2.7289999999999996,1.0,0.375,0.988,0.9309999999999999,0.9,0.95,179.97400000000002,4.0
