,danceability,energy,key,loudness,mode,speechiness,acousticness,instrumentalness,liveness,valence,tempo,time_signature
mean,0.6309399999999997,0.525436,4.48,-7.862460000000002,0.66,0.06308,0.36435982,0.013223621199999997,0.184574,0.416128,123.31568000000001,4.0
std,0.15308399855061566,0.22273356166926792,3.6097373978771157,4.275737182937116,0.4785181206984066,0.056852056484621674,0.31043696880034527,0.05175594602530205,0.17457709461228094,0.18935609261981748,24.288313131064765,0.0
min,0.22,0.0268,0.0,-26.32,0.0,0.0248,0.0008609999999999999,0.0,0.0489,0.0747,77.378,4.0
max,0.904,0.91,11.0,-0.927,1.0,0.336,0.9640000000000001,0.28600000000000003,0.893,0.7809999999999999,177.91299999999998,4.0
