,danceability,energy,key,loudness,mode,speechiness,acousticness,instrumentalness,liveness,valence,tempo,time_signature
mean,0.5796,0.6100799999999998,4.58,-6.85026,0.68,0.062388000000000006,0.37883430000000007,0.10780705260000001,0.14426400000000003,0.37576599999999993,123.72366000000005,3.98
std,0.15732521886142703,0.21436625534018042,3.499795912417098,2.8540747870727006,0.4712120714991612,0.03614101429519811,0.32759953346508414,0.26626033739923516,0.10776471112226536,0.1988696718241084,28.313729904887825,0.514682386704338
min,0.19399999999999998,0.17,0.0,-15.855,0.0,0.0259,0.000575,0.0,0.0335,0.0385,78.643,1.0
max,0.861,0.945,11.0,-2.8760000000000003,1.0,0.17,0.978,0.948,0.716,0.9309999999999999,199.572,5.0
