,danceability,energy,key,loudness,mode,speechiness,acousticness,instrumentalness,liveness,valence,tempo,time_signature
mean,0.60734,0.5681999999999998,5.96,-7.19336,0.68,0.0737,0.4167490000000001,0.0020816806,0.14313800000000002,0.3744759999999999,119.13688,4.0
std,0.16511265294720845,0.18550526699162118,3.4520623826746744,3.123193837293184,0.4712120714991611,0.06407911245531749,0.2743975297551242,0.010646955130212049,0.09867610568244504,0.18781452374779817,29.692797285509624,0.20203050891044214
min,0.182,0.10300000000000001,0.0,-18.97,0.0,0.0259,0.00585,0.0,0.0649,0.0392,71.99600000000001,3.0
max,0.865,0.9690000000000001,11.0,-0.8240000000000001,1.0,0.321,0.972,0.0689,0.5329999999999999,0.8959999999999999,182.007,5.0
