,danceability,energy,key,loudness,mode,speechiness,acousticness,instrumentalness,liveness,valence,tempo,time_signature
mean,0.5928599999999999,0.62664,5.44,-6.684179999999997,0.72,0.08957799999999999,0.29726235999999995,0.0034702456000000005,0.20343400000000006,0.4491019999999999,128.73930000000001,3.94
std,0.1485614021342072,0.17733040302422678,3.592281976114677,2.463783308537618,0.4535573676110726,0.08505523605041511,0.28968059895746817,0.016651322034466662,0.15881480243815244,0.22219136768441158,32.17247558512572,0.2398979374820953
min,0.22699999999999998,0.23399999999999999,0.0,-13.022,0.0,0.0268,0.0007379999999999999,0.0,0.0545,0.0449,73.521,3.0
max,0.9229999999999999,0.917,11.0,-2.384,1.0,0.364,0.929,0.114,0.9420000000000001,0.963,199.23,4.0
