,danceability,energy,key,loudness,mode,speechiness,acousticness,instrumentalness,liveness,valence,tempo,time_signature
mean,0.6412400000000001,0.59254,4.9,-7.165320000000001,0.62,0.07956800000000001,0.3381076,0.0035675604,0.188198,0.4427199999999998,122.19012,4.0
std,0.14119122363891126,0.18799492068692078,4.051958458195096,2.686237475179963,0.4903143514780146,0.07544317077328158,0.2685001957097299,0.02288842572379548,0.1306351571424502,0.21578844893524202,30.266969633606077,0.0
min,0.113,0.19699999999999998,0.0,-14.956,0.0,0.0252,0.00176,0.0,0.0574,0.13699999999999998,73.96300000000001,4.0
max,0.9059999999999999,0.951,11.0,-2.6519999999999997,1.0,0.332,0.88,0.162,0.738,0.9640000000000001,202.00599999999997,4.0
