,danceability,energy,key,loudness,mode,speechiness,acousticness,instrumentalness,liveness,valence,tempo,time_signature
mean,0.60026,0.5949599999999999,3.78,-6.5784600000000015,0.66,0.057026000000000014,0.3306347799999999,0.05059610319999999,0.14765199999999998,0.49345999999999984,120.0112,3.9
std,0.11914402363252191,0.188393418144053,3.4716931116134804,2.6111808901767968,0.47851812069840666,0.04312018235734413,0.2711206634511193,0.19038408751167565,0.10067400256191633,0.23107161271796595,26.370702474913486,0.30304576336566336
min,0.32799999999999996,0.142,0.0,-13.729000000000001,0.0,0.0238,0.000679,0.0,0.0542,0.109,75.922,3.0
max,0.804,0.9890000000000001,11.0,-0.787,1.0,0.23199999999999998,0.972,0.9279999999999999,0.5479999999999999,0.943,177.78400000000002,4.0
