,danceability,energy,key,loudness,mode,speechiness,acousticness,instrumentalness,liveness,valence,tempo,time_signature
mean,0.61304,0.6298999999999999,3.76,-6.61866,0.68,0.07721000000000001,0.2964420619999999,0.028413074000000003,0.19836599999999993,0.47753600000000007,125.459,3.94
std,0.14508772293663846,0.206308195253052,3.43190314310784,3.0032449906522034,0.471212071499161,0.049536040270840034,0.30259067829877817,0.14016419847981884,0.15123832471045323,0.195689814695375,27.188593974049382,0.23989793748209529
min,0.182,0.147,0.0,-16.632,0.0,0.0278,4.01e-05,0.0,0.0216,0.026000000000000002,82.029,3.0
max,0.877,0.983,11.0,-2.481,1.0,0.266,0.938,0.914,0.856,0.9690000000000001,191.96900000000002,4.0
