,danceability,energy,key,loudness,mode,speechiness,acousticness,instrumentalness,liveness,valence,tempo,time_signature
mean,0.6153,0.5998667999999998,5.18,-7.0912599999999975,0.64,0.06771400000000001,0.35448940000000007,0.05287065380000001,0.165668,0.4314580000000002,119.29372000000001,4.0
std,0.1468625971749771,0.22863714932349796,3.5032929116032814,4.201473316952189,0.4848732213850611,0.06319039584090776,0.31729107167542364,0.21116892111032007,0.0971466100955727,0.20066434364940097,31.362228159103637,0.2857142857142857
min,0.314,0.008440000000000001,0.0,-23.823,0.0,0.027999999999999997,0.00116,0.0,0.0492,0.0681,62.011,3.0
max,0.9079999999999999,0.963,11.0,-2.495,1.0,0.395,0.996,0.9590000000000001,0.38299999999999995,0.9520000000000001,207.335,5.0
