,danceability,energy,key,loudness,mode,speechiness,acousticness,instrumentalness,liveness,valence,tempo,time_signature
mean,0.6235,0.5635200000000002,5.84,-7.6309000000000005,0.76,0.06538799999999999,0.41534199999999993,0.040117007200000006,0.18581200000000006,0.44525400000000004,118.90362,3.96
std,0.1562396445548064,0.16497411547121626,3.5820413744348714,2.953305144327319,0.4314191105869001,0.08166222527420308,0.27964933952712845,0.17671585182653077,0.20113058164652486,0.22733523139331718,31.133298209204636,0.1979486637221575
min,0.294,0.146,0.0,-14.845999999999998,0.0,0.0262,0.0103,0.0,0.0465,0.0777,69.111,3.0
max,0.88,0.945,11.0,-1.945,1.0,0.467,0.9329999999999999,0.9640000000000001,0.909,0.9640000000000001,177.658,4.0
