,danceability,energy,key,loudness,mode,speechiness,acousticness,instrumentalness,liveness,valence,tempo,time_signature
mean,0.6068799999999998,0.53606,5.26,-7.4266000000000005,0.74,0.059583999999999984,0.4437266000000002,0.0021876308,0.16908399999999996,0.4095340000000002,131.16592,3.96
std,0.14484046677750848,0.15665501027703504,3.8215821063949886,2.526409721647035,0.4430874976934521,0.053453505870016786,0.27974313164853687,0.014839245980464981,0.16237605051112627,0.20594695335430035,26.251170798255526,0.19794866372215744
min,0.29,0.18100000000000002,0.0,-15.359000000000002,0.0,0.0246,0.00923,0.0,0.0521,0.0747,74.058,3.0
max,0.909,0.852,11.0,-3.595,1.0,0.331,0.963,0.105,0.929,0.927,183.755,4.0
