,danceability,energy,key,loudness,mode,speechiness,acousticness,instrumentalness,liveness,valence,tempo,time_signature
mean,0.6271999999999998,0.6026799999999999,6.3,-7.0921,0.62,0.09472400000000002,0.3684407480000001,0.0077053328,0.17967999999999995,0.43216,120.82052000000002,3.96
std,0.14477160055249305,0.20790475056169946,3.5642785571070426,3.076739284120282,0.49031435147801455,0.09978259134084401,0.2995870108586555,0.05245304889572768,0.12999465138133606,0.20690660024390176,31.399113432979963,0.19794866372215753
min,0.304,0.15,0.0,-16.006,0.0,0.0285,6.14e-05,0.0,0.0441,0.114,73.51,3.0
max,0.86,0.948,11.0,-2.6519999999999997,1.0,0.36200000000000004,0.909,0.371,0.752,0.9640000000000001,207.335,4.0
