,danceability,energy,key,loudness,mode,speechiness,acousticness,instrumentalness,liveness,valence,tempo,time_signature
mean,0.59612,0.6722799999999998,4.72,-6.290159999999999,0.6,0.08908200000000001,0.24519616,0.033502326000000006,0.13925600000000002,0.4305480000000001,119.16711999999998,3.9
std,0.15407162924683934,0.160179496254696,3.833472342939444,2.298459522801997,0.4948716593053935,0.09191603686328662,0.26164706989653685,0.13394229107342367,0.07785875531750966,0.2294254778656406,29.831392318475107,0.4629100498862757
min,0.191,0.259,0.0,-14.356,0.0,0.0285,0.000718,0.0,0.047,0.0576,72.57,1.0
max,0.884,0.965,11.0,-2.9760000000000004,1.0,0.408,0.96,0.8170000000000001,0.396,0.91,191.892,4.0
