,danceability,energy,key,loudness,mode,speechiness,acousticness,instrumentalness,liveness,valence,tempo,time_signature
mean,0.5944,0.531922,5.6,-7.55196,0.68,0.072772,0.47254962000000006,0.0308175272,0.16052799999999998,0.42279999999999995,130.19400000000002,4.0
std,0.15710532019207069,0.19950356274247028,3.5340905362437085,2.9490246603490684,0.47121207149916117,0.07618540499789889,0.33015083880052365,0.152954834633289,0.09345250685099193,0.18346684068968172,28.12488488429956,0.2857142857142857
min,0.262,0.0831,0.0,-14.832,0.0,0.0271,0.00019099999999999998,0.0,0.0606,0.16699999999999998,77.492,3.0
max,0.838,0.887,11.0,-3.145,1.0,0.38299999999999995,0.9259999999999999,0.873,0.46,0.836,180.143,5.0
