,danceability,energy,key,loudness,mode,speechiness,acousticness,instrumentalness,liveness,valence,tempo,time_signature
mean,0.6128400000000002,0.61726,4.86,-6.954599999999999,0.56,0.061198,0.28783312,0.0260975402,0.18134600000000003,0.42601999999999995,123.87003999999999,4.0
std,0.16196199604618766,0.19167977228189945,3.545678600027627,3.1940286760881578,0.5014265364224069,0.02960483613278377,0.2880664720699055,0.11296591688155219,0.1340604161852226,0.21407985254410591,30.00872339426436,0.20203050891044214
min,0.252,0.273,0.0,-18.197,0.0,0.0257,0.000466,0.0,0.0215,0.11800000000000001,72.502,3.0
max,0.95,0.9059999999999999,11.0,-1.466,1.0,0.156,0.9420000000000001,0.6759999999999999,0.747,0.9259999999999999,199.75599999999997,5.0
