,danceability,energy,key,loudness,mode,speechiness,acousticness,instrumentalness,liveness,valence,tempo,time_signature
mean,0.52416,0.5907479999999998,6.0,-6.966220000000001,0.68,0.079846,0.2972359800000001,0.0249231236,0.15257399999999996,0.376026,116.99378,3.88
std,0.15668782951578386,0.22515984276028603,3.27638426890849,3.619980698392561,0.4712120714991612,0.08038657672999483,0.28075535367323495,0.11296200452684585,0.10948212939627569,0.23942065176980357,30.969476497713824,0.328260722659316
min,0.22,0.0824,0.0,-17.372,0.0,0.0264,0.000239,0.0,0.0424,0.0394,54.747,3.0
max,0.78,0.971,11.0,-0.387,1.0,0.473,0.9670000000000001,0.731,0.585,0.9390000000000001,191.702,4.0
