,danceability,energy,key,loudness,mode,speechiness,acousticness,instrumentalness,liveness,valence,tempo,time_signature
mean,0.64276,0.56946,5.58,-7.432020000000001,0.6,0.08654,0.34220020000000007,0.008596765799999998,0.15825000000000003,0.4377200000000001,121.41138,3.94
std,0.13852717408214055,0.19373811589622839,4.21411621935182,2.630418027537037,0.4948716593053935,0.07797474473396197,0.266005047385671,0.05247002627158333,0.09928985243174836,0.19778756280413587,30.479930812960465,0.4242640687119286
min,0.242,0.19699999999999998,0.0,-14.956,0.0,0.0252,0.00579,0.0,0.0211,0.13699999999999998,73.96300000000001,1.0
max,0.9059999999999999,0.895,11.0,-2.6519999999999997,1.0,0.285,0.905,0.369,0.583,0.9640000000000001,202.00599999999997,4.0
