,danceability,energy,key,loudness,mode,speechiness,acousticness,instrumentalness,liveness,valence,tempo,time_signature
mean,0.63592,0.5466000000000001,5.48,-7.243620000000001,0.64,0.08860000000000003,0.46210980000000007,0.0157083244,0.15291600000000005,0.44800000000000006,119.9611,3.94
std,0.16142172425427903,0.2007487006591239,3.6490982951061945,2.7556547419324313,0.4848732213850611,0.09703888763936712,0.2931185780567311,0.11101456722027131,0.13871195872698777,0.20559321834285155,27.479645723178976,0.46991097723995817
min,0.294,0.154,0.0,-14.247,0.0,0.0275,0.00339,0.0,0.0441,0.125,78.013,1.0
max,0.914,0.9790000000000001,11.0,-2.8,1.0,0.461,0.975,0.785,0.9,0.9229999999999999,190.097,5.0
