,danceability,energy,key,loudness,mode,speechiness,acousticness,instrumentalness,liveness,valence,tempo,time_signature
mean,0.5698999999999999,0.6352600000000002,5.42,-6.4272800000000005,0.6,0.09067800000000002,0.27131298,0.016687308200000004,0.22865800000000003,0.45585999999999993,125.21882000000001,3.96
std,0.16775763007678549,0.2269018316904687,3.687208999240703,3.2269140375464427,0.49487165930539356,0.11245822678412,0.3045797125105341,0.07941244209249432,0.20461057695045973,0.20376987921051865,32.044086521025044,0.19794866372215753
min,0.226,0.18600000000000003,0.0,-15.218,0.0,0.0274,0.000849,0.0,0.0387,0.14800000000000002,78.984,3.0
max,0.8740000000000001,0.966,11.0,-1.3969999999999998,1.0,0.765,0.938,0.46,0.9590000000000001,0.8909999999999999,203.66099999999997,4.0
