,danceability,energy,key,loudness,mode,speechiness,acousticness,instrumentalness,liveness,valence,tempo,time_signature
mean,0.6310600000000001,0.6690999999999997,5.34,-6.069000000000002,0.64,0.06807799999999999,0.23116740000000008,0.03883594359999999,0.14846199999999998,0.47852399999999995,122.00319999999998,3.98
std,0.12142326206880033,0.20676253262610028,3.7395296004515144,2.920631997583078,0.4848732213850611,0.06041664958385872,0.28315446365003455,0.1660105167792496,0.0922283587579421,0.22162120244107644,24.338663847416747,0.1414213562373095
min,0.276,0.124,0.0,-15.540999999999999,0.0,0.0275,0.00179,0.0,0.0403,0.0622,72.98899999999999,3.0
max,0.831,0.941,11.0,-2.552,1.0,0.327,0.96,0.8440000000000001,0.39799999999999996,0.93,183.91,4.0
