,danceability,energy,key,loudness,mode,speechiness,acousticness,instrumentalness,liveness,valence,tempo,time_signature
mean,0.60856,0.5461720000000002,5.62,-7.504840000000001,0.6,0.075198,0.3790921999999998,0.004217289400000001,0.18087799999999998,0.420072,124.75791999999994,3.96
std,0.14275727366293273,0.18835314643357717,3.415988816117046,3.056368549205319,0.4948716593053935,0.06877005901063726,0.3031722164138153,0.02897642464837814,0.14587400670665446,0.2009037083190017,32.17064624641284,0.28284271247461895
min,0.20199999999999999,0.0246,0.0,-22.175,0.0,0.0279,0.00147,0.0,0.0575,0.0536,72.454,3.0
max,0.8959999999999999,0.887,11.0,-2.844,1.0,0.325,0.97,0.205,0.79,0.836,205.364,5.0
