,danceability,energy,key,loudness,mode,speechiness,acousticness,instrumentalness,liveness,valence,tempo,time_signature
mean,0.6097400000000001,0.5845319999999998,5.86,-7.214859999999999,0.68,0.07647599999999999,0.311267,0.0004225394,0.164308,0.4245559999999998,121.73118000000002,3.94
std,0.14654229869263838,0.19457458612919346,3.4993293818171765,3.110601451192882,0.4712120714991612,0.06078272969003144,0.27047083090116647,0.0015355042510649091,0.10241943541643066,0.19551204270022937,27.899344061991638,0.2398979374820953
min,0.266,0.0596,0.0,-18.515,0.0,0.0285,0.0085,0.0,0.0559,0.0578,76.508,3.0
max,0.867,0.965,11.0,-1.746,1.0,0.321,0.905,0.00925,0.579,0.92,186.31099999999998,4.0
