,danceability,energy,key,loudness,mode,speechiness,acousticness,instrumentalness,liveness,valence,tempo,time_signature
mean,0.6078600000000001,0.56026,4.82,-7.447239999999997,0.8,0.06836800000000003,0.32453945999999995,0.0402668556,0.16868199999999997,0.405654,117.36013999999999,3.98
std,0.16470121494415768,0.19033652367556247,3.815596350533437,2.913232390598569,0.40406101782088427,0.06007646637615181,0.3167935323053461,0.14121627016105903,0.15266998380527205,0.21309096956512275,27.557884354246802,0.2466096643090295
min,0.243,0.157,0.0,-14.347999999999999,0.0,0.027999999999999997,0.000763,0.0,0.0461,0.0862,64.205,3.0
max,0.981,0.946,11.0,-3.1830000000000003,1.0,0.37,0.927,0.684,0.9229999999999999,0.94,199.572,5.0
