,danceability,energy,key,loudness,mode,speechiness,acousticness,instrumentalness,liveness,valence,tempo,time_signature
mean,0.65724,0.5903200000000001,4.96,-6.90158,0.7,0.08266800000000002,0.3296092,0.029728704399999993,0.171312,0.4368,122.19764,4.0
std,0.14196069591148625,0.20649568261534068,3.9587670725484565,2.744498155605583,0.4629100498862757,0.07666227137948121,0.28508729996867377,0.13821862086891765,0.12008145133659086,0.2089463362410823,28.399382217166885,0.0
min,0.113,0.174,0.0,-14.956,0.0,0.0252,0.00176,0.0,0.0388,0.13699999999999998,75.014,4.0
max,0.909,0.951,11.0,-2.6519999999999997,1.0,0.33399999999999996,0.953,0.871,0.738,0.9640000000000001,202.00599999999997,4.0
