,danceability,energy,key,loudness,mode,speechiness,acousticness,instrumentalness,liveness,valence,tempo,time_signature
mean,0.6394599999999998,0.5318800000000001,4.96,-7.8016,0.6,0.07103000000000001,0.38890540000000007,0.030164634600000007,0.16018800000000005,0.4363940000000001,111.65035999999996,3.96
std,0.14754870658981234,0.1967565200019184,3.4579692046645185,3.1974008896257584,0.4948716593053936,0.08428017960036269,0.2543436936084875,0.13803545864076375,0.11187682665707471,0.19437803101908702,23.075570405544138,0.1979486637221575
min,0.325,0.175,0.0,-16.401,0.0,0.0252,0.00987,0.0,0.0565,0.0827,74.818,3.0
max,0.9420000000000001,0.904,11.0,-2.293,1.0,0.54,0.89,0.884,0.625,0.9129999999999999,177.91299999999998,4.0
