,danceability,energy,key,loudness,mode,speechiness,acousticness,instrumentalness,liveness,valence,tempo,time_signature
mean,0.57438,0.5902800000000001,4.56,-7.158480000000002,0.74,0.068868,0.34962900000000013,0.0035776310000000004,0.18422799999999998,0.382752,121.29204000000001,3.96
std,0.157663927001553,0.23608257289450613,4.036365307793533,2.8972973771134667,0.44308749769345207,0.05598654153145255,0.3211033315804133,0.013635752432175671,0.13197494821026468,0.19437743028469545,31.589132079710385,0.44994330708638913
min,0.235,0.131,0.0,-12.790999999999999,0.0,0.0255,0.002,0.0,0.0563,0.0906,64.205,1.0
max,0.9129999999999999,0.9840000000000001,11.0,-1.058,1.0,0.23399999999999999,0.968,0.085,0.64,0.93,203.66099999999997,5.0
