,danceability,energy,key,loudness,mode,speechiness,acousticness,instrumentalness,liveness,valence,tempo,time_signature
mean,0.60868,0.5562759999999999,4.62,-7.548939999999998,0.72,0.06615599999999999,0.3543919239999999,0.046340515000000006,0.1689,0.44019400000000014,116.51261999999997,4.0
std,0.15265640223343777,0.21733624054230172,3.3617900965201897,3.7057085108997847,0.4535573676110727,0.052155482463691276,0.3206077211569428,0.17757173036287194,0.1307703907696265,0.2630442342020421,29.089680159661924,0.20203050891044214
min,0.273,0.0888,0.0,-17.599,0.0,0.0277,3.02e-05,0.0,0.0504,0.0507,61.983000000000004,3.0
max,0.858,0.915,11.0,-2.656,1.0,0.249,0.97,0.884,0.845,0.946,200.02599999999998,5.0
