,danceability,energy,key,loudness,mode,speechiness,acousticness,instrumentalness,liveness,valence,tempo,time_signature
mean,0.6388400000000001,0.61222,4.94,-7.16276,0.62,0.059754,0.3093538,0.0062509205999999986,0.16902599999999995,0.431086,113.96559999999998,3.98
std,0.11719169016998586,0.19565685184390907,3.638849335957167,2.555113484919276,0.4903143514780145,0.03353293361360878,0.27669920105569,0.028583266579125202,0.10368170446523496,0.23401078468955316,24.52400817691155,0.14142135623730948
min,0.377,0.172,0.0,-14.702,0.0,0.0245,0.0019399999999999999,0.0,0.047,0.0573,77.26100000000001,3.0
max,0.919,0.94,11.0,-2.8489999999999998,1.0,0.20600000000000002,0.991,0.16899999999999998,0.583,0.963,177.954,4.0
