,danceability,energy,key,loudness,mode,speechiness,acousticness,instrumentalness,liveness,valence,tempo,time_signature
mean,0.5510800000000002,0.6,5.6,-7.210920000000002,0.64,0.07991799999999998,0.3385826079999999,0.033215385800000004,0.15776199999999999,0.4234180000000001,126.89613999999997,3.88
std,0.16694589616069622,0.21322585515392461,3.469987943283177,3.2422262120024743,0.4848732213850611,0.07960803130953303,0.32632649565242694,0.13661917370050655,0.11904482415957307,0.2505524815201765,33.23645241390291,0.32826072265931605
min,0.252,0.14400000000000002,0.0,-17.657,0.0,0.0283,2.14e-05,0.0,0.0215,0.0677,54.747,3.0
max,0.846,0.9890000000000001,11.0,-2.259,1.0,0.473,0.9590000000000001,0.9009999999999999,0.585,0.9390000000000001,214.351,4.0
