,danceability,energy,key,loudness,mode,speechiness,acousticness,instrumentalness,liveness,valence,tempo,time_signature
mean,0.5570599999999998,0.5036799999999999,5.8,-7.952900000000002,0.7,0.07839999999999998,0.4570987999999999,0.06417877739999998,0.139312,0.36178000000000005,120.59958,4.0
std,0.17471789623649356,0.18648744992516747,3.422613871631697,3.107726022449895,0.46291004988627565,0.07261516960761615,0.3200777620927228,0.2220290623592243,0.08198879375890838,0.15821069521885256,29.307852160275605,0.3499271061118826
min,0.228,0.107,0.0,-18.562,0.0,0.0241,0.0019399999999999999,0.0,0.0464,0.11800000000000001,72.097,3.0
max,0.848,0.838,11.0,-3.28,1.0,0.321,0.977,0.9359999999999999,0.46,0.8240000000000001,183.44,5.0
