,danceability,energy,key,loudness,mode,speechiness,acousticness,instrumentalness,liveness,valence,tempo,time_signature
mean,0.5949999999999999,0.5605600000000002,4.36,-6.920480000000001,0.84,0.05890199999999999,0.3846355400000001,0.022928232399999998,0.17739600000000003,0.41691999999999996,122.22424000000001,3.96
std,0.12093833814243134,0.19712517104932212,3.847925494632776,2.5592658644419806,0.37032803990902047,0.05512667967731141,0.2967418131454779,0.12589015685935412,0.16697004003529423,0.18791974405070272,26.585794487911574,0.1979486637221575
min,0.335,0.175,0.0,-12.603,0.0,0.0265,0.000177,0.0,0.051,0.1,71.757,3.0
max,0.8420000000000001,0.894,11.0,-2.7489999999999997,1.0,0.281,0.929,0.861,0.9259999999999999,0.9620000000000001,180.055,4.0
