,danceability,energy,key,loudness,mode,speechiness,acousticness,instrumentalness,liveness,valence,tempo,time_signature
mean,0.6770599999999999,0.67352,5.56,-6.355100000000001,0.62,0.11052200000000001,0.26654432800000005,0.0004033454,0.21013,0.5702900000000001,119.46103999999997,4.02
std,0.12674712249682235,0.1519802941039343,3.8127605297399487,3.0127594934388835,0.49031435147801455,0.09484457595326737,0.2571237217224734,0.0013606600282969068,0.17370460411225694,0.2193843912461618,29.744580581301705,0.14142135623730942
min,0.307,0.29100000000000004,0.0,-16.070999999999998,0.0,0.0233,2.64e-05,0.0,0.0378,0.0605,76.469,4.0
max,0.934,0.988,11.0,-2.042,1.0,0.364,0.872,0.007540000000000001,0.857,0.914,186.113,5.0
