,danceability,energy,key,loudness,mode,speechiness,acousticness,instrumentalness,liveness,valence,tempo,time_signature
mean,0.6413600000000003,0.6489439999999999,5.7,-6.299759999999999,0.6,0.09099999999999998,0.26716500000000004,0.011967654400000003,0.187892,0.5244,117.28185999999998,3.96
std,0.1495619126458528,0.19557501213454792,3.506553631038165,2.899524405477419,0.49487165930539356,0.08500111643924665,0.2580396563989531,0.03983589222343969,0.158670272719555,0.242386855574105,30.16271484290308,0.19794866372215744
min,0.222,0.0962,0.0,-16.691,0.0,0.024,0.0012900000000000001,0.0,0.0445,0.11199999999999999,55.453,3.0
max,0.865,0.981,11.0,-1.953,1.0,0.39799999999999996,0.94,0.22,0.9790000000000001,0.935,179.00599999999997,4.0
