,danceability,energy,key,loudness,mode,speechiness,acousticness,instrumentalness,liveness,valence,tempo,time_signature
mean,0.6276600000000001,0.6345999999999998,4.78,-8.583919999999999,0.68,0.04829600000000001,0.2479640400000001,0.010368296800000001,0.13983,0.55504,116.83502000000003,3.96
std,0.1355935718782195,0.19688544270976566,3.70487819624068,3.9534434530326257,0.47121207149916117,0.0315635281647043,0.2196654257463493,0.051753104419668204,0.11526820056383501,0.21983369966910002,29.7256607138873,0.1979486637221575
min,0.261,0.233,0.0,-18.064,0.0,0.0228,0.000202,0.0,0.035,0.113,69.979,3.0
max,0.887,0.943,11.0,-2.738,1.0,0.213,0.8,0.355,0.601,0.958,189.507,4.0
