,danceability,energy,key,loudness,mode,speechiness,acousticness,instrumentalness,liveness,valence,tempo,time_signature
mean,0.6461000000000001,0.71394,6.08,-7.014539999999999,0.46,0.077076,0.19135471999999998,0.0461983872,0.185356,0.6295199999999999,120.93205999999998,3.94
std,0.13485839133804658,0.16313089898630986,3.7023985606685863,3.1984571038715095,0.5034574339058886,0.07862779681927418,0.2136808481014351,0.14798812050655744,0.15851121271096896,0.24817178382264632,24.10438212967653,0.3136356914300021
min,0.303,0.304,0.0,-13.825999999999999,0.0,0.0293,0.00045599999999999997,0.0,0.0332,0.14800000000000002,74.92399999999999,3.0
max,0.92,0.993,11.0,-1.6980000000000002,1.0,0.495,0.929,0.78,0.9520000000000001,0.978,179.91099999999997,5.0
