,danceability,energy,key,loudness,mode,speechiness,acousticness,instrumentalness,liveness,valence,tempo,time_signature
mean,0.6258,0.6710400000000003,5.74,-6.744120000000002,0.6,0.07237199999999999,0.2949196339999999,0.044707596800000006,0.2337259999999999,0.5117459999999998,118.85780000000003,4.0
std,0.13505841517730055,0.20654464951893078,4.14438395510683,2.5035845456350896,0.4948716593053936,0.06300264665642458,0.28801526642396796,0.15631748011755428,0.196496480531394,0.2150739817754223,30.21184489769615,0.0
min,0.33399999999999996,0.152,0.0,-14.377,0.0,0.0252,3.17e-05,0.0,0.0558,0.0793,63.378,4.0
max,0.893,0.955,11.0,-2.7439999999999998,1.0,0.37799999999999995,0.9390000000000001,0.856,0.9540000000000001,0.9109999999999999,187.99099999999999,4.0
