,danceability,energy,key,loudness,mode,speechiness,acousticness,instrumentalness,liveness,valence,tempo,time_signature
mean,0.6553600000000002,0.7039599999999999,5.36,-6.37774,0.62,0.09268799999999996,0.25141770799999996,0.04019979259999999,0.165104,0.54684,120.44377999999995,4.0
std,0.12798274118339675,0.16000905076441965,3.3243688982164072,2.4444844188248678,0.4903143514780145,0.06584960799784147,0.24250062913935208,0.1624147878943606,0.09702610202141168,0.24436476248194447,26.76802444837832,0.0
min,0.375,0.259,0.0,-14.061,0.0,0.0252,5.24e-05,0.0,0.0367,0.10800000000000001,68.976,4.0
max,0.9179999999999999,0.973,11.0,-2.7880000000000003,1.0,0.259,0.902,0.825,0.41700000000000004,0.966,195.88400000000001,4.0
