,danceability,energy,key,loudness,mode,speechiness,acousticness,instrumentalness,liveness,valence,tempo,time_signature
mean,0.7044799999999999,0.6524000000000001,5.3,-6.4376,0.62,0.09215399999999997,0.22680159999999994,0.0008403159999999998,0.179824,0.6063199999999999,123.72783999999996,4.0
std,0.14374612541362142,0.169972746915138,3.5355339059327378,3.1654488736083812,0.4903143514780145,0.08577420574641641,0.21813746297344203,0.002775562381429782,0.13251096151809094,0.19393818076692296,32.8097351900192,0.20203050891044214
min,0.282,0.18600000000000003,0.0,-18.086,0.0,0.026000000000000002,0.00147,0.0,0.065,0.158,71.105,3.0
max,0.941,0.9890000000000001,11.0,-1.6980000000000002,1.0,0.441,0.868,0.0128,0.79,0.902,185.90099999999998,5.0
