,danceability,energy,key,loudness,mode,speechiness,acousticness,instrumentalness,liveness,valence,tempo,time_signature
mean,0.67396,0.6359400000000001,5.08,-6.600520000000001,0.58,0.09699400000000002,0.3321342,0.0031937226,0.18799200000000002,0.49261000000000005,119.87400000000001,3.94
std,0.15350795498897754,0.1886429961594122,3.9581484024111844,3.240684572677791,0.4985693819032897,0.086016045987635,0.2514130514454292,0.013119405467694592,0.17338774859621803,0.25559580834766826,29.1146063973647,0.23989793748209523
min,0.278,0.147,0.0,-15.880999999999998,0.0,0.0255,0.00381,0.0,0.0577,0.0765,77.077,3.0
max,0.9159999999999999,0.9440000000000001,11.0,-2.7289999999999996,1.0,0.43799999999999994,0.934,0.0734,0.8320000000000001,0.9520000000000001,187.99099999999999,4.0
