,danceability,energy,key,loudness,mode,speechiness,acousticness,instrumentalness,liveness,valence,tempo,time_signature
mean,0.6648000000000001,0.6530800000000002,5.04,-6.162839999999999,0.6,0.101724,0.2860918,0.0031589958000000002,0.13838999999999996,0.47920000000000007,128.94765999999998,3.96
std,0.14057505802515433,0.14875028245557134,3.653122790497053,2.273988165747391,0.49487165930539356,0.08351036489501146,0.23014012315206794,0.018745504411914186,0.07143802865963973,0.23248269630583832,32.99821678645867,0.19794866372215744
min,0.313,0.355,0.0,-14.522,0.0,0.0267,0.00882,0.0,0.0494,0.131,77.077,3.0
max,0.893,0.963,11.0,-1.87,1.0,0.37799999999999995,0.795,0.132,0.38799999999999996,0.9129999999999999,187.99099999999999,4.0
