,danceability,energy,key,loudness,mode,speechiness,acousticness,instrumentalness,liveness,valence,tempo,time_signature
mean,0.65334,0.613936,4.92,-6.957499999999999,0.62,0.095616,0.2782346,0.044675461599999994,0.210916,0.4714320000000001,123.44898000000005,3.94
std,0.16810123407625296,0.20630478222122467,3.4513528846952006,3.5605827157236787,0.4903143514780145,0.08857853280264574,0.26737647356711036,0.1737301894501415,0.17909738014697538,0.23191865343746051,26.205922131355994,0.23989793748209529
min,0.155,0.0417,0.0,-20.624000000000002,0.0,0.0252,0.00253,0.0,0.0581,0.0456,62.245,3.0
max,0.929,0.948,11.0,-2.573,1.0,0.43799999999999994,0.9890000000000001,0.9279999999999999,0.961,0.9490000000000001,179.99400000000003,4.0
