,danceability,energy,key,loudness,mode,speechiness,acousticness,instrumentalness,liveness,valence,tempo,time_signature
mean,0.5558235294117648,0.6147352941176472,3.9411764705882355,-8.347352941176473,0.5294117647058824,0.06483529411764707,0.3060385294117647,0.023705556764705885,0.23331470588235295,0.44479705882352943,124.8720588235294,3.8529411764705883
std,0.15553475117647955,0.24126953478122187,3.1231411583832016,3.7422812997158847,0.5066403971048987,0.06100491725015904,0.3283575966896951,0.08588438089438263,0.1765752138348414,0.2294267592716142,33.692287599588795,0.5577200851723332
min,0.268,0.129,0.0,-18.295,0.0,0.0283,0.00022,0.0,0.0711,0.0799,78.442,1.0
max,0.8,0.95,10.0,-2.542,1.0,0.31,0.9590000000000001,0.484,0.978,0.97,201.128,4.0
