,danceability,energy,key,loudness,mode,speechiness,acousticness,instrumentalness,liveness,valence,tempo,time_signature
mean,0.71354,0.6929200000000002,5.14,-5.25738,0.66,0.10613999999999998,0.2104687400000001,0.0042157204,0.14592999999999998,0.5839,122.22081999999999,3.96
std,0.13568980380685522,0.15513336461356894,3.875669790698196,2.4559754859010585,0.47851812069840666,0.07799195929251755,0.22478239410365716,0.022948641189068173,0.13204464187909928,0.22050371369911673,32.89659798097731,0.1979486637221575
min,0.414,0.242,0.0,-14.505,0.0,0.0256,0.000147,0.0,0.0344,0.138,71.105,3.0
max,0.9179999999999999,0.9540000000000001,11.0,-1.87,1.0,0.341,0.914,0.162,0.7759999999999999,0.9279999999999999,183.817,4.0
