,danceability,energy,key,loudness,mode,speechiness,acousticness,instrumentalness,liveness,valence,tempo,time_signature
mean,0.6304200000000004,0.6255318000000001,5.78,-7.798860000000001,0.52,0.10919600000000002,0.34179698,0.09112640579999999,0.159592,0.5470619999999999,111.35960000000003,3.88
std,0.18760358662425866,0.2471546500711566,3.518406411071551,4.422633235426835,0.5046720495044484,0.11966625180228618,0.30819268619647605,0.24297353519435552,0.1514134774687632,0.269410834812347,24.946772364130695,0.38544964466377274
min,0.16399999999999998,0.00639,0.0,-24.811999999999998,0.0,0.0248,3.4e-05,0.0,0.0294,0.0347,72.458,3.0
max,0.9129999999999999,0.983,11.0,-3.088,1.0,0.446,0.996,0.9279999999999999,0.863,0.961,171.98,5.0
