,danceability,energy,key,loudness,mode,speechiness,acousticness,instrumentalness,liveness,valence,tempo,time_signature
mean,0.65884,0.67628,5.44,-6.496220000000002,0.58,0.08353600000000001,0.20978080000000002,0.0255769936,0.15607600000000002,0.5237560000000001,119.61854000000002,3.96
std,0.11881289698427493,0.169656680940525,3.8341111307922864,2.604900454755167,0.49856938190328975,0.07092857505394899,0.21838393465095515,0.11635330612583936,0.1007765371138196,0.26902755579975784,32.463173377272554,0.19794866372215744
min,0.36200000000000004,0.141,0.0,-18.177,0.0,0.0236,0.00124,0.0,0.0605,0.0778,67.007,3.0
max,0.878,0.905,11.0,-2.251,1.0,0.336,0.943,0.616,0.615,0.9640000000000001,180.229,4.0
