,danceability,energy,key,loudness,mode,speechiness,acousticness,instrumentalness,liveness,valence,tempo,time_signature
mean,0.58036,0.6420999999999999,5.34,-7.600839999999998,0.7,0.072104,0.20182044,0.0407292314,0.177178,0.43896,111.78670000000004,3.94
std,0.14584584537190254,0.21108642682995213,3.1790770063408176,3.382472362045254,0.4629100498862757,0.08521476819405979,0.24944360547435837,0.1679514767845281,0.13639938100583707,0.22924730074301683,24.50242958902864,0.2398979374820953
min,0.271,0.165,0.0,-20.651999999999997,0.0,0.0246,0.000138,0.0,0.0383,0.10400000000000001,75.009,3.0
max,0.88,0.99,11.0,-1.8869999999999998,1.0,0.46299999999999997,0.8440000000000001,0.852,0.6890000000000001,0.9420000000000001,167.046,4.0
