,danceability,energy,key,loudness,mode,speechiness,acousticness,instrumentalness,liveness,valence,tempo,time_signature
mean,0.6697600000000001,0.71264,4.86,-5.950600000000001,0.68,0.09903000000000003,0.23720342000000014,0.015708277200000006,0.15234000000000003,0.5927400000000004,117.62676000000002,3.98
std,0.14994618898737216,0.15709268809547194,3.9435299632979297,2.7093762216060147,0.47121207149916117,0.09115660722523808,0.21537416178647836,0.05011499893378498,0.093679725770351,0.2211697851822238,30.326947926777425,0.1414213562373095
min,0.294,0.321,0.0,-14.604000000000001,0.0,0.0277,0.000291,0.0,0.067,0.155,75.05,3.0
max,0.941,0.9540000000000001,11.0,-1.87,1.0,0.389,0.7659999999999999,0.225,0.447,0.966,191.99400000000003,4.0
