,danceability,energy,key,loudness,mode,speechiness,acousticness,instrumentalness,liveness,valence,tempo,time_signature
mean,0.6812999999999999,0.66546,5.72,-6.056900000000001,0.62,0.111948,0.253575,0.0026977024000000003,0.15379399999999996,0.5496300000000001,119.70782000000001,4.04
std,0.1302306039457762,0.1623560222448914,3.3444440677710516,2.6014503039023196,0.49031435147801455,0.09153922598469769,0.23333828433352788,0.014064568888388819,0.10433904978580205,0.23441600928299086,27.833764178685822,0.19794866372215753
min,0.395,0.287,0.0,-12.914000000000001,0.0,0.027999999999999997,0.00103,0.0,0.0501,0.0605,76.469,4.0
max,0.882,0.91,11.0,-2.592,1.0,0.36200000000000004,0.89,0.0988,0.605,0.9690000000000001,179.968,5.0
