,danceability,energy,key,loudness,mode,speechiness,acousticness,instrumentalness,liveness,valence,tempo,time_signature
mean,0.61124,0.6647200000000001,4.94,-7.11116,0.72,0.05378799999999999,0.28691906,0.023647197000000002,0.162506,0.5706919999999999,118.65906000000003,3.9
std,0.1740502578133625,0.21700418880561656,3.1842084846111107,3.3664241815011846,0.45355736761107274,0.03587546282144749,0.29580931686976236,0.12403206126861543,0.1231755067920136,0.26986497064953335,30.21889920361029,0.46291004988627565
min,0.214,0.188,0.0,-16.553,0.0,0.0235,0.000231,0.0,0.0383,0.0386,66.98,1.0
max,0.9790000000000001,0.9890000000000001,11.0,-1.6980000000000002,1.0,0.17,0.941,0.8740000000000001,0.5579999999999999,0.966,177.833,4.0
