,danceability,energy,key,loudness,mode,speechiness,acousticness,instrumentalness,liveness,valence,tempo,time_signature
mean,0.5541999999999999,0.6622199999999999,5.04,-7.220079999999999,0.5,0.07961000000000003,0.230415034,0.065497689,0.19719799999999996,0.49318799999999996,122.39482000000004,3.82
std,0.17652079717907093,0.17968138354274973,3.6920211819765156,3.238556568369713,0.5050762722761054,0.08420289211669826,0.26394973366546837,0.19886440084920465,0.16899524143765535,0.27135260789652443,28.846566495144195,0.5225526045191968
min,0.102,0.285,0.0,-14.125,0.0,0.0257,5.920000000000001e-05,0.0,0.0215,0.0476,71.266,1.0
max,0.888,0.9440000000000001,11.0,-0.9279999999999999,1.0,0.46299999999999997,0.8,0.9309999999999999,0.7020000000000001,0.948,194.965,4.0
