,danceability,energy,key,loudness,mode,speechiness,acousticness,instrumentalness,liveness,valence,tempo,time_signature
mean,0.6660200000000002,0.6666219999999999,5.84,-6.763559999999997,0.56,0.10509999999999999,0.28679746000000006,0.04758919440000001,0.18353599999999998,0.5288200000000001,120.16347999999998,3.94
std,0.17351662744532578,0.21435551747848566,3.5820413744348714,4.217357897924206,0.5014265364224069,0.10371111762182177,0.2780089100688718,0.1823015517969464,0.15114706686008886,0.22905256949407213,27.57690612150474,0.46991097723995806
min,0.191,0.0582,0.0,-25.398000000000003,0.0,0.026000000000000002,0.00016,0.0,0.0549,0.0454,75.003,1.0
max,0.9179999999999999,0.9520000000000001,11.0,-1.882,1.0,0.41600000000000004,0.961,0.89,0.8190000000000001,0.937,192.128,5.0
