,danceability,energy,key,loudness,mode,speechiness,acousticness,instrumentalness,liveness,valence,tempo,time_signature
mean,0.60364,0.6381000000000001,4.7,-6.749839999999999,0.64,0.08046000000000002,0.30918911000000016,0.026126934800000005,0.16538600000000003,0.4971680000000001,118.61626,3.96
std,0.13556499457862284,0.20085178310264065,3.5413015017830123,3.0575350640270837,0.4848732213850611,0.07982979086909898,0.2729002237159157,0.11379307381742873,0.13511691688523472,0.23334635939928003,28.84378985034769,0.1979486637221575
min,0.294,0.147,0.0,-18.086,0.0,0.0239,1.4499999999999998e-05,0.0,0.0467,0.0379,75.089,3.0
max,0.866,0.995,11.0,-2.61,1.0,0.345,0.922,0.737,0.8320000000000001,0.9690000000000001,181.90200000000002,4.0
