,danceability,energy,key,loudness,mode,speechiness,acousticness,instrumentalness,liveness,valence,tempo,time_signature
mean,0.6483199999999999,0.6637400000000001,5.4,-6.368400000000003,0.74,0.094276,0.32276874,0.014181493200000004,0.192734,0.5590599999999999,118.80707999999998,3.98
std,0.14636513469081777,0.1756170241852238,3.741657386773942,2.7413480967865245,0.443087497693452,0.08541433364393083,0.23792683096029457,0.04520263861146067,0.18461365241266114,0.25316876761946605,28.140194288698755,0.24660966430902953
min,0.222,0.261,0.0,-18.064,0.0,0.0256,0.000147,0.0,0.0426,0.15,74.93,3.0
max,0.903,0.981,11.0,-2.761,1.0,0.41600000000000004,0.9329999999999999,0.21899999999999997,0.9790000000000001,0.973,176.169,5.0
