,danceability,energy,key,loudness,mode,speechiness,acousticness,instrumentalness,liveness,valence,tempo,time_signature
mean,0.67306,0.6406399999999999,4.64,-6.081120000000001,0.56,0.10124599999999999,0.257785,0.021128757000000005,0.147288,0.5314199999999998,120.06602000000001,3.96
std,0.17369001357685054,0.1708644002280935,3.874353138899184,2.5866016996540195,0.5014265364224069,0.07715699132420914,0.24658444233369717,0.10742387385793932,0.089554878033482,0.2354843978539832,30.888024657535,0.19794866372215744
min,0.209,0.317,0.0,-18.064,0.0,0.0263,0.0017800000000000001,0.0,0.0481,0.12300000000000001,77.015,3.0
max,0.9329999999999999,0.9640000000000001,11.0,-2.715,1.0,0.336,0.8540000000000001,0.7,0.439,0.925,192.07,4.0
