,danceability,energy,key,loudness,mode,speechiness,acousticness,instrumentalness,liveness,valence,tempo,time_signature
mean,0.65098,0.62337,4.88,-7.249799999999999,0.6,0.065118,0.35763582,0.028419420399999996,0.18130200000000005,0.5623599999999999,120.66468,3.92
std,0.154941396426296,0.19772044813889356,3.7722942729369158,3.551309157859095,0.49487165930539356,0.055229032183430185,0.3029250734222998,0.12319811319625536,0.1434356137855617,0.2202181441671148,27.075796113902772,0.2740475156178697
min,0.21100000000000002,0.0675,0.0,-20.945999999999998,0.0,0.0255,0.000671,0.0,0.0368,0.11199999999999999,82.626,3.0
max,0.907,0.9590000000000001,11.0,-2.36,1.0,0.342,0.97,0.732,0.653,0.958,179.95,4.0
