,danceability,energy,key,loudness,mode,speechiness,acousticness,instrumentalness,liveness,valence,tempo,time_signature
mean,0.6075,0.6416200000000001,5.36,-6.830160000000002,0.68,0.074584,0.2863949,0.0732888344,0.15168800000000002,0.5268200000000001,119.15652000000001,4.0
std,0.15614922872897283,0.19757250180474956,3.601360287220281,3.051181667111004,0.47121207149916117,0.06842740338997146,0.2841501222921124,0.22369332181578386,0.0858870559727918,0.21154704113327816,32.370886259635924,0.0
min,0.204,0.17800000000000002,0.0,-14.538,0.0,0.0255,0.000692,0.0,0.0544,0.11199999999999999,64.63,4.0
max,0.889,0.945,11.0,-1.8030000000000002,1.0,0.302,0.94,0.915,0.439,0.9520000000000001,193.14700000000002,4.0
