,danceability,energy,key,loudness,mode,speechiness,acousticness,instrumentalness,liveness,valence,tempo,time_signature
mean,0.66604,0.7031600000000001,5.56,-5.966620000000001,0.5,0.07460600000000002,0.16974224,0.0334983636,0.17265000000000005,0.5272399999999999,119.58878,3.98
std,0.15219173728543606,0.1588867341401235,4.081616326497959,2.5177149981355584,0.5050762722761054,0.048487559565862474,0.20032967068560378,0.15306598954321954,0.11199412202141207,0.2307479020180125,24.659751381048068,0.14142135623730948
min,0.33399999999999996,0.308,0.0,-15.539000000000001,0.0,0.0268,0.000152,0.0,0.0359,0.1,64.934,3.0
max,0.9209999999999999,0.988,11.0,-2.787,1.0,0.242,0.883,0.987,0.579,0.955,184.08599999999998,4.0
