,danceability,energy,key,loudness,mode,speechiness,acousticness,instrumentalness,liveness,valence,tempo,time_signature
mean,0.70856,0.6879800000000001,6.14,-5.5930599999999995,0.64,0.12351999999999995,0.286662,0.0042877304,0.151804,0.60406,118.57598,3.96
std,0.10924512037858082,0.1656283631926535,3.8386328348536187,2.3320841901174836,0.4848732213850611,0.09634949985572827,0.23360317555326904,0.02617029690081837,0.11807303163720326,0.19015916104834982,33.16497403703406,0.4499433070863891
min,0.474,0.287,0.0,-11.999,0.0,0.0276,0.0156,0.0,0.0469,0.15,78.243,1.0
max,0.9059999999999999,0.9890000000000001,11.0,-1.6980000000000002,1.0,0.364,0.867,0.185,0.76,0.96,192.128,5.0
