,danceability,energy,key,loudness,mode,speechiness,acousticness,instrumentalness,liveness,valence,tempo,time_signature
mean,0.6975600000000002,0.6568399999999999,4.8,-6.340619999999999,0.54,0.09910999999999998,0.25824046000000006,0.0881754308,0.15369600000000003,0.4714780000000001,121.31973999999997,4.0
std,0.11863047755143546,0.17638586643365456,3.922722919355995,2.088729561045104,0.5034574339058886,0.08011307378846935,0.273038691493753,0.24757941000219744,0.09376604398225208,0.1980241804344477,23.98195345127631,0.0
min,0.376,0.293,0.0,-14.112,0.0,0.0283,0.0001,0.0,0.0271,0.0378,73.959,4.0
max,0.9009999999999999,0.9440000000000001,11.0,-2.7289999999999996,1.0,0.336,0.9009999999999999,0.945,0.395,0.919,190.08900000000003,4.0
