,danceability,energy,key,loudness,mode,speechiness,acousticness,instrumentalness,liveness,valence,tempo,time_signature
mean,0.7274599999999998,0.5952820000000001,6.28,-7.478459999999999,0.46,0.12891999999999995,0.25640988,0.040160556400000005,0.203534,0.5054660000000001,114.19586000000001,3.86
std,0.13961963051265316,0.20709720845781676,3.3505406204043533,3.66008434836451,0.5034574339058886,0.11625257337507214,0.2861667816208768,0.16759318794859532,0.16843611834539915,0.22442342597538834,27.70437065055377,0.6391959234627743
min,0.16699999999999998,0.0721,0.0,-19.221,0.0,0.0259,0.00045599999999999997,0.0,0.0409,0.0388,72.541,1.0
max,0.932,0.941,11.0,-3.0,1.0,0.48100000000000004,0.898,0.8740000000000001,0.857,0.914,185.91299999999998,5.0
