,danceability,energy,key,loudness,mode,speechiness,acousticness,instrumentalness,liveness,valence,tempo,time_signature
mean,0.6410399999999998,0.64426,4.7,-6.6455400000000004,0.52,0.080916,0.25414200000000003,0.05506201659999999,0.142892,0.4239720000000001,115.04486000000003,4.0
std,0.14568472529291965,0.21102053386882924,3.85581987893308,3.642623259774892,0.5046720495044484,0.07271962753322811,0.2864519726172723,0.17876083955732872,0.12002591189626768,0.25069117682673936,21.222768249304185,0.20203050891044214
min,0.253,0.121,0.0,-17.695999999999998,0.0,0.0292,0.0019100000000000002,0.0,0.0526,0.0395,75.07300000000001,3.0
max,0.8809999999999999,0.985,11.0,-0.9570000000000001,1.0,0.413,0.915,0.852,0.7659999999999999,0.955,182.842,5.0
