,danceability,energy,key,loudness,mode,speechiness,acousticness,instrumentalness,liveness,valence,tempo,time_signature
mean,0.6723600000000002,0.6715940000000002,5.86,-6.176799999999998,0.48,0.11851400000000004,0.18231806000000006,0.0388227178,0.15638600000000008,0.4385440000000001,123.07448000000001,4.0
std,0.13859127398393378,0.18191193474888234,3.7796987246313147,2.681736461507654,0.5046720495044484,0.11492051025622459,0.23521359079940815,0.1665710808453349,0.13037465167738702,0.20603905035062592,26.71150697102013,0.3499271061118826
min,0.34600000000000003,0.0987,0.0,-16.021,0.0,0.0287,7e-05,0.0,0.0381,0.0527,75.023,3.0
max,0.922,0.973,11.0,-2.112,1.0,0.5,0.948,0.8390000000000001,0.726,0.883,199.75599999999997,5.0
