,danceability,energy,key,loudness,mode,speechiness,acousticness,instrumentalness,liveness,valence,tempo,time_signature
mean,0.65066,0.65684,5.7,-6.249580000000002,0.46,0.10054200000000002,0.128580542,0.013966246000000002,0.17619999999999997,0.455698,126.16331999999998,3.96
std,0.18323940067350056,0.18183490605828273,3.8979324713263583,3.2189424305228584,0.5034574339058886,0.0768010525278642,0.17219581390739744,0.06898317972730185,0.14429314266592216,0.22327378771730608,27.736644185463756,0.1979486637221575
min,0.23600000000000002,0.06,0.0,-25.428,0.0,0.0275,3.01e-05,0.0,0.0482,0.0389,73.33,3.0
max,0.9490000000000001,0.9620000000000001,11.0,-2.345,1.0,0.289,0.917,0.451,0.8540000000000001,0.867,188.36,4.0
