,danceability,energy,key,loudness,mode,speechiness,acousticness,instrumentalness,liveness,valence,tempo,time_signature
mean,0.6572400000000002,0.6438039999999998,4.88,-7.544839999999998,0.52,0.11836000000000002,0.22523739999999998,0.051479147999999995,0.176338,0.39808599999999983,116.66745999999999,4.0
std,0.12469694855766053,0.20279587199437563,3.734232156135765,3.4636848454458766,0.5046720495044484,0.11318737580143969,0.2755559513968895,0.19497492288858767,0.15805213153144332,0.24816847717892399,25.291973511179478,0.20203050891044214
min,0.337,0.0842,0.0,-19.49,0.0,0.0308,0.00106,0.0,0.0372,0.0507,61.828,3.0
max,0.927,0.985,11.0,-1.4969999999999999,1.0,0.42100000000000004,0.953,0.9440000000000001,0.799,0.973,193.8,5.0
