,danceability,energy,key,loudness,mode,speechiness,acousticness,instrumentalness,liveness,valence,tempo,time_signature
mean,0.6403,0.6926999999999999,4.74,-5.8802400000000015,0.48,0.09837800000000002,0.193326034,0.05181935219999999,0.16942600000000002,0.50328,119.50966000000004,4.0
std,0.14709891854372925,0.17111903602403775,3.2438953655839677,2.6520553027754894,0.5046720495044485,0.08526339332220087,0.2542767348002611,0.17148320001158263,0.1414437290722977,0.18899001593324707,26.08784650698169,0.0
min,0.21600000000000003,0.19399999999999998,0.0,-16.879,0.0,0.0296,2.95e-05,0.0,0.0349,0.038,78.039,4.0
max,0.8690000000000001,0.98,11.0,-1.715,1.0,0.395,0.9620000000000001,0.878,0.6990000000000001,0.884,196.12099999999998,4.0
