,danceability,energy,key,loudness,mode,speechiness,acousticness,instrumentalness,liveness,valence,tempo,time_signature
mean,0.71332,0.6865799999999999,6.06,-5.5618399999999975,0.42,0.15295000000000003,0.18236338000000007,0.05274279660000001,0.179128,0.49860200000000016,122.87959999999997,4.0
std,0.12211360384862104,0.1278925074794757,3.7818578740602926,1.4875844048767966,0.49856938190328975,0.13951044324892026,0.23725309533490924,0.1926695145465819,0.14005883317742016,0.23729651948392264,27.645658117228717,0.0
min,0.47200000000000003,0.43,0.0,-9.373,0.0,0.0282,0.000376,0.0,0.0574,0.0365,75.445,4.0
max,0.966,0.95,11.0,-1.865,1.0,0.588,0.877,0.94,0.7040000000000001,0.9520000000000001,180.165,4.0
