,danceability,energy,key,loudness,mode,speechiness,acousticness,instrumentalness,liveness,valence,tempo,time_signature
mean,0.6776400000000001,0.60622,6.08,-6.947000000000002,0.58,0.12770199999999998,0.25834541999999994,0.0035167177999999998,0.16729999999999992,0.480222,121.13642000000003,3.94
std,0.15477511797074214,0.16032152515670323,3.4276189153071592,2.5813648501898987,0.49856938190328975,0.11864642979053695,0.2755815372600565,0.017496030487498666,0.1042956394494193,0.22486301253003269,27.76344252539329,0.4699109772399581
min,0.295,0.128,0.0,-18.717,0.0,0.028999999999999998,0.000551,0.0,0.0574,0.0605,62.474,1.0
max,0.934,0.941,11.0,-2.3169999999999997,1.0,0.48100000000000004,0.894,0.121,0.521,0.898,197.96400000000003,5.0
