,danceability,energy,key,loudness,mode,speechiness,acousticness,instrumentalness,liveness,valence,tempo,time_signature
mean,0.7156200000000001,0.68738,5.52,-6.218780000000001,0.52,0.12106600000000003,0.23451181800000004,0.048062984999999996,0.14672999999999997,0.52188,121.99500000000002,4.0
std,0.10608581239655344,0.16484128297070663,4.011412291379255,2.2300693801781515,0.5046720495044484,0.09961020071114346,0.23449289124923944,0.1941282678441144,0.07952049216063359,0.2092399891541397,26.09536990442901,0.20203050891044214
min,0.532,0.276,0.0,-14.112,0.0,0.0289,3.39e-05,0.0,0.0271,0.11599999999999999,76.503,3.0
max,0.899,0.9790000000000001,11.0,-2.7289999999999996,1.0,0.45399999999999996,0.885,0.945,0.38799999999999996,0.919,191.97099999999998,5.0
