,danceability,energy,key,loudness,mode,speechiness,acousticness,instrumentalness,liveness,valence,tempo,time_signature
mean,0.6785799999999998,0.6614220000000002,4.56,-6.406979999999997,0.54,0.12248200000000001,0.23209700799999997,0.07365444839999999,0.15396000000000004,0.45697200000000004,123.97193999999998,3.98
std,0.14739397296126502,0.19165215651789358,3.86063334129497,3.142171421881657,0.5034574339058886,0.10488751543380914,0.25759849443273414,0.22035636106047207,0.08976649527228625,0.2322684240973212,29.659082284789566,0.14142135623730934
min,0.182,0.0651,0.0,-16.541,0.0,0.0282,5.539999999999999e-05,0.0,0.0629,0.038,60.812,3.0
max,0.919,0.9790000000000001,11.0,-1.865,1.0,0.39799999999999996,0.9420000000000001,0.9109999999999999,0.447,0.965,192.128,4.0
