,danceability,energy,key,loudness,mode,speechiness,acousticness,instrumentalness,liveness,valence,tempo,time_signature
mean,0.65848,0.6212599999999999,5.8,-7.076879999999999,0.62,0.10719000000000001,0.21469986,0.07260717,0.16835800000000006,0.4736740000000001,118.32963999999998,3.98
std,0.15198660521001617,0.16104984777821976,3.752550153303914,2.6856854454378563,0.4903143514780145,0.08996118494060851,0.22546998323809794,0.21792410344659108,0.12249521288438923,0.2266896276175594,26.84879955645796,0.2466096643090295
min,0.31,0.149,0.0,-13.036,0.0,0.0261,0.000573,0.0,0.0326,0.0697,65.919,3.0
max,0.943,0.86,11.0,-2.7489999999999997,1.0,0.335,0.85,0.922,0.6409999999999999,0.877,194.021,5.0
