,danceability,energy,key,loudness,mode,speechiness,acousticness,instrumentalness,liveness,valence,tempo,time_signature
mean,0.619972,0.6296199999999998,4.78,-6.836500000000001,0.6,0.10854800000000005,0.23261306399999995,0.05123592920000001,0.23854200000000003,0.4670719999999999,123.0473,4.0
std,0.19287195291282808,0.2171179393597792,3.5299881482139024,3.154164207351731,0.4948716593053935,0.07959040614936205,0.2664994501679742,0.18242129481280428,0.22135050798151212,0.22428062236258164,25.316631204827086,0.20203050891044214
min,0.0986,0.10400000000000001,0.0,-18.752,0.0,0.0299,2.68e-05,0.0,0.0521,0.0386,68.131,3.0
max,0.9329999999999999,0.977,11.0,-1.208,1.0,0.335,0.9790000000000001,0.8909999999999999,0.955,0.927,173.058,5.0
