,danceability,energy,key,loudness,mode,speechiness,acousticness,instrumentalness,liveness,valence,tempo,time_signature
mean,0.7200800000000003,0.64472,4.88,-6.312839999999999,0.52,0.12144400000000001,0.22712878,0.021370302600000005,0.174374,0.5063000000000002,116.9701,4.0
std,0.12942838852084204,0.16636989032923977,3.3113287301600955,2.5132077507375596,0.5046720495044484,0.10589813387960939,0.23639763313555714,0.1131928158615937,0.12795311132582585,0.21752881582513553,22.29084990574402,0.0
min,0.40399999999999997,0.225,0.0,-14.885,0.0,0.0272,0.000143,0.0,0.0241,0.149,75.025,4.0
max,0.978,0.987,11.0,-1.2590000000000001,1.0,0.42,0.873,0.7879999999999999,0.5820000000000001,0.97,179.97400000000002,4.0
