,danceability,energy,key,loudness,mode,speechiness,acousticness,instrumentalness,liveness,valence,tempo,time_signature
mean,0.7004400000000001,0.6531999999999999,4.7,-6.4307799999999995,0.52,0.106428,0.2151730560000001,0.062289386,0.159856,0.48445600000000005,121.29862000000001,4.0
std,0.12824118858221642,0.1795960319547109,3.529756885887382,1.9996540648781413,0.5046720495044484,0.0989508165603457,0.23294487750772155,0.17704454920173568,0.11059914226334557,0.21074000342815305,28.506857161391892,0.20203050891044214
min,0.293,0.18100000000000002,0.0,-15.359000000000002,0.0,0.0301,2.68e-05,0.0,0.045,0.0241,74.96300000000001,3.0
max,0.9009999999999999,0.9640000000000001,11.0,-3.4419999999999997,1.0,0.45399999999999996,0.831,0.9059999999999999,0.465,0.927,203.248,5.0
