,danceability,energy,key,loudness,mode,speechiness,acousticness,instrumentalness,liveness,valence,tempo,time_signature
mean,0.6994199999999996,0.6412199999999999,4.58,-6.6249400000000005,0.56,0.13057999999999997,0.19499850800000004,0.012476117,0.153484,0.48909200000000014,122.90268000000006,3.98
std,0.14143450059721524,0.1566264619131409,3.3811602887114334,2.97873463348696,0.5014265364224069,0.11458257694246322,0.21329209423324913,0.0533128672064948,0.08993262639218272,0.22191226602476238,28.455253901334064,0.14142135623730934
min,0.302,0.235,0.0,-16.541,0.0,0.0278,5.539999999999999e-05,0.0,0.0487,0.0681,71.884,3.0
max,0.9229999999999999,0.9079999999999999,11.0,-1.865,1.0,0.426,0.818,0.349,0.43700000000000006,0.9640000000000001,192.128,4.0
