,danceability,energy,key,loudness,mode,speechiness,acousticness,instrumentalness,liveness,valence,tempo,time_signature
mean,0.6426400000000001,0.6938999999999999,4.84,-5.59426,0.58,0.11869400000000002,0.10032855020000002,0.0359312464,0.163834,0.444838,123.80627999999999,3.94
std,0.1613070035297758,0.15179460478164672,3.44259038682045,1.9151518276254609,0.49856938190328975,0.10741125698236013,0.14307486025608712,0.13757321425634977,0.1122981847128257,0.21262921055111839,30.743748200071316,0.23989793748209529
min,0.258,0.379,0.0,-10.2,0.0,0.0275,4.51e-06,0.0,0.0398,0.0573,64.01899999999999,3.0
max,0.9359999999999999,0.975,11.0,-2.0180000000000002,1.0,0.389,0.767,0.64,0.5770000000000001,0.867,189.907,4.0
