,danceability,energy,key,loudness,mode,speechiness,acousticness,instrumentalness,liveness,valence,tempo,time_signature
mean,0.64032,0.6544799999999998,6.02,-6.5947,0.52,0.10990800000000002,0.2426202,0.07886281919999999,0.22655199999999998,0.4638999999999999,115.04038000000003,3.98
std,0.13288854314032938,0.20372633104040247,3.7443290453698115,3.136901950482159,0.5046720495044485,0.10452424157845405,0.2784179016829022,0.21245253023845057,0.18053751856099956,0.24297520155651395,22.38470713195206,0.14142135623730942
min,0.33299999999999996,0.121,0.0,-15.354000000000001,0.0,0.0242,0.00251,0.0,0.0545,0.0409,57.86,3.0
max,0.897,0.958,11.0,-1.8619999999999999,1.0,0.474,0.915,0.892,0.7659999999999999,0.9640000000000001,167.958,4.0
