,danceability,energy,key,loudness,mode,speechiness,acousticness,instrumentalness,liveness,valence,tempo,time_signature
mean,0.6907000000000001,0.6181420000000001,5.56,-7.13774,0.44,0.13954399999999997,0.25701314,0.0429540796,0.13433799999999999,0.47364000000000006,123.52542000000003,4.0
std,0.16848208891663907,0.1765204966881195,3.2271804841922025,4.129475940511739,0.5014265364224069,0.1109338176663943,0.24208220524998175,0.17587125134035445,0.09151882351266791,0.22872662231384888,28.708081752029774,0.2857142857142857
min,0.348,0.0621,0.0,-28.678,0.0,0.0288,0.000587,0.0,0.0222,0.109,70.956,3.0
max,0.9740000000000001,0.986,11.0,-2.592,1.0,0.474,0.995,0.932,0.442,0.94,190.178,5.0
