,danceability,energy,key,loudness,mode,speechiness,acousticness,instrumentalness,liveness,valence,tempo,time_signature
mean,0.6557999999999999,0.6911,6.0,-6.114440000000001,0.42,0.09061399999999999,0.14376502000000002,0.05095452540000001,0.20432000000000006,0.452986,111.92538000000005,4.02
std,0.1329176513515655,0.1544848252239999,3.5225222874108435,2.157350852413247,0.49856938190328975,0.07182837825295084,0.18012826602769053,0.1882310158023324,0.1603705861371068,0.2141937936275732,19.042701357084347,0.2466096643090295
min,0.349,0.301,0.0,-11.975,0.0,0.0292,0.000504,0.0,0.0641,0.0783,73.483,3.0
max,0.9129999999999999,0.945,11.0,-3.105,1.0,0.35100000000000003,0.79,0.8859999999999999,0.6890000000000001,0.872,175.933,5.0
