,danceability,energy,key,loudness,mode,speechiness,acousticness,instrumentalness,liveness,valence,tempo,time_signature
mean,0.6336400000000001,0.69584,5.46,-5.652200000000001,0.52,0.10939799999999997,0.16647475800000003,0.0220923534,0.1641899999999999,0.4236600000000001,122.52749999999996,3.96
std,0.16558563479052038,0.1807672265762841,3.720928126482555,2.2589979808647502,0.5046720495044485,0.0875109543930102,0.21548399755912662,0.12689243870817224,0.09424131692801482,0.2023886340278857,25.450793376230763,0.19794866372215753
min,0.222,0.19699999999999998,0.0,-11.727,0.0,0.0275,2.9299999999999997e-05,0.0,0.0648,0.0763,76.301,3.0
max,0.95,0.981,11.0,-0.953,1.0,0.35600000000000004,0.795,0.88,0.4,0.9490000000000001,180.043,4.0
