,danceability,energy,key,loudness,mode,speechiness,acousticness,instrumentalness,liveness,valence,tempo,time_signature
mean,0.6838800000000002,0.7178599999999998,5.46,-5.686260000000001,0.56,0.102058,0.16329368000000002,0.019538933,0.173318,0.5367259999999999,122.12914,3.98
std,0.14740332563467917,0.14421794872585686,3.144220483518863,2.0120084980751276,0.5014265364224069,0.07554293843198566,0.17771588520748274,0.08698222740687242,0.11310044423305457,0.24004291691959032,25.756230578099835,0.14142135623730942
min,0.27399999999999997,0.309,0.0,-10.742,0.0,0.0263,0.000964,0.0,0.0639,0.0707,84.023,3.0
max,0.9129999999999999,0.995,11.0,-1.401,1.0,0.311,0.81,0.58,0.43200000000000005,0.9009999999999999,187.933,4.0
