,danceability,energy,key,loudness,mode,speechiness,acousticness,instrumentalness,liveness,valence,tempo,time_signature
mean,0.6697000000000002,0.6722,5.46,-6.010839999999999,0.64,0.13026400000000002,0.23230159999999997,0.0365985486,0.16233600000000004,0.4402199999999998,117.98523999999999,4.0
std,0.15052360991836844,0.1622001786656959,3.3025036884528833,2.154957998170162,0.4848732213850611,0.12000182440790011,0.2358327314559181,0.15594262195607925,0.10678118912533428,0.21539771378090533,22.880868693870053,0.20203050891044214
min,0.272,0.23800000000000002,0.0,-12.617,0.0,0.0287,0.00175,0.0,0.0264,0.04,77.50399999999999,3.0
max,0.943,0.9640000000000001,11.0,-1.746,1.0,0.517,0.89,0.841,0.514,0.8220000000000001,170.00799999999998,5.0
