,danceability,energy,key,loudness,mode,speechiness,acousticness,instrumentalness,liveness,valence,tempo,time_signature
mean,0.591086,0.584138,5.9,-8.570320000000002,0.44,0.092942,0.332036,0.1987912982,0.15480200000000002,0.33552400000000004,118.0087,3.86
std,0.17918089822800842,0.24723337144305998,3.3821258862147756,4.525406065622787,0.5014265364224069,0.09773457828136742,0.34266230169670203,0.3479611410322697,0.1225021923835468,0.20674370070111409,27.926823295855893,0.4045657788144654
min,0.0783,0.0809,0.0,-20.910999999999998,0.0,0.028999999999999998,0.00151,0.0,0.0531,0.0385,57.86,3.0
max,0.897,0.924,11.0,-2.86,1.0,0.42100000000000004,0.995,0.903,0.7659999999999999,0.9309999999999999,186.024,5.0
