,danceability,energy,key,loudness,mode,speechiness,acousticness,instrumentalness,liveness,valence,tempo,time_signature
mean,0.6806799999999998,0.6422600000000002,4.82,-6.63442,0.56,0.11726599999999995,0.16083457999999998,0.016726108600000004,0.206038,0.43642400000000003,127.47203999999999,3.98
std,0.13307024997561034,0.152397012397734,3.6794520443863346,2.4870557143181276,0.5014265364224069,0.10926847597004513,0.19568185122295959,0.06974495490457742,0.1374602664520232,0.23084455637541743,25.086892076125803,0.14142135623730948
min,0.237,0.187,0.0,-12.773,0.0,0.0295,0.000732,0.0,0.0498,0.0792,83.90299999999999,3.0
max,0.9329999999999999,0.948,11.0,-0.9279999999999999,1.0,0.537,0.677,0.451,0.6609999999999999,0.9279999999999999,186.955,4.0
