,danceability,energy,key,loudness,mode,speechiness,acousticness,instrumentalness,liveness,valence,tempo,time_signature
mean,0.6596599999999999,0.7180199999999999,5.9,-5.916180000000001,0.62,0.097814,0.12955179999999997,0.02542266379999999,0.17399199999999998,0.488486,116.24771999999997,3.98
std,0.13294829591895904,0.14820827733088243,3.477331841325167,2.391595280842254,0.49031435147801444,0.07137302414435166,0.16537124449207344,0.09593408694220792,0.13759528326040177,0.2135606227653365,23.98690656105909,0.1414213562373094
min,0.311,0.39399999999999996,0.0,-14.24,0.0,0.0288,0.00134,0.0,0.0308,0.0707,75.548,3.0
max,0.9059999999999999,0.995,11.0,-1.401,1.0,0.331,0.862,0.58,0.687,0.872,177.833,4.0
