,danceability,energy,key,loudness,mode,speechiness,acousticness,instrumentalness,liveness,valence,tempo,time_signature
mean,0.68718,0.66072,4.74,-5.759100000000001,0.46,0.13148400000000002,0.22120697999999997,0.0012433832,0.1771399999999999,0.428154,113.95422000000002,4.0
std,0.13869342052873013,0.16101426480094166,3.71873360054693,1.9516455145045462,0.5034574339058886,0.10281822350981505,0.2248103287102163,0.007184799145053462,0.12347786218176758,0.23530056611118666,24.83352323568992,0.20203050891044214
min,0.382,0.303,0.0,-10.413,0.0,0.0253,0.000109,0.0,0.0291,0.0394,64.934,3.0
max,0.943,0.995,11.0,-0.9279999999999999,1.0,0.46299999999999997,0.883,0.0501,0.547,0.9229999999999999,177.84400000000002,5.0
