,danceability,energy,key,loudness,mode,speechiness,acousticness,instrumentalness,liveness,valence,tempo,time_signature
mean,0.6609599999999999,0.6985600000000002,5.36,-6.16904,0.68,0.11560999999999996,0.20559339999999998,0.077235687,0.15385600000000002,0.44079,125.26733999999999,3.98
std,0.15060530386085483,0.17265598212418043,4.003875673414855,2.5439505190284866,0.4712120714991612,0.09248839805894685,0.22748482066049763,0.23219148544313173,0.09857566069589718,0.21284301607005088,25.95950693740275,0.2466096643090295
min,0.255,0.315,0.0,-12.617,0.0,0.0288,0.00018,0.0,0.0429,0.0388,79.541,3.0
max,0.91,0.985,11.0,-1.746,1.0,0.382,0.85,0.841,0.5429999999999999,0.846,194.021,5.0
