,danceability,energy,key,loudness,mode,speechiness,acousticness,instrumentalness,liveness,valence,tempo,time_signature
mean,0.6915600000000002,0.6405599999999998,5.12,-5.56616,0.6,0.118732,0.17434397999999998,0.0083444574,0.175234,0.3778680000000001,130.58482,3.92
std,0.17594632298354115,0.1681374753356458,3.847289000460093,2.034442644027286,0.4948716593053935,0.09657560100876454,0.2260170943385577,0.056678917347143504,0.10412781511984515,0.20554675066807573,28.818094631523238,0.27404751561786966
min,0.172,0.102,0.0,-10.93,0.0,0.0247,0.000704,0.0,0.0473,0.0601,76.983,3.0
max,0.9209999999999999,0.9359999999999999,11.0,-0.777,1.0,0.473,0.9009999999999999,0.401,0.484,0.9009999999999999,181.993,4.0
