,danceability,energy,key,loudness,mode,speechiness,acousticness,instrumentalness,liveness,valence,tempo,time_signature
mean,0.7151999999999998,0.6200199999999999,6.38,-7.021339999999999,0.42,0.12680000000000002,0.24672904600000006,0.048883104600000005,0.17536800000000002,0.49517999999999995,121.01178000000003,3.96
std,0.11856592069823609,0.181088036995427,3.3617900965201892,2.8942550316382394,0.49856938190328975,0.10889228154277895,0.2649661174717491,0.17454937404965207,0.14126964293975733,0.22089578298096932,24.4058755783629,0.44994330708638913
min,0.436,0.13,0.0,-18.725,0.0,0.0317,9.03e-05,0.0,0.0426,0.0489,75.40100000000001,1.0
max,0.934,0.941,11.0,-2.6069999999999998,1.0,0.48100000000000004,0.898,0.8740000000000001,0.735,0.898,180.291,5.0
