,danceability,energy,key,loudness,mode,speechiness,acousticness,instrumentalness,liveness,valence,tempo,time_signature
mean,0.6776000000000003,0.7350599999999998,5.28,-5.675399999999999,0.62,0.11794000000000002,0.14397402199999998,0.04416167240000001,0.19776400000000002,0.540464,119.25162,4.0
std,0.17084818418940348,0.18200565252491588,3.9436852132522553,3.218559463550139,0.4903143514780145,0.086874417924933,0.19066489415912388,0.1807696070154629,0.1482652721389907,0.2229093837671007,25.59555037612465,0.0
min,0.187,0.141,0.0,-23.410999999999998,0.0,0.0235,1.31e-05,0.0,0.0443,0.0372,66.003,4.0
max,0.9490000000000001,0.987,11.0,-1.964,1.0,0.335,0.932,0.9690000000000001,0.7240000000000001,0.883,170.139,4.0
