,danceability,energy,key,loudness,mode,speechiness,acousticness,instrumentalness,liveness,valence,tempo,time_signature
mean,0.6946799999999999,0.6770599999999999,5.02,-6.601479999999999,0.52,0.14264000000000002,0.22186810799999995,0.050848615800000004,0.16173600000000005,0.5274300000000001,122.18016000000001,4.02
std,0.16339590582635882,0.16894201517028234,3.5941562547659878,3.2854430213489647,0.5046720495044484,0.13019151513153573,0.22852695703062487,0.16360656158531606,0.11180254416440019,0.21768163351883543,27.3589494303612,0.14142135623730942
min,0.24,0.102,0.0,-16.843,0.0,0.0287,5.539999999999999e-05,0.0,0.0501,0.0583,75.05,4.0
max,0.9259999999999999,0.9790000000000001,11.0,-1.865,1.0,0.588,0.903,0.721,0.7040000000000001,0.872,220.09900000000002,5.0
