,danceability,energy,key,loudness,mode,speechiness,acousticness,instrumentalness,liveness,valence,tempo,time_signature
mean,0.6870999999999999,0.6323599999999999,4.5,-6.03394,0.34,0.12748000000000004,0.2786693400000001,0.0274248202,0.172386,0.47418200000000005,120.52436000000002,3.92
std,0.15273282661736673,0.13836180905178147,3.637951879499098,2.26478029217775,0.4785181206984064,0.10707252548756716,0.23768046041826227,0.1360637373666419,0.10064193756043435,0.20786374824065176,23.758706148857417,0.5283783431116259
min,0.34299999999999997,0.33899999999999997,0.0,-14.908,0.0,0.0288,0.000587,0.0,0.0452,0.0851,74.986,1.0
max,0.932,0.892,11.0,-1.608,1.0,0.43,0.7509999999999999,0.88,0.39899999999999997,0.961,182.87,5.0
