,danceability,energy,key,loudness,mode,speechiness,acousticness,instrumentalness,liveness,valence,tempo,time_signature
mean,0.67828,0.6776399999999998,4.66,-6.073200000000002,0.64,0.08408799999999998,0.1938409999999999,0.025591061600000003,0.160494,0.543734,116.50683999999997,3.98
std,0.15029902711268758,0.1971462484180364,3.7667178372299306,2.665858065330897,0.4848732213850611,0.06366812434132843,0.22527708187329426,0.09714200579493863,0.10192570805869001,0.24022860507849428,25.963337199699623,0.24660966430902945
min,0.195,0.115,0.0,-15.905,0.0,0.0253,0.0038200000000000005,0.0,0.0494,0.0707,79.926,3.0
max,0.9129999999999999,0.987,11.0,-1.715,1.0,0.278,0.968,0.649,0.436,0.963,180.00799999999998,5.0
