,danceability,energy,key,loudness,mode,speechiness,acousticness,instrumentalness,liveness,valence,tempo,time_signature
mean,0.72716,0.5975400000000001,5.06,-5.998539999999999,0.56,0.11528200000000004,0.3258718,0.0317177114,0.14762600000000006,0.62812,122.25924,3.76
std,0.1404964027428228,0.16138510287065355,3.2224341161074284,2.0702397594560527,0.5014265364224069,0.09987430813021833,0.27359696607168843,0.14618362536719262,0.08950213954802125,0.20410457903651613,28.073215583657863,0.5910903104450633
min,0.325,0.18600000000000003,0.0,-14.454,0.0,0.026000000000000002,0.00629,0.0,0.0366,0.149,77.332,1.0
max,0.9490000000000001,0.9009999999999999,11.0,-1.865,1.0,0.35200000000000004,0.902,0.81,0.46,0.9490000000000001,184.81900000000002,5.0
