,danceability,energy,key,loudness,mode,speechiness,acousticness,instrumentalness,liveness,valence,tempo,time_signature
mean,0.6726000000000002,0.6640400000000001,4.76,-6.117219999999998,0.7,0.09851999999999997,0.23939320000000003,0.0064042716,0.17010800000000004,0.52382,124.98862,3.94
std,0.12287724088101351,0.1761341047530059,3.594553703386641,2.5174469111805005,0.4629100498862757,0.0771189857245521,0.2508180755980196,0.027598308970352262,0.09653808773574017,0.2403198285618563,30.018930806593033,0.23989793748209526
min,0.391,0.146,0.0,-14.402999999999999,0.0,0.0261,0.00266,0.0,0.0638,0.131,88.964,3.0
max,0.865,0.9079999999999999,11.0,-1.9480000000000002,1.0,0.345,0.9470000000000001,0.155,0.5429999999999999,0.955,205.72400000000002,4.0
