,danceability,energy,key,loudness,mode,speechiness,acousticness,instrumentalness,liveness,valence,tempo,time_signature
mean,0.72386,0.58062,5.34,-6.349300000000003,0.62,0.09982000000000003,0.33465379999999995,0.0322333982,0.155258,0.6280799999999999,119.57608,3.72
std,0.13664985942778227,0.1660122800965553,3.467693463843607,2.063891235170169,0.4903143514780145,0.08867202351983426,0.2766593651294616,0.14615783715495267,0.09507629608662203,0.22154391834374973,26.53659110940505,0.6074369035848369
min,0.325,0.18600000000000003,0.0,-14.454,0.0,0.0253,0.00629,0.0,0.0356,0.149,74.443,1.0
max,0.9490000000000001,0.9009999999999999,11.0,-2.8139999999999996,1.0,0.35200000000000004,0.902,0.81,0.46,0.961,184.81900000000002,5.0
