,danceability,energy,key,loudness,mode,speechiness,acousticness,instrumentalness,liveness,valence,tempo,time_signature
mean,0.7111600000000001,0.6237199999999999,4.9,-6.418140000000003,0.62,0.10884000000000006,0.34029260000000006,0.0363140476,0.15963199999999997,0.60054,127.37486000000004,3.98
std,0.11114604475781457,0.17994466723219704,3.637951879499098,3.002629011383191,0.4903143514780145,0.09114931459435342,0.2778046729805615,0.14053799750719956,0.10614702825874715,0.23059074180044964,33.39953128841963,0.2466096643090295
min,0.42700000000000005,0.159,0.0,-14.460999999999999,0.0,0.0287,0.00903,0.0,0.0302,0.11900000000000001,74.93,3.0
max,0.882,0.972,11.0,-1.681,1.0,0.341,0.9520000000000001,0.81,0.474,0.9620000000000001,188.023,5.0
