,danceability,energy,key,loudness,mode,speechiness,acousticness,instrumentalness,liveness,valence,tempo,time_signature
mean,0.6387000000000002,0.6556399999999999,5.82,-7.629500000000002,0.7,0.06158199999999999,0.2508208400000001,0.04886472259999999,0.17775399999999997,0.5725800000000001,126.14874000000002,3.88
std,0.14690705794300488,0.217545468857451,3.6905284174491872,3.3298284520990213,0.4629100498862757,0.03277831967652287,0.28480726199211154,0.17944690208628428,0.17966904519142965,0.25595272921349504,28.67470494114339,0.4797958749641905
min,0.309,0.121,0.0,-16.881,0.0,0.0278,0.000502,0.0,0.0461,0.106,77.22399999999999,1.0
max,0.898,0.9890000000000001,11.0,-3.1830000000000003,1.0,0.17,0.977,0.903,0.9229999999999999,0.934,195.815,4.0
