,danceability,energy,key,loudness,mode,speechiness,acousticness,instrumentalness,liveness,valence,tempo,time_signature
mean,0.7190400000000001,0.6280599999999997,6.08,-6.1039200000000005,0.64,0.10126400000000002,0.3007638000000001,0.016399689000000005,0.15396400000000002,0.616352,122.04498000000001,3.8
std,0.1229770112912265,0.152437663405373,3.658035605320965,2.0246367962512917,0.4848732213850611,0.0856961046432124,0.2587587200375466,0.11452753945071621,0.11159670238709327,0.2104126734756813,30.063990490686393,0.5714285714285717
min,0.456,0.32,0.0,-10.872,0.0,0.0266,0.00629,0.0,0.0356,0.0916,75.801,1.0
max,0.9590000000000001,0.905,11.0,-1.865,1.0,0.325,0.866,0.81,0.674,0.978,184.81900000000002,5.0
