,danceability,energy,key,loudness,mode,speechiness,acousticness,instrumentalness,liveness,valence,tempo,time_signature
mean,0.6721600000000001,0.6282000000000001,5.3,-6.619339999999999,0.78,0.09991200000000001,0.24529622000000004,0.023977697399999998,0.19654,0.520946,127.85064,3.96
std,0.18046248521902986,0.1933645177758678,3.363974811233319,2.738752737198122,0.41845195759648,0.07915067944839678,0.26486537309783764,0.09737752701610038,0.16009518087305288,0.2374705972862961,34.7604424631664,0.19794866372215744
min,0.19899999999999998,0.126,0.0,-15.615,0.0,0.0323,0.000831,0.0,0.0424,0.0563,77.176,3.0
max,0.9359999999999999,0.958,11.0,-2.573,1.0,0.39,0.978,0.584,0.9520000000000001,0.965,212.11700000000002,4.0
