,danceability,energy,key,loudness,mode,speechiness,acousticness,instrumentalness,liveness,valence,tempo,time_signature
mean,0.68744,0.6748999999999999,4.66,-6.6052599999999995,0.52,0.077736,0.22359219999999996,0.09954792800000002,0.17596000000000003,0.5800540000000001,121.21756,3.98
std,0.1147983431580645,0.19013939569673183,3.549130390759438,3.5443437595868783,0.5046720495044485,0.05505992194038812,0.23060868850376942,0.24604209228798407,0.11731781359944918,0.22913377717136407,28.606815990399408,0.14142135623730936
min,0.38799999999999996,0.225,0.0,-18.055999999999997,0.0,0.0268,0.0011099999999999999,0.0,0.0579,0.0483,75.016,3.0
max,0.884,0.971,11.0,-1.715,1.0,0.254,0.7979999999999999,0.925,0.648,0.963,175.782,4.0
