,danceability,energy,key,loudness,mode,speechiness,acousticness,instrumentalness,liveness,valence,tempo,time_signature
mean,0.7291400000000001,0.6711600000000001,5.14,-5.81448,0.58,0.10492200000000004,0.2655945999999999,0.002654512,0.15283200000000002,0.594214,123.92852,3.96
std,0.10925574005375586,0.15552706438141897,3.516781924151797,2.523231975390422,0.49856938190328964,0.09279098806083552,0.22328209161863344,0.01360284090867351,0.09260329795334901,0.24010245263050453,29.90096889921523,0.1979486637221575
min,0.387,0.157,0.0,-15.359000000000002,0.0,0.0281,0.0036299999999999995,0.0,0.0515,0.0747,89.917,3.0
max,0.895,0.96,11.0,-2.935,1.0,0.5,0.9470000000000001,0.0891,0.413,0.9790000000000001,192.07,4.0
