,danceability,energy,key,loudness,mode,speechiness,acousticness,instrumentalness,liveness,valence,tempo,time_signature
mean,0.7417199999999999,0.6480600000000001,5.84,-6.159220000000001,0.6,0.11933000000000002,0.278403,0.0670741484,0.18976600000000002,0.6626599999999999,117.63184,3.82
std,0.12143496453758654,0.18307012261949893,3.7272301911686623,3.1399523543115975,0.49487165930539356,0.10309774884218632,0.2495878753930657,0.2030591533297803,0.12920175428454556,0.1954363626266481,29.376434921000115,0.5225526045191968
min,0.358,0.159,0.0,-15.177,0.0,0.0326,0.000292,0.0,0.0425,0.18899999999999997,75.003,1.0
max,0.915,0.905,11.0,-1.227,1.0,0.45399999999999996,0.946,0.81,0.667,0.982,179.88,4.0
