,danceability,energy,key,loudness,mode,speechiness,acousticness,instrumentalness,liveness,valence,tempo,time_signature
mean,0.7416200000000001,0.6580999999999997,5.6,-6.053219999999999,0.56,0.123302,0.28464839999999997,0.0028735206,0.16536600000000004,0.59262,122.74059999999996,3.94
std,0.09903140915891279,0.14893379572885423,3.6477558099439165,2.992992402603257,0.5014265364224069,0.10958203802240062,0.23591232106450233,0.010610325553648279,0.10422026245468033,0.233148712286421,33.0065236711948,0.23989793748209526
min,0.433,0.157,0.0,-14.402999999999999,0.0,0.0287,0.00615,0.0,0.0515,0.158,48.702,3.0
max,0.9059999999999999,0.9109999999999999,11.0,-1.9980000000000002,1.0,0.5,0.9470000000000001,0.0581,0.499,0.961,187.99099999999999,4.0
