,danceability,energy,key,loudness,mode,speechiness,acousticness,instrumentalness,liveness,valence,tempo,time_signature
mean,0.7416799999999999,0.64636,5.8,-6.145579999999999,0.72,0.11722800000000007,0.3015102,0.0333008004,0.17481000000000002,0.6024999999999998,127.48584000000001,3.94
std,0.10835400033111423,0.17123069055445378,3.681171064778608,3.1219649234521047,0.4535573676110727,0.09382168941178598,0.25983120266732984,0.13271862725662414,0.1154929492502924,0.20245516006448122,33.338339067965165,0.23989793748209526
min,0.433,0.159,0.0,-14.460999999999999,0.0,0.0287,0.00838,0.0,0.0372,0.18899999999999997,74.93,3.0
max,0.898,0.972,11.0,-1.8,1.0,0.375,0.946,0.81,0.531,0.9790000000000001,188.023,4.0
