,danceability,energy,key,loudness,mode,speechiness,acousticness,instrumentalness,liveness,valence,tempo,time_signature
mean,0.6906599999999997,0.6633800000000001,5.54,-5.835300000000001,0.42,0.095396,0.22329257800000002,0.0164169572,0.17850000000000002,0.5622599999999999,122.17442000000003,3.96
std,0.1416535886720611,0.1770813130416968,3.70994251564465,2.693403152299396,0.49856938190328975,0.09335104682250298,0.23669917201354132,0.09732731878819091,0.1351187323679981,0.2313604670514946,25.106061528504647,0.19794866372215744
min,0.359,0.198,0.0,-14.238,0.0,0.0277,1.89e-05,0.0,0.0433,0.133,70.27600000000001,3.0
max,0.9640000000000001,0.963,11.0,0.175,1.0,0.53,0.965,0.687,0.6859999999999999,0.929,184.11900000000003,4.0
