,danceability,energy,key,loudness,mode,speechiness,acousticness,instrumentalness,liveness,valence,tempo,time_signature
mean,0.6018800000000001,0.6110780000000002,4.84,-7.68176,0.62,0.09348199999999997,0.3413165800000001,0.03563085939999999,0.182588,0.4821060000000001,117.09880000000001,3.96
std,0.16444596407951403,0.24484737877681598,3.8084760463889453,3.5544094463993683,0.49031435147801444,0.13746524115764908,0.3240347271568212,0.143354797398802,0.143296237528401,0.2691096479435966,28.355830123627136,0.19794866372215753
min,0.22,0.0809,0.0,-19.346,0.0,0.0256,0.000314,0.0,0.0337,0.0408,57.86,3.0
max,0.8270000000000001,0.9540000000000001,11.0,-2.511,1.0,0.861,0.9540000000000001,0.7959999999999999,0.6679999999999999,0.963,175.31599999999997,4.0
