,danceability,energy,key,loudness,mode,speechiness,acousticness,instrumentalness,liveness,valence,tempo,time_signature
mean,0.7327800000000001,0.63178,6.02,-6.010819999999999,0.68,0.115918,0.29117676000000003,0.032077692600000006,0.160128,0.6702799999999999,122.70574000000002,3.9
std,0.09055256450689571,0.16206968644785527,3.6111505317925072,2.2975845318996404,0.47121207149916106,0.10706599850902572,0.2600931450186573,0.15815295631273965,0.08807229414474431,0.17987116023897295,30.36913085906645,0.3642156795423417
min,0.505,0.218,0.0,-15.177,0.0,0.0285,0.0005480000000000001,0.0,0.0469,0.209,78.616,3.0
max,0.9,0.905,11.0,-1.865,1.0,0.425,0.8390000000000001,0.81,0.46,0.9640000000000001,195.919,5.0
