,danceability,energy,key,loudness,mode,speechiness,acousticness,instrumentalness,liveness,valence,tempo,time_signature
mean,0.6989,0.613204,5.16,-6.90822,0.68,0.13278,0.3431026000000002,0.0505932798,0.18491,0.6053120000000001,128.31178000000003,3.96
std,0.14585808730630284,0.19053248473364198,3.940164712189539,4.665457351380573,0.47121207149916117,0.09822086107859375,0.2777217321371615,0.1853415498064441,0.13559945104036733,0.23187456552794983,34.80067525927669,0.2828427124746189
min,0.136,0.0152,0.0,-31.307,0.0,0.028999999999999998,0.00903,0.0,0.0302,0.0376,70.955,3.0
max,0.912,0.972,11.0,-1.681,1.0,0.341,0.991,0.9109999999999999,0.6709999999999999,0.9620000000000001,192.09099999999998,5.0
