,danceability,energy,key,loudness,mode,speechiness,acousticness,instrumentalness,liveness,valence,tempo,time_signature
mean,0.7400599999999998,0.6465800000000002,5.12,-6.179679999999999,0.62,0.111928,0.30062639999999996,0.056672628200000005,0.168944,0.6666599999999998,121.10025999999999,3.94
std,0.09555048030080374,0.18490804002342925,3.931245842929569,2.7594285377037537,0.4903143514780145,0.10763587718387795,0.258035028240393,0.19480480247338106,0.1332886803528495,0.22519094935958106,28.793300604594304,0.3136356914300021
min,0.43799999999999994,0.159,0.0,-14.460999999999999,0.0,0.028999999999999998,0.00114,0.0,0.0302,0.182,83.13,3.0
max,0.885,0.972,11.0,-2.279,1.0,0.556,0.946,0.81,0.6709999999999999,0.966,180.08599999999998,5.0
