,danceability,energy,key,loudness,mode,speechiness,acousticness,instrumentalness,liveness,valence,tempo,time_signature
mean,0.60828,0.63846,5.28,-6.65868,0.58,0.08103800000000003,0.2844469599999999,0.053236880199999996,0.15287399999999998,0.4871000000000001,123.57638000000001,3.98
std,0.15502482223890493,0.2168836055753107,3.714505488003505,3.1484856187425363,0.4985693819032897,0.06414497893404425,0.30777704305028,0.18770266806642727,0.10166450991132649,0.2290929986726271,32.80814131844443,0.14142135623730942
min,0.264,0.139,0.0,-15.102,0.0,0.0232,0.000354,0.0,0.0497,0.10400000000000001,78.053,3.0
max,0.8590000000000001,0.9840000000000001,11.0,-1.058,1.0,0.3,0.925,0.9670000000000001,0.47700000000000004,0.9309999999999999,198.632,4.0
