,danceability,energy,key,loudness,mode,speechiness,acousticness,instrumentalness,liveness,valence,tempo,time_signature
mean,0.64482,0.5835219999999999,5.14,-9.122620000000001,0.56,0.09873000000000003,0.38230459999999994,0.0690483594,0.217316,0.5672400000000001,120.33750000000002,3.92
std,0.13457426293648408,0.2100625886224758,3.5857427431995403,4.645681619503851,0.5014265364224069,0.09417258201876824,0.3126626757595189,0.21639682690487044,0.13478488433388205,0.2650040153719662,30.720531183791177,0.3404678653660855
min,0.35200000000000004,0.0342,0.0,-21.324,0.0,0.0251,0.0033,0.0,0.0548,0.0624,68.482,3.0
max,0.909,0.961,11.0,-2.7260000000000004,1.0,0.457,0.973,0.9420000000000001,0.6409999999999999,0.9640000000000001,183.817,5.0
