,danceability,energy,key,loudness,mode,speechiness,acousticness,instrumentalness,liveness,valence,tempo,time_signature
mean,0.6512800000000002,0.6811200000000001,5.28,-6.311520000000002,0.66,0.08372199999999998,0.25293449020000003,0.068758249,0.20439400000000002,0.6114999999999999,127.24012000000002,3.92
std,0.1443822929954094,0.18565214784644965,3.4168848445354905,2.986196627067649,0.47851812069840666,0.07570699234414163,0.23230903333941796,0.2206144760015712,0.19283092246095504,0.2283465188109099,35.356403072572355,0.2740475156178698
min,0.278,0.19899999999999998,0.0,-15.626,0.0,0.025,4.51e-06,0.0,0.0327,0.11900000000000001,73.484,3.0
max,0.9159999999999999,0.9740000000000001,11.0,-1.9880000000000002,1.0,0.35600000000000004,0.9520000000000001,0.915,0.975,0.929,195.96099999999998,4.0
