,danceability,energy,key,loudness,mode,speechiness,acousticness,instrumentalness,liveness,valence,tempo,time_signature
mean,0.68608,0.6528700000000001,4.82,-6.246259999999999,0.66,0.10564199999999997,0.25432419999999994,0.028572384,0.18411400000000003,0.5308999999999999,123.43504000000001,3.96
std,0.12886060179076286,0.18511554058843072,3.6460210350127036,2.655483750925351,0.4785181206984066,0.08320126590971795,0.2598431198925024,0.13330062879052035,0.10726609866331945,0.21813469439307262,31.24608551414962,0.1979486637221575
min,0.391,0.0935,0.0,-14.402999999999999,0.0,0.0261,0.00381,0.0,0.0652,0.1,79.992,3.0
max,0.9009999999999999,0.968,11.0,-1.9480000000000002,1.0,0.345,0.9470000000000001,0.857,0.5429999999999999,0.9209999999999999,205.72400000000002,4.0
