,danceability,energy,key,loudness,mode,speechiness,acousticness,instrumentalness,liveness,valence,tempo,time_signature
mean,0.6998000000000001,0.6790999999999999,5.0,-5.72614,0.6,0.12444199999999998,0.242238,0.000748035,0.172104,0.5950599999999998,118.78481999999998,4.0
std,0.1228671092303072,0.17176767057005,3.5970509462897633,2.7486251331997136,0.49487165930539356,0.11162233718742709,0.21840886100922496,0.0032707907139744403,0.12022899741912582,0.2001170484022401,30.504568720840656,0.20203050891044214
min,0.368,0.157,0.0,-14.402999999999999,0.0,0.0281,0.0085,0.0,0.0379,0.163,78.072,3.0
max,0.9309999999999999,0.934,11.0,-1.746,1.0,0.484,0.9470000000000001,0.022000000000000002,0.6509999999999999,0.9209999999999999,183.97099999999998,5.0
