,danceability,energy,key,loudness,mode,speechiness,acousticness,instrumentalness,liveness,valence,tempo,time_signature
mean,0.6496200000000001,0.5975500000000001,5.08,-7.5366399999999985,0.78,0.08872199999999998,0.2452902600000001,0.004816622,0.170528,0.514156,121.42856000000002,3.9
std,0.18933340531281567,0.22443150152674873,3.4395063717970715,4.37185668659933,0.4184519575964803,0.07848714515831265,0.2638948071692397,0.02345319913330689,0.1693284744549023,0.27282033944764184,34.09601842226491,0.303045763365663
min,0.253,0.0541,0.0,-22.601999999999997,0.0,0.03,0.000239,0.0,0.0424,0.0834,54.747,3.0
max,0.91,0.905,11.0,-0.5820000000000001,1.0,0.433,0.9670000000000001,0.158,0.96,0.9540000000000001,191.702,4.0
