,danceability,energy,key,loudness,mode,speechiness,acousticness,instrumentalness,liveness,valence,tempo,time_signature
mean,0.7246400000000002,0.6778800000000001,5.74,-5.944220000000001,0.66,0.13009199999999999,0.29567995999999996,0.04237235779999999,0.13516199999999998,0.604444,124.10673999999999,4.0
std,0.14142940259496023,0.16311316217114236,3.607305512598633,2.814901305334791,0.47851812069840666,0.09925581634116472,0.24054037889565166,0.16918940278531097,0.08347075227715565,0.23532337209266152,30.435103762146976,0.20203050891044214
min,0.19699999999999998,0.24600000000000002,0.0,-14.050999999999998,0.0,0.0242,0.000308,0.0,0.0237,0.0622,82.228,3.0
max,0.9309999999999999,0.888,11.0,1.085,1.0,0.41200000000000003,0.95,0.7829999999999999,0.396,0.976,186.44299999999998,5.0
