,danceability,energy,key,loudness,mode,speechiness,acousticness,instrumentalness,liveness,valence,tempo,time_signature
mean,0.7176400000000001,0.629122,6.08,-7.029160000000002,0.6,0.11107200000000002,0.29281460000000004,0.055215634599999994,0.16863999999999993,0.6510859999999998,122.85640000000001,3.88
std,0.12198724590409156,0.185799643340094,3.6356511361341415,3.469673573777716,0.49487165930539356,0.10077365229026071,0.2681121447138514,0.19273054703464046,0.11005082870182846,0.21424303004403428,32.27093874161869,0.4797958749641905
min,0.16699999999999998,0.0721,0.0,-19.221,0.0,0.0259,0.000292,0.0,0.0469,0.0388,68.482,1.0
max,0.9,0.905,11.0,-2.454,1.0,0.457,0.856,0.81,0.529,0.982,195.919,4.0
