,danceability,energy,key,loudness,mode,speechiness,acousticness,instrumentalness,liveness,valence,tempo,time_signature
mean,0.7320799999999998,0.6715599999999999,5.18,-5.818540000000001,0.5,0.12292599999999997,0.26380120000000007,0.0170666114,0.14934800000000004,0.5945480000000001,119.06112000000002,4.0
std,0.10524293373923407,0.16497521891830558,3.299288729779342,2.5134041166253764,0.5050762722761054,0.09969347676856335,0.22472308398578378,0.10198943533223943,0.0996687580059518,0.24911009551962343,31.78973269407619,0.20203050891044214
min,0.37799999999999995,0.157,0.0,-14.402999999999999,0.0,0.0298,0.00196,0.0,0.0371,0.0794,74.818,3.0
max,0.889,0.945,11.0,-2.498,1.0,0.5,0.9470000000000001,0.72,0.514,0.9520000000000001,187.99099999999999,5.0
