,danceability,energy,key,loudness,mode,speechiness,acousticness,instrumentalness,liveness,valence,tempo,time_signature
mean,0.7447999999999998,0.6794399999999999,5.72,-5.6254,0.56,0.098922,0.2705562,0.0247611104,0.15541999999999997,0.67198,123.77791999999998,3.94
std,0.09146762558748447,0.14652145625421947,3.6198996490769955,2.2265841505750097,0.5014265364224069,0.07422978468710438,0.24086748944807893,0.09105396831330624,0.1201080941723508,0.1814420118756111,33.18083190321466,0.23989793748209526
min,0.433,0.159,0.0,-14.460999999999999,0.0,0.0287,0.008709999999999999,0.0,0.0419,0.18899999999999997,79.98899999999999,3.0
max,0.9079999999999999,0.963,11.0,-1.9980000000000002,1.0,0.326,0.946,0.44299999999999995,0.539,0.9520000000000001,191.99400000000003,4.0
