,danceability,energy,key,loudness,mode,speechiness,acousticness,instrumentalness,liveness,valence,tempo,time_signature
mean,0.7058000000000001,0.7049799999999999,4.32,-5.716579999999999,0.5,0.096366,0.23379460000000002,0.0167125692,0.185368,0.5886200000000001,117.98204000000004,4.0
std,0.12477146455559036,0.15115696531508335,3.8142589619179534,2.476813350056965,0.5050762722761054,0.08486103312390877,0.24129238647807708,0.08927861599035744,0.15440353892528844,0.218811062847585,25.776829298659774,0.20203050891044214
min,0.479,0.35,0.0,-14.238,0.0,0.026000000000000002,0.00267,0.0,0.0291,0.152,70.27600000000001,3.0
max,0.903,0.9440000000000001,11.0,-0.9279999999999999,1.0,0.46299999999999997,0.9079999999999999,0.607,0.9079999999999999,0.904,166.16,5.0
