,danceability,energy,key,loudness,mode,speechiness,acousticness,instrumentalness,liveness,valence,tempo,time_signature
mean,0.6738200000000001,0.65868,6.88,-6.96432,0.62,0.11512399999999998,0.29463482,0.05892101779999999,0.217056,0.6398399999999999,120.29643999999996,3.94
std,0.12882715678974915,0.1597332521322179,3.461980086951538,3.5436510483755397,0.4903143514780145,0.10046662469472645,0.22682450695436196,0.21013252478154032,0.17270711808357725,0.22695161401065386,30.10643589351972,0.23989793748209529
min,0.373,0.282,0.0,-15.534,0.0,0.0251,0.000811,0.0,0.0642,0.163,56.92,3.0
max,0.929,0.945,11.0,-1.694,1.0,0.457,0.7979999999999999,0.9420000000000001,0.815,0.963,183.97099999999998,4.0
