,danceability,energy,key,loudness,mode,speechiness,acousticness,instrumentalness,liveness,valence,tempo,time_signature
mean,0.6670000000000001,0.6945599999999998,4.78,-5.702179999999999,0.7,0.07616999999999999,0.19485188399999998,0.007816650200000002,0.17972799999999992,0.5961200000000002,117.10888000000003,3.98
std,0.13080036197915337,0.17918023761291424,3.4421753918955718,1.914490593407264,0.4629100498862757,0.052606119183135,0.2314515494987907,0.03282510731135429,0.15070053158634897,0.19385347296242036,29.265907609185607,0.14142135623730934
min,0.195,0.115,0.0,-10.033999999999999,0.0,0.027999999999999997,6.42e-05,0.0,0.0398,0.15,72.495,3.0
max,0.8690000000000001,0.9440000000000001,11.0,-1.715,1.0,0.247,0.968,0.198,0.93,0.9620000000000001,194.058,4.0
