,danceability,energy,key,loudness,mode,speechiness,acousticness,instrumentalness,liveness,valence,tempo,time_signature
mean,0.7186800000000001,0.6530399999999998,6.18,-6.23398,0.56,0.09923800000000002,0.267320508,0.06841822020000002,0.14503199999999997,0.6705399999999999,124.32922000000006,3.98
std,0.15235397023017802,0.17187310934025052,3.4622748213819645,2.9444795076584263,0.5014265364224069,0.086000218058575,0.24881163020344332,0.20680176335604344,0.10422383964823215,0.20107448208795362,29.623066799777526,0.14142135623730945
min,0.24,0.159,0.0,-14.460999999999999,0.0,0.0287,5.539999999999999e-05,0.0,0.0501,0.18899999999999997,74.68,3.0
max,0.9079999999999999,0.963,11.0,-1.9980000000000002,1.0,0.375,0.946,0.9470000000000001,0.499,0.9640000000000001,180.128,4.0
