,danceability,energy,key,loudness,mode,speechiness,acousticness,instrumentalness,liveness,valence,tempo,time_signature
mean,0.6680000000000001,0.6696599999999998,5.5,-6.1009400000000005,0.66,0.09620199999999997,0.17093232,0.03555562599999999,0.19411799999999999,0.5502059999999999,124.22346000000002,3.88
std,0.17197270784894317,0.17733924712659793,3.5642785571070426,2.9070399589371214,0.47851812069840666,0.07690923484264832,0.20567591311738723,0.14895080746454104,0.1345025311801884,0.22504095628147697,33.29711614478935,0.328260722659316
min,0.265,0.166,0.0,-16.509,0.0,0.0301,0.000239,0.0,0.0424,0.0385,54.747,3.0
max,0.9129999999999999,0.97,11.0,-1.915,1.0,0.39,0.9570000000000001,0.943,0.564,0.965,212.11700000000002,4.0
