,danceability,energy,key,loudness,mode,speechiness,acousticness,instrumentalness,liveness,valence,tempo,time_signature
mean,0.6647200000000001,0.65248,5.28,-6.5428999999999995,0.64,0.09697199999999997,0.26421799999999984,0.020906229400000004,0.17914200000000002,0.5742080000000002,114.51728000000001,3.98
std,0.1645751537276809,0.17412571578592057,3.7906436909628862,2.9037364405755794,0.4848732213850611,0.08683434155603063,0.2618513180320123,0.1103418817320017,0.14424935481056858,0.24531742023221212,28.928431566533156,0.2466096643090295
min,0.35700000000000004,0.115,0.0,-15.905,0.0,0.0273,0.007940000000000001,0.0,0.0494,0.0834,75.024,3.0
max,0.9129999999999999,0.987,11.0,-1.715,1.0,0.449,0.968,0.779,0.687,0.965,181.017,5.0
