,danceability,energy,key,loudness,mode,speechiness,acousticness,instrumentalness,liveness,valence,tempo,time_signature
mean,0.7401399999999997,0.62796,4.94,-6.26156,0.6,0.10276,0.30413920000000005,0.0022645430000000004,0.17422600000000002,0.5622400000000001,121.98530000000001,3.96
std,0.09459969581864197,0.17887687704915115,3.9662350419715757,2.8301442968909707,0.4948716593053935,0.08121621683845548,0.25609683395663496,0.009335870160537215,0.13559217184375402,0.2369047479301264,32.93334181327178,0.1979486637221575
min,0.433,0.157,0.0,-14.402999999999999,0.0,0.0274,0.00381,0.0,0.0515,0.13699999999999998,78.626,3.0
max,0.9059999999999999,0.9109999999999999,11.0,-1.9980000000000002,1.0,0.37799999999999995,0.9470000000000001,0.0581,0.7759999999999999,0.968,202.00599999999997,4.0
