,danceability,energy,key,loudness,mode,speechiness,acousticness,instrumentalness,liveness,valence,tempo,time_signature
mean,0.69842,0.6612799999999999,5.22,-6.0343599999999995,0.58,0.10213399999999999,0.23742336000000003,0.0370045884,0.18757800000000008,0.5589599999999999,125.43734,3.96
std,0.1274554888290538,0.16683121618533372,3.454012750647087,2.5313034051609833,0.49856938190328975,0.08035440277233076,0.2777765131859519,0.15307726970405894,0.15986300039057677,0.20834429511297506,30.866446923116225,0.19794866372215753
min,0.319,0.19399999999999998,0.0,-14.366,0.0,0.0269,0.000813,0.0,0.0501,0.162,77.176,3.0
max,0.922,0.895,11.0,-2.33,1.0,0.335,0.9840000000000001,0.972,0.784,0.941,195.985,4.0
