,danceability,energy,key,loudness,mode,speechiness,acousticness,instrumentalness,liveness,valence,tempo,time_signature
mean,0.6092599999999999,0.65282,5.38,-6.883999999999999,0.58,0.09407600000000002,0.32657807999999994,0.051933125000000004,0.18759200000000004,0.5121300000000001,124.26575999999999,3.9
std,0.1743416549567579,0.2365550969172954,3.724655853161444,3.6135826419502406,0.49856938190328975,0.11898335771125682,0.29761449270832613,0.1659035067274816,0.17736210261749258,0.23909960374330208,29.958965759348164,0.4629100498862757
min,0.155,0.124,0.0,-18.636,0.0,0.0262,0.000584,0.0,0.0478,0.0815,78.953,1.0
max,0.877,0.993,11.0,-1.058,1.0,0.765,0.93,0.758,0.97,0.9670000000000001,190.06799999999998,4.0
