,danceability,energy,key,loudness,mode,speechiness,acousticness,instrumentalness,liveness,valence,tempo,time_signature
mean,0.71056,0.6702199999999998,5.58,-6.221640000000001,0.58,0.08403799999999999,0.24531280000000005,0.032950169599999996,0.15213800000000005,0.5319799999999999,111.54222,4.0
std,0.1317109017228759,0.16845629118800023,3.557630488664829,2.7224152224202145,0.49856938190328975,0.05538764648974959,0.2657698679119948,0.09859104594475225,0.12068162176840791,0.21646901932269805,29.331827326260314,0.20203050891044214
min,0.365,0.235,0.0,-16.526,0.0,0.0301,0.0010400000000000001,0.0,0.0501,0.161,71.91199999999999,3.0
max,0.9420000000000001,0.961,11.0,-2.379,1.0,0.27,0.9840000000000001,0.49700000000000005,0.636,0.894,195.99,5.0
