,danceability,energy,key,loudness,mode,speechiness,acousticness,instrumentalness,liveness,valence,tempo,time_signature
mean,0.63468,0.6561400000000001,6.18,-6.779660000000002,0.58,0.08498599999999998,0.20272706000000007,0.024826372399999994,0.15434599999999998,0.5643199999999999,121.32784000000004,4.0
std,0.13827485789734378,0.20857563694384493,3.900235471698328,3.0160153237444303,0.49856938190328975,0.08701330184494313,0.2589245097532397,0.08761160074038776,0.1535311192413779,0.2262266733944122,30.619912600922994,0.20203050891044214
min,0.322,0.121,0.0,-15.152999999999999,0.0,0.026000000000000002,0.000153,0.0,0.0325,0.12300000000000001,70.429,3.0
max,0.9159999999999999,0.988,11.0,-2.394,1.0,0.5379999999999999,0.91,0.43799999999999994,0.9229999999999999,0.97,189.891,5.0
