,danceability,energy,key,loudness,mode,speechiness,acousticness,instrumentalness,liveness,valence,tempo,time_signature
mean,0.73572,0.62532,5.32,-5.925319999999999,0.56,0.123986,0.28357779999999994,0.037008484,0.164012,0.5802,122.53444000000005,3.88
std,0.1266201196251115,0.13982079492649704,3.5938723359834226,1.7552825976323645,0.5014265364224069,0.09185991555468732,0.2309683372265205,0.17056580533672072,0.1429840631050916,0.16691217292153304,29.64526523241794,0.5205962045225315
min,0.45299999999999996,0.33399999999999996,0.0,-9.682,0.0,0.0263,0.00147,0.0,0.0387,0.22899999999999998,64.921,1.0
max,0.9540000000000001,0.8420000000000001,11.0,-2.2030000000000003,1.0,0.34600000000000003,0.893,0.91,0.79,0.884,184.81900000000002,5.0
