,danceability,energy,key,loudness,mode,speechiness,acousticness,instrumentalness,liveness,valence,tempo,time_signature
mean,0.71062,0.6774600000000001,5.06,-5.6882399999999995,0.38,0.13914799999999994,0.2508311999999999,0.017676059999999997,0.18980400000000003,0.543524,115.33814000000001,4.02
std,0.0950520566289218,0.16402715180912045,3.358874933117715,1.6426680333393908,0.49031435147801444,0.13307622526436583,0.21828547678221935,0.101663072313944,0.1540542284060906,0.19976831024862737,25.467693487872925,0.14142135623730942
min,0.469,0.242,0.0,-9.871,0.0,0.0287,0.00182,0.0,0.055999999999999994,0.0912,74.99600000000001,4.0
max,0.912,0.973,11.0,-2.097,1.0,0.645,0.873,0.7,0.732,0.95,176.08900000000003,5.0
