,danceability,energy,key,loudness,mode,speechiness,acousticness,instrumentalness,liveness,valence,tempo,time_signature
mean,0.7210599999999999,0.6707600000000002,5.22,-6.1935199999999995,0.24,0.14977799999999997,0.26770482,0.00042163560000000005,0.162392,0.5261499999999999,127.91108,3.96
std,0.12233517190781351,0.16096400408863124,3.7158787792446644,2.415705619989526,0.4314191105869001,0.11959565600260688,0.24004052760278644,0.0018106133340347222,0.10743913481500084,0.207210684707963,27.26778136641356,0.1979486637221575
min,0.42,0.235,0.0,-16.541,0.0,0.0288,0.00043099999999999996,0.0,0.0574,0.0895,79.351,3.0
max,0.966,0.914,11.0,-2.6519999999999997,1.0,0.435,0.877,0.0119,0.647,0.9670000000000001,187.99099999999999,4.0
