,danceability,energy,key,loudness,mode,speechiness,acousticness,instrumentalness,liveness,valence,tempo,time_signature
mean,0.7191400000000001,0.6298600000000001,5.76,-6.579719999999998,0.5,0.127562,0.23024726,0.0227516154,0.13084400000000002,0.49441,116.81533999999999,4.0
std,0.13843130028270045,0.16811305841059243,3.6898094635835896,2.8910003850090455,0.5050762722761054,0.10104680041183585,0.2351489198000601,0.10756182044348647,0.06733021931237905,0.20219342350878794,25.20081190027538,0.20203050891044214
min,0.382,0.131,0.0,-18.435,0.0,0.0265,0.000593,0.0,0.0501,0.0895,60.771,3.0
max,0.9390000000000001,0.9640000000000001,11.0,-2.6519999999999997,1.0,0.395,0.9520000000000001,0.7,0.369,0.9520000000000001,170.08700000000002,5.0
