,danceability,energy,key,loudness,mode,speechiness,acousticness,instrumentalness,liveness,valence,tempo,time_signature
mean,0.6461599999999997,0.69762,5.66,-6.4110000000000005,0.54,0.10315200000000005,0.20374768799999995,0.021592772000000003,0.15085800000000002,0.5074780000000001,120.04976,4.0
std,0.1589731539394919,0.17173043541836022,3.5491303907594385,2.79485999795397,0.5034574339058886,0.06780147262262022,0.24716019975658743,0.1044167478853103,0.10963498639036866,0.23725728675504856,28.814686636179548,0.2857142857142857
min,0.278,0.273,0.0,-16.526,0.0,0.0255,9.44e-05,0.0,0.0581,0.0499,77.093,3.0
max,0.9,0.982,11.0,-2.384,1.0,0.29,0.9840000000000001,0.609,0.5579999999999999,0.938,189.892,5.0
