,danceability,energy,key,loudness,mode,speechiness,acousticness,instrumentalness,liveness,valence,tempo,time_signature
mean,0.657,0.665218,5.34,-6.4075999999999995,0.56,0.11107799999999995,0.24367340000000007,0.0501519248,0.137582,0.49694599999999994,120.15305999999997,3.96
std,0.1505948748348715,0.1922703471783458,3.5433755381107477,3.6181176580861916,0.5014265364224069,0.1015655760620513,0.2531382532523139,0.18243886305734344,0.08905083778496461,0.24894267450108898,30.883185414779888,0.2828427124746189
min,0.21,0.0959,0.0,-21.487,0.0,0.0277,0.00134,0.0,0.0349,0.0612,75.089,3.0
max,0.924,0.983,11.0,-1.2990000000000002,1.0,0.48700000000000004,0.988,0.948,0.457,0.9640000000000001,193.88099999999997,5.0
