,danceability,energy,key,loudness,mode,speechiness,acousticness,instrumentalness,liveness,valence,tempo,time_signature
mean,0.6622199999999999,0.6796799999999998,5.54,-5.671979999999999,0.58,0.09889800000000003,0.1980712,0.0028069091999999994,0.18402000000000007,0.5128860000000001,114.98794000000002,4.0
std,0.1508685452941854,0.14094526944737037,3.363732135225844,1.9390299751395788,0.4985693819032897,0.08072846775532438,0.2116559675283628,0.012491157079306526,0.1334791354176252,0.22941563031461712,23.431588333116746,0.2857142857142857
min,0.35100000000000003,0.27899999999999997,0.0,-11.485,0.0,0.0282,0.00512,0.0,0.0418,0.0793,74.786,3.0
max,0.88,0.9129999999999999,11.0,-3.035,1.0,0.35,0.934,0.0802,0.636,0.938,180.07299999999998,5.0
