,danceability,energy,key,loudness,mode,speechiness,acousticness,instrumentalness,liveness,valence,tempo,time_signature
mean,0.6973400000000001,0.5896399999999999,5.8,-6.55754,0.56,0.11868200000000004,0.30006679999999997,0.010407209199999998,0.119848,0.4739080000000002,124.22798000000003,4.04
std,0.1522391526245359,0.1484980258234748,3.719776161797582,2.1185665177671624,0.5014265364224069,0.10889459177740347,0.24253362997139602,0.061217532099934385,0.07990627223727273,0.23582200814709933,26.931775558894994,0.19794866372215744
min,0.284,0.273,0.0,-16.526,0.0,0.0263,0.00513,0.0,0.0222,0.039,74.931,4.0
max,0.907,0.971,11.0,-2.585,1.0,0.434,0.9440000000000001,0.431,0.395,0.9640000000000001,191.702,5.0
