,danceability,energy,key,loudness,mode,speechiness,acousticness,instrumentalness,liveness,valence,tempo,time_signature
mean,0.7513199999999999,0.6357599999999999,5.7,-6.5265200000000005,0.32,0.16865,0.26991380000000004,0.025547246799999996,0.182564,0.5299400000000002,123.93140000000001,4.04
std,0.13299845633598573,0.1430335425196282,3.8611090719255947,1.7906774711584126,0.4712120714991611,0.1111538908404901,0.2543917612650831,0.1045908483505938,0.14640971691852717,0.2038568335166339,24.807061761210054,0.1979486637221575
min,0.391,0.18600000000000003,0.0,-10.599,0.0,0.0296,0.0007,0.0,0.0569,0.107,72.541,4.0
max,0.941,0.875,11.0,-2.708,1.0,0.46299999999999997,0.875,0.585,0.79,0.9620000000000001,171.899,5.0
