,danceability,energy,key,loudness,mode,speechiness,acousticness,instrumentalness,liveness,valence,tempo,time_signature
mean,0.5393333333333333,0.45566666666666666,1.6666666666666667,-8.158666666666667,0.6666666666666666,0.13743333333333332,0.2575133333333333,0.0007783333333333335,0.11333333333333333,0.25833333333333336,108.66533333333332,4.0
std,0.0884891707122026,0.12893926218702098,2.0816659994661326,1.5248466589573304,0.5773502691896258,0.19015179024488132,0.27853299720739255,0.0007653485044953922,0.04004713889072893,0.1529586000633287,29.12438885767962,0.0
min,0.467,0.307,0.0,-9.712,0.0,0.0269,0.00454,0.0,0.0842,0.11900000000000001,82.275,4.0
max,0.638,0.537,4.0,-6.664,1.0,0.35700000000000004,0.556,0.0015300000000000001,0.159,0.42200000000000004,139.91299999999998,4.0
