,danceability,energy,key,loudness,mode,speechiness,acousticness,instrumentalness,liveness,valence,tempo,time_signature
mean,0.69986,0.6977800000000001,5.8,-5.70744,0.52,0.13525799999999996,0.23421140000000013,0.0052748885999999995,0.16528599999999996,0.5144199999999998,119.9619,3.98
std,0.12488607216342486,0.1408441445755715,3.969269711271373,1.9495576595102548,0.5046720495044484,0.10241263890830694,0.18753760942002962,0.03618414885262023,0.10813251886798299,0.21797295188876545,29.115005579387326,0.14142135623730945
min,0.42,0.382,0.0,-12.89,0.0,0.0308,0.00987,0.0,0.0515,0.13699999999999998,81.955,3.0
max,0.9059999999999999,0.914,11.0,-2.7289999999999996,1.0,0.44799999999999995,0.7509999999999999,0.256,0.7040000000000001,0.961,202.00599999999997,4.0
