,danceability,energy,key,loudness,mode,speechiness,acousticness,instrumentalness,liveness,valence,tempo,time_signature
mean,0.6962200000000002,0.6256600000000001,5.94,-6.580359999999997,0.42,0.12354799999999999,0.30414682000000004,0.0036588810000000005,0.15172,0.5031580000000001,122.70228000000002,4.0
std,0.1450652618792026,0.17482172960721198,3.501661413252461,2.671679077330378,0.49856938190328975,0.10946055526619475,0.24968894732983524,0.02304606917043066,0.09208978094827917,0.23023173692998083,24.691818756661828,0.0
min,0.312,0.179,0.0,-16.541,0.0,0.0299,0.0008609999999999999,0.0,0.044000000000000004,0.0727,82.009,4.0
max,0.907,0.872,11.0,-3.2060000000000004,1.0,0.434,0.9329999999999999,0.163,0.413,0.94,176.05900000000003,4.0
