,danceability,energy,key,loudness,mode,speechiness,acousticness,instrumentalness,liveness,valence,tempo,time_signature
mean,0.6783199999999999,0.69068,5.54,-5.888060000000001,0.42,0.13245799999999996,0.2012926,0.0083624542,0.193648,0.500432,118.01665999999997,4.04
std,0.1365238171641169,0.15581719273244662,3.1312121927327716,2.0228451312193823,0.49856938190328975,0.1214504872491717,0.21275180817294398,0.03371973254844397,0.15243425647451683,0.23810747225330234,25.23886814032059,0.1979486637221575
min,0.35100000000000003,0.29600000000000004,0.0,-10.109,0.0,0.0315,0.00573,0.0,0.0527,0.0778,76.014,4.0
max,0.9640000000000001,0.9440000000000001,11.0,-0.9279999999999999,1.0,0.53,0.934,0.175,0.753,0.927,197.858,5.0
