,danceability,energy,key,loudness,mode,speechiness,acousticness,instrumentalness,liveness,valence,tempo,time_signature
mean,0.6950200000000002,0.6869200000000001,5.82,-5.864960000000001,0.52,0.14336799999999994,0.18445280000000003,0.003023504599999999,0.182912,0.4852060000000001,119.1206,3.98
std,0.1270975023438337,0.149022370598429,3.4563753575450824,2.0207744318675935,0.5046720495044484,0.1187139495267717,0.19375008589375317,0.01716761935509539,0.12894504863447426,0.2322043429870355,28.465118414061287,0.14142135623730942
min,0.337,0.32,0.0,-10.177999999999999,0.0,0.031,0.0010400000000000001,0.0,0.0527,0.0381,71.91199999999999,3.0
max,0.934,0.9390000000000001,11.0,-2.324,1.0,0.46299999999999997,0.731,0.121,0.588,0.927,188.19,4.0
