,danceability,energy,key,loudness,mode,speechiness,acousticness,instrumentalness,liveness,valence,tempo,time_signature
mean,0.6781800000000001,0.6525600000000001,6.06,-6.18978,0.46,0.11749399999999997,0.24530263000000005,0.014713696600000003,0.16114200000000004,0.4174380000000001,118.23047999999999,3.92
std,0.15840630914048281,0.1707812970690041,3.610698389112951,2.2136239959645816,0.5034574339058886,0.09757963238884873,0.255646047362859,0.07451190441416031,0.1069725848724135,0.20131215165528787,27.13747657665634,0.2740475156178697
min,0.258,0.299,0.0,-14.700999999999999,0.0,0.0232,2.55e-05,0.0,0.0285,0.0522,74.931,3.0
max,0.9570000000000001,0.968,11.0,-2.968,1.0,0.447,0.872,0.512,0.575,0.779,207.3,4.0
