,danceability,energy,key,loudness,mode,speechiness,acousticness,instrumentalness,liveness,valence,tempo,time_signature
mean,0.6650999999999999,0.6723800000000001,5.54,-6.47444,0.52,0.09681199999999998,0.18161917940000002,0.0223809276,0.14346199999999998,0.5282740000000001,117.64186000000001,3.94
std,0.14441864456488707,0.16849415783489285,3.435766260373131,2.386129178294881,0.5046720495044485,0.0825446635810837,0.19576334245331037,0.07687499304498079,0.10029548770040068,0.23715952334723078,27.14165653886803,0.23989793748209526
min,0.315,0.34600000000000003,0.0,-14.013,0.0,0.0264,6.97e-06,0.0,0.0219,0.0927,68.083,3.0
max,0.9079999999999999,0.9620000000000001,11.0,-1.715,1.0,0.332,0.7240000000000001,0.47700000000000004,0.449,0.973,203.74200000000002,4.0
