,danceability,energy,key,loudness,mode,speechiness,acousticness,instrumentalness,liveness,valence,tempo,time_signature
mean,0.7523799999999997,0.6412600000000002,4.88,-6.251380000000001,0.54,0.14272600000000002,0.24486738000000002,0.0046581092,0.12816,0.5092620000000001,121.07914000000001,3.98
std,0.11290539474828164,0.13059062222167753,3.7123071653347752,2.1149669162269875,0.5034574339058886,0.13283871578815004,0.22592684970925106,0.020717801754578682,0.0771322109055852,0.221697973341376,29.1920262659277,0.14142135623730934
min,0.45,0.32899999999999996,0.0,-12.603,0.0,0.0295,0.0009689999999999999,0.0,0.0501,0.0791,71.884,3.0
max,0.9420000000000001,0.8809999999999999,11.0,-2.6519999999999997,1.0,0.48,0.818,0.13,0.43700000000000006,0.9520000000000001,182.123,4.0
