,danceability,energy,key,loudness,mode,speechiness,acousticness,instrumentalness,liveness,valence,tempo,time_signature
mean,0.71422,0.63152,5.7,-6.530220000000001,0.44,0.20489400000000002,0.2895819999999999,0.004186857999999999,0.13556600000000002,0.5156260000000001,125.69838,4.04
std,0.13470410353884577,0.12255898038687082,3.4181388897158285,2.166373705583803,0.5014265364224069,0.14858852979875367,0.21252281288350755,0.01916278348750345,0.09256004032683933,0.21024986574287735,31.005161630118884,0.2828427124746188
min,0.36200000000000004,0.366,0.0,-12.863,0.0,0.028999999999999998,0.0204,0.0,0.059000000000000004,0.0983,75.046,3.0
max,0.97,0.9209999999999999,11.0,-2.885,1.0,0.486,0.764,0.13,0.519,0.9390000000000001,193.851,5.0
