,danceability,energy,key,loudness,mode,speechiness,acousticness,instrumentalness,liveness,valence,tempo,time_signature
mean,0.677,0.66842,5.3,-5.925020000000001,0.6,0.09487600000000002,0.22859019999999994,0.00026281479999999994,0.156978,0.5153679999999999,122.93437999999998,3.96
std,0.14647295494599763,0.1418598172672658,3.489049926234233,2.1122952067379606,0.4948716593053935,0.08947499151227928,0.18844416293655036,0.0010320783883736345,0.12465151470546737,0.22646368311812948,25.435667499367245,0.28284271247461884
min,0.255,0.32299999999999995,0.0,-12.564,0.0,0.0283,0.004220000000000001,0.0,0.0356,0.0564,79.992,3.0
max,0.903,0.963,11.0,-2.7289999999999996,1.0,0.45799999999999996,0.6970000000000001,0.00471,0.753,0.965,183.98,5.0
