,danceability,energy,key,loudness,mode,speechiness,acousticness,instrumentalness,liveness,valence,tempo,time_signature
mean,0.6960600000000001,0.6705200000000001,5.88,-6.06792,0.5,0.11863199999999999,0.20295919999999998,0.011016306999999998,0.18223800000000004,0.5379399999999999,113.63058,3.96
std,0.12242155505815608,0.15657589149009618,3.589326581146169,2.220209282652316,0.5050762722761054,0.09959857887683797,0.20555640596196462,0.07236207821821705,0.14936545770392176,0.2057241475810732,26.581486526581937,0.49321932861805906
min,0.402,0.13699999999999998,0.0,-14.134,0.0,0.0289,0.00144,0.0,0.0441,0.106,75.023,1.0
max,0.9209999999999999,0.9359999999999999,11.0,-2.384,1.0,0.382,0.9279999999999999,0.512,0.7,0.89,179.864,5.0
