,danceability,energy,key,loudness,mode,speechiness,acousticness,instrumentalness,liveness,valence,tempo,time_signature
mean,0.7136200000000001,0.6164600000000001,5.76,-6.977519999999999,0.44,0.14523000000000003,0.2907335999999999,0.0229128622,0.170186,0.48208000000000006,129.14448000000004,3.94
std,0.12528789540372157,0.14973407857169416,3.5025355247364462,2.4811446193321376,0.5014265364224069,0.10724730194979361,0.2645409454034267,0.10799096524520709,0.11972518704201257,0.2002653178935894,27.559861137679256,0.6518419740885617
min,0.391,0.128,0.0,-18.717,0.0,0.0334,0.00158,0.0,0.0522,0.107,75.801,1.0
max,0.941,0.882,11.0,-3.909,1.0,0.444,0.902,0.657,0.7340000000000001,0.9440000000000001,201.85,5.0
