,danceability,energy,key,loudness,mode,speechiness,acousticness,instrumentalness,liveness,valence,tempo,time_signature
mean,0.7283599999999997,0.6626000000000001,6.16,-5.9032599999999995,0.46,0.139024,0.20248506,0.005850050799999999,0.17363599999999996,0.49090399999999995,121.39196,3.96
std,0.113443820493508,0.17208185048199046,4.087611946916124,2.5887370556441813,0.5034574339058886,0.12612595512067307,0.21547554608964098,0.027260300484751112,0.11498767238273849,0.2089775195018422,27.319715628065516,0.19794866372215744
min,0.42,0.317,0.0,-14.505,0.0,0.0308,0.000573,0.0,0.0558,0.0912,75.014,3.0
max,0.9059999999999999,0.992,11.0,-2.006,1.0,0.645,0.7509999999999999,0.162,0.7040000000000001,0.9259999999999999,202.00599999999997,4.0
