,danceability,energy,key,loudness,mode,speechiness,acousticness,instrumentalness,liveness,valence,tempo,time_signature
mean,0.72588,0.6628799999999999,6.02,-6.1907200000000016,0.46,0.136388,0.19340546,0.018202658199999996,0.168276,0.5357400000000002,116.17846,4.0
std,0.11092314677196964,0.13926404813174437,3.582781954098274,2.1766282953978453,0.5034574339058886,0.10911897203118646,0.18693684720140222,0.09983228505600239,0.11599981449668488,0.2103944604299073,29.450213603889093,0.20203050891044214
min,0.43799999999999994,0.322,0.0,-13.245,0.0,0.0287,0.000573,0.0,0.0435,0.10099999999999999,74.931,3.0
max,0.912,0.9640000000000001,11.0,-2.097,1.0,0.45299999999999996,0.67,0.7,0.521,0.965,204.077,5.0
