,danceability,energy,key,loudness,mode,speechiness,acousticness,instrumentalness,liveness,valence,tempo,time_signature
mean,0.63824,0.6579,5.6,-6.639900000000001,0.5,0.11781400000000002,0.19720421999999996,0.051314376999999994,0.17329400000000003,0.47150200000000003,127.34982000000008,3.9
std,0.163805205369434,0.20093589697681583,4.010191099319485,3.210277756754111,0.5050762722761054,0.10512071003161565,0.24920996489783304,0.18249350514248763,0.13709422115271447,0.2589045900145694,31.30004599963367,0.46291004988627554
min,0.264,0.122,0.0,-15.399000000000001,0.0,0.0262,0.00028199999999999997,0.0,0.0494,0.0397,77.658,1.0
max,0.9079999999999999,0.943,11.0,-1.218,1.0,0.395,0.9690000000000001,0.91,0.638,0.973,197.989,4.0
