,danceability,energy,key,loudness,mode,speechiness,acousticness,instrumentalness,liveness,valence,tempo,time_signature
mean,0.5782173913043475,0.6028521739130437,4.956521739130435,-8.479826086956518,0.5434782608695652,0.07584347826086957,0.2935241217391305,0.1921325502173913,0.15744347826086957,0.4788891304347826,123.11352173913045,3.9565217391304346
std,0.1565835116966844,0.23378354826551317,3.6512191068441195,5.123010778414271,0.503610155185335,0.0641335469579738,0.32782282969743404,0.34285490844816136,0.10543689350543903,0.2390237591428572,28.108575875019696,0.2061845709423622
min,0.225,0.0122,0.0,-32.926,0.0,0.0292,2.36e-05,0.0,0.0206,0.0451,77.376,3.0
max,0.825,0.97,11.0,-0.611,1.0,0.266,0.993,0.922,0.511,0.951,200.625,4.0
