,danceability,energy,key,loudness,mode,speechiness,acousticness,instrumentalness,liveness,valence,tempo,time_signature
mean,0.6656,0.7001200000000002,5.0,-5.712980000000001,0.52,0.12829000000000002,0.20458713999999997,0.0018524104000000002,0.18060600000000002,0.4777399999999998,121.11652000000004,3.98
std,0.13314117105002282,0.11726503036685225,3.295017884191656,1.5188452849424252,0.5046720495044485,0.11113063695213733,0.19008308120720502,0.011559300931567913,0.1174354124006651,0.21681787805644157,26.1710996901045,0.24660966430902945
min,0.376,0.45399999999999996,0.0,-9.466000000000001,0.0,0.0318,0.000837,0.0,0.047,0.11199999999999999,80.02,3.0
max,0.884,0.963,11.0,-2.528,1.0,0.46299999999999997,0.733,0.0816,0.503,0.9229999999999999,189.83700000000002,5.0
