,danceability,energy,key,loudness,mode,speechiness,acousticness,instrumentalness,liveness,valence,tempo,time_signature
mean,0.6842399999999997,0.6517600000000003,4.08,-6.244360000000001,0.56,0.112988,0.22103106000000008,0.0038546288,0.145902,0.4938800000000001,115.00292000000002,4.02
std,0.12664018770855143,0.15954406467001078,3.2188221955446084,2.0128392958754575,0.5014265364224069,0.10461694099359406,0.2475174796850707,0.018188469918854994,0.12265503390752924,0.19873679034525712,23.334063198260353,0.24660966430902953
min,0.309,0.26,0.0,-13.091,0.0,0.0235,0.000813,0.0,0.0215,0.149,75.208,3.0
max,0.8740000000000001,0.943,11.0,-2.875,1.0,0.473,0.889,0.127,0.742,0.9259999999999999,166.915,5.0
