,danceability,energy,key,loudness,mode,speechiness,acousticness,instrumentalness,liveness,valence,tempo,time_signature
mean,0.6673800000000001,0.6532399999999999,5.36,-6.4311,0.58,0.09499000000000002,0.21847278,0.010329608,0.136466,0.4892800000000001,116.98982000000002,3.94
std,0.1337588280512081,0.163693536456242,3.7294197174052997,2.2857818851610956,0.49856938190328975,0.09068168649350387,0.1976239393493891,0.06449722836990515,0.08208647160408446,0.2256469194225748,25.64303607075657,0.23989793748209526
min,0.322,0.127,0.0,-16.066,0.0,0.0232,0.000779,0.0,0.0522,0.11900000000000001,63.05,3.0
max,0.92,0.902,11.0,-2.7569999999999997,1.0,0.39899999999999997,0.9129999999999999,0.456,0.39799999999999996,0.963,172.09400000000002,4.0
