,danceability,energy,key,loudness,mode,speechiness,acousticness,instrumentalness,liveness,valence,tempo,time_signature
mean,0.6955399999999997,0.6048060000000001,5.26,-6.96298,0.56,0.129092,0.2793300599999999,0.0405963724,0.1551,0.46622199999999997,127.08151999999998,3.96
std,0.15399234144752072,0.18541676212670477,3.6911919428801965,3.9214303902675973,0.5014265364224069,0.09951153115419872,0.23927276955386273,0.14110718203054884,0.11913791870546249,0.2220299118385187,30.453021076124067,0.19794866372215741
min,0.19699999999999998,0.0473,0.0,-29.125,0.0,0.0308,0.000573,0.0,0.044000000000000004,0.0727,70.23100000000001,3.0
max,0.907,0.904,11.0,-2.7289999999999996,1.0,0.374,0.992,0.861,0.625,0.877,179.945,4.0
