,danceability,energy,key,loudness,mode,speechiness,acousticness,instrumentalness,liveness,valence,tempo,time_signature
mean,0.67758,0.62594,5.68,-6.328960000000002,0.44,0.103318,0.22237247999999993,0.008987681399999998,0.16070800000000002,0.47774,122.75188,4.0
std,0.16193726298433336,0.17229938467441971,3.5481527243203663,2.3705246724843727,0.5014265364224069,0.08353929953828282,0.2517512516000941,0.050699638692043254,0.1206440553776239,0.24582116114221356,22.630597064494566,0.20203050891044214
min,0.264,0.122,0.0,-15.399000000000001,0.0,0.0279,0.000164,0.0,0.0284,0.038,68.976,3.0
max,0.9009999999999999,0.995,11.0,-2.9360000000000004,1.0,0.384,0.934,0.349,0.618,0.938,165.826,5.0
