,danceability,energy,key,loudness,mode,speechiness,acousticness,instrumentalness,liveness,valence,tempo,time_signature
mean,0.6490400000000001,0.660398,4.5,-6.4208799999999995,0.58,0.104122,0.23884409999999995,0.0247024566,0.18632399999999996,0.509036,121.03846000000001,3.92
std,0.16349086724789672,0.1892418002860631,3.575711717366808,2.76346070848618,0.49856938190328975,0.10909423990106827,0.24267336318651686,0.10684325716850508,0.17099181333786548,0.24162231428240166,29.02299162501541,0.27404751561786983
min,0.221,0.0879,0.0,-16.996,0.0,0.026000000000000002,0.000123,0.0,0.0541,0.0398,74.931,3.0
max,0.945,0.98,11.0,-2.068,1.0,0.501,0.9690000000000001,0.698,0.773,0.9470000000000001,179.97400000000002,4.0
