,danceability,energy,key,loudness,mode,speechiness,acousticness,instrumentalness,liveness,valence,tempo,time_signature
mean,0.6670799999999999,0.6704399999999999,5.24,-5.755679999999999,0.56,0.11153600000000002,0.25467294,0.0007214550000000003,0.13588599999999998,0.5096799999999999,123.79235999999996,4.0
std,0.126743649359884,0.1299673679609381,3.5025355247364467,1.6743398996595156,0.5014265364224069,0.0964135729288048,0.2365036455695561,0.0018998959024278785,0.07496143501011378,0.22185069809423172,29.550830449852313,0.20203050891044214
min,0.37799999999999995,0.447,0.0,-10.338,0.0,0.0262,0.00047699999999999994,0.0,0.035,0.11199999999999999,83.90299999999999,3.0
max,0.903,0.963,11.0,-2.371,1.0,0.40299999999999997,0.846,0.009890000000000001,0.34,0.924,195.88400000000001,5.0
