,danceability,energy,key,loudness,mode,speechiness,acousticness,instrumentalness,liveness,valence,tempo,time_signature
mean,0.7244799999999999,0.61564,6.24,-6.1124,0.36,0.15157600000000002,0.27740760000000003,0.0007900511999999997,0.14314200000000002,0.5395300000000001,126.03322,3.96
std,0.10057614436995749,0.1417750100313442,3.841555807274985,1.88106734790303,0.48487322138506106,0.12838960565721952,0.25704201646979263,0.0036412083730439086,0.07969369700834025,0.19143705764771962,30.399029705440352,0.49321932861805895
min,0.455,0.18600000000000003,0.0,-12.797,0.0,0.0287,0.0045899999999999995,0.0,0.0409,0.0605,72.541,1.0
max,0.9209999999999999,0.885,11.0,-2.4859999999999998,1.0,0.442,0.868,0.0248,0.39899999999999997,0.9390000000000001,185.91299999999998,5.0
