,danceability,energy,key,loudness,mode,speechiness,acousticness,instrumentalness,liveness,valence,tempo,time_signature
mean,0.68076,0.6288419999999999,6.02,-7.127260000000003,0.64,0.088288,0.27788822,0.029595613000000003,0.15327200000000002,0.47444,111.04494000000003,3.94
std,0.15717188822744224,0.18221870475685337,3.067206400299924,3.5058061334457897,0.4848732213850611,0.10137376313948902,0.27816156565838146,0.14846778862624785,0.11359067948254435,0.21253918342224787,24.795982755943783,0.23989793748209529
min,0.271,0.0511,1.0,-20.651999999999997,0.0,0.0232,0.00023700000000000001,0.0,0.0494,0.135,75.991,3.0
max,0.9570000000000001,0.982,11.0,-2.883,1.0,0.604,0.9890000000000001,0.9279999999999999,0.5760000000000001,0.9490000000000001,179.99400000000003,4.0
