,danceability,energy,key,loudness,mode,speechiness,acousticness,instrumentalness,liveness,valence,tempo,time_signature
mean,0.7032800000000001,0.7185200000000002,6.0,-5.650060000000001,0.52,0.12607600000000002,0.17900372219999997,0.0116784276,0.19405399999999998,0.5462020000000002,112.58489999999998,3.96
std,0.13402010814708032,0.1480200262237016,3.2071349029490928,2.0615120605803807,0.5046720495044484,0.10359899644931954,0.18388048205535593,0.06843620039757504,0.16190182866950767,0.23181075540718335,28.551657243619726,0.19794866372215744
min,0.39799999999999996,0.32,0.0,-10.978,0.0,0.027000000000000003,6.11e-06,0.0,0.0224,0.0778,80.015,3.0
max,0.93,0.9440000000000001,11.0,-1.85,1.0,0.46299999999999997,0.855,0.48200000000000004,0.6809999999999999,0.9129999999999999,183.888,4.0
