,danceability,energy,key,loudness,mode,speechiness,acousticness,instrumentalness,liveness,valence,tempo,time_signature
mean,0.7302,0.6665800000000001,5.02,-6.43036,0.58,0.18384200000000006,0.33616699999999994,0.0256942878,0.18358000000000005,0.62662,120.7182,3.98
std,0.13038576985082317,0.18077859838114982,3.6336859343355137,2.8295820471639717,0.49856938190328975,0.15012633195725117,0.2770315259761854,0.12776701160141155,0.14097109126139504,0.20158807160207892,34.72304126621846,0.14142135623730948
min,0.348,0.225,0.0,-14.905999999999999,0.0,0.028999999999999998,0.00903,0.0,0.033,0.172,70.956,3.0
max,0.8859999999999999,0.972,11.0,-1.8430000000000002,1.0,0.652,0.93,0.785,0.6709999999999999,0.9640000000000001,190.178,4.0
