,danceability,energy,key,loudness,mode,speechiness,acousticness,instrumentalness,liveness,valence,tempo,time_signature
mean,0.6769,0.6813999999999997,5.4,-6.368919999999998,0.5,0.09927400000000003,0.18656303600000002,0.0326674504,0.17935600000000004,0.5449180000000002,116.65933999999997,3.84
std,0.140891078207129,0.19380012847239902,3.263902759655961,2.6979745451969355,0.5050762722761054,0.07353163364796661,0.19160385339267563,0.13290309024485297,0.12024457077140739,0.22766401460691757,28.556226526862215,0.5095015571464862
min,0.374,0.20199999999999999,0.0,-16.55,0.0,0.0293,8.98e-05,0.0,0.0232,0.0619,71.36399999999999,1.0
max,0.956,0.998,11.0,-3.003,1.0,0.395,0.777,0.852,0.636,0.9129999999999999,180.07299999999998,4.0
