,danceability,energy,key,loudness,mode,speechiness,acousticness,instrumentalness,liveness,valence,tempo,time_signature
mean,0.7107400000000003,0.65782,5.58,-6.817500000000001,0.64,0.125404,0.29455582,0.019819893999999998,0.14987000000000003,0.6199800000000002,119.01581999999999,4.0
std,0.1354790156203882,0.1885431461474632,3.7855256017668997,3.781013935117275,0.4848732213850611,0.10339823343534948,0.2774526095786958,0.1118093978936336,0.12475591884040728,0.2089035994844297,31.620623552752683,0.20203050891044214
min,0.239,0.13,0.0,-23.5,0.0,0.0272,0.0005480000000000001,0.0,0.0378,0.195,78.243,3.0
max,0.927,0.9159999999999999,11.0,-2.1959999999999997,1.0,0.556,0.9390000000000001,0.7879999999999999,0.6920000000000001,0.96,219.113,5.0
