,danceability,energy,key,loudness,mode,speechiness,acousticness,instrumentalness,liveness,valence,tempo,time_signature
mean,0.65274,0.74257,5.38,-6.531300000000001,0.48,0.09990599999999995,0.20273740000000004,0.057264747399999996,0.187176,0.5829139999999997,109.63364000000001,4.02
std,0.1614459927388369,0.1581975002382549,4.04510285936676,5.150473777493976,0.5046720495044485,0.07319618705916311,0.2190353454266303,0.19188593411048577,0.1672434344033284,0.2497674069111141,22.132915725697238,0.14142135623730945
min,0.16399999999999998,0.0105,0.0,-38.897,0.0,0.0264,0.00392,0.0,0.0521,0.0887,75.548,4.0
max,0.9129999999999999,0.987,11.0,-1.401,1.0,0.349,0.945,0.802,0.7829999999999999,0.9420000000000001,181.017,5.0
