,danceability,energy,key,loudness,mode,speechiness,acousticness,instrumentalness,liveness,valence,tempo,time_signature
mean,0.7148599999999999,0.6504199999999999,4.9,-6.024499999999998,0.62,0.100932,0.2663414,0.001609989,0.156006,0.58432,117.92063999999999,4.02
std,0.12701791774616455,0.15868915706950043,3.581414610491907,2.3983264424364337,0.4903143514780144,0.0759194832351609,0.24747394648284884,0.008329583479545379,0.10413866229058959,0.21886538962455943,29.980445297478518,0.14142135623730942
min,0.455,0.32,0.0,-12.914000000000001,0.0,0.0282,0.00677,0.0,0.0324,0.195,75.801,4.0
max,0.938,0.9159999999999999,11.0,-2.01,1.0,0.314,0.866,0.0583,0.46,0.96,199.812,5.0
