,danceability,energy,key,loudness,mode,speechiness,acousticness,instrumentalness,liveness,valence,tempo,time_signature
mean,0.5952999999999999,0.6904600000000001,5.04,-6.45064,0.52,0.08845,0.19323436200000002,0.0222719156,0.18222000000000002,0.5435059999999998,118.81869999999999,3.9
std,0.1588788846889353,0.16144667534387888,3.6363246751159535,2.248727538236789,0.5046720495044485,0.07915754956453126,0.23493292711503408,0.12456165435082413,0.15989628143370477,0.23320279640042826,34.34454562598117,0.4629100498862757
min,0.225,0.37799999999999995,0.0,-12.511,0.0,0.0246,3.21e-05,0.0,0.0544,0.0553,52.126999999999995,1.0
max,0.895,0.981,11.0,-2.082,1.0,0.345,0.9,0.879,0.885,0.946,191.77599999999998,4.0
