,danceability,energy,key,loudness,mode,speechiness,acousticness,instrumentalness,liveness,valence,tempo,time_signature
mean,0.7190399999999998,0.7254800000000001,6.12,-5.097119999999999,0.6,0.131788,0.26433576,0.0177348968,0.168186,0.62086,119.36134,4.0
std,0.1232029949278169,0.1341635067021291,3.7722942729369158,2.10639081630651,0.49487165930539356,0.08562433766167188,0.20692674606054806,0.1065675287955549,0.15075180712356454,0.2246465713978656,32.3993090796891,0.20203050891044214
min,0.19699999999999998,0.355,0.0,-14.050999999999998,0.0,0.0294,0.000308,0.0,0.0344,0.136,75.021,3.0
max,0.9109999999999999,0.9420000000000001,11.0,-1.9480000000000002,1.0,0.345,0.838,0.752,0.85,0.958,190.03599999999997,5.0
