,danceability,energy,key,loudness,mode,speechiness,acousticness,instrumentalness,liveness,valence,tempo,time_signature
mean,0.62128,0.6304000000000001,4.98,-7.6267200000000015,0.56,0.06744800000000002,0.29373435600000003,0.08435803320000002,0.17332199999999998,0.47431999999999996,118.48514000000002,3.94
std,0.13857349630268778,0.18106104506717155,3.700468806483187,3.058395117624635,0.5014265364224069,0.0637011140773368,0.32547619150375634,0.21431602420993626,0.14922345699777684,0.22372335686772465,26.862218571291475,0.3136356914300021
min,0.23399999999999999,0.256,0.0,-16.141,0.0,0.0242,7.879999999999999e-05,0.0,0.0497,0.1,74.805,3.0
max,0.907,0.9790000000000001,11.0,-1.4969999999999999,1.0,0.335,0.976,0.9570000000000001,0.915,0.922,191.99099999999999,5.0
