,danceability,energy,key,loudness,mode,speechiness,acousticness,instrumentalness,liveness,valence,tempo,time_signature
mean,0.7114999999999999,0.6788,5.88,-5.702180000000001,0.46,0.119794,0.2861468,0.0063736309999999985,0.17480000000000004,0.558198,125.57432000000003,3.96
std,0.13041695301092207,0.15540795556554118,3.7614586836188204,2.4666637361721886,0.5034574339058886,0.09416756322250941,0.23785686830906508,0.04183099786168533,0.11553490505346979,0.2261896192875999,29.47603469471566,0.28284271247461895
min,0.33799999999999997,0.33799999999999997,0.0,-12.89,0.0,0.0289,0.0001,0.0,0.0211,0.0709,70.23100000000001,3.0
max,0.9059999999999999,0.9620000000000001,11.0,-1.3869999999999998,1.0,0.42200000000000004,0.795,0.29600000000000004,0.5870000000000001,0.961,189.983,5.0
