,danceability,energy,key,loudness,mode,speechiness,acousticness,instrumentalness,liveness,valence,tempo,time_signature
mean,0.6936999999999999,0.68202,5.68,-5.768359999999999,0.58,0.11099600000000003,0.27473939999999997,0.008868507999999999,0.19237200000000004,0.475734,121.82634,3.98
std,0.15487114459631085,0.17400193407322945,3.716702510427812,2.1705199298127362,0.4985693819032897,0.08665908800982085,0.2729101611049441,0.04475808949880394,0.16947780667421336,0.265795370585136,30.603699011860833,0.14142135623730945
min,0.315,0.217,0.0,-12.39,0.0,0.0251,0.0027199999999999998,0.0,0.034,0.0408,76.056,3.0
max,0.938,0.985,11.0,-1.785,1.0,0.431,0.9259999999999999,0.314,0.875,0.929,181.995,4.0
