,danceability,energy,key,loudness,mode,speechiness,acousticness,instrumentalness,liveness,valence,tempo,time_signature
mean,0.7358,0.6685000000000002,5.42,-6.140480000000002,0.48,0.13028399999999996,0.2547304000000001,0.030788991199999987,0.161384,0.5489,128.81466,4.0
std,0.12115363833427643,0.1689370429769502,3.9800010255357092,3.4516536128147544,0.5046720495044484,0.10079162858013921,0.22923000623613923,0.10976802086636243,0.12899904185690683,0.21125458574904354,32.72874806250895,0.0
min,0.248,0.204,0.0,-22.482,0.0,0.0316,0.00742,0.0,0.0537,0.13699999999999998,83.875,4.0
max,0.909,0.937,11.0,-1.9980000000000002,1.0,0.445,0.909,0.57,0.7759999999999999,0.961,202.00599999999997,4.0
