,danceability,energy,key,loudness,mode,speechiness,acousticness,instrumentalness,liveness,valence,tempo,time_signature
mean,0.62562,0.6838,5.94,-6.245360000000004,0.56,0.09043200000000003,0.24776535999999996,0.0589770572,0.186496,0.5239039999999999,124.29571999999999,3.96
std,0.15876897476188093,0.18760934226770917,3.4250577233330346,2.6133905708711755,0.5014265364224069,0.0776336016036818,0.2683060860875558,0.17989668694296504,0.12956303163845362,0.23093109579283957,29.81215863042652,0.28284271247461895
min,0.284,0.20199999999999999,0.0,-16.509,0.0,0.0251,0.000239,0.0,0.0424,0.0912,72.515,3.0
max,0.9129999999999999,0.973,11.0,-0.5489999999999999,1.0,0.39,0.9620000000000001,0.91,0.602,0.934,212.11700000000002,5.0
