,danceability,energy,key,loudness,mode,speechiness,acousticness,instrumentalness,liveness,valence,tempo,time_signature
mean,0.7295,0.6641960000000001,5.44,-5.696079999999999,0.58,0.14827,0.24034188000000004,0.022177139399999993,0.15803399999999998,0.63422,119.72955999999996,4.02
std,0.12795140180744327,0.15942048873520437,3.7751064318014365,2.718147439649562,0.4985693819032897,0.10683408316885867,0.21607872594143804,0.13473706603820382,0.1223664796871284,0.18667567531711796,32.48478058034977,0.3187987657774485
min,0.294,0.0598,0.0,-13.465,0.0,0.0281,0.0008039999999999999,0.0,0.0462,0.193,71.884,3.0
max,0.9079999999999999,0.9390000000000001,11.0,-1.865,1.0,0.426,0.941,0.9470000000000001,0.6709999999999999,0.9179999999999999,188.12400000000002,5.0
