,danceability,energy,key,loudness,mode,speechiness,acousticness,instrumentalness,liveness,valence,tempo,time_signature
mean,0.7231000000000002,0.6608800000000001,4.86,-6.287139999999999,0.64,0.19299800000000006,0.29182227999999993,0.035771896,0.17431200000000008,0.6021,126.26642,3.98
std,0.12599923064228996,0.17432817281419172,3.5686274729672087,2.614293075789792,0.4848732213850611,0.14174044471987435,0.26265909247990826,0.14561477843158838,0.136572952232983,0.20948871188721188,34.74434167240145,0.14142135623730934
min,0.313,0.225,0.0,-11.749,0.0,0.028999999999999998,0.000824,0.0,0.051,0.159,76.992,3.0
max,0.912,0.972,11.0,-1.8430000000000002,1.0,0.556,0.902,0.785,0.667,0.961,190.178,4.0
