,danceability,energy,key,loudness,mode,speechiness,acousticness,instrumentalness,liveness,valence,tempo,time_signature
mean,0.7369399999999996,0.657664,5.8,-6.003599999999999,0.6,0.13759000000000002,0.2624558,0.022428993999999997,0.14403,0.6503999999999999,122.39125999999999,4.02
std,0.1189253598879978,0.1848543803723816,3.943478211954931,3.44898035804846,0.49487165930539356,0.09497770791085666,0.23008255547750947,0.13470556927895325,0.09720348790668208,0.17855062735989544,30.712913124685684,0.24660966430902953
min,0.294,0.0598,0.0,-20.915,0.0,0.0281,0.00689,0.0,0.0462,0.193,78.616,3.0
max,0.9079999999999999,0.9390000000000001,11.0,-1.865,1.0,0.397,0.941,0.9470000000000001,0.499,0.924,188.12400000000002,5.0
