,danceability,energy,key,loudness,mode,speechiness,acousticness,instrumentalness,liveness,valence,tempo,time_signature
mean,0.6140599999999998,0.6683620000000002,5.3,-6.668920000000002,0.66,0.08822799999999999,0.2527188,0.025908747799999993,0.16814800000000002,0.5476239999999999,119.40912,3.94
std,0.1654848670558423,0.17810536080348277,3.9499418750567123,2.317996265602457,0.4785181206984066,0.08121517662534336,0.26265823251821335,0.12769339396902962,0.12250633842827087,0.23860206694624506,30.471614158325735,0.23989793748209526
min,0.205,0.0731,0.0,-13.196,0.0,0.0261,0.000231,0.0,0.0506,0.0392,74.96,3.0
max,0.8590000000000001,0.914,11.0,-2.6060000000000003,1.0,0.397,0.9309999999999999,0.877,0.639,0.955,203.94400000000002,4.0
