,danceability,energy,key,loudness,mode,speechiness,acousticness,instrumentalness,liveness,valence,tempo,time_signature
mean,0.6299600000000001,0.67282,5.88,-6.968300000000002,0.44,0.10949000000000002,0.31901537999999996,0.06551464299999998,0.17363200000000004,0.5316019999999999,122.73108000000003,3.94
std,0.1384553210186136,0.1686772900045092,3.2553879984432212,3.342948034478623,0.5014265364224069,0.0981310852786169,0.267199347267082,0.2055566023451069,0.09677853624410229,0.23509802947984512,31.74837319106577,0.3136356914300021
min,0.239,0.129,0.0,-17.954,0.0,0.0251,0.000223,0.0,0.0288,0.0671,68.482,3.0
max,0.9209999999999999,0.953,11.0,-2.7260000000000004,1.0,0.457,0.895,0.902,0.42100000000000004,0.8909999999999999,197.731,5.0
