,danceability,energy,key,loudness,mode,speechiness,acousticness,instrumentalness,liveness,valence,tempo,time_signature
mean,0.6813800000000001,0.6460680000000001,5.68,-6.51618,0.56,0.128022,0.2874318880000001,0.010910896199999997,0.211282,0.5517460000000003,125.51538000000001,3.96
std,0.1615841083820827,0.18811957382777283,3.7495033684748273,3.4701756921351565,0.5014265364224069,0.09696630866608531,0.24569765419597056,0.05652055749163069,0.18243828555633465,0.241211282785149,33.709014198585045,0.2828427124746189
min,0.228,0.0924,0.0,-20.915,0.0,0.0308,8.14e-05,0.0,0.0632,0.0713,64.808,3.0
max,0.8759999999999999,0.902,11.0,-1.694,1.0,0.434,0.9790000000000001,0.387,0.866,0.96,192.44299999999998,5.0
