,danceability,energy,key,loudness,mode,speechiness,acousticness,instrumentalness,liveness,valence,tempo,time_signature
mean,0.7146199999999997,0.6601799999999999,4.52,-5.84624,0.54,0.12800400000000003,0.29920879999999994,0.0006628476000000001,0.15647600000000003,0.6170800000000001,129.37061999999997,3.94
std,0.13082702242242758,0.14708344015335967,3.626658663456555,2.3373022261416114,0.5034574339058886,0.08620244790311814,0.27674203098339856,0.002016275121645246,0.11229613284998387,0.18532804230689462,37.6729774192081,0.37307328163430237
min,0.319,0.174,0.0,-14.056,0.0,0.0292,0.00147,0.0,0.0322,0.23600000000000002,69.18,3.0
max,0.9540000000000001,0.94,11.0,-2.068,1.0,0.311,0.993,0.0114,0.46,0.96,204.033,5.0
