,danceability,energy,key,loudness,mode,speechiness,acousticness,instrumentalness,liveness,valence,tempo,time_signature
mean,0.7316199999999998,0.6750999999999999,5.44,-5.7312400000000014,0.54,0.138494,0.22794918000000003,0.00021633259999999995,0.16485399999999997,0.5950000000000001,121.59782,3.94
std,0.129630226067087,0.12781256206026134,3.97009227261297,2.1678768467920735,0.5034574339058886,0.09929473835660238,0.21103065889007497,0.0009010254887101405,0.1360826477714547,0.2089833505720648,35.269848136605056,0.31363569143000186
min,0.376,0.375,0.0,-12.914000000000001,0.0,0.0265,0.000839,0.0,0.0447,0.129,60.00899999999999,3.0
max,0.9540000000000001,0.94,11.0,-1.406,1.0,0.45,0.821,0.0063,0.79,0.991,204.033,5.0
