,danceability,energy,key,loudness,mode,speechiness,acousticness,instrumentalness,liveness,valence,tempo,time_signature
mean,0.6568199999999997,0.68058,5.48,-5.95422,0.58,0.10713,0.27658240000000006,0.0018120722,0.18484599999999995,0.53158,123.38078,4.0
std,0.16690467644858895,0.15957994477850343,3.7320454532743996,1.6825093054295845,0.49856938190328975,0.09434858780293515,0.27095342536416,0.00798052512434867,0.1602168507660407,0.21059682828008744,31.811107379431387,0.20203050891044214
min,0.33299999999999996,0.217,0.0,-11.374,0.0,0.026000000000000002,0.00296,0.0,0.0443,0.192,54.924,3.0
max,0.938,0.985,11.0,-3.0869999999999997,1.0,0.431,0.9259999999999999,0.0501,0.9079999999999999,0.927,195.0,5.0
