,danceability,energy,key,loudness,mode,speechiness,acousticness,instrumentalness,liveness,valence,tempo,time_signature
mean,0.6509519999999999,0.68656,5.62,-6.806479999999999,0.52,0.07748999999999996,0.22334032,0.044725231799999994,0.16365399999999997,0.5423600000000001,111.86439999999997,3.92
std,0.15557419942436027,0.19599283202219828,3.942908902351777,3.3426901132874076,0.5046720495044485,0.06931303511414498,0.25139786096417943,0.16455141794033257,0.13251802374140106,0.2303918268462469,24.88069752040808,0.3404678653660853
min,0.0866,0.129,0.0,-19.471,0.0,0.0267,1.6e-05,0.0,0.0354,0.0483,72.847,3.0
max,0.897,0.9520000000000001,11.0,-3.023,1.0,0.35600000000000004,0.95,0.711,0.682,0.919,183.865,5.0
