,danceability,energy,key,loudness,mode,speechiness,acousticness,instrumentalness,liveness,valence,tempo,time_signature
mean,0.6275999999999999,0.6716780000000001,6.6,-7.01928,0.52,0.08612399999999998,0.29955361999999996,0.144166212,0.176778,0.4434260000000001,117.99508000000003,3.92
std,0.15621361617205787,0.21545031274338988,3.5742845723419436,3.3658140965069507,0.5046720495044485,0.08233573271449433,0.31282948285639506,0.3019144442815301,0.14456409395567243,0.22765953886612061,25.65896527717963,0.27404751561786966
min,0.17600000000000002,0.0809,0.0,-19.346,0.0,0.0272,0.00045999999999999996,0.0,0.0492,0.0485,73.508,3.0
max,0.917,0.997,11.0,-2.4730000000000003,1.0,0.348,0.9540000000000001,0.929,0.6779999999999999,0.868,175.31599999999997,4.0
