,danceability,energy,key,loudness,mode,speechiness,acousticness,instrumentalness,liveness,valence,tempo,time_signature
mean,0.5866399999999999,0.6643400000000002,5.02,-6.519540000000001,0.66,0.079172,0.24307164000000003,0.04208698159999999,0.21847400000000003,0.48208000000000006,120.45011999999998,3.9
std,0.15971323281022734,0.23046072842664275,3.90441926487389,2.633260276167325,0.47851812069840666,0.06319415188649233,0.3049635324450744,0.168088316872715,0.19301206561629605,0.22068398682463644,28.27730412823712,0.3030457633656632
min,0.20800000000000002,0.129,0.0,-13.099,0.0,0.0261,0.000153,0.0,0.0456,0.109,70.429,3.0
max,0.898,0.9670000000000001,11.0,-2.781,1.0,0.316,0.941,0.904,0.9229999999999999,0.966,195.90200000000002,4.0
