,danceability,energy,key,loudness,mode,speechiness,acousticness,instrumentalness,liveness,valence,tempo,time_signature
mean,0.71682,0.6653220000000001,5.72,-5.742219999999998,0.5,0.14042200000000002,0.27263008,0.020958808799999996,0.15545799999999999,0.5910799999999999,116.73965999999999,4.0
std,0.13994921673702257,0.1524004409576351,3.886344486710841,2.8872185208859644,0.5050762722761054,0.11547788955254681,0.24417360545215297,0.12619816519633104,0.09741199081787644,0.2186810966700513,33.49451562027942,0.2857142857142857
min,0.182,0.0651,0.0,-16.340999999999998,0.0,0.0295,0.0008039999999999999,0.0,0.0359,0.038,60.812,3.0
max,0.9179999999999999,0.976,11.0,-1.8,1.0,0.593,0.9420000000000001,0.8859999999999999,0.391,0.97,200.007,5.0
