,danceability,energy,key,loudness,mode,speechiness,acousticness,instrumentalness,liveness,valence,tempo,time_signature
mean,0.74912,0.7002999999999999,4.92,-5.770859999999998,0.62,0.154712,0.23975894000000003,0.022374425999999996,0.16360400000000003,0.6358400000000001,116.31674,3.98
std,0.10441745885763414,0.13610533885673304,3.4866509280221254,2.1323683873063946,0.4903143514780145,0.13382275155089685,0.22640217421942319,0.09149415865426146,0.12200945757922009,0.19324208778057617,30.12530943921691,0.14142135623730934
min,0.47200000000000003,0.391,0.0,-11.065,0.0,0.0288,0.000587,0.0,0.0478,0.226,74.986,3.0
max,0.912,0.972,11.0,-2.331,1.0,0.652,0.797,0.465,0.667,0.966,187.815,4.0
