,danceability,energy,key,loudness,mode,speechiness,acousticness,instrumentalness,liveness,valence,tempo,time_signature
mean,0.73874,0.7044000000000001,5.34,-5.13252,0.62,0.12561400000000003,0.2718910399999999,0.028460472599999998,0.14134599999999994,0.5729359999999999,114.83029999999997,4.0
std,0.11176082516166534,0.13152651629917034,3.772131969037767,1.6840064622494653,0.4903143514780145,0.09214100332575911,0.207357191264692,0.12664144436528846,0.12181140861753365,0.21238021522827438,26.032793979470416,0.20203050891044214
min,0.44799999999999995,0.43799999999999994,0.0,-8.353,0.0,0.0294,0.000252,0.0,0.0344,0.0388,79.992,3.0
max,0.938,0.9640000000000001,11.0,-0.787,1.0,0.431,0.838,0.7,0.61,0.958,172.16099999999997,5.0
