,danceability,energy,key,loudness,mode,speechiness,acousticness,instrumentalness,liveness,valence,tempo,time_signature
mean,0.6774999999999999,0.74142,5.5,-5.386980000000001,0.56,0.09808200000000002,0.18029162000000004,0.004163952000000001,0.18452399999999994,0.582962,119.28474000000001,4.0
std,0.12990062921090012,0.13763010023172953,4.056991948903693,1.690654546473112,0.5014265364224069,0.06852094180107365,0.2070552104696923,0.013867194536728966,0.14799224822501303,0.20128686696415365,31.35691793008167,0.0
min,0.39299999999999996,0.444,0.0,-9.258,0.0,0.0266,0.000231,0.0,0.0473,0.0921,70.003,4.0
max,0.929,0.9570000000000001,11.0,-2.6060000000000003,1.0,0.289,0.8690000000000001,0.0736,0.752,0.955,184.02700000000002,4.0
