,danceability,energy,key,loudness,mode,speechiness,acousticness,instrumentalness,liveness,valence,tempo,time_signature
mean,0.6405599999999998,0.66868,4.56,-6.20624,0.7,0.13228600000000004,0.21996160000000003,0.0139997252,0.20817399999999997,0.47792199999999996,115.08192000000004,3.92
std,0.15981879534941684,0.16805082321629217,3.3573556163584866,2.421848438608791,0.4629100498862757,0.11533782856443581,0.2222791601527325,0.08757806781995582,0.1653360447015442,0.2519939141555378,30.349910379345204,0.3404678653660855
min,0.266,0.275,0.0,-13.99,0.0,0.0247,0.00236,0.0,0.0424,0.043,75.305,3.0
max,0.91,0.9359999999999999,11.0,-2.573,1.0,0.473,0.932,0.618,0.7170000000000001,0.961,191.702,5.0
