,danceability,energy,key,loudness,mode,speechiness,acousticness,instrumentalness,liveness,valence,tempo,time_signature
mean,0.6656,0.6860999999999998,5.8,-6.17614,0.46,0.12159,0.3308684599999999,0.0305566768,0.18967399999999998,0.5429379999999999,119.60304000000001,4.02
std,0.1496682044676538,0.18885101027432355,3.187987657774486,2.6599467004787436,0.5034574339058886,0.10873293110241464,0.2843883275651705,0.10496822432016881,0.14091360185502,0.23940406189758193,33.14989466351966,0.3187987657774485
min,0.251,0.252,0.0,-16.526,0.0,0.0272,0.00024300000000000002,0.0,0.0501,0.0527,71.91199999999999,3.0
max,0.9059999999999999,0.961,11.0,-2.384,1.0,0.551,0.9840000000000001,0.539,0.636,0.966,191.924,5.0
