,danceability,energy,key,loudness,mode,speechiness,acousticness,instrumentalness,liveness,valence,tempo,time_signature
mean,0.6921600000000001,0.7191,5.5,-5.8659599999999985,0.62,0.09543799999999997,0.24520594200000004,0.036763666800000004,0.19429599999999997,0.6247640000000001,124.67589999999994,3.92
std,0.12258880329735482,0.17313227808322088,3.850523420555301,2.317948820198847,0.4903143514780145,0.07563742160424809,0.2894213980994593,0.14002696829225908,0.15603647658316883,0.22221870341386382,33.4562220888609,0.27404751561786983
min,0.342,0.311,0.0,-11.686,0.0,0.0272,3.16e-05,0.0,0.0501,0.0832,77.176,3.0
max,0.9490000000000001,0.987,11.0,-2.384,1.0,0.41200000000000003,0.9840000000000001,0.851,0.784,0.966,191.954,4.0
