,danceability,energy,key,loudness,mode,speechiness,acousticness,instrumentalness,liveness,valence,tempo,time_signature
mean,0.71706,0.629548,5.66,-6.528960000000001,0.52,0.14106800000000003,0.321999,0.0085079478,0.190558,0.5627300000000001,129.23524,3.9
std,0.12017239487418031,0.2116772931244393,3.8630114085849065,4.122904365435925,0.5046720495044484,0.1101650791738823,0.2662767105486551,0.04407851325543426,0.16175133862487437,0.22116356146157387,33.64938559984932,0.3030457633656632
min,0.433,0.0924,0.0,-22.447,0.0,0.0329,0.00615,0.0,0.0537,0.0366,89.95700000000001,3.0
max,0.9059999999999999,0.917,11.0,-1.9980000000000002,1.0,0.48100000000000004,0.9159999999999999,0.29600000000000004,0.823,0.961,202.00599999999997,4.0
