,danceability,energy,key,loudness,mode,speechiness,acousticness,instrumentalness,liveness,valence,tempo,time_signature
mean,0.6977800000000001,0.6474000000000001,6.94,-6.6135,0.5,0.115132,0.25086025999999995,0.006697118400000002,0.2120799999999999,0.58322,118.26503999999997,3.96
std,0.14010219156613027,0.18520049808193256,3.3891182406312703,3.7345751568338823,0.5050762722761054,0.08750688938475598,0.22666136245939983,0.022715844823775106,0.16669524557694854,0.23741853941329616,33.498589769257144,0.1979486637221575
min,0.26,0.223,0.0,-20.41,0.0,0.0308,0.000573,0.0,0.0621,0.114,65.493,3.0
max,0.9470000000000001,0.941,11.0,-1.694,1.0,0.457,0.866,0.10800000000000001,0.866,0.9690000000000001,192.44299999999998,4.0
