,danceability,energy,key,loudness,mode,speechiness,acousticness,instrumentalness,liveness,valence,tempo,time_signature
mean,0.73176,0.6493599999999999,5.5,-6.14204,0.54,0.128344,0.2897414,0.013754341200000004,0.14146199999999998,0.5669,120.02513999999994,4.0
std,0.12670302091980318,0.15033103064740228,3.5871084369970627,2.3248682732927617,0.5034574339058886,0.09425399068041455,0.2661812218035997,0.09284059037189052,0.09425013157572151,0.20990855637828662,30.18204569148449,0.20203050891044214
min,0.319,0.225,0.0,-14.454,0.0,0.027000000000000003,0.00677,0.0,0.0324,0.209,74.26899999999999,3.0
max,0.941,0.94,11.0,-2.068,1.0,0.415,0.902,0.657,0.46,0.96,181.857,5.0
