,danceability,energy,key,loudness,mode,speechiness,acousticness,instrumentalness,liveness,valence,tempo,time_signature
mean,0.7254999999999998,0.6115799999999999,4.78,-6.5821,0.6,0.16513200000000006,0.19261341999999995,0.019606103399999998,0.16184400000000004,0.4848219999999999,120.74715999999998,3.98
std,0.13253790370443977,0.17302625611774197,3.5759400077148267,2.9953766977167477,0.4948716593053936,0.15562379341717328,0.21953173255243322,0.11554749968929269,0.09797178302648041,0.23114221816086858,30.607125955227875,0.14142135623730936
min,0.45,0.22,0.0,-16.541,0.0,0.0282,0.000391,0.0,0.0662,0.0635,71.884,3.0
max,0.977,0.905,11.0,-1.865,1.0,0.745,0.818,0.81,0.525,0.927,189.995,4.0
