,danceability,energy,key,loudness,mode,speechiness,acousticness,instrumentalness,liveness,valence,tempo,time_signature
mean,0.5928,0.63976,5.28,-7.328519999999998,0.6,0.10272599999999998,0.24226098799999995,0.09910239900000002,0.15089,0.444432,123.05949999999997,3.98
std,0.15454475608267357,0.17756925179679467,3.452535300326413,2.995618536789886,0.4948716593053935,0.1126240174660986,0.29691217363130185,0.24428473286718855,0.12757746786216775,0.1925520639267442,30.241248248755497,0.24660966430902945
min,0.264,0.126,0.0,-17.037,0.0,0.0271,9.340000000000001e-05,0.0,0.0497,0.0509,69.702,3.0
max,0.9079999999999999,0.956,11.0,-2.028,1.0,0.485,0.948,0.8640000000000001,0.7190000000000001,0.9259999999999999,189.891,5.0
