,danceability,energy,key,loudness,mode,speechiness,acousticness,instrumentalness,liveness,valence,tempo,time_signature
mean,0.6699600000000002,0.6338600000000001,5.46,-6.050259999999997,0.74,0.12342799999999998,0.15963216000000002,0.0016539737999999998,0.16457600000000003,0.36627200000000004,124.09976000000002,3.92
std,0.18532585312560873,0.1620094492079183,3.682335106523399,2.534831659748889,0.443087497693452,0.10802842037243379,0.19086516354771585,0.00786914869620075,0.10227408066323648,0.20992169778276856,31.524341406679664,0.27404751561786983
min,0.265,0.271,0.0,-13.237,0.0,0.0247,0.000239,0.0,0.0424,0.0601,54.747,3.0
max,0.909,0.9359999999999999,11.0,-0.777,1.0,0.473,0.772,0.0545,0.43700000000000006,0.836,191.702,4.0
