,danceability,energy,key,loudness,mode,speechiness,acousticness,instrumentalness,liveness,valence,tempo,time_signature
mean,0.6492399999999998,0.6334400000000001,5.16,-7.176319999999999,0.6,0.13538400000000006,0.19321219999999997,0.0064200433999999995,0.19311,0.43173800000000007,124.56517999999998,3.9
std,0.15733891146574167,0.1644665042505864,3.919391872862578,3.065345500651982,0.49487165930539356,0.13133566181851034,0.21347199516459067,0.03208306680396008,0.13919084424792091,0.22186991122304633,26.53953974170677,0.5050762722761054
min,0.305,0.324,0.0,-18.287,0.0,0.0269,0.00107,0.0,0.0692,0.0535,64.01899999999999,1.0
max,0.96,0.983,11.0,-2.345,1.0,0.579,0.804,0.22399999999999998,0.773,0.871,188.36,5.0
