,danceability,energy,key,loudness,mode,speechiness,acousticness,instrumentalness,liveness,valence,tempo,time_signature
mean,0.64318,0.6234399999999999,4.88,-6.776260000000003,0.52,0.110758,0.2136705140000001,0.03349812779999999,0.185712,0.4952,122.02638,3.96
std,0.15393686620010882,0.19982361201411444,3.3174861394909074,2.584479561631277,0.5046720495044485,0.10379829751661122,0.2772957289766053,0.12453715031212655,0.1508583355472333,0.21222081299765994,28.206080669426655,0.2828427124746188
min,0.284,0.132,0.0,-16.879,0.0,0.0261,2.95e-05,0.0,0.0473,0.038,68.89399999999999,3.0
max,0.9309999999999999,0.953,11.0,-3.157,1.0,0.45299999999999996,0.9129999999999999,0.7090000000000001,0.6990000000000001,0.9620000000000001,196.12099999999998,5.0
