,danceability,energy,key,loudness,mode,speechiness,acousticness,instrumentalness,liveness,valence,tempo,time_signature
mean,0.650106,0.6839999999999999,4.94,-6.145859999999998,0.52,0.17289,0.221223002,0.0402215176,0.18148,0.486386,120.83052000000002,4.0
std,0.17946890630583406,0.20055392679032844,3.547980166983198,2.9040894952336664,0.5046720495044485,0.17194669113372532,0.25450647960301404,0.15333251865874253,0.12342145482129144,0.21023777598961899,29.141946876708456,0.2857142857142857
min,0.0783,0.20600000000000002,0.0,-20.611,0.0,0.0278,1.89e-05,0.0,0.0482,0.04,75.218,3.0
max,0.9640000000000001,0.9740000000000001,11.0,-1.284,1.0,0.7120000000000001,0.897,0.838,0.628,0.902,199.669,5.0
