,danceability,energy,key,loudness,mode,speechiness,acousticness,instrumentalness,liveness,valence,tempo,time_signature
mean,0.6359199999999998,0.6069200000000002,5.34,-6.356179999999998,0.62,0.08983999999999998,0.30007204000000004,0.06279428900000003,0.13512600000000002,0.4593340000000001,114.02087999999998,3.9
std,0.11589330772529623,0.18532143504115842,3.317301583504033,2.2836972411831997,0.4903143514780145,0.09417580173618413,0.28373396831438236,0.19791868707018453,0.08011058125223801,0.24254261448416917,26.30845834935981,0.30304576336566336
min,0.35,0.209,0.0,-12.363,0.0,0.0232,0.00042199999999999996,0.0,0.0119,0.0334,75.001,3.0
max,0.838,0.968,11.0,-1.8880000000000001,1.0,0.431,0.9159999999999999,0.878,0.38299999999999995,0.9309999999999999,179.793,4.0
