,danceability,energy,key,loudness,mode,speechiness,acousticness,instrumentalness,liveness,valence,tempo,time_signature
mean,0.7313,0.6549200000000002,4.54,-6.448239999999998,0.56,0.17882199999999998,0.173617,0.020969700400000003,0.17326599999999995,0.5187000000000002,119.60510000000001,4.04
std,0.11534566506366677,0.15325673271490875,3.4946606503671416,2.368377198308873,0.5014265364224069,0.1584244702419061,0.18713440601692177,0.1182250708168949,0.11285708971065656,0.21970381267998618,32.87645446910575,0.1979486637221575
min,0.423,0.223,0.0,-13.705,0.0,0.0295,0.00223,0.0,0.0529,0.13699999999999998,74.997,4.0
max,0.935,0.953,11.0,-1.9980000000000002,1.0,0.747,0.753,0.81,0.499,0.9520000000000001,202.00599999999997,5.0
