,danceability,energy,key,loudness,mode,speechiness,acousticness,instrumentalness,liveness,valence,tempo,time_signature
mean,0.6390999999999999,0.5985019999999999,4.54,-7.5071,0.58,0.11519399999999999,0.258007128,0.0670081298,0.16197599999999998,0.47110199999999997,118.6074,3.96
std,0.13098967867113556,0.2178267055927435,3.7915588307907,3.3007300568454947,0.49856938190328975,0.11420163944997122,0.2730134322833391,0.18102483183459792,0.12333935360191722,0.21734180218151822,31.612163486318273,0.5699982098074285
min,0.341,0.0521,0.0,-18.396,0.0,0.0265,1.24e-05,0.0,0.0308,0.0661,75.988,1.0
max,0.9259999999999999,0.9540000000000001,11.0,-2.782,1.0,0.54,0.9059999999999999,0.809,0.5760000000000001,0.9309999999999999,197.795,5.0
