,danceability,energy,key,loudness,mode,speechiness,acousticness,instrumentalness,liveness,valence,tempo,time_signature
mean,0.7106399999999998,0.5569400000000001,5.5,-7.3298799999999975,0.6,0.12685400000000002,0.21529480000000004,0.030106539600000003,0.18262,0.46299199999999985,117.97743999999997,3.96
std,0.14785289987010738,0.15439750050847748,3.770183777256185,2.4691720882985564,0.49487165930539356,0.11244070765863898,0.2586023099810019,0.1309832642524451,0.1446449601258057,0.20877777252868854,26.575658989014894,0.28284271247461884
min,0.376,0.179,0.0,-14.454,0.0,0.0296,0.00122,0.0,0.0565,0.0806,62.619,3.0
max,0.946,0.897,11.0,-3.28,1.0,0.561,0.902,0.657,0.79,0.898,186.00400000000002,5.0
