,danceability,energy,key,loudness,mode,speechiness,acousticness,instrumentalness,liveness,valence,tempo,time_signature
mean,0.6433,0.5637000000000002,5.28,-7.4264,0.78,0.09289399999999998,0.31741528,0.02086533,0.18501199999999993,0.40390999999999994,120.98595999999999,3.88
std,0.17253219161320923,0.19652836426120193,3.785256036955244,3.1378370621451044,0.41845195759648013,0.08414532960228722,0.29859835336226265,0.12761026961526667,0.12839959094600745,0.22431786507506873,28.57381112348887,0.4797958749641905
min,0.319,0.106,0.0,-22.506999999999998,0.0,0.0277,0.00022400000000000002,0.0,0.047,0.0723,46.718,1.0
max,0.929,0.892,11.0,-3.011,1.0,0.36700000000000005,0.9940000000000001,0.899,0.573,0.8490000000000001,176.65,4.0
