,danceability,energy,key,loudness,mode,speechiness,acousticness,instrumentalness,liveness,valence,tempo,time_signature
mean,0.66716,0.6377599999999998,5.72,-6.4443600000000005,0.64,0.10405199999999999,0.203795536,0.0268420326,0.173118,0.4692959999999999,121.99387999999998,3.92
std,0.1540114440486784,0.18715927517949596,3.6142574815385164,2.553315058139604,0.4848732213850611,0.09026590704972841,0.27765489514067837,0.13180789731722584,0.12496511952524668,0.22781948812019343,30.206144472667702,0.34046786536608536
min,0.289,0.16699999999999998,0.0,-16.512,0.0,0.03,4.28e-05,0.0,0.0219,0.0509,68.734,3.0
max,0.94,0.9279999999999999,11.0,-2.101,1.0,0.42200000000000004,0.9690000000000001,0.89,0.638,0.966,184.05200000000002,5.0
