,danceability,energy,key,loudness,mode,speechiness,acousticness,instrumentalness,liveness,valence,tempo,time_signature
mean,0.63858,0.5886199999999999,4.78,-8.542300000000001,0.62,0.12760000000000002,0.33974460000000023,0.0759378744,0.18194600000000005,0.438876,122.46647999999998,3.96
std,0.11996820837375276,0.2014848847321064,3.284409678888357,4.463970746603366,0.4903143514780145,0.16735656301344587,0.3060086830381365,0.1729985366002861,0.13327896661835706,0.22661514310768002,25.03840313031002,0.2828427124746189
min,0.32899999999999996,0.11699999999999999,0.0,-29.11,0.0,0.0296,0.0021,0.0,0.0604,0.0387,75.54899999999999,3.0
max,0.852,0.932,11.0,-2.2359999999999998,1.0,0.831,0.985,0.6990000000000001,0.653,0.96,180.035,5.0
