,danceability,energy,key,loudness,mode,speechiness,acousticness,instrumentalness,liveness,valence,tempo,time_signature
mean,0.7314400000000001,0.6459199999999998,4.78,-6.173539999999997,0.64,0.10898000000000006,0.21380754,0.02243753579999999,0.15937199999999996,0.5030000000000001,122.75266000000002,4.0
std,0.12449607157149456,0.13751331512524415,3.604362436191535,1.9822147807800388,0.4848732213850611,0.0917763764010441,0.24639029274239277,0.12993790459524046,0.1188532366116347,0.20814829878169624,26.905648953644192,0.0
min,0.36200000000000004,0.317,0.0,-12.39,0.0,0.0309,0.000837,0.0,0.0384,0.136,54.924,4.0
max,0.9329999999999999,0.877,11.0,-2.867,1.0,0.424,0.852,0.9159999999999999,0.573,0.96,181.995,4.0
