,danceability,energy,key,loudness,mode,speechiness,acousticness,instrumentalness,liveness,valence,tempo,time_signature
mean,0.6313000000000001,0.5929000000000001,6.18,-7.88936,0.6,0.12628400000000004,0.21981985999999998,0.0873227292,0.17607199999999998,0.408782,120.75813999999998,4.0
std,0.1527902724224902,0.20803367564911612,4.049136970279177,3.480188581331858,0.49487165930539356,0.1263404266743029,0.24572317814008862,0.23064907739337612,0.15870136894848277,0.19597636434956506,29.97558010400861,0.2857142857142857
min,0.309,0.18600000000000003,0.0,-14.854000000000001,0.0,0.0269,0.000153,0.0,0.0456,0.0661,70.429,3.0
max,0.981,0.971,11.0,-0.541,1.0,0.611,0.934,0.9,0.9229999999999999,0.841,195.815,5.0
