,danceability,energy,key,loudness,mode,speechiness,acousticness,instrumentalness,liveness,valence,tempo,time_signature
mean,0.7295,0.58084,6.14,-6.883780000000001,0.58,0.14559799999999995,0.26807888,0.0253620624,0.17722999999999992,0.5266319999999998,117.99334,3.78
std,0.1369323160677328,0.18081881336107178,3.9435299632979293,3.044397036846407,0.49856938190328964,0.12649730252830996,0.27275605354539567,0.12818956036775747,0.14553366010820246,0.22114100169025963,29.720400027254005,0.6480740698407864
min,0.175,0.18600000000000003,0.0,-15.442,0.0,0.0319,0.00045599999999999997,0.0,0.0409,0.0836,68.482,1.0
max,0.932,0.972,11.0,-2.326,1.0,0.48100000000000004,0.868,0.7879999999999999,0.7170000000000001,0.884,185.91299999999998,4.0
