,danceability,energy,key,loudness,mode,speechiness,acousticness,instrumentalness,liveness,valence,tempo,time_signature
mean,0.65558,0.6513099999999998,4.78,-6.423539999999999,0.72,0.10426600000000003,0.19707992000000002,0.06295373400000001,0.17486000000000002,0.4764839999999998,123.74249999999996,3.94
std,0.13854758115859675,0.20360092242483804,3.759559244683573,2.7561507705123676,0.4535573676110727,0.1369435644373854,0.2599199851510696,0.15526078352595468,0.1504034872587462,0.24212423810422418,25.50495572272901,0.23989793748209529
min,0.32799999999999996,0.0645,0.0,-17.691,0.0,0.0251,0.000101,0.0,0.0487,0.0453,75.074,3.0
max,0.8859999999999999,0.937,11.0,-1.371,1.0,0.866,0.9690000000000001,0.7859999999999999,0.7390000000000001,0.943,199.99099999999999,4.0
