,danceability,energy,key,loudness,mode,speechiness,acousticness,instrumentalness,liveness,valence,tempo,time_signature
mean,0.72584,0.58538,5.64,-7.349120000000002,0.54,0.17895799999999998,0.23678936000000006,0.025585937,0.19049400000000002,0.5248200000000002,117.71866,3.86
std,0.1399090608435438,0.18933189625304953,4.074610285609145,3.2949241274594296,0.5034574339058886,0.18565425523190762,0.2510507164325494,0.1281495501620143,0.14358411516087222,0.21471241801297755,31.201148361002772,0.6391959234627744
min,0.358,0.18600000000000003,0.0,-15.545,0.0,0.0259,0.0005480000000000001,0.0,0.0469,0.0694,68.482,1.0
max,0.932,0.972,11.0,-1.339,1.0,0.902,0.868,0.7879999999999999,0.7170000000000001,0.914,185.765,5.0
