,danceability,energy,key,loudness,mode,speechiness,acousticness,instrumentalness,liveness,valence,tempo,time_signature
mean,0.6624000000000002,0.6421400000000002,5.4,-6.363320000000001,0.62,0.15076000000000003,0.21977976000000002,0.043410879,0.15459000000000003,0.4688220000000001,123.243,3.98
std,0.135668112446123,0.15091489830567506,3.9589732744431485,2.278497718825691,0.4903143514780145,0.15614130570396412,0.2463205002058406,0.16208097622346768,0.09436235034835296,0.22074325033247777,35.76389673958921,0.14142135623730936
min,0.391,0.304,0.0,-11.889000000000001,0.0,0.0251,0.0007379999999999999,0.0,0.0643,0.0538,61.93899999999999,3.0
max,0.9420000000000001,0.9470000000000001,11.0,-3.2439999999999998,1.0,0.754,0.883,0.888,0.45399999999999996,0.965,200.04,4.0
