,danceability,energy,key,loudness,mode,speechiness,acousticness,instrumentalness,liveness,valence,tempo,time_signature
mean,0.75708,0.623,4.44,-6.577040000000003,0.66,0.17743799999999993,0.1695242,0.013423133200000001,0.15934200000000004,0.46819999999999995,120.28723999999998,4.0
std,0.1152007723897009,0.14059799400548836,3.470928829402226,2.5338916746332134,0.4785181206984066,0.16625437590067352,0.16033947121183165,0.06840435594901598,0.09995063902155067,0.1947413774256325,28.665441668735433,0.0
min,0.433,0.301,0.0,-13.970999999999998,0.0,0.0278,0.000143,0.0,0.0372,0.10099999999999999,71.975,4.0
max,0.978,0.972,11.0,-2.171,1.0,0.902,0.6,0.465,0.525,0.851,180.055,4.0
