,danceability,energy,key,loudness,mode,speechiness,acousticness,instrumentalness,liveness,valence,tempo,time_signature
mean,0.6359400000000001,0.6019000000000001,5.6,-7.241839999999999,0.62,0.126478,0.24186300000000005,0.019127709400000005,0.160354,0.4399779999999999,116.62180000000002,3.94
std,0.15357487172219872,0.16495828167714874,3.994894701174161,2.53241242054984,0.4903143514780145,0.10738889329945454,0.28569725222261244,0.07882686978813452,0.08978401341723438,0.2302659786739975,31.001744266925314,0.23989793748209526
min,0.297,0.17,0.0,-18.188,0.0,0.0302,0.0015,0.0,0.0365,0.0398,73.483,3.0
max,0.929,0.9279999999999999,11.0,-2.181,1.0,0.397,0.904,0.46299999999999997,0.39399999999999996,0.941,179.864,4.0
