,danceability,energy,key,loudness,mode,speechiness,acousticness,instrumentalness,liveness,valence,tempo,time_signature
mean,0.68576,0.6518600000000001,5.76,-6.078779999999999,0.6,0.12407,0.19890901999999996,0.00047507059999999995,0.213662,0.451408,119.40283999999996,3.94
std,0.1589507124224105,0.17259247861210347,3.560325598501763,2.188201873778597,0.49487165930539356,0.10589744220379511,0.20528622902435617,0.0028287543822004065,0.19871568027650735,0.19214453726296774,26.307039889919125,0.42426406871192857
min,0.281,0.316,0.0,-12.384,0.0,0.0276,0.0005679999999999999,0.0,0.0579,0.0624,74.372,1.0
max,0.929,0.981,11.0,-2.238,1.0,0.486,0.8079999999999999,0.0199,0.951,0.846,174.94799999999998,4.0
