,danceability,energy,key,loudness,mode,speechiness,acousticness,instrumentalness,liveness,valence,tempo,time_signature
mean,0.70002,0.5596140000000002,5.84,-6.897500000000001,0.62,0.10658200000000001,0.24293660000000003,0.016789271,0.19516999999999998,0.453424,114.53815999999998,3.9
std,0.14900999692528508,0.16659104516933748,3.5534404139524,2.7718127881682526,0.4903143514780145,0.08457804918583564,0.2816708743689982,0.0950575054517949,0.16082954882579942,0.20978728056227405,25.04335193738234,0.5050762722761053
min,0.376,0.0587,0.0,-17.819000000000003,0.0,0.0273,0.00122,0.0,0.0565,0.0592,69.616,1.0
max,0.946,0.9309999999999999,11.0,-1.472,1.0,0.36,0.95,0.657,0.79,0.898,180.24099999999999,5.0
