,danceability,energy,key,loudness,mode,speechiness,acousticness,instrumentalness,liveness,valence,tempo,time_signature
mean,0.61382,0.6258140000000002,5.16,-6.877639999999997,0.62,0.12152999999999999,0.201094208,0.013501837800000001,0.16096000000000005,0.42477000000000004,114.17184000000002,3.94
std,0.2039909651860862,0.2093838950690471,3.5763394807585946,3.634843194888684,0.4903143514780145,0.09897507055737186,0.28718616018731585,0.044738525386093804,0.11129477681786677,0.22379440113548832,30.04908400951038,0.3136356914300022
min,0.22699999999999998,0.0227,0.0,-27.430999999999997,0.0,0.0305,2.14e-05,0.0,0.0215,0.0921,54.747,3.0
max,0.927,0.9890000000000001,11.0,-2.0380000000000003,1.0,0.429,0.98,0.273,0.5770000000000001,0.9259999999999999,191.702,5.0
