,danceability,energy,key,loudness,mode,speechiness,acousticness,instrumentalness,liveness,valence,tempo,time_signature
mean,0.7152200000000002,0.5914200000000001,5.04,-6.742959999999998,0.58,0.14822400000000002,0.23425515999999993,0.0006200606000000001,0.18117800000000003,0.49140400000000006,125.26538000000001,3.9
std,0.14539801671723768,0.1503673176061927,3.3317275043534553,2.0505927660666554,0.49856938190328975,0.13157095635094412,0.24470718898360871,0.0021212652460230763,0.14879867413552378,0.20983771957182062,26.424022885717044,0.5050762722761054
min,0.319,0.18600000000000003,0.0,-10.599,0.0,0.0321,0.000248,0.0,0.0426,0.0666,72.541,1.0
max,0.958,0.9,11.0,-2.3169999999999997,1.0,0.49200000000000005,0.868,0.0109,0.735,0.961,186.00400000000002,5.0
