,danceability,energy,key,loudness,mode,speechiness,acousticness,instrumentalness,liveness,valence,tempo,time_signature
mean,0.74544,0.6111,5.22,-6.86616,0.6,0.15676800000000005,0.22644922,0.037887648999999995,0.16533,0.55332,119.42455999999999,3.96
std,0.13842350867934983,0.15141863174925443,2.9985710882733096,2.742997536287926,0.4948716593053936,0.1287163682089343,0.23500744355682415,0.1388504281630484,0.14205815171748423,0.2041998261007875,31.03709022507077,0.1979486637221575
min,0.29600000000000004,0.322,0.0,-14.040999999999999,0.0,0.0289,0.000143,0.0,0.0662,0.131,71.884,3.0
max,0.978,0.887,10.0,-1.865,1.0,0.467,0.823,0.81,0.795,0.927,204.03099999999998,4.0
