,danceability,energy,key,loudness,mode,speechiness,acousticness,instrumentalness,liveness,valence,tempo,time_signature
mean,0.6616,0.6349999999999999,5.5,-6.489419999999999,0.68,0.12809200000000004,0.22148546,0.026508242999999997,0.165922,0.48494200000000004,129.75871999999998,3.94
std,0.14823340668399568,0.14486615920094192,3.4478623960420487,1.7055677741575965,0.4712120714991611,0.11627133614164441,0.2247488725747945,0.12229729295579161,0.12388219764710968,0.21806899497027757,31.535527884283287,0.3136356914300022
min,0.25,0.307,0.0,-11.083,0.0,0.0312,0.000223,0.0,0.0372,0.059000000000000004,74.967,3.0
max,0.9309999999999999,0.909,11.0,-3.528,1.0,0.45799999999999996,0.7859999999999999,0.848,0.59,0.9059999999999999,199.95,5.0
