,danceability,energy,key,loudness,mode,speechiness,acousticness,instrumentalness,liveness,valence,tempo,time_signature
mean,0.6333000000000001,0.6334399999999999,5.32,-6.211300000000002,0.56,0.151006,0.18462476,0.0012829637999999999,0.18187,0.45706,126.27370000000002,3.98
std,0.15000139455134057,0.16696867114179575,3.6946734963861094,1.7579649789876188,0.5014265364224069,0.14454125660594103,0.21686987984386452,0.007305020898451406,0.14154840413895778,0.21250917867331792,36.46512610323033,0.14142135623730942
min,0.22399999999999998,0.183,0.0,-11.216,0.0,0.0258,0.0007379999999999999,0.0,0.0516,0.0622,61.93899999999999,3.0
max,0.9209999999999999,0.925,11.0,-2.313,1.0,0.754,0.86,0.0516,0.726,0.841,189.99200000000002,4.0
