,danceability,energy,key,loudness,mode,speechiness,acousticness,instrumentalness,liveness,valence,tempo,time_signature
mean,0.72988,0.586,5.12,-7.06492,0.54,0.1628,0.20641222000000006,0.037837723000000004,0.13548199999999996,0.49035199999999995,118.5548,3.98
std,0.1346355079464552,0.16866292916189202,3.6902519133080154,3.2606396320041133,0.5034574339058886,0.17492218678192722,0.22950581170955303,0.16904152326948169,0.07774734509542919,0.2330228886366561,25.42470525264105,0.2466096643090295
min,0.43200000000000005,0.223,0.0,-16.541,0.0,0.0272,0.000391,0.0,0.0501,0.0681,74.997,3.0
max,0.919,0.905,11.0,-1.865,1.0,0.747,0.993,0.893,0.525,0.877,188.062,5.0
