,danceability,energy,key,loudness,mode,speechiness,acousticness,instrumentalness,liveness,valence,tempo,time_signature
mean,0.6781999999999999,0.63006,4.2,-5.848159999999999,0.64,0.09592400000000004,0.2431438,0.002865106,0.16524,0.44232000000000016,121.86197999999996,3.96
std,0.14422629611064658,0.14673277251729502,3.493434074467852,2.1202242118633183,0.4848732213850611,0.08462990150396861,0.24473319155466147,0.018655289569431136,0.1157581892020903,0.23619107104379777,26.19021347170483,0.19794866372215744
min,0.35100000000000003,0.174,0.0,-10.109,0.0,0.0266,0.00107,0.0,0.0517,0.109,72.98899999999999,3.0
max,0.922,0.965,11.0,-1.396,1.0,0.35,0.956,0.132,0.601,0.9690000000000001,176.048,4.0
