,danceability,energy,key,loudness,mode,speechiness,acousticness,instrumentalness,liveness,valence,tempo,time_signature
mean,0.6699200000000001,0.6377519999999999,6.2,-6.501860000000001,0.66,0.11002600000000001,0.22969660000000006,0.016605910399999996,0.14152000000000003,0.4211200000000001,121.13738,3.98
std,0.1492232733393905,0.1775921424994671,3.597050946289764,2.8578241545566354,0.4785181206984066,0.11880599313200337,0.24077031092495177,0.0990399757940648,0.07412617758984766,0.18682586457305475,29.46430892597527,0.24660966430902945
min,0.266,0.0596,0.0,-18.515,0.0,0.0301,0.00124,0.0,0.0379,0.127,61.638000000000005,3.0
max,0.956,0.9640000000000001,11.0,-1.746,1.0,0.517,0.905,0.7,0.33799999999999997,0.941,186.31099999999998,5.0
