,danceability,energy,key,loudness,mode,speechiness,acousticness,instrumentalness,liveness,valence,tempo,time_signature
mean,0.7062599999999999,0.5914000000000003,4.94,-7.624219999999999,0.7,0.17962599999999998,0.23088694,0.04217323620000001,0.158382,0.49307399999999985,125.35171999999999,3.92
std,0.17117729322046693,0.17768856037965958,3.322219567870681,2.802040839991378,0.46291004988627565,0.170613879390911,0.2452625206730003,0.14794277047955748,0.12010679039071517,0.23009416068121294,33.223857760522456,0.44446711960297214
min,0.313,0.225,0.0,-12.985999999999999,0.0,0.0261,0.000143,0.0,0.0452,0.0977,70.956,1.0
max,0.978,0.972,11.0,-2.592,1.0,0.902,0.912,0.785,0.54,0.94,204.09599999999998,4.0
