,danceability,energy,key,loudness,mode,speechiness,acousticness,instrumentalness,liveness,valence,tempo,time_signature
mean,0.6679999999999998,0.63976,5.42,-6.488019999999998,0.64,0.18105599999999997,0.20635100000000006,0.0357508822,0.19810599999999998,0.4588260000000001,113.64080000000001,3.92
std,0.14857609882769549,0.1707392761146751,3.5747984101861454,2.4175612563414526,0.4848732213850611,0.16657141161479944,0.23741040033826552,0.1577605705959939,0.17071636031016774,0.22751111998838067,27.814148086092843,0.4882287854467158
min,0.207,0.27399999999999997,0.0,-12.532,0.0,0.0275,0.0038,0.0,0.0403,0.0395,72.074,1.0
max,0.9259999999999999,0.9440000000000001,11.0,-2.552,1.0,0.6809999999999999,0.934,0.828,0.81,0.9079999999999999,177.324,5.0
