,danceability,energy,key,loudness,mode,speechiness,acousticness,instrumentalness,liveness,valence,tempo,time_signature
mean,0.6524599999999998,0.64294,5.2,-6.67634,0.74,0.122594,0.20077229019999998,0.036192839799999994,0.15950399999999998,0.43973799999999996,123.45253999999998,3.96
std,0.13757731926269753,0.19802920934827276,3.6811710647786073,2.643860856584475,0.443087497693452,0.11476651614722576,0.2531062536061578,0.14363944904366582,0.11278764398964407,0.22290090677432498,27.13175002608492,0.19794866372215747
min,0.332,0.204,0.0,-16.151,0.0,0.027999999999999997,4.51e-06,0.0,0.0515,0.0344,64.01899999999999,3.0
max,0.9359999999999999,0.9740000000000001,11.0,-2.898,1.0,0.389,0.9740000000000001,0.8340000000000001,0.5770000000000001,0.897,180.00900000000001,4.0
