,danceability,energy,key,loudness,mode,speechiness,acousticness,instrumentalness,liveness,valence,tempo,time_signature
mean,0.73208,0.5977,5.22,-6.9109799999999995,0.62,0.150346,0.24295180000000008,0.0552186924,0.16842600000000002,0.518032,118.80366,3.98
std,0.12942602331140396,0.17584214279766233,3.704878196240679,3.1743050885997404,0.4903143514780145,0.15689785863706984,0.23536456390372756,0.20928701052649795,0.11528615119407384,0.22185324294244974,25.160158147851494,0.2466096643090295
min,0.461,0.223,0.0,-16.541,0.0,0.0258,0.00292,0.0,0.0501,0.0681,74.997,3.0
max,0.9390000000000001,0.9109999999999999,11.0,-1.865,1.0,0.747,0.993,0.91,0.525,0.9179999999999999,180.128,5.0
