,danceability,energy,key,loudness,mode,speechiness,acousticness,instrumentalness,liveness,valence,tempo,time_signature
mean,0.7524,0.61692,4.64,-6.568080000000002,0.6,0.162944,0.20601066000000004,0.0108027238,0.151704,0.51438,117.78862,4.0
std,0.11454381569637759,0.1248254029614557,3.0489877878752223,2.2245852522413694,0.49487165930539356,0.16356078213637043,0.2082308429665392,0.06632495676330603,0.10832675430363076,0.18344635984062346,26.264260378316393,0.0
min,0.49700000000000005,0.391,0.0,-13.970999999999998,0.0,0.0255,0.000143,0.0,0.0514,0.10099999999999999,75.025,4.0
max,0.978,0.972,11.0,-2.253,1.0,0.902,0.873,0.465,0.5820000000000001,0.851,179.97400000000002,4.0
