,danceability,energy,key,loudness,mode,speechiness,acousticness,instrumentalness,liveness,valence,tempo,time_signature
mean,0.6875199999999999,0.628028,5.02,-6.54872,0.66,0.126572,0.28729859999999996,0.022402501399999997,0.1675760000000001,0.5105020000000002,122.33798,3.88
std,0.1377509198458121,0.18408085628054752,3.395615420160631,3.0549518252656416,0.47851812069840666,0.13149871891980933,0.2542643339246841,0.13011303090101628,0.14399749652018828,0.21124036264938784,27.95817877815772,0.4797958749641905
min,0.353,0.0674,0.0,-19.18,0.0,0.0245,0.00195,0.0,0.064,0.0727,62.483999999999995,1.0
max,0.9420000000000001,0.935,11.0,-2.129,1.0,0.565,0.961,0.9179999999999999,0.7340000000000001,0.9129999999999999,180.021,4.0
