,danceability,energy,key,loudness,mode,speechiness,acousticness,instrumentalness,liveness,valence,tempo,time_signature
mean,0.6826800000000002,0.7110799999999999,5.96,-6.2271800000000015,0.66,0.096622,0.24769460000000001,0.1495070746,0.13135,0.5378940000000001,121.49662000000001,4.0
std,0.12639821104391485,0.14777214119814913,3.7686136681267612,2.447162727715173,0.47851812069840655,0.10104786962178888,0.2297352468511419,0.317456662600418,0.08470486878520248,0.21653100207874276,23.484485777644956,0.2857142857142857
min,0.40700000000000003,0.183,0.0,-15.885,0.0,0.0242,0.00124,0.0,0.0222,0.0349,78.072,3.0
max,0.8959999999999999,0.988,11.0,-1.746,1.0,0.484,0.8009999999999999,0.929,0.41,0.934,180.049,5.0
