,danceability,energy,key,loudness,mode,speechiness,acousticness,instrumentalness,liveness,valence,tempo,time_signature
mean,0.6651000000000002,0.6467800000000001,5.86,-6.550879999999999,0.58,0.12436,0.23308499999999996,0.0323361814,0.17595999999999998,0.43840400000000007,119.77996000000003,3.94
std,0.14515498402657448,0.14145256506428336,3.658983911594327,2.052039091802521,0.49856938190328975,0.11242602102752564,0.22888541028610088,0.1613899042758625,0.1275546781516356,0.20477766336259648,24.974530807596597,0.3136356914300021
min,0.376,0.225,0.0,-14.454,0.0,0.0253,0.00147,0.0,0.0574,0.0702,77.59899999999999,3.0
max,0.968,0.9229999999999999,11.0,-3.273,1.0,0.56,0.902,0.9470000000000001,0.79,0.898,180.082,5.0
