,danceability,energy,key,loudness,mode,speechiness,acousticness,instrumentalness,liveness,valence,tempo,time_signature
mean,0.68914,0.6808799999999999,4.86,-6.18396,0.58,0.10059999999999998,0.14802660000000004,0.041732766,0.17234399999999997,0.4663239999999999,125.18989999999997,4.0
std,0.1279885214878782,0.13331895772843383,3.859840326611811,1.7171113018255817,0.49856938190328975,0.09496148521094953,0.17700767236467232,0.17151127519907725,0.12812580896310075,0.23770166566775358,21.631896344028082,0.0
min,0.309,0.312,0.0,-10.742,0.0,0.0288,0.00135,0.0,0.0218,0.0707,90.04700000000001,4.0
max,0.9129999999999999,0.905,11.0,-2.984,1.0,0.496,0.795,0.882,0.7120000000000001,0.905,184.125,4.0
