,danceability,energy,key,loudness,mode,speechiness,acousticness,instrumentalness,liveness,valence,tempo,time_signature
mean,0.6825,0.63896,4.9,-7.20976,0.6,0.09363800000000001,0.21770239999999996,0.079769372,0.16202000000000005,0.4323400000000001,117.76856000000002,4.0
std,0.15046814701227013,0.16129197254718927,4.006372474965759,3.0440746495177704,0.49487165930539356,0.07165298145241696,0.24910075961148817,0.20803969065513997,0.14158221236137986,0.2051783305978942,21.60494451925299,0.20203050891044214
min,0.397,0.284,0.0,-15.435,0.0,0.0261,0.0033799999999999998,0.0,0.0503,0.1,67.983,3.0
max,0.9470000000000001,0.976,11.0,-3.1489999999999996,1.0,0.353,0.9179999999999999,0.885,0.8420000000000001,0.91,164.93200000000002,5.0
