,danceability,energy,key,loudness,mode,speechiness,acousticness,instrumentalness,liveness,valence,tempo,time_signature
mean,0.6073600000000002,0.626458,4.62,-8.36222,0.7,0.09679800000000002,0.25122380000000005,0.0528256614,0.1846,0.44584,124.61200000000002,3.96
std,0.18566436252066276,0.20491970163546344,3.6020968949788577,4.294035746407868,0.46291004988627565,0.09699906056772101,0.303869785188609,0.17198711058945162,0.162426048478961,0.2496484319835331,31.683048246077355,0.28284271247461884
min,0.13699999999999998,0.0479,0.0,-27.021,0.0,0.0233,0.00099,0.0,0.04,0.0304,75.056,3.0
max,0.9359999999999999,0.9470000000000001,11.0,-2.144,1.0,0.413,0.985,0.9059999999999999,0.69,0.9620000000000001,211.842,5.0
