,danceability,energy,key,loudness,mode,speechiness,acousticness,instrumentalness,liveness,valence,tempo,time_signature
mean,0.6154399999999999,0.6859400000000003,5.28,-6.634600000000001,0.54,0.12819199999999997,0.19966560000000005,0.0657769256,0.19255200000000003,0.5135299999999998,114.89118,3.94
std,0.16702366446044678,0.19901004076812462,3.7744576580278255,3.1964422250306956,0.5034574339058886,0.1286414060995343,0.22781937559964527,0.165005621169015,0.14060211082109308,0.27004204075571314,30.165479668999403,0.23989793748209529
min,0.254,0.156,0.0,-18.183,0.0,0.0274,0.003,0.0,0.0397,0.038,64.35600000000001,3.0
max,0.877,0.985,11.0,-2.392,1.0,0.765,0.948,0.773,0.626,0.934,180.09599999999998,4.0
