,danceability,energy,key,loudness,mode,speechiness,acousticness,instrumentalness,liveness,valence,tempo,time_signature
mean,0.6244199999999999,0.65836,5.4,-6.081779999999998,0.7,0.10379,0.18327386000000004,0.018637094200000003,0.17999199999999996,0.39385200000000004,119.49677999999996,3.92
std,0.17286718861009798,0.16450888692575552,3.817254061682111,2.735873216494999,0.4629100498862757,0.10423379970048105,0.1980228791291871,0.09155622408741743,0.11729310545703489,0.24700875159245936,29.691414143630336,0.2740475156178699
min,0.265,0.299,0.0,-13.99,0.0,0.0247,0.000239,0.0,0.0424,0.0601,54.747,3.0
max,0.909,0.938,11.0,-0.777,1.0,0.473,0.779,0.618,0.585,0.9670000000000001,191.702,4.0
