,danceability,energy,key,loudness,mode,speechiness,acousticness,instrumentalness,liveness,valence,tempo,time_signature
mean,0.6625000000000001,0.6062599999999998,6.16,-7.207639999999998,0.64,0.105774,0.2917425999999999,0.051085931999999994,0.170696,0.45874400000000004,118.51066,3.96
std,0.16638304098233872,0.17525605873249855,3.6887031070885734,2.6961637883996494,0.48487322138506106,0.08746542596235102,0.2965553229855456,0.2002518379092617,0.12228081425429699,0.2096138414186566,25.61955960255717,0.2828427124746189
min,0.121,0.205,0.0,-17.041,0.0,0.0291,0.00147,0.0,0.057,0.0702,70.525,3.0
max,0.95,0.93,11.0,-3.2260000000000004,1.0,0.36,0.9179999999999999,0.948,0.785,0.898,180.082,5.0
