,danceability,energy,key,loudness,mode,speechiness,acousticness,instrumentalness,liveness,valence,tempo,time_signature
mean,0.6958799999999999,0.6651,5.34,-6.6091999999999995,0.44,0.114716,0.21404820000000005,0.082448166,0.18958599999999998,0.545858,120.3356,3.98
std,0.13204384553191845,0.14837050287186124,4.197229406868006,2.16608597451246,0.5014265364224069,0.0883366735961957,0.2319941318811882,0.23792931306987858,0.1381733575577271,0.23351177052883265,29.61113230195836,0.24660966430902953
min,0.40299999999999997,0.387,0.0,-12.98,0.0,0.0305,0.00268,0.0,0.0486,0.0504,77.033,3.0
max,0.903,0.9620000000000001,11.0,-3.111,1.0,0.441,0.875,0.9259999999999999,0.606,0.968,195.987,5.0
