,danceability,energy,key,loudness,mode,speechiness,acousticness,instrumentalness,liveness,valence,tempo,time_signature
mean,0.5665600000000002,0.6274799999999999,4.48,-7.622220000000003,0.54,0.100944,0.33910512,0.1132976184,0.159672,0.38889399999999985,120.28928000000003,3.9
std,0.14083746023015906,0.16879092731203638,3.5756546425024016,2.756491931230486,0.5034574339058886,0.10864949291277931,0.2951140280314104,0.2519573722164281,0.1173421806652037,0.24618460006711237,25.764265448952386,0.4629100498862757
min,0.27699999999999997,0.266,0.0,-15.169,0.0,0.027999999999999997,0.000446,0.0,0.0604,0.0392,76.12100000000001,1.0
max,0.843,0.932,11.0,-3.1830000000000003,1.0,0.42100000000000004,0.8640000000000001,0.948,0.653,0.9309999999999999,186.167,4.0
