,danceability,energy,key,loudness,mode,speechiness,acousticness,instrumentalness,liveness,valence,tempo,time_signature
mean,0.6955599999999998,0.65396,5.26,-6.460839999999999,0.54,0.13784400000000002,0.26853202,0.0095386492,0.16133599999999998,0.55378,116.38241999999998,3.86
std,0.11566897878455235,0.137514371790659,3.6073055125986335,2.2947605037990173,0.5034574339058886,0.11402500649472659,0.21847181030956464,0.06573045589122141,0.10129738147591748,0.1967545129529357,30.50710615316386,0.49528388066742063
min,0.38,0.358,0.0,-14.905999999999999,0.0,0.0288,0.000981,0.0,0.0518,0.159,53.808,1.0
max,0.88,0.972,11.0,-2.4859999999999998,1.0,0.622,0.745,0.465,0.434,0.961,181.93599999999998,4.0
