,danceability,energy,key,loudness,mode,speechiness,acousticness,instrumentalness,liveness,valence,tempo,time_signature
mean,0.6547,0.6309599999999999,5.52,-7.01242,0.54,0.098674,0.30345039999999995,0.052900307800000004,0.127722,0.46931399999999995,119.38016000000003,4.0
std,0.1570657278248277,0.16605875036091464,3.598412348324109,2.8048521667180353,0.5034574339058886,0.09925884900663744,0.2807420273602927,0.1856354040213473,0.06724673815016409,0.2094137375471566,26.843981778584556,0.2857142857142857
min,0.28300000000000003,0.179,0.0,-15.359000000000002,0.0,0.0299,0.0030600000000000002,0.0,0.0515,0.0747,70.479,3.0
max,0.9109999999999999,0.938,11.0,-3.083,1.0,0.547,0.9329999999999999,0.8909999999999999,0.395,0.912,176.05900000000003,5.0
