,danceability,energy,key,loudness,mode,speechiness,acousticness,instrumentalness,liveness,valence,tempo,time_signature
mean,0.7080599999999997,0.63694,4.84,-6.209719999999999,0.42,0.14152400000000004,0.19725617799999995,0.008595488600000001,0.207042,0.48586600000000013,115.34286000000003,4.02
std,0.1262460199413051,0.15337088700138574,3.78698092017849,1.8968405529367265,0.49856938190328975,0.1339377795844026,0.21305876389251066,0.04596456730810834,0.17748471056886642,0.21333740605062246,23.367797469420108,0.14142135623730945
min,0.359,0.33899999999999997,0.0,-12.905999999999999,0.0,0.0245,1.89e-05,0.0,0.0474,0.0953,77.501,4.0
max,0.9640000000000001,0.972,11.0,-2.56,1.0,0.561,0.7759999999999999,0.32,0.89,0.8859999999999999,167.125,5.0
