,danceability,energy,key,loudness,mode,speechiness,acousticness,instrumentalness,liveness,valence,tempo,time_signature
mean,0.6815199999999999,0.6728400000000001,5.56,-6.862180000000004,0.7,0.08869000000000003,0.24661477999999998,0.12023360080000005,0.15893800000000002,0.52115,119.29916000000001,4.0
std,0.12556699813409639,0.15051548974461476,4.000816243248982,2.5635361872353792,0.46291004988627565,0.07236295210074485,0.23432489401050038,0.270408971592319,0.09803809940372099,0.23169481356442373,26.97618229775356,0.20203050891044214
min,0.29600000000000004,0.261,0.0,-13.455,0.0,0.0242,0.000489,0.0,0.0559,0.0349,74.985,3.0
max,0.879,0.9640000000000001,11.0,-1.746,1.0,0.345,0.8009999999999999,0.9059999999999999,0.41,0.9209999999999999,186.31099999999998,5.0
