,danceability,energy,key,loudness,mode,speechiness,acousticness,instrumentalness,liveness,valence,tempo,time_signature
mean,0.6762599999999999,0.6745799999999998,4.82,-6.041619999999999,0.36,0.09113399999999997,0.276567,0.040095081,0.17690599999999995,0.502862,117.91814000000001,4.0
std,0.15849545284148872,0.1714750044258846,3.6739013351488032,2.4452205350229574,0.48487322138506106,0.09167558064018076,0.2636264167591429,0.15833468927806882,0.12403084114486221,0.23978115267800312,25.36806797966326,0.20203050891044214
min,0.13699999999999998,0.272,0.0,-14.040999999999999,0.0,0.0253,0.00125,0.0,0.0537,0.0681,75.05,3.0
max,0.9079999999999999,0.987,11.0,-2.6519999999999997,1.0,0.395,0.941,0.763,0.624,0.9520000000000001,175.997,5.0
