,danceability,energy,key,loudness,mode,speechiness,acousticness,instrumentalness,liveness,valence,tempo,time_signature
mean,0.6999599999999999,0.6943600000000001,5.48,-5.802099999999999,0.38,0.10834400000000001,0.20927200800000004,0.0372886058,0.15206599999999995,0.5348339999999999,117.82898000000003,4.02
std,0.13664328056091518,0.13281393460209584,3.6153866194590116,2.0025970510763247,0.49031435147801455,0.10502382073819722,0.19654824442684976,0.14469830378576215,0.11099382885952695,0.21270224048214081,28.29353823862997,0.2466096643090295
min,0.38299999999999995,0.405,0.0,-10.965,0.0,0.0253,5.539999999999999e-05,0.0,0.0462,0.0827,75.445,3.0
max,0.9079999999999999,0.987,11.0,-2.6519999999999997,1.0,0.462,0.753,0.763,0.624,0.9520000000000001,200.06400000000002,5.0
