,danceability,energy,key,loudness,mode,speechiness,acousticness,instrumentalness,liveness,valence,tempo,time_signature
mean,0.65562,0.670226,5.46,-7.360060000000002,0.46,0.15204800000000004,0.23675419999999994,0.075003674,0.17811000000000007,0.493626,119.86876000000002,3.92
std,0.12899642298473685,0.17913154077950877,3.8977230401811753,3.154511375274258,0.5034574339058886,0.14661723210803157,0.22931650116485247,0.20407618591484092,0.15260512234963455,0.19916091823201762,28.353084482932832,0.27404751561786983
min,0.386,0.0683,0.0,-18.162,0.0,0.0282,0.0019199999999999998,0.0,0.0601,0.0483,75.0,3.0
max,0.872,0.9490000000000001,11.0,-3.023,1.0,0.7090000000000001,0.847,0.753,0.7120000000000001,0.914,180.25799999999998,4.0
