,danceability,energy,key,loudness,mode,speechiness,acousticness,instrumentalness,liveness,valence,tempo,time_signature
mean,0.6260399999999998,0.6761000000000004,4.9,-6.585439999999998,0.72,0.08238799999999999,0.21381658,0.0008806202000000002,0.212546,0.5305400000000001,118.32036,3.9
std,0.17829658391773717,0.21347200265694644,3.506553631038165,2.508785503068798,0.4535573676110727,0.06294146824224707,0.2746252179933249,0.0026788701185810576,0.15872073692688127,0.2374551480741969,26.329386939358255,0.3030457633656633
min,0.23800000000000002,0.106,0.0,-14.267000000000001,0.0,0.0288,0.000709,0.0,0.0426,0.11199999999999999,68.572,3.0
max,0.9059999999999999,0.9440000000000001,11.0,-2.5660000000000003,1.0,0.28600000000000003,0.965,0.0132,0.7120000000000001,0.972,170.62599999999998,4.0
