,danceability,energy,key,loudness,mode,speechiness,acousticness,instrumentalness,liveness,valence,tempo,time_signature
mean,0.6608800000000001,0.6811000000000001,4.58,-6.619180000000004,0.6,0.126884,0.20440740000000002,0.0113739852,0.16594600000000004,0.48275400000000007,118.5193,4.02
std,0.12542200438389378,0.14358816533576088,3.637054201590365,2.1060442045286165,0.49487165930539356,0.08892959691892946,0.2181805615634043,0.05907820375763459,0.14940912767516265,0.2326762936715614,28.99187794232117,0.2466096643090295
min,0.311,0.365,0.0,-13.774000000000001,0.0,0.0297,0.00455,0.0,0.044000000000000004,0.0429,60.663999999999994,3.0
max,0.909,0.9390000000000001,11.0,-1.932,1.0,0.419,0.826,0.375,0.9079999999999999,0.955,199.955,5.0
