,danceability,energy,key,loudness,mode,speechiness,acousticness,instrumentalness,liveness,valence,tempo,time_signature
mean,0.6021,0.6447799999999999,5.44,-6.95068,0.58,0.11661600000000001,0.2783761999999999,0.0542368664,0.17652000000000004,0.4725459999999999,118.51632,4.04
std,0.12671392333657314,0.206657884496309,3.9183503400991473,2.846144957657638,0.49856938190328975,0.11101946760706026,0.26640083752924976,0.19139934270530937,0.09850597205556748,0.21690062636693178,24.503842497878086,0.28284271247461906
min,0.278,0.121,0.0,-15.133,0.0,0.0275,0.00277,0.0,0.0754,0.0661,70.429,3.0
max,0.838,0.993,11.0,-2.93,1.0,0.475,0.97,0.888,0.47,0.848,183.09,5.0
