,danceability,energy,key,loudness,mode,speechiness,acousticness,instrumentalness,liveness,valence,tempo,time_signature
mean,0.6002799999999999,0.6390200000000003,6.38,-6.630220000000001,0.7,0.09058200000000001,0.28633383999999995,0.03634342399999999,0.158872,0.4521560000000001,119.16550000000001,3.92
std,0.14319346695848886,0.19996984364485298,3.7682345782520885,2.5121345203972316,0.46291004988627565,0.08914276943677005,0.3060405628561692,0.15307727929724685,0.10727118798367327,0.21995346925369172,26.716496134105494,0.2740475156178698
min,0.235,0.139,0.0,-15.102,0.0,0.0232,0.000499,0.0,0.0576,0.0944,71.407,3.0
max,0.8740000000000001,0.929,11.0,-1.68,1.0,0.431,0.925,0.961,0.5489999999999999,0.865,183.09,4.0
