,danceability,energy,key,loudness,mode,speechiness,acousticness,instrumentalness,liveness,valence,tempo,time_signature
mean,0.5183399999999998,0.6072559999999997,4.72,-8.547199999999998,0.58,0.08992599999999998,0.3892182880000001,0.16066970580000003,0.20736800000000002,0.38943199999999983,126.08503999999998,3.9
std,0.16222617242728796,0.2620697805189001,3.5285425100029557,4.537925625171907,0.49856938190328975,0.08246153044954742,0.36270553072366424,0.3258171668549553,0.21183553058051086,0.2199566761052396,31.334852785682717,0.36421567954234163
min,0.11900000000000001,0.0126,0.0,-24.789,0.0,0.0253,1.24e-05,0.0,0.0308,0.0396,57.86,3.0
max,0.825,0.9540000000000001,11.0,-2.7230000000000003,1.0,0.401,0.9790000000000001,0.9390000000000001,0.996,0.9309999999999999,200.092,5.0
