,danceability,energy,key,loudness,mode,speechiness,acousticness,instrumentalness,liveness,valence,tempo,time_signature
mean,0.6075200000000001,0.6624599999999998,5.2,-6.59786,0.52,0.090306,0.22249780000000008,0.0376151156,0.182352,0.43005999999999994,123.94107999999999,3.94
std,0.13496186006968555,0.16074523003682517,3.7904283318347427,2.3334386468847885,0.5046720495044485,0.08451989841789583,0.25693456459343167,0.15307876975220705,0.1521985950751752,0.23287348233646138,28.28996246442132,0.23989793748209529
min,0.258,0.217,0.0,-15.372,0.0,0.0288,0.0018899999999999998,0.0,0.0354,0.0738,68.976,3.0
max,0.9209999999999999,0.956,11.0,-3.236,1.0,0.392,0.953,0.91,0.7120000000000001,0.87,212.558,4.0
