,danceability,energy,key,loudness,mode,speechiness,acousticness,instrumentalness,liveness,valence,tempo,time_signature
mean,0.6307200000000001,0.5938000000000001,5.76,-7.237700000000003,0.58,0.066954,0.319381928,0.04952107279999999,0.154884,0.43613199999999996,118.20788000000002,3.88
std,0.14868361698312182,0.19200201954720186,3.7934422470406277,2.9599533935244215,0.4985693819032897,0.04349188153188677,0.28640887303483403,0.17974395636209925,0.08965760575315268,0.2303990614705941,25.569449642213932,0.32826072265931605
min,0.124,0.10400000000000001,0.0,-15.402000000000001,0.0,0.0248,8.14e-05,0.0,0.0632,0.0607,67.983,3.0
max,0.9690000000000001,0.934,11.0,-3.1839999999999997,1.0,0.228,0.9790000000000001,0.8909999999999999,0.39799999999999996,0.927,174.00599999999997,4.0
