,danceability,energy,key,loudness,mode,speechiness,acousticness,instrumentalness,liveness,valence,tempo,time_signature
mean,0.73988,0.6888000000000001,5.2,-6.3358799999999995,0.56,0.129262,0.15508260000000001,0.021265531399999996,0.15277600000000002,0.5687200000000001,120.30832000000004,4.0
std,0.10829714225411566,0.1426787457535141,3.8119040183218096,2.1218264815858965,0.5014265364224069,0.09998324531068764,0.13639136289624015,0.1059479153977309,0.11789934752550066,0.1968143266728148,27.320439891310205,0.20203050891044214
min,0.43799999999999994,0.391,0.0,-13.285,0.0,0.0259,0.00903,0.0,0.044000000000000004,0.161,74.986,3.0
max,0.9059999999999999,0.972,11.0,-2.986,1.0,0.474,0.688,0.597,0.594,0.884,192.09099999999998,5.0
