,danceability,energy,key,loudness,mode,speechiness,acousticness,instrumentalness,liveness,valence,tempo,time_signature
mean,0.7153799999999998,0.5956060000000002,5.72,-7.553640000000001,0.6,0.120498,0.25018460000000003,0.04668463000000001,0.14454200000000003,0.483466,117.25162,3.92
std,0.1370134642571857,0.18235701293711445,3.540091086110523,2.5540186402400975,0.49487165930539356,0.10621308480443203,0.26770362876372317,0.18226684479162927,0.0885506406250234,0.19886532373360993,23.731129155080296,0.4882287854467157
min,0.243,0.0723,0.0,-15.177,0.0,0.0268,0.000292,0.0,0.057999999999999996,0.0953,53.808,1.0
max,0.912,0.998,11.0,-1.692,1.0,0.556,0.953,0.7879999999999999,0.46,0.884,175.8,5.0
