,danceability,energy,key,loudness,mode,speechiness,acousticness,instrumentalness,liveness,valence,tempo,time_signature
mean,0.6159999999999999,0.6780599999999999,5.44,-5.93882,0.52,0.09326000000000001,0.132158,0.0035539859999999994,0.17297,0.5256600000000001,122.17726000000002,3.96
std,0.1412433130076881,0.14254171032955043,3.8764595671192295,1.5972189949907256,0.5046720495044485,0.09193602256405244,0.15409309898597676,0.012888790833085806,0.1476611845007457,0.2192968075369962,30.12764966537536,0.2828427124746189
min,0.258,0.37799999999999995,0.0,-12.187000000000001,0.0,0.0266,0.00274,0.0,0.0498,0.0573,78.016,3.0
max,0.895,0.929,11.0,-3.428,1.0,0.486,0.6579999999999999,0.0666,0.7120000000000001,0.87,196.446,5.0
