,danceability,energy,key,loudness,mode,speechiness,acousticness,instrumentalness,liveness,valence,tempo,time_signature
mean,0.66444,0.7144600000000003,5.46,-6.2869600000000005,0.62,0.117636,0.17321928000000003,0.015847242999999997,0.195408,0.5598099999999999,122.89825999999998,3.98
std,0.1356843816677934,0.14599723368919684,3.75912495245413,2.213041696260546,0.4903143514780145,0.10886319960653106,0.1648204593322426,0.09779412601723791,0.17095591249303582,0.19291313710939378,31.783802543992593,0.14142135623730934
min,0.327,0.441,0.0,-16.933,0.0,0.0266,0.000714,0.0,0.0368,0.0765,69.656,3.0
max,0.941,0.9570000000000001,11.0,-3.0639999999999996,1.0,0.591,0.6629999999999999,0.691,0.752,0.878,189.83,4.0
