,danceability,energy,key,loudness,mode,speechiness,acousticness,instrumentalness,liveness,valence,tempo,time_signature
mean,0.7955000000000001,0.665,5.0,-9.639,0.5,0.040400000000000005,0.228853,0.44235,0.06855,0.921,121.50999999999999,4.0
std,0.019091883092036802,0.0466690475583121,2.8284271247461903,5.88029999234733,0.7071067811865476,0.010748023074035521,0.32264858161473453,0.587817867200377,0.048719657223753134,0.043840620433565985,3.5312912652456285,0.0
min,0.782,0.632,3.0,-13.797,0.0,0.0328,0.0007059999999999999,0.0267,0.0341,0.89,119.01299999999999,4.0
max,0.809,0.698,7.0,-5.481,1.0,0.048,0.457,0.858,0.10300000000000001,0.9520000000000001,124.007,4.0
