,danceability,energy,key,loudness,mode,speechiness,acousticness,instrumentalness,liveness,valence,tempo,time_signature
mean,0.63648,0.676606,4.42,-7.261439999999999,0.66,0.08395200000000003,0.23005307540000003,0.08923439439999999,0.15330600000000003,0.49053799999999986,123.54282,3.94
std,0.16959426251365647,0.20934460059910792,3.4112060228916476,5.005290544524067,0.47851812069840666,0.07897298489266528,0.27929445221067095,0.21983495717258855,0.09631665126136851,0.26452829244926235,26.71056228496854,0.23989793748209529
min,0.253,0.0483,0.0,-35.115,0.0,0.0249,9.27e-06,0.0,0.0473,0.0527,62.935,3.0
max,0.966,0.9990000000000001,11.0,-1.026,1.0,0.466,0.88,0.857,0.44799999999999995,0.97,174.028,4.0
