,danceability,energy,key,loudness,mode,speechiness,acousticness,instrumentalness,liveness,valence,tempo,time_signature
mean,0.64048,0.6450599999999999,5.14,-7.14062,0.46,0.133062,0.25072411999999994,0.09300761680000001,0.17806,0.44853999999999994,120.14572000000003,3.98
std,0.14318993237896957,0.19039072713657,3.6084368259026802,3.1254515029913708,0.5034574339058886,0.18771665783454444,0.2647957968642344,0.23258936319665274,0.13804137356722632,0.20981524720378086,30.94230293069173,0.14142135623730936
min,0.29100000000000004,0.311,0.0,-14.709000000000001,0.0,0.0254,0.000122,0.0,0.0261,0.0324,52.496,3.0
max,0.9420000000000001,0.9940000000000001,11.0,-1.1840000000000002,1.0,0.9159999999999999,0.853,0.929,0.649,0.878,202.10299999999998,4.0
