,danceability,energy,key,loudness,mode,speechiness,acousticness,instrumentalness,liveness,valence,tempo,time_signature
mean,0.54,0.696,6.0,-6.7095,0.0,0.0455,0.1273,0.00033650000000000005,0.187,0.24495,124.87099999999998,3.5
std,0.28567113959936524,0.2022325394193527,1.4142135623730951,1.6100821407617683,0.0,0.01739482681718907,0.10705596667164331,0.00047588286373854657,0.002828427124746173,0.29139870452697625,21.054811516610634,0.7071067811865476
min,0.33799999999999997,0.5529999999999999,5.0,-7.848,0.0,0.0332,0.0516,0.0,0.185,0.0389,109.98299999999999,3.0
max,0.742,0.8390000000000001,7.0,-5.571000000000001,0.0,0.0578,0.203,0.0006730000000000001,0.18899999999999997,0.451,139.759,4.0
