,danceability,energy,key,loudness,mode,speechiness,acousticness,instrumentalness,liveness,valence,tempo,time_signature
mean,0.7281,0.7063000000000001,5.66,-5.318099999999999,0.54,0.131554,0.25731399999999993,0.0066626559999999994,0.15291399999999997,0.5794340000000002,123.03378,3.98
std,0.10193440267632704,0.17602866765596645,3.5891560033420853,2.678734610267486,0.5034574339058886,0.10221677886547126,0.21577146735963634,0.0313118699677381,0.09933770069611957,0.21209331178054816,33.98198940272536,0.24660966430902947
min,0.43700000000000006,0.10400000000000001,0.0,-15.359000000000002,0.0,0.0283,0.0057,0.0,0.0515,0.0747,86.53299999999999,3.0
max,0.917,0.978,11.0,-1.624,1.0,0.40399999999999997,0.9790000000000001,0.212,0.413,0.934,201.80700000000002,5.0
