,danceability,energy,key,loudness,mode,speechiness,acousticness,instrumentalness,liveness,valence,tempo,time_signature
mean,0.66822,0.6667000000000001,5.74,-5.9537,0.62,0.09520600000000005,0.15882200000000002,0.02403185200000001,0.14101200000000005,0.5229599999999998,115.87712000000005,4.02
std,0.1355128264130336,0.18548461072640643,3.7022331925805125,2.3243495666881233,0.49031435147801455,0.0641580236921434,0.20532544478839201,0.10440812201961425,0.09726483023169272,0.22279293580564438,28.31453029636327,0.14142135623730948
min,0.325,0.218,0.0,-11.16,0.0,0.0285,0.0017100000000000001,0.0,0.0398,0.126,71.855,4.0
max,0.953,0.9420000000000001,11.0,0.04,1.0,0.272,0.9229999999999999,0.7020000000000001,0.457,0.9420000000000001,180.054,5.0
