,danceability,energy,key,loudness,mode,speechiness,acousticness,instrumentalness,liveness,valence,tempo,time_signature
mean,0.7310199999999998,0.66206,6.42,-5.834020000000001,0.58,0.156462,0.2823166000000001,0.033049724,0.18354799999999996,0.6224799999999998,123.25766,4.02
std,0.1050563483399771,0.14238484928573844,3.703776340935488,2.358588028755288,0.49856938190328975,0.1241910195741107,0.21758531374518786,0.13963275989250107,0.14428396779706784,0.20342678971932437,35.116271277472805,0.14142135623730948
min,0.42700000000000005,0.19399999999999998,0.0,-13.970999999999998,0.0,0.0287,0.00903,0.0,0.0302,0.24,74.93,4.0
max,0.882,0.972,11.0,-1.681,1.0,0.479,0.9329999999999999,0.81,0.75,0.9620000000000001,188.00900000000001,5.0
