,danceability,energy,key,loudness,mode,speechiness,acousticness,instrumentalness,liveness,valence,tempo,time_signature
mean,0.7555799999999998,0.6994400000000002,5.92,-5.43754,0.56,0.15066600000000002,0.2615198,0.0004810229999999999,0.15027799999999997,0.60424,133.90179999999995,4.0
std,0.0863809998949835,0.1355926010864448,3.9114692682845784,2.2731968607569173,0.5014265364224069,0.09660891413216441,0.19964662631238816,0.0016337994945378213,0.10590837643925999,0.21013052891874962,37.4003828660966,0.0
min,0.5720000000000001,0.364,0.0,-12.89,0.0,0.0287,0.00579,0.0,0.03,0.13699999999999998,90.035,4.0
max,0.9059999999999999,0.971,11.0,-1.3869999999999998,1.0,0.39,0.917,0.00853,0.612,0.966,202.00599999999997,4.0
