,danceability,energy,key,loudness,mode,speechiness,acousticness,instrumentalness,liveness,valence,tempo,time_signature
mean,0.7153,0.7074600000000002,5.9,-4.916579999999999,0.5,0.10997799999999999,0.2651994,0.00036556740000000005,0.16880600000000004,0.5980000000000001,125.11252,4.02
std,0.10448381380356853,0.1326625625796671,3.5355339059327373,1.9948386062280723,0.5050762722761054,0.08528196519637138,0.2293017763346915,0.0011032282966410123,0.16318688724081648,0.18955102699994714,31.535687241043252,0.1414213562373095
min,0.433,0.31,0.0,-11.134,0.0,0.0317,0.00307,0.0,0.0264,0.163,79.992,4.0
max,0.8959999999999999,0.904,11.0,-1.3869999999999998,1.0,0.353,0.94,0.00524,0.797,0.9520000000000001,189.983,5.0
