,danceability,energy,key,loudness,mode,speechiness,acousticness,instrumentalness,liveness,valence,tempo,time_signature
mean,0.7478399999999997,0.6852399999999997,5.46,-5.438800000000002,0.6,0.14702199999999993,0.24255500000000005,0.002965379800000001,0.15626600000000007,0.63783,121.55793999999997,4.02
std,0.11795214525996789,0.14028390455626413,3.8076721690474855,2.496483273465672,0.4948716593053935,0.10015362340740674,0.22653081504352937,0.01838239617221117,0.12863242142172523,0.2004163424127944,32.39057717250119,0.14142135623730942
min,0.41200000000000003,0.235,0.0,-16.541,0.0,0.0281,0.004070000000000001,0.0,0.0501,0.0895,83.48899999999999,4.0
max,0.9470000000000001,0.9209999999999999,11.0,-1.8659999999999999,1.0,0.37799999999999995,0.945,0.13,0.809,0.9570000000000001,182.123,5.0
