,danceability,energy,key,loudness,mode,speechiness,acousticness,instrumentalness,liveness,valence,tempo,time_signature
mean,0.72866,0.6739200000000001,5.26,-5.376419999999999,0.66,0.138606,0.2592384,0.030757082800000005,0.17183800000000002,0.6136199999999998,125.85200000000005,3.98
std,0.1087779258069262,0.13918374875813394,3.784015791484502,2.137462897064305,0.47851812069840666,0.10666675822487567,0.21974831499769576,0.1349307181018398,0.13404637316683982,0.20707357363497444,35.92007784012747,0.1414213562373094
min,0.473,0.321,0.0,-11.764000000000001,0.0,0.028999999999999998,0.0036899999999999997,0.0,0.0569,0.14400000000000002,75.91199999999999,3.0
max,0.94,0.972,11.0,-2.331,1.0,0.491,0.7909999999999999,0.81,0.667,0.9590000000000001,192.077,4.0
