,danceability,energy,key,loudness,mode,speechiness,acousticness,instrumentalness,liveness,valence,tempo,time_signature
mean,0.70758,0.7348600000000001,5.42,-4.509799999999999,0.6,0.11955799999999998,0.2312064,0.0005161406,0.18545599999999995,0.5836,127.51530000000002,4.0
std,0.1194637832575383,0.11177857302611759,3.476392688182533,1.501583939222384,0.49487165930539356,0.08443078819908272,0.18696509509182155,0.0016475351234253068,0.16947936983597742,0.2110034335729915,34.652313353438586,0.20203050891044214
min,0.348,0.452,0.0,-8.508,0.0,0.0286,0.0021,0.0,0.0344,0.13699999999999998,77.811,3.0
max,0.8959999999999999,0.9840000000000001,11.0,-1.3869999999999998,1.0,0.345,0.711,0.00952,0.866,0.9520000000000001,192.06799999999998,5.0
