,danceability,energy,key,loudness,mode,speechiness,acousticness,instrumentalness,liveness,valence,tempo,time_signature
mean,0.7659599999999999,0.6533200000000001,5.18,-5.2204,0.56,0.13249000000000002,0.257086,0.0005977018,0.201504,0.62634,125.10595999999998,3.96
std,0.10293825373316108,0.15520052072287985,3.7941415635268054,1.8720297507665584,0.5014265364224069,0.09116424346043951,0.21477885922834342,0.0033535990887188466,0.19733986735827,0.1773530561637218,34.703438692146804,0.19794866372215744
min,0.45299999999999996,0.212,0.0,-10.495999999999999,0.0,0.0322,0.017,0.0,0.0519,0.235,64.921,3.0
max,0.941,0.977,11.0,-2.2030000000000003,1.0,0.34600000000000003,0.9309999999999999,0.0234,0.9229999999999999,0.968,181.857,4.0
