,danceability,energy,key,loudness,mode,speechiness,acousticness,instrumentalness,liveness,valence,tempo,time_signature
mean,0.6759399999999998,0.67672,4.92,-6.337819999999999,0.62,0.07502799999999998,0.29645955999999996,0.023476391800000006,0.18665199999999998,0.5618000000000001,125.32236000000005,3.98
std,0.13122319512485403,0.1552145375055482,3.3675522510074445,2.6291237283900646,0.4903143514780145,0.04786310001302823,0.2929084861473791,0.11615775836177068,0.15464677228960141,0.22892909516320745,32.92831482872441,0.24660966430902947
min,0.337,0.273,0.0,-16.526,0.0,0.0276,0.00010700000000000001,0.0,0.0443,0.16,64.934,3.0
max,0.909,0.9740000000000001,11.0,-2.545,1.0,0.247,0.9840000000000001,0.7090000000000001,0.826,0.9620000000000001,186.125,5.0
