,danceability,energy,key,loudness,mode,speechiness,acousticness,instrumentalness,liveness,valence,tempo,time_signature
mean,0.65984,0.68672,5.24,-5.86048,0.64,0.07196200000000001,0.221024728,0.04499303840000001,0.147324,0.5819200000000001,122.71178000000002,4.0
std,0.15817406583267943,0.1692470769650823,3.673179126854445,2.0531677589838133,0.4848732213850611,0.05408219326702114,0.21943994648594944,0.15160195490211462,0.0801599028473076,0.21339020882995027,27.684877245410878,0.20203050891044214
min,0.2,0.267,0.0,-10.425,0.0,0.0272,8.740000000000001e-05,0.0,0.032,0.154,74.986,3.0
max,0.9309999999999999,0.9670000000000001,11.0,-1.41,1.0,0.282,0.7290000000000001,0.809,0.366,0.9640000000000001,186.054,5.0
