,danceability,energy,key,loudness,mode,speechiness,acousticness,instrumentalness,liveness,valence,tempo,time_signature
mean,0.693,0.67078,5.42,-5.7753000000000005,0.64,0.09738399999999998,0.2588047600000001,0.0009855204,0.184046,0.520724,119.88212000000003,3.94
std,0.1275126244250157,0.13223715399977115,3.387190757027097,1.9807092035378622,0.4848732213850611,0.07687489269280715,0.23906115026397132,0.00553707078109509,0.13173196381211325,0.23484025361587257,34.11400481557001,0.2398979374820953
min,0.32,0.37799999999999995,0.0,-10.177999999999999,0.0,0.0272,0.0007379999999999999,0.0,0.0501,0.0499,71.91199999999999,3.0
max,0.909,0.895,11.0,-1.064,1.0,0.439,0.9840000000000001,0.0391,0.636,0.905,189.99200000000002,4.0
