,danceability,energy,key,loudness,mode,speechiness,acousticness,instrumentalness,liveness,valence,tempo,time_signature
mean,0.7281799999999999,0.72004,5.66,-5.0007600000000005,0.54,0.11850999999999998,0.24050200000000005,0.011502196399999998,0.19228200000000004,0.5986660000000001,124.57853999999998,4.0
std,0.1227750041036573,0.15386158104754083,3.744983038570892,2.4467250378030316,0.5034574339058886,0.08710957736889643,0.20542565017791817,0.0533214174510544,0.17998236953339944,0.228071986138641,31.40171015504781,0.2857142857142857
min,0.228,0.10400000000000001,0.0,-14.08,0.0,0.0338,0.0057,0.0,0.0542,0.0713,86.53299999999999,3.0
max,0.935,0.978,11.0,-1.3869999999999998,1.0,0.444,0.9790000000000001,0.315,0.866,0.9520000000000001,192.44299999999998,5.0
