,danceability,energy,key,loudness,mode,speechiness,acousticness,instrumentalness,liveness,valence,tempo,time_signature
mean,0.6541399999999998,0.7029000000000001,5.56,-5.69272,0.58,0.09087400000000001,0.18812528000000006,0.0104937896,0.188078,0.5477380000000001,119.18072000000002,3.96
std,0.15567391481909246,0.15762099337023733,3.8606333412949705,2.080100351189915,0.49856938190328975,0.06523308854267384,0.2252130966455892,0.0444128383363454,0.17085073840122816,0.22093425828900845,28.602906674072738,0.1979486637221575
min,0.2,0.33799999999999997,0.0,-11.482000000000001,0.0,0.0302,0.00028199999999999997,0.0,0.0219,0.0989,80.051,3.0
max,0.9570000000000001,0.985,11.0,-1.214,1.0,0.3,0.9690000000000001,0.27699999999999997,0.915,0.9329999999999999,190.065,4.0
