,danceability,energy,key,loudness,mode,speechiness,acousticness,instrumentalness,liveness,valence,tempo,time_signature
mean,0.68182,0.6820800000000001,4.6,-5.9322,0.48,0.0801,0.17431999999999997,0.015982292200000005,0.192352,0.5184120000000001,122.40302,4.0
std,0.14878428296410495,0.15784658529659712,3.969269711271373,2.0276031995175683,0.5046720495044484,0.06786029165626589,0.19349119656902813,0.06149235258436054,0.15875294018167516,0.22079963272669836,29.212944807850686,0.0
min,0.24600000000000002,0.37799999999999995,0.0,-11.8,0.0,0.0265,0.00020899999999999998,0.0,0.0404,0.0769,79.028,4.0
max,0.929,0.95,11.0,-2.082,1.0,0.344,0.703,0.301,0.8859999999999999,0.872,180.043,4.0
