,danceability,energy,key,loudness,mode,speechiness,acousticness,instrumentalness,liveness,valence,tempo,time_signature
mean,0.6918000000000002,0.67572,4.96,-5.864340000000001,0.44,0.09490800000000002,0.20994997999999995,0.015099660600000002,0.16404600000000003,0.5248400000000002,120.3205,3.98
std,0.12989100611431012,0.13326344018445538,3.5511423858947073,2.054105173966096,0.5014265364224069,0.07474845664914141,0.20678198449638907,0.09056621185612612,0.09993322303071248,0.19863425111064234,25.967644216074994,0.1414213562373094
min,0.278,0.37799999999999995,0.0,-11.665,0.0,0.0276,0.000799,0.0,0.0545,0.141,77.538,3.0
max,0.929,0.889,11.0,-0.02,1.0,0.344,0.812,0.639,0.419,0.871,176.16299999999998,4.0
