,danceability,energy,key,loudness,mode,speechiness,acousticness,instrumentalness,liveness,valence,tempo,time_signature
mean,0.7257399999999999,0.680946,3.94,-5.326460000000002,0.64,0.10537199999999998,0.21347007999999998,0.0002244292000000001,0.15701600000000002,0.591372,122.16392000000005,3.94
std,0.13174973337695206,0.16186003932599372,3.582326230885428,2.612160324251143,0.4848732213850611,0.06983648552299924,0.21500543119175533,0.00087694893343944,0.11907051136847874,0.2139495382427495,35.22628271376649,0.23989793748209526
min,0.284,0.0413,0.0,-19.447,0.0,0.0247,0.000704,0.0,0.0424,0.0986,77.968,3.0
max,0.909,0.895,11.0,-0.02,1.0,0.368,0.973,0.0045,0.6970000000000001,0.893,191.757,4.0
