,danceability,energy,key,loudness,mode,speechiness,acousticness,instrumentalness,liveness,valence,tempo,time_signature
mean,0.7144800000000003,0.6950799999999998,4.4,-5.5488800000000005,0.58,0.11543800000000001,0.2916066,0.0036897312,0.1675,0.57532,121.31567999999996,4.02
std,0.13111519160413015,0.13872639935337117,3.2639027596559607,2.021335673180847,0.49856938190328975,0.09202022601536233,0.22742189530411158,0.018691439765092695,0.1590795655113041,0.21227883472798081,31.203660305594582,0.2466096643090295
min,0.302,0.31,0.0,-11.134,0.0,0.0274,0.00323,0.0,0.047,0.157,75.235,3.0
max,0.9309999999999999,0.9109999999999999,11.0,-1.358,1.0,0.41200000000000003,0.94,0.127,0.8809999999999999,0.892,180.113,5.0
