,danceability,energy,key,loudness,mode,speechiness,acousticness,instrumentalness,liveness,valence,tempo,time_signature
mean,0.7287,0.6894,4.36,-5.48798,0.6,0.119006,0.19501000000000002,0.00015447640000000002,0.15287400000000004,0.55034,127.47052000000004,3.98
std,0.11197599050233754,0.13352138099822616,3.572913976814203,1.5109404084738693,0.49487165930539356,0.09430686648015678,0.16768380361835297,0.0006908248560745687,0.11281247363728562,0.23358567977493483,35.12124092006002,0.14142135623730936
min,0.447,0.41700000000000004,0.0,-10.033,0.0,0.0247,0.00155,0.0,0.0506,0.114,77.426,3.0
max,0.9359999999999999,0.97,11.0,-3.023,1.0,0.473,0.607,0.0045,0.6970000000000001,0.893,191.757,4.0
