,danceability,energy,key,loudness,mode,speechiness,acousticness,instrumentalness,liveness,valence,tempo,time_signature
mean,0.7035600000000001,0.6665000000000002,5.1,-5.62872,0.52,0.13555399999999998,0.29927724399999994,0.0008345586000000001,0.16805200000000003,0.547788,125.61241999999999,4.02
std,0.12325155295623032,0.15357564778257243,3.3518194876143044,2.160027541774523,0.5046720495044484,0.10060991595143642,0.25228459708493384,0.003648596550599837,0.1779171490742078,0.22672870207112542,30.863052323747368,0.24660966430902953
min,0.433,0.12300000000000001,0.0,-11.234000000000002,0.0,0.0337,9.22e-05,0.0,0.0344,0.0564,80.04,3.0
max,0.9309999999999999,0.858,11.0,-1.9480000000000002,1.0,0.45799999999999996,0.94,0.0222,0.985,0.888,182.18400000000003,5.0
