,danceability,energy,key,loudness,mode,speechiness,acousticness,instrumentalness,liveness,valence,tempo,time_signature
mean,0.74004,0.67558,6.0,-5.99006,0.58,0.08557400000000001,0.24415786200000003,0.015971158200000002,0.18088799999999997,0.6033199999999999,119.86419999999998,3.96
std,0.09966514548471697,0.14413033925540294,3.534090536243709,2.069933888424696,0.49856938190328975,0.06668706330499866,0.2654087334064143,0.07364300426894563,0.1477466082900873,0.2160921421004267,29.85518109002803,0.1979486637221575
min,0.38299999999999995,0.365,0.0,-9.9,0.0,0.026000000000000002,1.51e-05,0.0,0.0501,0.17600000000000002,80.015,3.0
max,0.9740000000000001,0.895,11.0,-2.3,1.0,0.35600000000000004,0.9840000000000001,0.509,0.636,0.966,189.99200000000002,4.0
