,danceability,energy,key,loudness,mode,speechiness,acousticness,instrumentalness,liveness,valence,tempo,time_signature
mean,0.7060399999999999,0.67462,5.5,-5.636920000000003,0.54,0.11949199999999997,0.25647020000000004,0.013037,0.20262999999999995,0.5761200000000002,131.77509999999995,4.0
std,0.11861203435519327,0.16132182184714391,3.5699997141713715,2.713660430533802,0.5034574339058886,0.09039130317567017,0.21353074584801168,0.064599903996025,0.1626393070068656,0.23523471908122853,35.34722226436078,0.0
min,0.419,0.12300000000000001,0.0,-16.61,0.0,0.0261,0.00381,0.0,0.039,0.11599999999999999,79.992,4.0
max,0.9009999999999999,0.902,11.0,-1.3869999999999998,1.0,0.345,0.94,0.391,0.797,0.968,192.06799999999998,4.0
