,danceability,energy,key,loudness,mode,speechiness,acousticness,instrumentalness,liveness,valence,tempo,time_signature
mean,0.7294799999999999,0.6578199999999996,5.62,-5.381260000000002,0.72,0.159346,0.2813626,0.0412489958,0.18827000000000005,0.6043799999999999,133.6553,3.98
std,0.11252632163731513,0.161042102493448,3.5564830139579504,2.699487145623731,0.4535573676110727,0.11810994222782953,0.22542888271579087,0.1692406828818304,0.15126470547503465,0.18726625048691656,36.41208226155776,0.14142135623730936
min,0.40299999999999997,0.19399999999999998,0.0,-12.414000000000001,0.0,0.028999999999999998,0.00903,0.0,0.0568,0.23199999999999998,76.992,3.0
max,0.912,0.972,11.0,-0.9690000000000001,1.0,0.556,0.8109999999999999,0.81,0.6709999999999999,0.9590000000000001,189.946,4.0
