,danceability,energy,key,loudness,mode,speechiness,acousticness,instrumentalness,liveness,valence,tempo,time_signature
mean,0.7396599999999998,0.6767799999999999,5.6,-5.896919999999999,0.58,0.08914799999999999,0.2497952,0.008871244799999999,0.18288000000000001,0.5584799999999999,123.73087999999998,4.0
std,0.13279239743421506,0.17417576039795,3.295017884191656,2.6183854102738002,0.49856938190328975,0.05760249158443317,0.264698448051702,0.060923035685655935,0.13341457099995505,0.21871808711821952,30.680423047824313,0.20203050891044214
min,0.337,0.273,0.0,-16.526,0.0,0.0353,0.0010400000000000001,0.0,0.0349,0.213,75.023,3.0
max,0.9740000000000001,0.961,11.0,-0.5329999999999999,1.0,0.27,0.9840000000000001,0.431,0.636,0.965,200.00400000000002,5.0
