,danceability,energy,key,loudness,mode,speechiness,acousticness,instrumentalness,liveness,valence,tempo,time_signature
mean,0.72502,0.6741999999999999,6.14,-5.530140000000001,0.62,0.11774599999999998,0.27637999999999996,0.0168182976,0.154196,0.6402119999999999,126.41420000000004,4.02
std,0.09090485943769869,0.13611474751031175,3.681226503684413,1.9688939608266343,0.4903143514780145,0.09056225552916962,0.2348681862193328,0.11453082426111622,0.08632687750400704,0.1849440794027277,34.97430858064069,0.2466096643090295
min,0.505,0.34,0.0,-10.883,0.0,0.0298,0.017,0.0,0.0469,0.0916,79.431,3.0
max,0.938,0.905,11.0,-2.454,1.0,0.37200000000000005,0.763,0.81,0.46,0.961,198.003,5.0
