,danceability,energy,key,loudness,mode,speechiness,acousticness,instrumentalness,liveness,valence,tempo,time_signature
mean,0.7346800000000002,0.6913000000000001,5.96,-5.455940000000001,0.52,0.11675600000000003,0.1988801222,0.023610561600000014,0.18647200000000005,0.5564039999999999,120.78190000000004,3.98
std,0.12148829455665973,0.1545929810693822,3.244838916161592,2.216466690064,0.5046720495044484,0.09478356259803442,0.19488136264032718,0.1169043096040577,0.15959566901187175,0.23537607507639202,29.342446265206497,0.14142135623730945
min,0.46,0.32,0.0,-10.177999999999999,0.0,0.0306,6.11e-06,0.0,0.043,0.0499,77.176,3.0
max,0.956,0.9440000000000001,11.0,-0.764,1.0,0.43799999999999994,0.845,0.682,0.6809999999999999,0.971,180.07299999999998,4.0
