,danceability,energy,key,loudness,mode,speechiness,acousticness,instrumentalness,liveness,valence,tempo,time_signature
mean,0.7212599999999998,0.6825199999999998,6.06,-5.457540000000002,0.5,0.15845800000000002,0.2379746,0.017131776,0.17971200000000004,0.5953099999999999,125.854,4.0
std,0.11253658090068458,0.13463559889492793,3.760210588978946,2.534778179000027,0.5050762722761054,0.10771120133893944,0.2033463306193828,0.0832251116096413,0.1336194331461023,0.23229162024647962,34.46969585485969,0.20203050891044214
min,0.42700000000000005,0.235,0.0,-16.541,0.0,0.0287,0.00903,0.0,0.0302,0.0895,74.973,3.0
max,0.892,0.972,11.0,-1.681,1.0,0.397,0.74,0.465,0.634,0.9620000000000001,184.019,5.0
