,danceability,energy,key,loudness,mode,speechiness,acousticness,instrumentalness,liveness,valence,tempo,time_signature
mean,0.6207000000000001,0.67878,5.8,-6.0768200000000006,0.66,0.08126600000000002,0.1800682,0.0029210933999999993,0.18468200000000004,0.4605119999999999,122.08884000000002,4.0
std,0.1560901427158718,0.17859625998780781,4.035556254807295,2.197069185928177,0.47851812069840666,0.08746277017878487,0.23925606982844785,0.010515164346148895,0.1523624125938828,0.23399494555852862,30.07413371705028,0.20203050891044214
min,0.205,0.2,0.0,-11.062999999999999,0.0,0.0238,0.00037999999999999997,0.0,0.0448,0.0392,73.483,3.0
max,0.893,0.9690000000000001,11.0,-2.431,1.0,0.53,0.904,0.0677,0.6709999999999999,0.938,203.94400000000002,5.0
