,danceability,energy,key,loudness,mode,speechiness,acousticness,instrumentalness,liveness,valence,tempo,time_signature
mean,0.7010800000000001,0.66254,5.06,-5.67124,0.48,0.12920000000000004,0.23199228019999996,0.024141463400000007,0.17926999999999998,0.5565200000000001,123.44539999999999,4.0
std,0.15824765401104687,0.1684221142588721,3.542223445630655,2.3027375594615864,0.5046720495044484,0.1256887912460692,0.23506221907713035,0.08521788494571582,0.13673411596740498,0.23850813873932677,30.07866269145161,0.2857142857142857
min,0.35100000000000003,0.29600000000000004,0.0,-11.498,0.0,0.0287,6.11e-06,0.0,0.037000000000000005,0.12,77.501,3.0
max,0.9640000000000001,0.9440000000000001,11.0,0.175,1.0,0.546,0.9620000000000001,0.48200000000000004,0.664,0.903,183.894,5.0
