,danceability,energy,key,loudness,mode,speechiness,acousticness,instrumentalness,liveness,valence,tempo,time_signature
mean,0.7116600000000001,0.6630400000000001,4.96,-6.060259999999999,0.56,0.12325600000000003,0.24283860000000004,0.0022623318000000005,0.17318199999999997,0.5417420000000001,122.39560000000002,4.04
std,0.13270630608026657,0.15198347923107852,3.6531227904970534,1.9195170715998506,0.5014265364224069,0.10961944032861681,0.21569657828939964,0.00703665085510165,0.1651933445934163,0.2270716744617372,32.71503871622471,0.2828427124746189
min,0.302,0.317,0.0,-12.39,0.0,0.0304,0.006229999999999999,0.0,0.0565,0.0604,76.056,3.0
max,0.909,0.904,11.0,-2.7260000000000004,1.0,0.7170000000000001,0.831,0.0384,0.8809999999999999,0.8809999999999999,181.995,5.0
