,danceability,energy,key,loudness,mode,speechiness,acousticness,instrumentalness,liveness,valence,tempo,time_signature
mean,0.6486,0.6799200000000001,5.0,-5.716440000000001,0.6,0.07663399999999998,0.22474867999999998,0.011666761599999999,0.17725199999999994,0.557744,121.91368,3.92
std,0.16545755975969378,0.1716116688863528,3.938299643454349,2.0674182180108756,0.49487165930539356,0.05377606481455086,0.2739337297074724,0.045077588527296854,0.13792844527626102,0.25271771067694465,26.902282476141732,0.2740475156178696
min,0.2,0.251,0.0,-11.482000000000001,0.0,0.0276,0.00028199999999999997,0.0,0.0219,0.0453,80.051,3.0
max,0.9570000000000001,0.9620000000000001,11.0,-1.214,1.0,0.289,0.9690000000000001,0.27699999999999997,0.638,0.966,183.91299999999998,4.0
