,danceability,energy,key,loudness,mode,speechiness,acousticness,instrumentalness,liveness,valence,tempo,time_signature
mean,0.7455799999999998,0.6769200000000001,5.7,-5.78638,0.52,0.13391600000000004,0.301404,0.0004822166000000001,0.16649199999999997,0.5681999999999999,134.75014000000002,4.0
std,0.09674732290764387,0.14351034094860088,3.955105199973466,2.4499583910669145,0.5046720495044485,0.09102307256281515,0.21428323709044342,0.0017301514943573518,0.11226968231605067,0.2213204344245636,34.636001883147365,0.0
min,0.349,0.355,0.0,-12.89,0.0,0.0287,0.016,0.0,0.03,0.13699999999999998,91.98700000000001,4.0
max,0.9059999999999999,0.971,11.0,-1.3869999999999998,1.0,0.37799999999999995,0.917,0.00889,0.612,0.966,202.00599999999997,4.0
