,danceability,energy,key,loudness,mode,speechiness,acousticness,instrumentalness,liveness,valence,tempo,time_signature
mean,0.7488400000000002,0.6522000000000001,6.04,-5.70552,0.66,0.15290800000000002,0.2889162,0.016265536,0.16073400000000004,0.5664399999999999,122.04950000000002,4.02
std,0.11520865897162774,0.1462908760250046,3.6138057275861817,2.821666798188616,0.47851812069840666,0.11787619731683556,0.22869842963588183,0.07074614305797172,0.12554461051184723,0.18893905290935942,34.10952028408204,0.1414213562373095
min,0.442,0.159,0.0,-14.460999999999999,0.0,0.0287,0.00838,0.0,0.0467,0.17,74.973,4.0
max,0.898,0.972,11.0,0.302,1.0,0.433,0.946,0.465,0.74,0.9309999999999999,188.00900000000001,5.0
