,danceability,energy,key,loudness,mode,speechiness,acousticness,instrumentalness,liveness,valence,tempo,time_signature
mean,0.6681199999999998,0.6723039999999998,5.82,-6.20866,0.5,0.08037599999999999,0.22983431999999998,0.0143706734,0.168138,0.565672,118.97022000000001,3.98
std,0.143838151675941,0.19330103514403407,3.606626554280442,3.202293193692193,0.5050762722761054,0.06429018892363543,0.24673638022320626,0.05052322624877842,0.15924893859896827,0.2707800757147424,28.13287683316081,0.14142135623730948
min,0.209,0.0842,0.0,-19.49,0.0,0.0249,0.000319,0.0,0.0488,0.0374,86.26,3.0
max,0.9309999999999999,0.995,11.0,-1.41,1.0,0.384,0.953,0.295,0.863,0.9690000000000001,205.643,4.0
