,danceability,energy,key,loudness,mode,speechiness,acousticness,instrumentalness,liveness,valence,tempo,time_signature
mean,0.67254,0.6570999999999999,5.3,-6.293999999999999,0.64,0.105588,0.29296772,0.06825484500000001,0.17586200000000007,0.4694259999999999,124.93609999999994,3.96
std,0.1481138847547483,0.1783248869510996,3.523970395298289,2.521336615077529,0.48487322138506106,0.08711584743012828,0.26934218411530275,0.21644714906124302,0.12526769521830486,0.21387286401800792,26.529636242381105,0.19794866372215741
min,0.28600000000000003,0.139,0.0,-13.914000000000001,0.0,0.0294,1.6e-05,0.0,0.0559,0.0454,79.992,3.0
max,0.953,0.987,11.0,-1.6909999999999998,1.0,0.41200000000000003,0.867,0.897,0.69,0.865,183.935,4.0
