,danceability,energy,key,loudness,mode,speechiness,acousticness,instrumentalness,liveness,valence,tempo,time_signature
mean,0.5840599999999999,0.6112200000000001,5.06,-8.309239999999999,0.62,0.11534799999999996,0.21770317999999997,0.0280494978,0.19547800000000007,0.42106399999999994,124.80934,3.9
std,0.17530898785997764,0.1715828222694777,3.5422234456306554,2.6509617165959116,0.4903143514780145,0.11080045907220894,0.24275815300129386,0.08460199407833409,0.17789827211192402,0.24813751434333703,30.073463555583007,0.3030457633656634
min,0.191,0.261,0.0,-14.860999999999999,0.0,0.0253,3.6e-05,0.0,0.0424,0.0514,54.747,3.0
max,0.852,0.9590000000000001,11.0,-2.824,1.0,0.436,0.8220000000000001,0.376,0.929,0.903,191.702,4.0
