,danceability,energy,key,loudness,mode,speechiness,acousticness,instrumentalness,liveness,valence,tempo,time_signature
mean,0.6415399999999998,0.5477540000000001,4.92,-8.244639999999999,0.72,0.13017,0.368138,0.0694938852,0.18201000000000003,0.48729999999999996,122.18584000000001,3.96
std,0.2017512319462678,0.2101771470615651,3.7134064893439884,3.682799300000156,0.4535573676110727,0.11574807310954004,0.3370571980648788,0.19491264076065506,0.12005258754191932,0.21012107782642553,34.836129952914206,0.28284271247461895
min,0.075,0.0633,0.0,-23.375,0.0,0.0254,0.00583,0.0,0.0365,0.106,60.617,3.0
max,0.915,0.991,11.0,-2.3169999999999997,1.0,0.426,0.9840000000000001,0.7979999999999999,0.519,0.899,200.125,5.0
