,danceability,energy,key,loudness,mode,speechiness,acousticness,instrumentalness,liveness,valence,tempo,time_signature
mean,0.6147,0.6271800000000001,4.58,-6.82722,0.6,0.09070399999999998,0.29776889759999997,0.0614044658,0.24397000000000002,0.42349200000000004,123.68717999999998,3.9
std,0.1719317911740773,0.184229192882681,3.648259299771241,2.3308449487475653,0.49487165930539356,0.08962039663981382,0.28244162427846603,0.20358239211290155,0.21768658827379725,0.24038532744113067,26.921223658159615,0.46291004988627565
min,0.223,0.18100000000000002,0.0,-15.087,0.0,0.0265,4.88e-06,0.0,0.0649,0.0387,79.957,1.0
max,0.95,0.932,11.0,-3.093,1.0,0.45299999999999996,0.882,0.88,0.762,0.935,193.976,4.0
