,danceability,energy,key,loudness,mode,speechiness,acousticness,instrumentalness,liveness,valence,tempo,time_signature
mean,0.6602799999999999,0.7029199999999999,5.36,-6.566580000000001,0.54,0.11199599999999998,0.19952940000000002,0.021855487600000004,0.168656,0.5281659999999999,114.23871999999997,3.98
std,0.14159701945439157,0.16320049519732793,3.783746119109678,2.7778678293149333,0.5034574339058886,0.08980255430211143,0.24982331692463067,0.08564060550641704,0.12303984282519617,0.23322313884749418,24.310568162200155,0.14142135623730948
min,0.294,0.293,0.0,-14.24,0.0,0.0261,0.0010400000000000001,0.0,0.0546,0.0789,79.773,3.0
max,0.97,0.9309999999999999,11.0,-1.401,1.0,0.44299999999999995,0.9229999999999999,0.442,0.687,0.953,200.05200000000002,4.0
