,danceability,energy,key,loudness,mode,speechiness,acousticness,instrumentalness,liveness,valence,tempo,time_signature
mean,0.64982,0.69298,6.46,-6.81044,0.48,0.12031399999999999,0.1203600156,0.02904390500000001,0.177058,0.511506,119.80168000000002,4.02
std,0.14969311327935333,0.15052947233288344,3.375844565529083,2.2965798809072058,0.5046720495044485,0.13317926389123888,0.1701174951376216,0.1293249223240353,0.13305090646141454,0.22498842093561622,30.224903792112375,0.14142135623730945
min,0.264,0.203,0.0,-14.702,0.0,0.0264,9.78e-06,0.0,0.0404,0.0703,75.016,4.0
max,0.9590000000000001,0.953,11.0,-3.093,1.0,0.698,0.909,0.87,0.608,0.965,213.96900000000002,5.0
