,danceability,energy,key,loudness,mode,speechiness,acousticness,instrumentalness,liveness,valence,tempo,time_signature
mean,0.75668,0.61848,5.12,-7.23754,0.56,0.16497200000000004,0.18790418000000003,0.0217925534,0.18474600000000002,0.5307400000000002,122.34094000000005,4.0
std,0.13711568778493108,0.16709428354027175,3.8525899054521533,2.576809459033256,0.5014265364224069,0.18090078354090755,0.20715012410954425,0.11563564734987303,0.12748080161181854,0.21585972485928573,23.68488282739324,0.0
min,0.311,0.21100000000000002,0.0,-14.76,0.0,0.0287,0.000143,0.0,0.0523,0.10099999999999999,71.975,4.0
max,0.978,0.987,11.0,-2.516,1.0,0.902,0.895,0.7879999999999999,0.615,0.945,191.81,4.0
