,danceability,energy,key,loudness,mode,speechiness,acousticness,instrumentalness,liveness,valence,tempo,time_signature
mean,0.6551,0.5930199999999999,4.86,-6.71468,0.58,0.09083600000000004,0.3176658600000001,0.022040125799999997,0.189776,0.473114,118.94555999999999,3.98
std,0.14460195188791855,0.1989609222219996,4.0153277752703005,3.0608816219634285,0.4985693819032897,0.08849495029984157,0.28703177632137616,0.09954892541337966,0.14074417602769318,0.21656744437533842,23.192365898409637,0.24660966430902947
min,0.38299999999999995,0.10400000000000001,0.0,-18.445999999999998,0.0,0.0286,0.0001,0.0,0.05,0.0827,78.616,3.0
max,0.9059999999999999,0.9359999999999999,11.0,-1.865,1.0,0.474,0.9790000000000001,0.57,0.764,0.9129999999999999,177.91299999999998,5.0
