,danceability,energy,key,loudness,mode,speechiness,acousticness,instrumentalness,liveness,valence,tempo,time_signature
mean,0.6766199999999999,0.5855659999999999,5.68,-7.4392200000000015,0.68,0.17085799999999995,0.31005659999999996,0.050874622599999995,0.17179399999999995,0.5346599999999999,126.48408000000003,3.96
std,0.18314273345215346,0.18502282662263203,3.6502166555771813,2.5410403243955186,0.4712120714991613,0.12951567092953087,0.3057430796026932,0.18091622179961264,0.10350944235741422,0.19365228780323912,32.31178673666807,0.34758643030275527
min,0.218,0.0633,0.0,-15.41,0.0,0.0271,0.00583,0.0,0.0365,0.106,60.617,3.0
max,0.937,0.991,11.0,-2.3169999999999997,1.0,0.435,0.955,0.7979999999999999,0.478,0.898,200.125,5.0
