,danceability,energy,key,loudness,mode,speechiness,acousticness,instrumentalness,liveness,valence,tempo,time_signature
mean,0.6722999999999999,0.645,5.44,-7.353,0.74,0.10482000000000001,0.2227798118,0.014070865799999997,0.20016000000000006,0.478308,119.82020000000003,3.92
std,0.16879104942901135,0.16511949908957402,3.5751980107857704,2.06217807382468,0.44308749769345207,0.08231203448104149,0.2476713695068123,0.08921886516943293,0.1576429872483119,0.23769031544668123,27.406572223852155,0.44446711960297225
min,0.16399999999999998,0.317,0.0,-12.695,0.0,0.0256,8.59e-06,0.0,0.0593,0.0474,54.924,1.0
max,0.965,0.993,11.0,-2.7289999999999996,1.0,0.34600000000000003,0.852,0.631,0.7879999999999999,0.92,180.005,4.0
