,danceability,energy,key,loudness,mode,speechiness,acousticness,instrumentalness,liveness,valence,tempo,time_signature
mean,0.6626000000000001,0.619586,5.04,-7.007480000000002,0.62,0.11880600000000002,0.2589869,0.0328775194,0.17330400000000007,0.485762,116.73609999999996,3.88
std,0.1518241463950034,0.18205209616581552,3.42237535364321,3.1050744658328804,0.4903143514780145,0.11899748138305366,0.30256034533918236,0.1406521931121271,0.13155459945108225,0.23345626596509966,25.8759860821668,0.32826072265931605
min,0.245,0.0983,0.0,-16.317,0.0,0.0282,0.000391,0.0,0.0472,0.0681,71.884,3.0
max,0.9079999999999999,0.941,11.0,-1.865,1.0,0.474,0.995,0.968,0.644,0.894,176.08,4.0
