,danceability,energy,key,loudness,mode,speechiness,acousticness,instrumentalness,liveness,valence,tempo,time_signature
mean,0.7018400000000001,0.58938,6.12,-7.606139999999999,0.52,0.129352,0.294019,0.0768453766,0.19148599999999993,0.503236,116.96418000000001,3.9
std,0.1635564384896803,0.22042462638817678,3.4442498664959174,3.3558027477849195,0.5046720495044485,0.1166870299352162,0.31043994673846276,0.22850112755452906,0.15761129272967203,0.23859515515891375,25.690903599976107,0.46291004988627554
min,0.321,0.113,0.0,-16.986,0.0,0.0267,0.000292,0.0,0.0568,0.0624,74.991,1.0
max,0.932,0.941,11.0,-2.416,1.0,0.48100000000000004,0.96,0.925,0.7759999999999999,0.902,176.075,4.0
