,danceability,energy,key,loudness,mode,speechiness,acousticness,instrumentalness,liveness,valence,tempo,time_signature
mean,0.6890000000000001,0.6521400000000002,5.1,-7.068480000000002,0.62,0.09417400000000001,0.21323820000000002,0.021735591,0.19598000000000007,0.5043320000000001,115.26309999999998,3.96
std,0.1310700077774298,0.17895205263661307,3.7101625466344434,2.923427595777789,0.4903143514780145,0.08591540169829617,0.23525777334911516,0.11552085823390351,0.15440161519721937,0.22555285315718562,23.386474951631026,0.1979486637221575
min,0.294,0.247,0.0,-14.742,0.0,0.0288,0.0010400000000000001,0.0,0.0466,0.0707,79.773,3.0
max,0.922,0.9570000000000001,11.0,-2.998,1.0,0.44299999999999995,0.9229999999999999,0.809,0.7440000000000001,0.893,200.05200000000002,4.0
