,danceability,energy,key,loudness,mode,speechiness,acousticness,instrumentalness,liveness,valence,tempo,time_signature
mean,0.5993999999999999,0.5428039999999998,5.38,-8.77566,0.56,0.082124,0.36250530599999997,0.1115915566,0.15083999999999997,0.422824,120.94555999999999,3.94
std,0.20912782928054274,0.24037614568056645,3.6916342269117237,5.459071632257855,0.5014265364224069,0.09048566141908332,0.31226138691919986,0.2876388033354791,0.10140502946106768,0.24922641092396447,28.270277275453456,0.3730732816343025
min,0.168,0.0224,0.0,-27.525,0.0,0.0264,9.53e-05,0.0,0.0365,0.0324,69.85600000000001,3.0
max,0.9540000000000001,0.8909999999999999,11.0,-4.144,1.0,0.36700000000000005,0.958,0.934,0.465,0.927,175.773,5.0
