,danceability,energy,key,loudness,mode,speechiness,acousticness,instrumentalness,liveness,valence,tempo,time_signature
mean,0.7094399999999998,0.6443599999999998,5.36,-7.451880000000001,0.54,0.13166400000000003,0.19199638,0.0321552104,0.217302,0.4829399999999999,122.26993999999999,3.96
std,0.17332594751401953,0.19469743769474207,3.6520053199773486,2.907768592819544,0.5034574339058886,0.13198958796288532,0.22139426651913668,0.12915064899647408,0.1845503830217358,0.20064817518253594,28.67170059904408,0.19794866372215744
min,0.207,0.18100000000000002,0.0,-14.76,0.0,0.0278,0.000143,0.0,0.0391,0.11800000000000001,71.975,3.0
max,0.978,0.973,11.0,-3.642,1.0,0.6609999999999999,0.7809999999999999,0.747,0.985,0.945,192.128,4.0
