,danceability,energy,key,loudness,mode,speechiness,acousticness,instrumentalness,liveness,valence,tempo,time_signature
mean,0.7267800000000001,0.6436399999999999,5.28,-7.829359999999999,0.62,0.143886,0.17792841999999992,0.021944811399999996,0.19711800000000004,0.5327399999999999,120.4048,3.98
std,0.13346868317232738,0.1761661738709408,3.703500825887169,2.5677522113271576,0.4903143514780145,0.15820646289592852,0.21838714223356295,0.08060530930027633,0.1363359770896134,0.20633485860986026,25.510594835423625,0.1414213562373094
min,0.45,0.21100000000000002,0.0,-14.76,0.0,0.0291,0.000143,0.0,0.0546,0.131,71.884,3.0
max,0.978,0.95,11.0,-3.8110000000000004,1.0,0.6609999999999999,0.818,0.498,0.795,0.961,204.03099999999998,4.0
