,danceability,energy,key,loudness,mode,speechiness,acousticness,instrumentalness,liveness,valence,tempo,time_signature
mean,0.6758,0.62406,5.8,-6.888859999999998,0.64,0.10516800000000005,0.25739426000000004,0.05166444020000001,0.18025799999999997,0.500712,128.56993999999997,3.98
std,0.16408385113740362,0.19605417930890892,3.7142857142857144,2.8764576358813994,0.4848732213850611,0.09345462161948342,0.2686714152967972,0.17672931881575882,0.13360515707081957,0.2205639133064637,25.185395879528503,0.1414213562373094
min,0.29,0.10400000000000001,0.0,-15.359000000000002,0.0,0.0304,0.000573,0.0,0.0365,0.0747,75.42399999999999,3.0
max,0.9540000000000001,0.953,11.0,-2.95,1.0,0.36700000000000005,0.9790000000000001,0.915,0.764,0.9009999999999999,178.114,4.0
