,danceability,energy,key,loudness,mode,speechiness,acousticness,instrumentalness,liveness,valence,tempo,time_signature
mean,0.6275599999999999,0.6707599999999999,5.24,-7.081939999999999,0.6,0.09625400000000002,0.14452406000000007,0.0426548746,0.18251800000000004,0.442072,127.30954,3.98
std,0.15779373775112046,0.18225521016600063,3.695336277537084,2.7905373808421827,0.49487165930539356,0.07548796419811249,0.1721602493360337,0.14392609025208095,0.16331080133491804,0.2247906917965407,30.791854874638794,0.1414213562373094
min,0.309,0.271,0.0,-16.656,0.0,0.027000000000000003,0.000292,0.0,0.0234,0.0616,77.63600000000001,3.0
max,0.981,0.9890000000000001,11.0,-2.449,1.0,0.353,0.78,0.872,0.836,0.9570000000000001,197.768,4.0
