,danceability,energy,key,loudness,mode,speechiness,acousticness,instrumentalness,liveness,valence,tempo,time_signature
mean,0.6932799999999998,0.6667400000000001,4.74,-6.354120000000002,0.58,0.10542399999999999,0.20285589999999995,0.022878468400000004,0.17287799999999998,0.4527020000000001,121.00916,4.02
std,0.10957413667728086,0.12733898356235565,3.6690097646451183,1.6653206057693517,0.49856938190328975,0.09565849879564667,0.21635841963894833,0.09842578992906552,0.09928938798958797,0.22919581547806028,26.40239509957924,0.14142135623730942
min,0.47600000000000003,0.325,0.0,-10.363,0.0,0.026000000000000002,0.000145,0.0,0.0631,0.0971,62.585,4.0
max,0.953,0.946,11.0,-2.773,1.0,0.46299999999999997,0.8240000000000001,0.512,0.473,0.92,179.86900000000003,5.0
