,danceability,energy,key,loudness,mode,speechiness,acousticness,instrumentalness,liveness,valence,tempo,time_signature
mean,0.6691399999999998,0.70608,5.0,-6.08006,0.6,0.09655399999999999,0.1931072,0.0298633386,0.1853579999999999,0.47549800000000003,123.06319999999997,4.0
std,0.12330483380961318,0.152389249178891,3.2888184094918107,2.1361924969631443,0.49487165930539356,0.08708226982783204,0.21764509710545013,0.12040547702760787,0.14106474427563756,0.2473557716145318,25.359730053124515,0.0
min,0.413,0.317,0.0,-12.39,0.0,0.0288,0.0015300000000000001,0.0,0.0237,0.0729,80.039,4.0
max,0.953,0.992,11.0,-1.785,1.0,0.46299999999999997,0.733,0.79,0.6609999999999999,0.889,181.995,4.0
