,danceability,energy,key,loudness,mode,speechiness,acousticness,instrumentalness,liveness,valence,tempo,time_signature
mean,0.7392799999999998,0.62178,5.12,-6.968220000000001,0.54,0.16172000000000003,0.19178377999999996,0.0071113662,0.172014,0.5174700000000001,117.92448000000002,3.98
std,0.14632937964379802,0.16915616381055124,3.7777004127065537,2.820350443487764,0.5034574339058886,0.1712192460095583,0.2299110206202932,0.03489668959031518,0.12737563123554307,0.21232946122015384,26.354169099946436,0.24660966430902945
min,0.311,0.21100000000000002,0.0,-14.885,0.0,0.0272,0.000143,0.0,0.0545,0.0535,73.877,3.0
max,0.978,0.9420000000000001,11.0,-2.396,1.0,0.902,0.9109999999999999,0.23800000000000002,0.5760000000000001,0.9620000000000001,192.09400000000002,5.0
