,danceability,energy,key,loudness,mode,speechiness,acousticness,instrumentalness,liveness,valence,tempo,time_signature
mean,0.6561799999999998,0.6772599999999998,6.72,-6.62568,0.44,0.11785399999999999,0.20127956400000002,0.0038237444000000006,0.19966599999999995,0.499978,119.17078,4.0
std,0.14394793418143256,0.16914910823390863,3.769046867009521,2.401634914564898,0.5014265364224069,0.1219121684673362,0.22663476703692287,0.017129248238203224,0.13532660810507477,0.21773590939671922,23.860125404917035,0.0
min,0.27399999999999997,0.262,0.0,-13.97,0.0,0.0278,3.4200000000000005e-05,0.0,0.0385,0.0804,75.998,4.0
max,0.878,0.9990000000000001,11.0,-2.313,1.0,0.523,0.8420000000000001,0.0902,0.6409999999999999,0.948,179.09099999999998,4.0
