,danceability,energy,key,loudness,mode,speechiness,acousticness,instrumentalness,liveness,valence,tempo,time_signature
mean,0.6159399999999998,0.62908,5.84,-7.276919999999998,0.62,0.128306,0.2463462046,0.0616739152,0.15157200000000004,0.4692199999999999,124.30290000000005,3.82
std,0.16987371179550903,0.18307864263139786,3.6047587595130017,2.9074910626145822,0.4903143514780145,0.162742748557849,0.2625516946734847,0.21360228998379124,0.08154704424128317,0.22258649224652477,32.82650013063425,0.38808793449160356
min,0.27399999999999997,0.10300000000000001,0.0,-15.145,0.0,0.0263,7.23e-06,0.0,0.0295,0.061,63.763999999999996,3.0
max,0.904,0.953,11.0,-2.864,1.0,0.8690000000000001,0.985,0.97,0.402,0.956,201.93400000000003,4.0
