,danceability,energy,key,loudness,mode,speechiness,acousticness,instrumentalness,liveness,valence,tempo,time_signature
mean,0.63566,0.64044,5.42,-7.0872399999999995,0.56,0.11069000000000002,0.18039006200000002,0.035636818,0.185688,0.4458780000000002,123.51178000000003,4.0
std,0.15906404947924188,0.15845622069692,3.9127734304924107,2.085231505377858,0.5014265364224069,0.11575337126487363,0.21844680803710345,0.13216702884617654,0.12728276995151624,0.21670130226669532,28.31744720730256,0.0
min,0.182,0.213,0.0,-12.009,0.0,0.0261,1.75e-05,0.0,0.0412,0.0459,60.696999999999996,4.0
max,0.953,0.877,11.0,-2.989,1.0,0.46299999999999997,0.89,0.777,0.5489999999999999,0.853,183.894,4.0
