,danceability,energy,key,loudness,mode,speechiness,acousticness,instrumentalness,liveness,valence,tempo,time_signature
mean,0.6185399999999999,0.6576000000000001,5.72,-6.710140000000003,0.58,0.10838599999999998,0.15089671999999998,0.014276187999999999,0.18035200000000004,0.43534999999999996,128.05976,3.96
std,0.1370572962267226,0.16750169051842614,3.568799031973115,2.441768696612171,0.49856938190328975,0.11599003829499095,0.20835702111363702,0.06781108512429278,0.11661131712502285,0.20210055715925584,30.339923950612985,0.19794866372215744
min,0.171,0.21899999999999997,0.0,-12.015,0.0,0.027000000000000003,0.000356,0.0,0.0545,0.0695,75.05199999999999,3.0
max,0.863,0.9570000000000001,11.0,-1.68,1.0,0.499,0.925,0.47,0.598,0.8809999999999999,199.952,4.0
