,danceability,energy,key,loudness,mode,speechiness,acousticness,instrumentalness,liveness,valence,tempo,time_signature
mean,0.66892,0.6895600000000001,6.02,-6.334700000000001,0.62,0.164168,0.21744080000000005,0.0161697388,0.21102,0.5389399999999999,111.40168000000001,3.88
std,0.14161327621377878,0.1593935138106252,3.6616601565465934,1.9642137571235645,0.4903143514780146,0.15785244005923083,0.21875599834425535,0.11282593847246146,0.16262922271729843,0.237486619171932,28.526201296809962,0.32826072265931605
min,0.319,0.282,0.0,-14.048,0.0,0.0247,0.00032,0.0,0.0365,0.114,63.763999999999996,3.0
max,0.904,0.953,11.0,-3.034,1.0,0.8690000000000001,0.851,0.7979999999999999,0.7170000000000001,0.956,179.9,4.0
