,danceability,energy,key,loudness,mode,speechiness,acousticness,instrumentalness,liveness,valence,tempo,time_signature
mean,0.6641400000000001,0.7308999999999999,5.68,-5.947959999999999,0.48,0.10674199999999995,0.1421716,0.004324674,0.20623200000000005,0.54976,121.63860000000003,3.96
std,0.14209855878285066,0.14523903590639953,3.9612407868530997,1.7224267403632487,0.5046720495044484,0.09235840368159383,0.1760295966488799,0.01731283447436647,0.15812421033439994,0.19009305562255127,26.79292677372222,0.1979486637221575
min,0.195,0.23,0.0,-11.168,0.0,0.0302,0.000505,0.0,0.0397,0.142,76.964,3.0
max,0.922,0.971,11.0,-2.7739999999999996,1.0,0.44299999999999995,0.915,0.0978,0.762,0.9420000000000001,182.079,4.0
