,danceability,energy,key,loudness,mode,speechiness,acousticness,instrumentalness,liveness,valence,tempo,time_signature
mean,0.6483,0.6435800000000002,5.6,-7.238040000000001,0.56,0.100076,0.21958140000000007,0.03948770279999999,0.20324199999999995,0.4489780000000001,116.93182,4.02
std,0.13360744357853654,0.18597663776915196,3.5742845723419436,2.9219974155235886,0.5014265364224069,0.13406412044927135,0.255721820591383,0.15705717566527275,0.14151852275102597,0.27482703450329915,26.839607868185386,0.2466096643090295
min,0.316,0.16699999999999998,0.0,-18.942,0.0,0.0288,0.00224,0.0,0.0423,0.06,71.91199999999999,3.0
max,0.8759999999999999,0.99,11.0,-3.2439999999999998,1.0,0.889,0.91,0.843,0.7020000000000001,0.978,190.14,5.0
