,danceability,energy,key,loudness,mode,speechiness,acousticness,instrumentalness,liveness,valence,tempo,time_signature
mean,0.6935800000000002,0.6068500000000001,5.6,-7.327339999999997,0.72,0.07831999999999999,0.24756789800000004,0.036312960199999994,0.175912,0.51795,119.95838000000002,3.98
std,0.15159681893167837,0.18267452516116509,3.7471077281725726,2.9012500304495767,0.4535573676110727,0.0755791597449661,0.2620705708704218,0.16888564017711408,0.13578313838392367,0.22530877339186534,22.856575621434793,0.1414213562373094
min,0.282,0.0935,0.0,-15.662,0.0,0.0236,8.49e-05,0.0,0.0409,0.0795,79.992,3.0
max,0.95,0.899,11.0,-1.746,1.0,0.33,0.9890000000000001,0.905,0.6970000000000001,0.9670000000000001,174.00599999999997,4.0
