,danceability,energy,key,loudness,mode,speechiness,acousticness,instrumentalness,liveness,valence,tempo,time_signature
mean,0.6169600000000003,0.6704499999999999,5.52,-6.76288,0.64,0.08040399999999998,0.19982610000000003,0.043466687,0.18026400000000006,0.45293800000000006,118.96840000000002,3.92
std,0.14531836407961488,0.1843850809073893,3.8716130688773687,2.6607495770622114,0.4848732213850611,0.06611067084820725,0.2379404215543874,0.14471299100440638,0.13152274849404788,0.23693155895441922,28.604770790901306,0.2740475156178696
min,0.21,0.0856,0.0,-17.767,0.0,0.027000000000000003,0.000295,0.0,0.044000000000000004,0.0989,79.491,3.0
max,0.899,0.9179999999999999,11.0,-1.923,1.0,0.342,0.9690000000000001,0.812,0.638,0.8440000000000001,196.016,4.0
