,danceability,energy,key,loudness,mode,speechiness,acousticness,instrumentalness,liveness,valence,tempo,time_signature
mean,0.6919599999999998,0.6564259999999998,5.02,-6.8366999999999996,0.64,0.12681199999999998,0.20552198800000002,0.06181959480000001,0.21576000000000006,0.5122840000000001,121.14147999999997,3.9
std,0.1513433668644832,0.18966034173904525,3.8991888219715327,2.6868406015927606,0.4848732213850611,0.1099645038089982,0.24389285373744546,0.19149152135123323,0.18381716182008642,0.22116771765023088,22.239057759037273,0.4629100498862757
min,0.265,0.0983,0.0,-13.842,0.0,0.0268,5.539999999999999e-05,0.0,0.0513,0.0742,68.707,1.0
max,0.9079999999999999,0.941,11.0,-1.865,1.0,0.45299999999999996,0.981,0.914,0.71,0.946,169.68400000000003,4.0
