,danceability,energy,key,loudness,mode,speechiness,acousticness,instrumentalness,liveness,valence,tempo,time_signature
mean,0.69158,0.6553600000000002,5.62,-7.0509400000000015,0.5,0.12302000000000005,0.18286314000000004,0.012735250200000001,0.196928,0.5104939999999999,119.40312000000003,4.02
std,0.13836200522468556,0.1650482625767137,4.040054556107693,2.6884719611932817,0.5050762722761054,0.11315959111460458,0.2102998541447581,0.057294266460191416,0.1568938872393097,0.21290010535747625,24.029147171325583,0.2466096643090295
min,0.248,0.34299999999999997,0.0,-14.505,0.0,0.0308,0.000573,0.0,0.0537,0.0507,80.064,3.0
max,0.963,0.937,11.0,-2.6519999999999997,1.0,0.588,0.8009999999999999,0.36200000000000004,0.764,0.872,202.00599999999997,5.0
