,danceability,energy,key,loudness,mode,speechiness,acousticness,instrumentalness,liveness,valence,tempo,time_signature
mean,0.6312599999999997,0.6573,5.18,-6.8756400000000015,0.58,0.10469800000000001,0.18117756400000004,0.0216691944,0.20264000000000004,0.453378,114.77309999999996,3.94
std,0.15862274716561725,0.16800476791096236,3.566796996792294,2.9760082342984617,0.4985693819032897,0.08877932166389896,0.238540500696099,0.08065611344382337,0.1408968402478804,0.2626419936968596,25.719398226090842,0.23989793748209526
min,0.342,0.10800000000000001,0.0,-18.303,0.0,0.0258,2.9199999999999998e-05,0.0,0.0513,0.0374,75.023,3.0
max,0.9670000000000001,0.966,11.0,-1.431,1.0,0.365,0.977,0.46,0.5760000000000001,0.97,167.965,4.0
