,danceability,energy,key,loudness,mode,speechiness,acousticness,instrumentalness,liveness,valence,tempo,time_signature
mean,0.5821600000000001,0.4815520000000002,4.86,-9.369120000000002,0.74,0.10968400000000005,0.44579180000000007,0.05963163939999999,0.17408600000000005,0.40989999999999993,120.98953999999998,3.8
std,0.21575736182961053,0.23200380999686454,3.658983911594327,4.616233589923142,0.44308749769345207,0.11197974918962547,0.3609169581954004,0.19271041812258782,0.12026848028897848,0.20878592199784402,35.274615680349044,0.40406101782088427
min,0.075,0.0119,0.0,-27.588,0.0,0.0254,0.00147,0.0,0.0365,0.106,60.617,3.0
max,0.946,0.991,11.0,-2.3169999999999997,1.0,0.41600000000000004,0.995,0.9670000000000001,0.552,0.898,200.125,4.0
