,danceability,energy,key,loudness,mode,speechiness,acousticness,instrumentalness,liveness,valence,tempo,time_signature
mean,0.6444759999999998,0.64224,5.06,-7.375759999999998,0.6,0.126846,0.20105322799999992,0.0414013424,0.16142800000000002,0.4571639999999999,117.64990000000002,4.0
std,0.1651015958834599,0.17740701042218926,3.7656340767525465,2.842019615035212,0.49487165930539356,0.132920673304933,0.23872668497028404,0.15413511687900894,0.09893323669247348,0.24293581814704787,29.725885860197163,0.0
min,0.0948,0.153,0.0,-14.702,0.0,0.0265,6.04e-05,0.0,0.0365,0.0332,74.96,4.0
max,0.922,0.988,11.0,-2.485,1.0,0.698,0.904,0.912,0.401,0.937,200.05200000000002,4.0
