,danceability,energy,key,loudness,mode,speechiness,acousticness,instrumentalness,liveness,valence,tempo,time_signature
mean,0.7226800000000001,0.6140399999999999,4.22,-7.139060000000001,0.58,0.16562800000000005,0.22148796,0.003724018399999999,0.158704,0.5299599999999998,120.65414000000001,4.0
std,0.13557247327611932,0.174467231003067,3.5472898536942887,2.743173452073941,0.49856938190328975,0.16975413798569186,0.21950702309790565,0.014438695022359886,0.1250089792040262,0.22769384744271268,28.29489645552674,0.20203050891044214
min,0.42700000000000005,0.21100000000000002,0.0,-14.76,0.0,0.0287,0.000118,0.0,0.0604,0.114,74.986,3.0
max,0.9420000000000001,0.946,11.0,-2.188,1.0,0.902,0.688,0.0899,0.78,0.9620000000000001,204.077,5.0
