,danceability,energy,key,loudness,mode,speechiness,acousticness,instrumentalness,liveness,valence,tempo,time_signature
mean,0.6768,0.60604,5.56,-7.278139999999999,0.68,0.15356999999999998,0.28864639999999997,0.029010944799999997,0.18820400000000004,0.46236,121.30060000000002,3.94
std,0.1497985041204841,0.21608227458020499,3.654239919293081,2.8396784095731546,0.4712120714991612,0.12483496247903814,0.3129229115982114,0.1367622930176887,0.16606502778448334,0.23118203446899693,28.310582106775726,0.2398979374820953
min,0.319,0.18100000000000002,0.0,-16.152,0.0,0.0253,0.00084,0.0,0.0426,0.125,67.831,3.0
max,0.919,0.922,11.0,-3.1839999999999997,1.0,0.536,0.976,0.831,0.7559999999999999,0.9620000000000001,182.389,4.0
