,danceability,energy,key,loudness,mode,speechiness,acousticness,instrumentalness,liveness,valence,tempo,time_signature
mean,0.69964,0.64224,5.18,-6.826240000000001,0.66,0.11226200000000003,0.16740830000000007,0.005408491200000001,0.16709600000000005,0.45504799999999973,123.7444,4.0
std,0.13132212459507067,0.17022332989580577,3.4267256936603254,2.2912957973645414,0.47851812069840666,0.10697321215317107,0.2012102914345931,0.01621086296072906,0.11684289637223592,0.21245709505878196,24.751342947692468,0.20203050891044214
min,0.37799999999999995,0.33799999999999997,0.0,-13.09,0.0,0.0282,0.000195,0.0,0.0469,0.0564,79.992,3.0
max,0.9329999999999999,0.987,11.0,-1.746,1.0,0.45799999999999996,0.7340000000000001,0.0847,0.743,0.904,203.91099999999997,5.0
