,danceability,energy,key,loudness,mode,speechiness,acousticness,instrumentalness,liveness,valence,tempo,time_signature
mean,0.5827600000000001,0.54407058,5.5,-9.236,0.58,0.10140400000000001,0.36283228000000006,0.1431535934,0.16129,0.335192,121.48978000000002,3.96
std,0.13989887893235817,0.2124275376458744,3.2592098704428096,5.717540573015781,0.49856938190328975,0.10969284753346502,0.33025785701899224,0.2864342468330493,0.10262494674238594,0.22833762939103652,29.340327557740554,0.1979486637221575
min,0.309,0.000529,0.0,-41.83,0.0,0.0241,0.00010400000000000001,0.0,0.0518,0.0391,71.111,3.0
max,0.865,0.966,11.0,-3.1830000000000003,1.0,0.48200000000000004,0.991,0.9109999999999999,0.528,0.9329999999999999,180.979,4.0
