,danceability,energy,key,loudness,mode,speechiness,acousticness,instrumentalness,liveness,valence,tempo,time_signature
mean,0.7124600000000002,0.6375400000000001,4.76,-7.164060000000002,0.56,0.16946999999999995,0.15189689999999997,0.0256734406,0.18464399999999997,0.4852519999999999,124.57944000000002,3.86
std,0.18763492669086348,0.16629273549241722,3.8362396554278972,2.4653702657708316,0.5014265364224069,0.18025004656230825,0.17825472473519,0.10605782115191542,0.16614055785167361,0.21821216621837175,30.45617273391992,0.6391959234627744
min,0.214,0.225,0.0,-14.452,0.0,0.0247,0.000118,0.0,0.0504,0.0369,71.975,1.0
max,0.978,0.97,11.0,-2.188,1.0,0.856,0.688,0.7,0.826,0.935,204.077,5.0
