,danceability,energy,key,loudness,mode,speechiness,acousticness,instrumentalness,liveness,valence,tempo,time_signature
mean,0.6887199999999997,0.6568599999999999,6.22,-6.922439999999999,0.66,0.12574600000000002,0.16507956000000004,0.010895773399999996,0.19789200000000007,0.521626,119.60972,4.0
std,0.12550860446964732,0.15023709289530549,3.118673187267239,2.5289949456458074,0.47851812069840666,0.1066158031131848,0.21060733060813455,0.05964180682170732,0.1706254243801256,0.2036854465761822,30.55491598714067,0.0
min,0.41200000000000003,0.212,0.0,-14.514000000000001,0.0,0.0247,0.00024300000000000002,0.0,0.0563,0.0793,71.91199999999999,4.0
max,0.9209999999999999,0.903,11.0,-2.384,1.0,0.439,0.919,0.419,0.726,0.89,189.99200000000002,4.0
