,danceability,energy,key,loudness,mode,speechiness,acousticness,instrumentalness,liveness,valence,tempo,time_signature
mean,0.5848571428571427,0.5872857142857144,5.857142857142857,-6.205142857142856,0.7142857142857143,0.20470000000000005,0.2502155714285714,0.13414657142857142,0.11437142857142858,0.36271428571428566,104.22014285714285,4.0
std,0.1876578700467321,0.10076658554255354,2.9680841985233184,1.732940413341,0.4879500364742666,0.29962548289489666,0.2865402037480123,0.3544661266364094,0.02901963210688667,0.1742725014507589,20.75038257019672,0.5773502691896257
min,0.23199999999999998,0.491,1.0,-8.216000000000001,0.0,0.0302,0.000309,0.0,0.0662,0.153,69.612,3.0
max,0.841,0.728,11.0,-3.37,1.0,0.789,0.6890000000000001,0.938,0.149,0.659,130.049,5.0
