,danceability,energy,key,loudness,mode,speechiness,acousticness,instrumentalness,liveness,valence,tempo,time_signature
mean,0.5865600000000001,0.5625180000000002,5.18,-8.216439999999997,0.6,0.11014799999999997,0.3076367999999999,0.10369709840000002,0.19165599999999997,0.45388199999999984,123.24854,4.04
std,0.17950932668623917,0.2113434864414432,3.9625285681066353,3.70639524066174,0.4948716593053935,0.12233660363012823,0.2697417285406202,0.25283835788692643,0.15909574342360705,0.19544916943454393,29.12968265042882,0.2828427124746189
min,0.213,0.07400000000000001,0.0,-23.625,0.0,0.024,0.00316,0.0,0.0477,0.0401,57.967,3.0
max,0.946,0.945,11.0,-2.634,1.0,0.475,0.929,0.915,0.883,0.86,189.891,5.0
