,danceability,energy,key,loudness,mode,speechiness,acousticness,instrumentalness,liveness,valence,tempo,time_signature
mean,0.67228,0.638688,5.04,-7.6250199999999975,0.56,0.134546,0.22106338,0.020886624,0.18547999999999998,0.4753,124.33755999999998,4.0
std,0.15124855067613924,0.19336471264933316,3.398439017416973,4.031366717607905,0.5014265364224069,0.1109096786597462,0.26708651269433276,0.11344431184354366,0.1505867910298013,0.22571783451098082,26.324515774882563,0.20203050891044214
min,0.266,0.0824,0.0,-22.601999999999997,0.0,0.0261,0.000662,0.0,0.0461,0.111,68.837,3.0
max,0.9640000000000001,0.9620000000000001,11.0,-3.034,1.0,0.47600000000000003,0.9670000000000001,0.794,0.7979999999999999,0.9329999999999999,182.389,5.0
