,danceability,energy,key,loudness,mode,speechiness,acousticness,instrumentalness,liveness,valence,tempo,time_signature
mean,0.6439499999999998,0.5320280000000002,5.26,-9.25474,0.54,0.09933000000000002,0.34850469999999995,0.11075493980000001,0.160198,0.42025399999999996,123.20194000000004,3.92
std,0.16078906990215475,0.2169243600325012,3.3308085676432557,4.863794012530396,0.5034574339058886,0.09734031664679316,0.295988186123886,0.2662799507733548,0.1549603879468978,0.24895321190610764,25.447210296090795,0.27404751561786983
min,0.0645,0.0394,0.0,-29.480999999999998,0.0,0.0241,0.000295,0.0,0.0561,0.0306,67.03399999999999,3.0
max,0.932,0.903,11.0,-2.745,1.0,0.39899999999999997,0.977,0.937,0.8320000000000001,0.966,199.864,4.0
