,danceability,energy,key,loudness,mode,speechiness,acousticness,instrumentalness,liveness,valence,tempo,time_signature
mean,0.7092,0.6269199999999998,5.24,-7.05454,0.64,0.14229600000000006,0.166929114,0.0238423004,0.18206799999999998,0.4227600000000001,121.03141999999997,4.0
std,0.14721953619249958,0.15111366717859528,4.028267465736381,2.170537497713318,0.4848732213850611,0.11885769738881631,0.17729550973797897,0.09800994485559048,0.14082444482839088,0.22665043749423144,29.544647525943592,0.20203050891044214
min,0.29600000000000004,0.317,0.0,-12.39,0.0,0.0306,7.57e-05,0.0,0.0571,0.0604,75.00399999999999,3.0
max,0.9329999999999999,0.887,11.0,-2.867,1.0,0.7170000000000001,0.607,0.665,0.743,0.963,189.738,5.0
