,danceability,energy,key,loudness,mode,speechiness,acousticness,instrumentalness,liveness,valence,tempo,time_signature
mean,0.7010600000000001,0.620752,5.6,-7.4912600000000005,0.68,0.13441199999999998,0.20536160000000003,0.044338726,0.22192199999999995,0.47078200000000003,126.37888000000001,3.96
std,0.15173276858089846,0.19528607403039286,3.8438925848782035,3.2181563349729503,0.47121207149916117,0.13214128437674083,0.26126255579913066,0.17549569426843314,0.17327331635074017,0.20527594339009592,23.529030218998198,0.19794866372215744
min,0.266,0.0596,0.0,-18.515,0.0,0.0285,0.0034200000000000003,0.0,0.0469,0.0901,77.506,3.0
max,0.9329999999999999,0.87,11.0,-2.188,1.0,0.62,0.9279999999999999,0.848,0.825,0.884,183.17,4.0
