,danceability,energy,key,loudness,mode,speechiness,acousticness,instrumentalness,liveness,valence,tempo,time_signature
mean,0.7105399999999998,0.5680999999999999,4.9,-7.493679999999999,0.66,0.11021200000000002,0.26381840000000006,0.032610170200000003,0.20775400000000008,0.48732000000000014,118.30218,3.98
std,0.12562808895582978,0.1852131976167697,3.5984690622314277,2.486597670943745,0.47851812069840666,0.09623785296263183,0.2452134111536982,0.15098081133960004,0.1916041020501622,0.1905693338929644,22.13207274125226,0.14142135623730936
min,0.319,0.10400000000000001,0.0,-14.273,0.0,0.0251,0.00182,0.0,0.0419,0.13699999999999998,67.479,3.0
max,0.9109999999999999,0.9640000000000001,11.0,-3.301,1.0,0.47600000000000003,0.9790000000000001,0.8220000000000001,0.8420000000000001,0.927,170.03599999999997,4.0
