,danceability,energy,key,loudness,mode,speechiness,acousticness,instrumentalness,liveness,valence,tempo,time_signature
mean,0.68392,0.6293199999999998,5.68,-6.498320000000001,0.52,0.09225000000000001,0.16934867999999995,0.0374065792,0.198372,0.4749059999999999,112.61348,3.96
std,0.16918940479201866,0.1710640696299704,3.627783941544839,2.8021106289978737,0.5046720495044484,0.07632552532624018,0.22022615690253233,0.15616514086512065,0.14621640104548422,0.2083698854127889,23.34669752308205,0.1979486637221575
min,0.264,0.102,0.0,-16.843,0.0,0.0273,0.00020899999999999998,0.0,0.0404,0.0583,66.84,3.0
max,0.922,0.9540000000000001,11.0,-2.461,1.0,0.363,0.903,0.846,0.752,0.9129999999999999,165.304,4.0
