,danceability,energy,key,loudness,mode,speechiness,acousticness,instrumentalness,liveness,valence,tempo,time_signature
mean,0.65654,0.6221220000000002,5.3,-8.09254,0.52,0.11852799999999998,0.27401868,0.08029815860000002,0.21291800000000002,0.4929259999999999,124.98024000000001,3.86
std,0.1720383452748194,0.23760914853032516,3.649154221269943,3.8753171204537096,0.5046720495044484,0.1123723185464739,0.3224652815260127,0.20369257822454204,0.19874281575001623,0.25766318531234944,24.627899473398795,0.6703638975228612
min,0.16699999999999998,0.0721,0.0,-19.221,0.0,0.0245,0.00045599999999999997,0.0,0.0604,0.0388,77.033,1.0
max,0.9359999999999999,0.9990000000000001,11.0,0.669,1.0,0.401,0.899,0.7879999999999999,0.894,0.9179999999999999,177.237,5.0
