,danceability,energy,key,loudness,mode,speechiness,acousticness,instrumentalness,liveness,valence,tempo,time_signature
mean,0.7411200000000001,0.5929799999999997,5.38,-7.328720000000001,0.5,0.13033599999999995,0.19395340000000005,0.0170808768,0.168342,0.47473999999999994,124.18315999999996,3.92
std,0.152965200791099,0.1777052696380804,3.4398030318550483,2.541686319861566,0.5050762722761054,0.09401582967017538,0.25413657954673563,0.0811083715799162,0.12133043612635805,0.20750429648858956,25.535053068250463,0.2740475156178697
min,0.289,0.2,0.0,-12.612,0.0,0.0261,0.0023,0.0,0.0528,0.11900000000000001,67.831,3.0
max,0.9440000000000001,0.953,11.0,-2.345,1.0,0.353,0.945,0.512,0.591,0.924,191.03,4.0
