,danceability,energy,key,loudness,mode,speechiness,acousticness,instrumentalness,liveness,valence,tempo,time_signature
mean,0.6823599999999999,0.6491399999999998,5.5,-7.140799999999997,0.5,0.10646399999999998,0.16463945999999996,0.0333143598,0.184512,0.505634,122.95319999999998,3.96
std,0.13836003905811559,0.15397455527933626,3.7211475078946017,2.273511910715065,0.5050762722761054,0.09625644268922301,0.20481517481519776,0.13324705016125377,0.16220282797806465,0.22976276106329455,24.295621215455633,0.19794866372215753
min,0.266,0.17,0.0,-14.064,0.0,0.0246,0.000143,0.0,0.047,0.0957,80.512,3.0
max,0.978,0.9640000000000001,11.0,-2.097,1.0,0.35600000000000004,0.929,0.7,0.8740000000000001,0.966,204.077,4.0
