,danceability,energy,key,loudness,mode,speechiness,acousticness,instrumentalness,liveness,valence,tempo,time_signature
mean,0.5715899999999998,0.5569872,4.42,-9.3976,0.56,0.09503599999999998,0.3900176141999999,0.12766160159999998,0.16981400000000005,0.42184200000000005,121.58440000000002,3.84
std,0.20142435887185733,0.27346537569170265,3.5805027579936315,6.604124190725869,0.5014265364224069,0.10074316862442732,0.38415510081895277,0.28437730302294595,0.13017764629888792,0.24834360749508624,34.353253716915596,0.4677344441069973
min,0.0745,0.006959999999999999,0.0,-39.507,0.0,0.0253,5.91e-06,0.0,0.059000000000000004,0.0341,81.061,3.0
max,0.871,0.924,11.0,-2.7110000000000003,1.0,0.41200000000000003,0.9940000000000001,0.9490000000000001,0.799,0.9309999999999999,213.08700000000002,5.0
