,danceability,energy,key,loudness,mode,speechiness,acousticness,instrumentalness,liveness,valence,tempo,time_signature
mean,0.70004,0.6786200000000001,5.3,-6.553719999999999,0.66,0.11396800000000003,0.17536980000000002,0.011553158399999996,0.174486,0.481348,127.60483999999997,4.0
std,0.13932152799644895,0.1655139047121456,3.6770107646382146,2.6707003288520808,0.47851812069840666,0.08957616856904634,0.20497944034772198,0.07060418834336131,0.13199814935313695,0.21235478134288302,24.014545465035248,0.20203050891044214
min,0.36200000000000004,0.33799999999999997,0.0,-13.147,0.0,0.0288,0.00175,0.0,0.0429,0.0564,81.047,3.0
max,0.9329999999999999,0.9670000000000001,11.0,-1.1,1.0,0.42200000000000004,0.7340000000000001,0.499,0.743,0.966,180.044,5.0
