,danceability,energy,key,loudness,mode,speechiness,acousticness,instrumentalness,liveness,valence,tempo,time_signature
mean,0.7283600000000001,0.599296,4.58,-7.729960000000002,0.58,0.11517200000000002,0.18950496,0.03951158639999999,0.146272,0.463558,120.89249999999997,3.98
std,0.14802354473501292,0.17629742142186877,3.399219598312386,3.0698514419949325,0.49856938190328964,0.08955403348976367,0.24003310074543416,0.13058625065200397,0.11101726109585162,0.18581166907184624,24.327329939173094,0.14142135623730948
min,0.295,0.0998,0.0,-19.083,0.0,0.0273,0.000177,0.0,0.0404,0.0609,75.016,3.0
max,0.96,0.9390000000000001,11.0,-3.09,1.0,0.363,0.847,0.653,0.648,0.914,202.015,4.0
