,danceability,energy,key,loudness,mode,speechiness,acousticness,instrumentalness,liveness,valence,tempo,time_signature
mean,0.7168399999999998,0.5917400000000002,5.08,-7.129960000000002,0.36,0.11139200000000002,0.24084619999999993,0.04952590239999998,0.14231200000000002,0.45257400000000003,118.30463999999996,3.98
std,0.14809916148531385,0.14986263233851382,3.5504526874349818,2.4404092493862164,0.4848732213850611,0.09015237631422723,0.22713434931856377,0.18738906015989285,0.09040118213061289,0.22011434858514156,25.753500439516237,0.14142135623730934
min,0.258,0.26899999999999996,0.0,-13.845,0.0,0.0296,0.0026100000000000003,0.0,0.0439,0.0387,75.016,3.0
max,0.915,0.909,11.0,-3.09,1.0,0.363,0.795,0.88,0.39399999999999996,0.9129999999999999,180.043,4.0
