,danceability,energy,key,loudness,mode,speechiness,acousticness,instrumentalness,liveness,valence,tempo,time_signature
mean,0.64264,0.5769200000000001,5.2,-8.802999999999999,0.74,0.10094799999999998,0.3344899999999999,0.02208002659999999,0.20174400000000003,0.48222399999999976,124.95196000000001,3.94
std,0.1696109305295565,0.18672153663918356,3.6922422809485966,3.7226312177911836,0.443087497693452,0.09146832225153256,0.3211382711988271,0.11381840012629194,0.16816026388841218,0.2774717684186767,32.131024153319856,0.23989793748209529
min,0.24,0.106,0.0,-22.506999999999998,0.0,0.0281,0.00084,0.0,0.0562,0.067,46.718,3.0
max,0.919,0.885,11.0,-2.5660000000000003,1.0,0.36700000000000005,0.9940000000000001,0.7759999999999999,0.73,0.968,205.02200000000002,4.0
