,danceability,energy,key,loudness,mode,speechiness,acousticness,instrumentalness,liveness,valence,tempo,time_signature
mean,0.6969200000000001,0.5756800000000001,5.2,-7.895039999999998,0.58,0.10837800000000002,0.21856046000000007,0.024483416400000003,0.17588600000000004,0.4774399999999999,125.32726000000004,3.92
std,0.12885521696375166,0.18840636065349248,3.65334624358412,2.775214049181705,0.49856938190328975,0.09966916557966632,0.24453195227744945,0.13112798793439084,0.14512056916894436,0.2391874134972621,25.167282061430303,0.27404751561786983
min,0.409,0.19699999999999998,0.0,-14.505,0.0,0.027999999999999997,0.000549,0.0,0.053,0.121,72.501,3.0
max,0.935,0.9329999999999999,11.0,-2.6519999999999997,1.0,0.41200000000000003,0.893,0.915,0.764,0.927,202.00599999999997,4.0
