,danceability,energy,key,loudness,mode,speechiness,acousticness,instrumentalness,liveness,valence,tempo,time_signature
mean,0.68018,0.6470400000000001,5.4,-6.573779999999998,0.48,0.11462800000000001,0.20996118800000005,0.0152455224,0.17523000000000002,0.514822,119.24608000000006,3.92
std,0.160581683709124,0.1645061825027639,3.8065464555640656,2.1574963597765304,0.5046720495044484,0.12921088290552188,0.21457102408020615,0.059322382670778495,0.1446856159021331,0.2183488140754679,23.000013262498396,0.27404751561786983
min,0.2,0.32899999999999996,0.0,-12.603,0.0,0.0282,5.539999999999999e-05,0.0,0.0463,0.0681,71.884,3.0
max,0.977,0.9620000000000001,11.0,-2.988,1.0,0.588,0.818,0.349,0.647,0.884,184.37900000000002,4.0
