,danceability,energy,key,loudness,mode,speechiness,acousticness,instrumentalness,liveness,valence,tempo,time_signature
mean,0.7215200000000002,0.5921799999999999,5.3,-7.15318,0.54,0.11879999999999999,0.27893838000000004,0.0331539692,0.17330200000000004,0.49525800000000003,118.42666,3.98
std,0.1339965336134042,0.1813828615084115,3.839908587347318,2.6564740762821653,0.5034574339058886,0.1189511064021084,0.2615422371418796,0.14480299113533404,0.1478037094478031,0.226366026593918,23.05653966338808,0.14142135623730942
min,0.441,0.10400000000000001,0.0,-14.273,0.0,0.0308,0.000549,0.0,0.064,0.0628,82.014,3.0
max,0.9420000000000001,0.9570000000000001,11.0,-2.7289999999999996,1.0,0.565,0.9790000000000001,0.915,0.764,0.9129999999999999,191.97099999999998,4.0
