,danceability,energy,key,loudness,mode,speechiness,acousticness,instrumentalness,liveness,valence,tempo,time_signature
mean,0.65892,0.62948,4.82,-7.573579999999997,0.78,0.12683199999999997,0.12934598,0.011367419799999995,0.18846800000000005,0.45427200000000006,129.80857999999998,3.98
std,0.156180800513314,0.14295186002887228,3.739966168132475,2.737837684623933,0.4184519575964802,0.09779510951421834,0.18432922621505363,0.04017226525294769,0.14637354567499342,0.22292473612300232,29.325184266929814,0.14142135623730948
min,0.284,0.324,0.0,-14.860999999999999,0.0,0.0235,0.000239,0.0,0.0215,0.0986,75.017,3.0
max,0.9209999999999999,0.8590000000000001,11.0,-4.02,1.0,0.473,0.74,0.26,0.742,0.9259999999999999,191.702,4.0
