,danceability,energy,key,loudness,mode,speechiness,acousticness,instrumentalness,liveness,valence,tempo,time_signature
mean,0.70616,0.5775,5.12,-8.273979999999998,0.56,0.14349200000000004,0.22185164000000002,0.05363601300000001,0.15756399999999995,0.4395739999999999,122.56786,4.0
std,0.17312215340620044,0.17256116927877238,3.7012959671896937,3.1254131840478965,0.5014265364224069,0.10855546845098245,0.2695445725553973,0.17321566947587863,0.1036238483306673,0.22588508348905453,29.93795360135931,0.20203050891044214
min,0.198,0.18,0.0,-17.276,0.0,0.0275,0.000662,0.0,0.0528,0.0392,48.718,3.0
max,0.9440000000000001,0.953,11.0,-3.215,1.0,0.41100000000000003,0.991,0.9079999999999999,0.525,0.96,182.077,5.0
