,danceability,energy,key,loudness,mode,speechiness,acousticness,instrumentalness,liveness,valence,tempo,time_signature
mean,0.6715599999999998,0.5928,6.36,-7.283879999999999,0.64,0.10748599999999996,0.25755265999999993,0.0310834512,0.181558,0.5199199999999999,122.96530000000001,3.98
std,0.1791292043100027,0.1938491944891225,3.707466267203112,2.8647108387039273,0.4848732213850611,0.09298974270842772,0.3034504772989551,0.134494431880813,0.14624545077871445,0.23929367492088638,23.702570707259863,0.2466096643090295
min,0.14400000000000002,0.128,0.0,-18.717,0.0,0.0244,0.000573,0.0,0.0565,0.124,75.801,3.0
max,0.9209999999999999,0.9640000000000001,11.0,-1.538,1.0,0.392,0.9259999999999999,0.7,0.79,0.9620000000000001,185.24400000000003,5.0
