,danceability,energy,key,loudness,mode,speechiness,acousticness,instrumentalness,liveness,valence,tempo,time_signature
mean,0.7115600000000001,0.6143799999999999,5.12,-7.3872800000000005,0.7,0.16985399999999998,0.19520967999999997,0.027373978799999997,0.20890799999999998,0.4866500000000001,124.1965,3.94
std,0.1407783262539271,0.15749349063322182,3.378443066120903,2.9859126252645583,0.46291004988627565,0.13696406084541052,0.22210556120222816,0.14360807636475448,0.14767059984012676,0.23714870926514117,24.704693377318954,0.2398979374820953
min,0.366,0.171,0.0,-17.407,0.0,0.027000000000000003,0.0009539999999999999,0.0,0.057,0.0542,71.91199999999999,3.0
max,0.922,0.9129999999999999,11.0,-2.9360000000000004,1.0,0.5529999999999999,0.972,0.934,0.6709999999999999,0.925,175.985,4.0
