,danceability,energy,key,loudness,mode,speechiness,acousticness,instrumentalness,liveness,valence,tempo,time_signature
mean,0.7089120000000001,0.5936620000000002,5.9,-7.0651600000000006,0.54,0.13076400000000002,0.27544260000000004,0.035272668800000004,0.16124400000000003,0.5087320000000002,121.87082000000001,4.0
std,0.15414915734509899,0.1866015889973248,3.871665780819329,3.7539102517187573,0.5034574339058886,0.12302687239222267,0.22083511379519966,0.1708903989454584,0.12781130249276845,0.21511634957171716,27.893100005300845,0.0
min,0.0756,0.0351,0.0,-29.021,0.0,0.0301,0.00195,0.0,0.0622,0.0638,74.96300000000001,4.0
max,0.9420000000000001,0.9329999999999999,11.0,-2.129,1.0,0.565,0.919,0.915,0.764,0.9129999999999999,174.44799999999998,4.0
