,danceability,energy,key,loudness,mode,speechiness,acousticness,instrumentalness,liveness,valence,tempo,time_signature
mean,0.7069199999999999,0.658288,5.04,-7.1040199999999984,0.64,0.12834399999999999,0.17908416000000005,0.050841391199999995,0.1718540000000001,0.5331599999999999,125.35773999999999,4.0
std,0.15201152480476401,0.1792047747177308,3.6809493008057097,2.771601846497834,0.4848732213850611,0.12156044126948803,0.2129431649277414,0.1687207856352778,0.14469388829596114,0.23627702177826804,26.22375426025894,0.0
min,0.34700000000000003,0.0874,0.0,-17.796,0.0,0.0278,0.000143,0.0,0.0487,0.122,88.75299999999999,4.0
max,0.978,0.9640000000000001,11.0,-2.885,1.0,0.511,0.894,0.81,0.8740000000000001,0.941,204.615,4.0
