,danceability,energy,key,loudness,mode,speechiness,acousticness,instrumentalness,liveness,valence,tempo,time_signature
mean,0.6736200000000001,0.64414,4.24,-7.267559999999998,0.54,0.11167600000000003,0.1897894100000001,0.027303894,0.205616,0.48542800000000014,114.56716000000002,3.98
std,0.12871736003939097,0.2024315465050054,3.383995947312669,3.309516662164259,0.5034574339058886,0.10582034170407571,0.25194554825405757,0.09875011061295673,0.16186132305785966,0.25807761847782085,22.153428125890127,0.14142135623730942
min,0.35,0.165,0.0,-22.590999999999998,0.0,0.025,8.45e-05,0.0,0.0433,0.0714,67.865,3.0
max,0.922,0.988,11.0,-2.7110000000000003,1.0,0.503,0.884,0.588,0.818,0.9640000000000001,170.06,4.0
