,danceability,energy,key,loudness,mode,speechiness,acousticness,instrumentalness,liveness,valence,tempo,time_signature
mean,0.6484199999999999,0.69046,5.06,-6.22292,0.56,0.13474200000000003,0.14929632,0.024914544400000002,0.22566399999999995,0.4969599999999999,116.12996,4.02
std,0.14295983309150515,0.16068618293977585,3.835441597117333,2.051313853139405,0.5014265364224069,0.10965397354535637,0.21754855183448882,0.12771913141410776,0.189442040848425,0.21045266664492318,24.562268093071502,0.14142135623730945
min,0.297,0.2,0.0,-13.845,0.0,0.0291,0.0008560000000000001,0.0,0.0503,0.128,75.016,4.0
max,0.909,0.978,11.0,-3.105,1.0,0.413,0.904,0.8859999999999999,0.6759999999999999,0.892,175.894,5.0
