,danceability,energy,key,loudness,mode,speechiness,acousticness,instrumentalness,liveness,valence,tempo,time_signature
mean,0.6565999999999999,0.6097780000000003,4.7,-7.3504,0.6,0.133744,0.2556574999999999,0.030850970599999986,0.21338400000000005,0.46529599999999993,117.23328000000004,3.9
std,0.14041265714213333,0.1984471011506644,3.453776401067595,3.1287557936544887,0.49487165930539356,0.11177386639176114,0.25706399272826597,0.12278609981789186,0.17409370495834264,0.2279211141368604,28.397462781202755,0.30304576336566325
min,0.183,0.0959,0.0,-17.767,0.0,0.0263,0.000135,0.0,0.0751,0.0661,69.352,3.0
max,0.877,0.985,11.0,-2.392,1.0,0.406,0.9690000000000001,0.7759999999999999,0.915,0.9129999999999999,177.833,4.0
