,danceability,energy,key,loudness,mode,speechiness,acousticness,instrumentalness,liveness,valence,tempo,time_signature
mean,0.68928,0.5912800000000001,5.24,-7.297819999999999,0.72,0.12063200000000003,0.19740438000000002,0.0019878996,0.164358,0.45407200000000003,121.75476,3.94
std,0.16443434767066628,0.14324789986707145,3.6787309258071317,2.506937962242108,0.4535573676110727,0.10710271903406464,0.23496266109501876,0.007729794110696547,0.11790591041251532,0.2392160623915594,27.32795883680526,0.23989793748209529
min,0.249,0.258,0.0,-14.443,0.0,0.0247,0.000704,0.0,0.0525,0.081,72.438,3.0
max,0.9359999999999999,0.9129999999999999,11.0,-3.5180000000000002,1.0,0.473,0.92,0.0504,0.6709999999999999,0.8959999999999999,190.044,4.0
