,danceability,energy,key,loudness,mode,speechiness,acousticness,instrumentalness,liveness,valence,tempo,time_signature
mean,0.6851800000000001,0.6354,5.34,-7.270059999999998,0.78,0.112766,0.15833232,0.12325393359999999,0.20983999999999997,0.4761000000000001,121.17628000000002,3.92
std,0.1408155096397483,0.14775931891603525,3.9258951923382375,2.3703241611601547,0.4184519575964802,0.1004399355691891,0.1675389867047631,0.28840766039223503,0.15126252486512126,0.2468579075715669,30.12546157156089,0.27404751561786966
min,0.27699999999999997,0.32899999999999996,0.0,-12.167,0.0,0.0247,0.000459,0.0,0.0443,0.11699999999999999,68.976,3.0
max,0.95,0.9,11.0,-2.384,1.0,0.452,0.863,0.904,0.6709999999999999,0.9620000000000001,205.74400000000003,4.0
