,danceability,energy,key,loudness,mode,speechiness,acousticness,instrumentalness,liveness,valence,tempo,time_signature
mean,0.6791599999999999,0.5966599999999999,5.3,-7.135200000000001,0.62,0.11564400000000001,0.2406438000000001,0.021024129800000003,0.1825400000000001,0.432774,118.15007999999996,3.96
std,0.1393130903499637,0.18209681322789562,3.252942153353057,2.749138462448606,0.4903143514780145,0.13159039286314772,0.227650553932279,0.11749493781726698,0.20058803757035593,0.18781529877265382,23.5961663842728,0.19794866372215747
min,0.285,0.282,0.0,-14.415999999999999,0.0,0.0267,0.00361,0.0,0.0419,0.0957,62.67100000000001,3.0
max,0.894,0.915,11.0,-1.746,1.0,0.62,0.7979999999999999,0.8220000000000001,0.8420000000000001,0.826,175.69299999999998,4.0
