,danceability,energy,key,loudness,mode,speechiness,acousticness,instrumentalness,liveness,valence,tempo,time_signature
mean,0.7125400000000003,0.6415000000000001,5.16,-6.677199999999998,0.5,0.101148,0.23627998000000006,0.0245296908,0.20018600000000006,0.4900820000000001,122.13796,4.0
std,0.12162357619193034,0.1805914602360922,3.7599392092350183,2.448443803975188,0.5050762722761054,0.08582484117821196,0.2396061988338612,0.13277249941726188,0.17019562335196303,0.23122113603868577,26.072804720596654,0.0
min,0.409,0.19699999999999998,0.0,-12.89,0.0,0.027999999999999997,0.000549,0.0,0.0628,0.07400000000000001,72.501,4.0
max,0.935,0.9570000000000001,11.0,-2.7289999999999996,1.0,0.335,0.88,0.915,0.764,0.927,202.00599999999997,4.0
