,danceability,energy,key,loudness,mode,speechiness,acousticness,instrumentalness,liveness,valence,tempo,time_signature
mean,0.69478,0.6191399999999999,5.54,-6.918320000000001,0.64,0.13881000000000002,0.19441566000000002,0.0480163106,0.17285999999999999,0.501826,126.71787999999997,3.92
std,0.19281642850660005,0.1627929710662332,3.6934028334038946,2.837750578273185,0.48487322138506106,0.10729326442902525,0.22767940250215696,0.16781914162906778,0.1298671110428358,0.24916619059313377,27.645130766327494,0.44446711960297264
min,0.135,0.225,0.0,-16.541,0.0,0.0261,0.000117,0.0,0.0606,0.0532,75.801,1.0
max,0.9570000000000001,0.956,11.0,-1.538,1.0,0.392,0.902,0.867,0.79,0.9620000000000001,186.357,4.0
