,danceability,energy,key,loudness,mode,speechiness,acousticness,instrumentalness,liveness,valence,tempo,time_signature
mean,0.71134,0.5979800000000001,5.4,-7.123619999999999,0.56,0.135268,0.18804751,0.021389410999999997,0.20004800000000003,0.46892,119.01700000000001,3.92
std,0.15310202147454433,0.16339691126898606,3.8703477668983046,2.386465295736584,0.5014265364224069,0.1058156780945633,0.1930025667862649,0.10256313022812538,0.1675740192711683,0.2128068818896415,25.696321789513068,0.27404751561786983
min,0.401,0.311,0.0,-14.505,0.0,0.0287,2.15e-05,0.0,0.0574,0.125,70.23100000000001,3.0
max,0.963,0.879,11.0,-2.6519999999999997,1.0,0.353,0.74,0.706,0.8740000000000001,0.9129999999999999,202.00599999999997,4.0
