,danceability,energy,key,loudness,mode,speechiness,acousticness,instrumentalness,liveness,valence,tempo,time_signature
mean,0.5961999999999998,0.5394999999999999,5.26,-8.167019999999997,0.64,0.097818,0.3370114,0.008479396399999999,0.16894000000000006,0.46527799999999986,123.39396000000002,3.94
std,0.16159965649589678,0.20003308399831649,3.6016436157251697,3.4349988057509138,0.48487322138506106,0.11616171994074397,0.29355015551016284,0.03588480126224153,0.1520656101685005,0.22628215842263869,30.334661354097157,0.3730732816343026
min,0.24100000000000002,0.11199999999999999,0.0,-18.717,0.0,0.0228,0.00139,0.0,0.0347,0.0399,75.801,3.0
max,0.915,0.9129999999999999,11.0,-2.3169999999999997,1.0,0.503,0.92,0.25,0.735,0.87,208.7,5.0
