,danceability,energy,key,loudness,mode,speechiness,acousticness,instrumentalness,liveness,valence,tempo,time_signature
mean,0.7113599999999998,0.582702,5.42,-7.534759999999999,0.62,0.12109400000000001,0.2550692,0.023874578799999994,0.17258600000000004,0.47522,121.65114,3.92
std,0.18787248823799269,0.1755669748243661,3.5114390328799185,2.993553778861969,0.49031435147801455,0.09389709827947891,0.2730360632518746,0.10162518080453223,0.14268042642813442,0.2297683243119966,24.298533110180347,0.48822878544671583
min,0.14400000000000002,0.0721,0.0,-19.221,0.0,0.0274,0.00147,0.0,0.0606,0.0388,62.619,1.0
max,0.9570000000000001,0.894,11.0,-3.909,1.0,0.36700000000000005,0.9259999999999999,0.657,0.79,0.898,185.24400000000003,5.0
