,danceability,energy,key,loudness,mode,speechiness,acousticness,instrumentalness,liveness,valence,tempo,time_signature
mean,0.7173599999999999,0.6064599999999999,5.5,-7.15014,0.6,0.15405199999999997,0.20836527999999993,0.005472309399999999,0.20069199999999998,0.4845460000000001,121.15953999999999,3.9
std,0.16628936667564692,0.16100528702182296,3.7917741257105706,2.1331264398931973,0.49487165930539356,0.12002636315852123,0.24000611454549675,0.03318155001208164,0.15857065487584743,0.22602568050772376,25.83693301143042,0.30304576336566325
min,0.25,0.136,0.0,-12.162,0.0,0.0247,0.0009539999999999999,0.0,0.0511,0.0499,76.472,3.0
max,0.927,0.877,11.0,-3.4760000000000004,1.0,0.439,0.972,0.235,0.747,0.925,175.984,4.0
