,danceability,energy,key,loudness,mode,speechiness,acousticness,instrumentalness,liveness,valence,tempo,time_signature
mean,0.66518,0.6202819999999999,4.52,-7.824759999999999,0.52,0.15732599999999997,0.24047679999999996,0.0769258968,0.16921,0.50332,128.38975999999997,3.86
std,0.16256812575103424,0.19022227781075016,3.4537173111455033,4.519185268634701,0.5046720495044484,0.12543058054036854,0.25742699418765275,0.2269872165216155,0.14584576036459382,0.21849825479151724,26.270849600984565,0.6703638975228612
min,0.321,0.03,0.0,-27.715999999999998,0.0,0.0245,0.00112,0.0,0.0452,0.122,74.351,1.0
max,0.958,0.996,11.0,-2.6439999999999997,1.0,0.43,0.9940000000000001,0.932,0.894,0.935,174.051,5.0
