,danceability,energy,key,loudness,mode,speechiness,acousticness,instrumentalness,liveness,valence,tempo,time_signature
mean,0.70518,0.5825600000000001,6.0,-7.125819999999997,0.54,0.11510600000000001,0.28697120000000004,0.038803433799999995,0.16933400000000007,0.48202400000000006,121.21368000000002,3.98
std,0.13698617388895382,0.1830621796894516,3.907084094622098,2.7268378987615765,0.5034574339058886,0.10928053285569435,0.2463859848058219,0.18803633583316548,0.14465886487787438,0.2090618359456828,24.234550769460345,0.14142135623730936
min,0.386,0.10400000000000001,0.0,-16.541,0.0,0.0287,0.00421,0.0,0.0628,0.0727,77.921,3.0
max,0.9109999999999999,0.965,11.0,-2.7289999999999996,1.0,0.452,0.9790000000000001,0.985,0.764,0.9129999999999999,171.993,4.0
