,danceability,energy,key,loudness,mode,speechiness,acousticness,instrumentalness,liveness,valence,tempo,time_signature
mean,0.7046799999999999,0.5971,5.6,-6.767020000000001,0.52,0.12271000000000004,0.24929842000000005,0.029840956800000002,0.20110599999999995,0.4955999999999999,116.13345999999997,4.0
std,0.1588701741828779,0.17866651753978952,3.917516914514883,2.501671461569775,0.5046720495044484,0.09979285944354119,0.28132870806288185,0.1459289014841209,0.183230738230934,0.20579185045643988,24.877985872449482,0.2857142857142857
min,0.22699999999999998,0.21100000000000002,0.0,-14.454,0.0,0.0296,0.000981,0.0,0.045,0.08199999999999999,75.801,3.0
max,0.9129999999999999,0.915,11.0,-2.3169999999999997,1.0,0.41600000000000004,0.9059999999999999,0.81,0.8109999999999999,0.898,200.642,5.0
