,danceability,energy,key,loudness,mode,speechiness,acousticness,instrumentalness,liveness,valence,tempo,time_signature
mean,0.6742399999999996,0.63518,5.5,-6.537299999999999,0.48,0.10596599999999999,0.20910860800000006,0.024136002199999992,0.20432199999999998,0.46763999999999994,124.53073999999997,3.94
std,0.16247606542729515,0.18000710756942406,3.5123688151840704,2.4278452380660513,0.5046720495044485,0.07430114567743616,0.22645706515742864,0.10066091900575705,0.17668255089803503,0.22312014243268957,25.30333999152955,0.3136356914300022
min,0.228,0.10400000000000001,0.0,-15.359000000000002,0.0,0.0281,8.14e-05,0.0,0.0403,0.0713,85.794,3.0
max,0.95,0.9640000000000001,11.0,-3.1489999999999996,1.0,0.29,0.9790000000000001,0.599,0.809,0.927,180.08,5.0
