,danceability,energy,key,loudness,mode,speechiness,acousticness,instrumentalness,liveness,valence,tempo,time_signature
mean,0.69768,0.6602999999999999,5.58,-6.052399999999999,0.56,0.11580800000000004,0.21974581999999998,0.025606233000000006,0.17120000000000002,0.5100599999999998,122.96038,3.96
std,0.1369576785517545,0.18243257071351826,3.698262140133235,2.206610079016301,0.5014265364224069,0.11138018700443476,0.23021837791271757,0.1314318082974671,0.13458967270931305,0.19244574215468987,26.72572840181826,0.282842712474619
min,0.4,0.10400000000000001,0.0,-14.08,0.0,0.0303,0.000299,0.0,0.0503,0.102,62.483999999999995,3.0
max,0.9420000000000001,0.977,11.0,-1.167,1.0,0.565,0.9790000000000001,0.915,0.7340000000000001,0.9129999999999999,173.898,5.0
