,danceability,energy,key,loudness,mode,speechiness,acousticness,instrumentalness,liveness,valence,tempo,time_signature
mean,0.68006,0.639518,6.02,-6.942539999999999,0.56,0.11312799999999999,0.18501568000000002,0.022065589,0.2194880000000001,0.452076,121.41038,3.92
std,0.1515957850364459,0.18183528730750828,3.899188821971534,4.161958993266591,0.5014265364224069,0.0999618050322528,0.2107846073559975,0.11773327008709221,0.16103893766694427,0.2155124576729728,26.42278845524469,0.2740475156178697
min,0.161,0.0547,0.0,-29.369,0.0,0.0288,0.000459,0.0,0.0443,0.0628,77.176,3.0
max,0.922,0.9,11.0,-1.976,1.0,0.452,0.863,0.8240000000000001,0.8220000000000001,0.863,199.75599999999997,4.0
