,danceability,energy,key,loudness,mode,speechiness,acousticness,instrumentalness,liveness,valence,tempo,time_signature
mean,0.6729,0.66542,4.98,-6.333479999999998,0.52,0.11947600000000005,0.17614454,0.0186384414,0.171954,0.48214800000000013,120.91241999999998,3.94
std,0.13428468844592972,0.15054907532639533,3.77688998505168,2.3081105908495454,0.5046720495044484,0.11480114583798492,0.22412907408493846,0.061744429557360064,0.1451043708957839,0.21809671908002057,31.16376874532085,0.23989793748209529
min,0.365,0.33799999999999997,0.0,-11.377,0.0,0.0302,0.000135,0.0,0.0219,0.0825,62.803999999999995,3.0
max,0.9570000000000001,0.98,11.0,-2.569,1.0,0.485,0.9690000000000001,0.301,0.638,0.966,189.891,4.0
