,danceability,energy,key,loudness,mode,speechiness,acousticness,instrumentalness,liveness,valence,tempo,time_signature
mean,0.6920599999999999,0.66164,4.98,-6.4649399999999995,0.66,0.11192799999999999,0.18656620000000004,0.05796060039999999,0.160478,0.45388,124.54057999999999,4.02
std,0.14122791104148946,0.1357441711455781,3.9717882673697926,2.1833018564382094,0.47851812069840666,0.08668064313257921,0.20305653989618813,0.19215969327706187,0.09554634795827242,0.1792323358216414,25.212147480432957,0.2466096643090295
min,0.289,0.342,0.0,-12.46,0.0,0.0311,0.00047699999999999994,0.0,0.0556,0.10300000000000001,79.992,3.0
max,0.9390000000000001,0.904,11.0,-2.7489999999999997,1.0,0.41200000000000003,0.831,0.948,0.5429999999999999,0.9159999999999999,183.17,5.0
