,danceability,energy,key,loudness,mode,speechiness,acousticness,instrumentalness,liveness,valence,tempo,time_signature
mean,0.69042,0.617842,6.02,-6.755739999999999,0.36,0.12162199999999998,0.2737106000000001,0.0324313692,0.1905439999999999,0.48349600000000004,120.47076000000001,3.92
std,0.14346500533266654,0.19868987021620052,3.496295415529566,3.3623920955905477,0.4848732213850611,0.10940863356225224,0.29184131134189195,0.10468084154544494,0.13368770669904162,0.22291175334556013,29.193752252039634,0.6337449432233949
min,0.16699999999999998,0.0721,0.0,-19.221,0.0,0.0259,0.004220000000000001,0.0,0.045,0.0388,72.541,1.0
max,0.932,0.965,11.0,-0.846,1.0,0.485,0.898,0.536,0.7170000000000001,0.898,179.938,5.0
