,danceability,energy,key,loudness,mode,speechiness,acousticness,instrumentalness,liveness,valence,tempo,time_signature
mean,0.68546,0.6628000000000001,5.76,-6.489079999999999,0.4,0.11039800000000004,0.19073011999999995,0.0548812408,0.18636800000000003,0.440882,119.37443999999999,3.98
std,0.11292822535412769,0.15199906014747028,3.8627472511841376,1.843587295442873,0.49487165930539356,0.09856686426285582,0.22181292002980482,0.20832690367225432,0.14537413440878003,0.22030272093885092,23.310050817374282,0.1414213562373095
min,0.35100000000000003,0.29600000000000004,0.0,-10.369000000000002,0.0,0.0287,0.000376,0.0,0.0518,0.047,70.23100000000001,3.0
max,0.935,0.9790000000000001,11.0,-2.853,1.0,0.43799999999999994,0.934,0.915,0.7040000000000001,0.9540000000000001,170.08700000000002,4.0
