,danceability,energy,key,loudness,mode,speechiness,acousticness,instrumentalness,liveness,valence,tempo,time_signature
mean,0.6900000000000003,0.63694,5.36,-6.720599999999998,0.54,0.11612800000000002,0.26291280000000006,0.021814755999999998,0.14706400000000003,0.4480599999999999,122.61346000000003,3.96
std,0.12531576443658846,0.16083778239237806,4.049489763777502,2.494624105666308,0.5034574339058886,0.09772218856930863,0.2463035542183089,0.13091155475104205,0.07996724268124301,0.1740455499844444,28.122785895041893,0.19794866372215741
min,0.42,0.19699999999999998,0.0,-14.505,0.0,0.0256,0.00463,0.0,0.0518,0.129,70.23100000000001,3.0
max,0.935,0.9329999999999999,11.0,-2.6519999999999997,1.0,0.35700000000000004,0.88,0.915,0.38799999999999996,0.7879999999999999,202.00599999999997,4.0
