,danceability,energy,key,loudness,mode,speechiness,acousticness,instrumentalness,liveness,valence,tempo,time_signature
mean,0.72776,0.6286799999999999,5.16,-6.6536599999999995,0.48,0.139096,0.26102242,0.06019948780000001,0.18099,0.5099480000000001,130.43198,4.06
std,0.1171169936605343,0.1641928234281454,3.5990928562285114,2.827892599712762,0.5046720495044484,0.11812783452597408,0.23242120549168427,0.1987461646710423,0.13451250340183463,0.2330471190334605,25.90929405814502,0.23989793748209529
min,0.47700000000000004,0.311,0.0,-14.908,0.0,0.028999999999999998,0.000741,0.0,0.0499,0.0754,77.487,4.0
max,0.932,0.965,11.0,-0.953,1.0,0.485,0.8140000000000001,0.9,0.631,0.976,184.112,5.0
