,danceability,energy,key,loudness,mode,speechiness,acousticness,instrumentalness,liveness,valence,tempo,time_signature
mean,0.578125,0.6208124999999999,4.65625,-8.045937499999999,0.5625,0.11770625000000004,0.22763009187499997,0.16700276531250002,0.1454875,0.38294062500000003,122.06074999999998,3.84375
std,0.1915506755151821,0.27473065255193657,3.248914210684409,3.674560328647628,0.5040161287741853,0.1460227356082474,0.28178217992554583,0.33613419001521366,0.10762591650353462,0.22781049121863153,29.98161398418661,0.36890203262847354
min,0.129,0.11599999999999999,0.0,-18.961,0.0,0.0266,7.94e-06,0.0,0.0299,0.0583,69.76,3.0
max,0.93,0.9840000000000001,10.0,-2.569,1.0,0.765,0.9079999999999999,0.9359999999999999,0.555,0.9009999999999999,179.93099999999998,4.0
