,danceability,energy,key,loudness,mode,speechiness,acousticness,instrumentalness,liveness,valence,tempo,time_signature
mean,0.6688599999999998,0.6275999999999999,5.86,-5.9935800000000015,0.58,0.11749000000000001,0.26670247999999996,0.0358991502,0.20528999999999997,0.4202,120.62608,3.94
std,0.15958223649291806,0.1734932804674202,3.9175690088083335,2.1462569609552764,0.4985693819032897,0.14639336615113824,0.24926028688749097,0.10434704032750575,0.17815612191420815,0.22057069855541667,24.910151182854214,0.469910977239958
min,0.27699999999999997,0.13699999999999998,0.0,-11.977,0.0,0.0286,0.000573,0.0,0.0642,0.0379,62.67100000000001,1.0
max,0.9209999999999999,0.937,11.0,-2.133,1.0,0.84,0.9279999999999999,0.425,0.815,0.9159999999999999,178.929,5.0
