,danceability,energy,key,loudness,mode,speechiness,acousticness,instrumentalness,liveness,valence,tempo,time_signature
mean,0.6869999999999998,0.6308,5.56,-6.613940000000001,0.62,0.11383600000000005,0.23641466,0.015004465800000002,0.162452,0.45565399999999995,122.41381999999997,3.98
std,0.1318398843371793,0.14235210728675426,3.57519801078577,2.510913179766782,0.4903143514780145,0.11274222496383472,0.25914052300820045,0.08565411299427568,0.08517498971804688,0.17637841185175396,21.45383576824947,0.2466096643090295
min,0.305,0.311,0.0,-19.23,0.0,0.0287,0.000573,0.0,0.0429,0.0379,81.031,3.0
max,0.937,0.903,11.0,-2.7489999999999997,1.0,0.517,0.831,0.599,0.405,0.8029999999999999,165.72799999999998,5.0
