,danceability,energy,key,loudness,mode,speechiness,acousticness,instrumentalness,liveness,valence,tempo,time_signature
mean,0.6774199999999999,0.6590600000000001,5.88,-6.3432,0.54,0.10933199999999997,0.13772340000000002,0.006692574999999998,0.178814,0.4654360000000001,122.79902,3.96
std,0.15619742740048764,0.11864135803645666,4.128744435327149,1.7702882965949995,0.5034574339058886,0.09086907253217204,0.1719848481296049,0.022636504678877928,0.1258413351674826,0.2146328376648868,31.151271142858974,0.28284271247461895
min,0.23199999999999998,0.379,0.0,-9.454,0.0,0.0288,0.0010400000000000001,0.0,0.0662,0.0636,70.124,3.0
max,0.9359999999999999,0.88,11.0,-2.384,1.0,0.452,0.863,0.131,0.8220000000000001,0.905,199.75599999999997,5.0
