,danceability,energy,key,loudness,mode,speechiness,acousticness,instrumentalness,liveness,valence,tempo,time_signature
mean,0.6944400000000001,0.64812,6.26,-6.534019999999999,0.42,0.10853800000000004,0.2443811,0.0035579955999999998,0.18059199999999995,0.503802,124.97478000000008,3.96
std,0.13253265442824239,0.18338368832275445,3.2059256360173842,3.0146053079726944,0.49856938190328975,0.09124487995700004,0.24931809644579983,0.013760604155723206,0.1694673249343606,0.22608225204512608,28.70269165454555,0.44994330708638913
min,0.41200000000000003,0.13,0.0,-18.725,0.0,0.0292,9.7e-05,0.0,0.0426,0.0605,75.801,1.0
max,0.9640000000000001,0.956,11.0,-0.846,1.0,0.418,0.898,0.0759,0.8109999999999999,0.976,180.291,5.0
