,danceability,energy,key,loudness,mode,speechiness,acousticness,instrumentalness,liveness,valence,tempo,time_signature
mean,0.7023600000000002,0.64236,6.28,-6.83004,0.56,0.11466400000000004,0.24669039999999995,0.016960602800000002,0.16960600000000003,0.478792,120.95054000000002,3.94
std,0.1453558280038811,0.17728919761744297,3.7798607036206384,2.837979476418289,0.5014265364224069,0.090018040731527,0.24975554983590803,0.07442977278316273,0.13039249760876986,0.21244252989013862,23.96684831707059,0.46991097723995817
min,0.295,0.128,0.0,-18.717,0.0,0.0334,0.00015800000000000002,0.0,0.0574,0.08199999999999999,74.984,1.0
max,0.9640000000000001,0.9329999999999999,11.0,-2.282,1.0,0.36700000000000005,0.894,0.473,0.8109999999999999,0.884,197.96400000000003,5.0
