,danceability,energy,key,loudness,mode,speechiness,acousticness,instrumentalness,liveness,valence,tempo,time_signature
mean,0.6501200000000001,0.6054799999999999,4.5,-7.16834,0.6,0.102354,0.2960386,0.037850987600000004,0.14652800000000002,0.42163000000000006,122.05478000000002,3.96
std,0.12534876081052693,0.17918651097190802,3.8345901518484427,2.8872376644502977,0.49487165930539356,0.13248369666352405,0.2954078436498204,0.15587331104114785,0.07866967634044393,0.17636183844932124,23.212706884587927,0.19794866372215744
min,0.441,0.10400000000000001,0.0,-16.541,0.0,0.0256,0.00227,0.0,0.0422,0.0895,82.852,3.0
max,0.927,0.9329999999999999,11.0,-2.95,1.0,0.84,0.9790000000000001,0.915,0.419,0.8420000000000001,174.93599999999998,4.0
