,danceability,energy,key,loudness,mode,speechiness,acousticness,instrumentalness,liveness,valence,tempo,time_signature
mean,0.6896800000000002,0.6295000000000002,5.24,-6.542899999999999,0.5,0.10651800000000002,0.19223244,0.010712225199999998,0.17268999999999995,0.4632240000000001,118.68436,4.02
std,0.12696527566421376,0.17702752582002382,4.177490702733947,2.6209508498144056,0.5050762722761054,0.08601840498357527,0.250056720169821,0.03420386460006245,0.12770698005630718,0.22025591753268117,30.837510924700467,0.14142135623730942
min,0.35600000000000004,0.14300000000000002,0.0,-15.148,0.0,0.0251,0.000424,0.0,0.0282,0.0499,64.934,4.0
max,0.941,0.9,11.0,-3.112,1.0,0.484,0.976,0.179,0.636,0.904,200.04,5.0
