,danceability,energy,key,loudness,mode,speechiness,acousticness,instrumentalness,liveness,valence,tempo,time_signature
mean,0.6592199999999998,0.66384,5.3,-6.8094399999999995,0.58,0.11359599999999999,0.17866019999999996,0.0108463666,0.20419800000000002,0.42839999999999995,122.84422,3.98
std,0.1577293328743249,0.1626798985362208,3.693623849670828,3.1541613663378034,0.49856938190328975,0.09912085585438679,0.20585281913264428,0.042866955841010045,0.1548366743061994,0.20370186297526058,25.30113711108411,0.14142135623730948
min,0.255,0.297,0.0,-19.23,0.0,0.0291,0.00243,0.0,0.0586,0.125,79.759,3.0
max,0.9329999999999999,0.963,11.0,-1.182,1.0,0.46299999999999997,0.733,0.22,0.693,0.9279999999999999,181.995,4.0
