,danceability,energy,key,loudness,mode,speechiness,acousticness,instrumentalness,liveness,valence,tempo,time_signature
mean,0.67758,0.6453199999999998,6.14,-6.156300000000001,0.58,0.13444000000000003,0.16863800000000004,0.0038909507999999996,0.183612,0.481642,123.71810000000004,3.98
std,0.13802500365025558,0.13477289135763895,3.064010976694784,2.026836494014598,0.4985693819032897,0.12123975067137488,0.21663628679217622,0.019003868934762004,0.11953409493973353,0.21533635397409592,26.520334548825602,0.14142135623730945
min,0.445,0.252,0.0,-10.831,0.0,0.0239,0.007559999999999999,0.0,0.0591,0.0778,71.91199999999999,3.0
max,0.968,0.9129999999999999,11.0,-1.976,1.0,0.46299999999999997,0.879,0.131,0.588,0.863,180.07299999999998,4.0
