,danceability,energy,key,loudness,mode,speechiness,acousticness,instrumentalness,liveness,valence,tempo,time_signature
mean,0.7316599999999996,0.63396,5.8,-7.0323199999999995,0.46,0.14631199999999997,0.24922860000000002,0.0482660866,0.177958,0.5212199999999999,126.30691999999995,3.98
std,0.11010062373546654,0.1503769359215131,3.3926691677251197,2.4148017744311683,0.5034574339058886,0.11792947847708625,0.25092517086069577,0.16811902996968503,0.12504171726724989,0.22680255640498573,23.926170748520267,0.14142135623730948
min,0.43799999999999994,0.37200000000000005,0.0,-11.672,0.0,0.0278,0.00124,0.0,0.0649,0.14300000000000002,77.487,3.0
max,0.929,0.9790000000000001,11.0,-2.097,1.0,0.485,0.835,0.8759999999999999,0.7040000000000001,0.95,192.09099999999998,4.0
