,danceability,energy,key,loudness,mode,speechiness,acousticness,instrumentalness,liveness,valence,tempo,time_signature
mean,0.6666400000000001,0.6928599999999999,6.16,-5.855199999999999,0.58,0.097408,0.12325537200000002,0.03127653940000001,0.17114800000000002,0.5267599999999998,124.04202,3.96
std,0.13274646080835023,0.15239663743679124,3.616063932972831,2.2033295305986713,0.49856938190328975,0.08808475009898138,0.15643834595573472,0.11846803544420324,0.13529214080376328,0.20963082808030084,22.428730964391654,0.19794866372215744
min,0.27,0.235,0.0,-16.156,0.0,0.0277,2.95e-05,0.0,0.0481,0.128,76.046,3.0
max,0.8690000000000001,0.9179999999999999,11.0,-2.512,1.0,0.35100000000000003,0.772,0.6759999999999999,0.6990000000000001,0.9620000000000001,167.956,4.0
