,danceability,energy,key,loudness,mode,speechiness,acousticness,instrumentalness,liveness,valence,tempo,time_signature
mean,0.6627800000000001,0.6288199999999999,4.96,-6.815060000000001,0.44,0.11690199999999995,0.21768440000000003,0.016000152799999997,0.16554800000000003,0.43175200000000014,120.00911999999997,3.98
std,0.13171030207796727,0.13249361786708896,3.8806689934513474,2.9035388781166156,0.5014265364224069,0.13008871147436746,0.23239356802156963,0.08961097464966868,0.11880710182854372,0.20583456329027433,27.253859727130802,0.14142135623730942
min,0.35100000000000003,0.29600000000000004,0.0,-14.113,0.0,0.0266,0.0053100000000000005,0.0,0.0228,0.0543,72.98899999999999,3.0
max,0.877,0.9079999999999999,11.0,-1.881,1.0,0.6809999999999999,0.934,0.623,0.631,0.861,187.97,4.0
