,danceability,energy,key,loudness,mode,speechiness,acousticness,instrumentalness,liveness,valence,tempo,time_signature
mean,0.67034,0.6862000000000001,4.84,-6.3520400000000015,0.58,0.10521599999999999,0.16970116000000005,0.004860266800000001,0.17820400000000003,0.4624540000000001,122.63138000000001,3.96
std,0.1402242533390347,0.1394751093294032,3.352489175742316,2.532155482217166,0.49856938190328975,0.0889041454922901,0.19722424837756727,0.022541928901141706,0.1388245890117659,0.22153975016245012,28.727789087088563,0.28284271247461884
min,0.414,0.311,0.0,-19.23,0.0,0.0289,0.000718,0.0,0.047,0.0577,74.967,3.0
max,0.9359999999999999,0.94,11.0,-2.7289999999999996,1.0,0.41200000000000003,0.7190000000000001,0.139,0.693,0.89,199.95,5.0
