,danceability,energy,key,loudness,mode,speechiness,acousticness,instrumentalness,liveness,valence,tempo,time_signature
mean,0.72728,0.6545000000000001,5.64,-6.554199999999998,0.5,0.11978000000000001,0.20789266,0.03827635580000001,0.16236200000000003,0.48036000000000006,119.31608,4.0
std,0.13048059359967076,0.16713446254865744,3.2748889995210027,2.9021057590540513,0.5050762722761054,0.10498012445511887,0.2152247735842513,0.15502570963021273,0.0971693028918588,0.217539089614267,26.254890644772818,0.0
min,0.35100000000000003,0.354,0.0,-14.043,0.0,0.0278,0.000143,0.0,0.0469,0.10099999999999999,76.024,4.0
max,0.978,0.987,11.0,-0.7559999999999999,1.0,0.449,0.765,0.81,0.525,0.8740000000000001,202.03599999999997,4.0
