,danceability,energy,key,loudness,mode,speechiness,acousticness,instrumentalness,liveness,valence,tempo,time_signature
mean,0.64534,0.7169800000000001,6.08,-5.512320000000001,0.52,0.09669799999999996,0.12131779000000002,0.0240939516,0.163816,0.43882599999999994,120.26303999999999,4.0
std,0.15448843956485442,0.13577389517961433,3.4983377977174785,1.946617332288847,0.5046720495044485,0.08287490816937074,0.16726167143181422,0.10338834783247536,0.1247324211327298,0.22761852871927307,23.74254122959848,0.0
min,0.294,0.23399999999999999,0.0,-11.647,0.0,0.0286,2.95e-05,0.0,0.0481,0.0707,79.028,4.0
max,0.9129999999999999,0.9129999999999999,11.0,-1.401,1.0,0.38299999999999995,0.89,0.698,0.6990000000000001,0.887,187.933,4.0
