,danceability,energy,key,loudness,mode,speechiness,acousticness,instrumentalness,liveness,valence,tempo,time_signature
mean,0.69204,0.64128,4.66,-6.552719999999999,0.64,0.09862799999999998,0.20521684000000012,0.0329008104,0.167686,0.44022400000000006,118.58197999999999,3.96
std,0.14898951613575814,0.15919953338050782,3.66789713429304,2.4977592083419773,0.4848732213850611,0.08788879578472898,0.24417735493396048,0.10378182561400942,0.1152513013074526,0.19407001320268363,24.502224029408982,0.282842712474619
min,0.19699999999999998,0.217,0.0,-15.372,0.0,0.0263,0.000662,0.0,0.057999999999999996,0.0872,77.539,3.0
max,0.9359999999999999,0.917,11.0,-3.023,1.0,0.423,0.914,0.512,0.5760000000000001,0.905,175.957,5.0
