,danceability,energy,key,loudness,mode,speechiness,acousticness,instrumentalness,liveness,valence,tempo,time_signature
mean,0.67856,0.6458399999999997,4.88,-6.462839999999997,0.52,0.09138200000000002,0.19897900000000004,0.0105075908,0.17503600000000005,0.42784600000000006,117.10294,4.0
std,0.13717040794692756,0.15132170892451863,3.815328910313965,2.6552764440422605,0.5046720495044485,0.06821653306694404,0.22285096738009663,0.03550540785545893,0.12283558076567559,0.22595969950413722,27.72120838680915,0.20203050891044214
min,0.375,0.303,0.0,-19.23,0.0,0.0251,0.00281,0.0,0.0586,0.0793,64.934,3.0
max,0.9209999999999999,0.904,11.0,-2.7289999999999996,1.0,0.271,0.883,0.179,0.693,0.8809999999999999,199.669,5.0
