,danceability,energy,key,loudness,mode,speechiness,acousticness,instrumentalness,liveness,valence,tempo,time_signature
mean,0.6673,0.6462399999999999,4.78,-6.857159999999999,0.4,0.12591200000000002,0.210868488,0.028059013600000005,0.12929400000000002,0.46163200000000004,126.24343999999999,3.94
std,0.13646039269879814,0.16098289426177537,3.6772327661335953,3.048142742385793,0.49487165930539356,0.12735654376912214,0.22795536759887852,0.12885919605610152,0.06139412127012336,0.21802830226315828,28.52111329950613,0.2398979374820953
min,0.32899999999999996,0.235,0.0,-16.541,0.0,0.0282,5.539999999999999e-05,0.0,0.0657,0.0681,71.884,3.0
max,0.919,0.917,11.0,-1.865,1.0,0.449,0.818,0.843,0.35100000000000003,0.8740000000000001,188.115,4.0
