,danceability,energy,key,loudness,mode,speechiness,acousticness,instrumentalness,liveness,valence,tempo,time_signature
mean,0.66562,0.6371000000000001,5.36,-6.61126,0.54,0.10446799999999999,0.1709937,0.026048374799999996,0.15491000000000002,0.45988,119.48687999999997,3.98
std,0.12494274443822302,0.15942309898441923,3.6798402804735852,2.5333533863241424,0.5034574339058886,0.08781310496777592,0.19364510450508612,0.12007199580702006,0.11060856749855155,0.18415872036293662,27.877319734456947,0.2466096643090295
min,0.386,0.157,0.0,-18.141,0.0,0.0269,0.000725,0.0,0.0371,0.187,73.433,3.0
max,0.922,0.909,11.0,-2.549,1.0,0.337,0.95,0.8029999999999999,0.539,0.892,200.57,5.0
