,danceability,energy,key,loudness,mode,speechiness,acousticness,instrumentalness,liveness,valence,tempo,time_signature
mean,0.6472,0.6244,5.18,-6.44368,0.56,0.07971800000000001,0.24948380000000012,0.045249407,0.17699599999999996,0.40575000000000017,118.69033999999998,4.0
std,0.12398683274395532,0.16204005551664297,3.503292911603282,2.690477079612158,0.5014265364224069,0.06493934592355848,0.24381127969327723,0.16011325193688336,0.0950212714316631,0.17338650495941374,28.75459145917538,0.0
min,0.42700000000000005,0.19699999999999998,0.0,-16.541,0.0,0.0256,0.0004,0.0,0.0772,0.0895,72.991,4.0
max,0.927,0.9329999999999999,11.0,-1.167,1.0,0.326,0.88,0.915,0.419,0.8759999999999999,202.00599999999997,4.0
