,danceability,energy,key,loudness,mode,speechiness,acousticness,instrumentalness,liveness,valence,tempo,time_signature
mean,0.6632999999999999,0.6468199999999998,5.26,-6.808199999999999,0.56,0.09976200000000002,0.199318374,0.044413603199999985,0.16047,0.42581999999999987,122.13546000000001,3.98
std,0.1518991676832271,0.15799518075832927,3.9060915273977086,2.804893966492371,0.5014265364224069,0.08430778618991781,0.21686838874152412,0.15372181574042199,0.10517053837865975,0.20770087203692228,22.364934922556873,0.2466096643090295
min,0.258,0.325,0.0,-14.842,0.0,0.0253,2.55e-05,0.0,0.0613,0.0763,82.008,3.0
max,0.95,0.934,11.0,-2.345,1.0,0.35600000000000004,0.917,0.88,0.519,0.9490000000000001,180.043,5.0
