,danceability,energy,key,loudness,mode,speechiness,acousticness,instrumentalness,liveness,valence,tempo,time_signature
mean,0.6585599999999999,0.66034,5.6,-6.4655,0.64,0.08887600000000002,0.249542,0.047285139600000005,0.16205400000000003,0.46267800000000003,125.70125999999996,4.02
std,0.13321367828279743,0.1626254755753921,3.752550153303913,2.6167770116254516,0.4848732213850611,0.07467545169407604,0.23311047362447823,0.1580229641334428,0.08710269146946316,0.1994837124853525,24.650050705590104,0.2466096643090295
min,0.272,0.23800000000000002,0.0,-13.147,0.0,0.0287,0.00047699999999999994,0.0,0.0237,0.0379,83.507,3.0
max,0.937,0.9640000000000001,11.0,-1.1,1.0,0.345,0.89,0.7,0.405,0.9009999999999999,180.049,5.0
