,danceability,energy,key,loudness,mode,speechiness,acousticness,instrumentalness,liveness,valence,tempo,time_signature
mean,0.68308,0.65684,6.18,-6.459300000000001,0.6,0.105236,0.19953651999999994,0.0054209843999999995,0.155056,0.418084,124.32346000000001,3.92
std,0.15324647880230763,0.18169804060358954,3.7833685454922854,2.4112914420217524,0.49487165930539356,0.07759984946335073,0.23714791073403962,0.023546679696840246,0.10746380151816096,0.1949089419630173,26.453870188063956,0.2740475156178699
min,0.36700000000000005,0.18100000000000002,0.0,-15.372,0.0,0.0247,0.000436,0.0,0.0522,0.0872,79.959,3.0
max,0.941,0.951,11.0,-3.025,1.0,0.275,0.8959999999999999,0.133,0.5379999999999999,0.826,180.239,4.0
