,danceability,energy,key,loudness,mode,speechiness,acousticness,instrumentalness,liveness,valence,tempo,time_signature
mean,0.7027199999999999,0.60614,5.22,-6.654339999999999,0.5,0.10952199999999998,0.274425,0.0161801034,0.165242,0.45141,121.30042000000003,4.0
std,0.13656112334102727,0.18117856903494692,3.604362436191535,2.6412366198507877,0.5050762722761054,0.09713907616591455,0.23600139811285964,0.08929036654500397,0.10166232037325071,0.17213128858578874,23.764244809179445,0.20203050891044214
min,0.317,0.10400000000000001,1.0,-16.541,0.0,0.0256,0.0001,0.0,0.064,0.0895,65.59100000000001,3.0
max,0.9420000000000001,0.935,11.0,-2.293,1.0,0.565,0.9790000000000001,0.626,0.419,0.9129999999999999,171.993,5.0
