,danceability,energy,key,loudness,mode,speechiness,acousticness,instrumentalness,liveness,valence,tempo,time_signature
mean,0.6420999999999999,0.63544,5.6,-6.6315800000000005,0.36,0.09620000000000002,0.2148524,0.0009345358,0.19451599999999997,0.40373,119.42379999999997,3.96
std,0.15351783117864817,0.1561748313883632,3.708787138784906,2.4395284848025995,0.4848732213850611,0.09498711405624813,0.2505350240337503,0.00325047121241131,0.1262766243658124,0.21104099828986708,24.827604566905208,0.28284271247461895
min,0.23199999999999998,0.262,0.0,-12.828,0.0,0.0266,0.0026,0.0,0.0516,0.038,56.876999999999995,3.0
max,0.9109999999999999,0.871,11.0,-2.815,1.0,0.46299999999999997,0.934,0.0181,0.606,0.903,179.09099999999998,5.0
