,danceability,energy,key,loudness,mode,speechiness,acousticness,instrumentalness,liveness,valence,tempo,time_signature
mean,0.6482399999999999,0.6333599999999999,5.44,-6.32292,0.56,0.09283399999999999,0.20458405999999996,0.0387298208,0.14354600000000003,0.4975820000000001,115.47082000000002,3.96
std,0.1613084964296926,0.1812268574951048,3.654239919293081,3.2583214148467587,0.5014265364224069,0.0961132975361126,0.21972331514071258,0.1481748291798101,0.09069785050217169,0.25081765121136046,25.330358421120867,0.1979486637221575
min,0.314,0.204,0.0,-15.295,0.0,0.0261,0.000153,0.0,0.0297,0.0425,70.429,3.0
max,0.885,0.948,11.0,-1.8619999999999999,1.0,0.431,0.9129999999999999,0.845,0.456,0.9309999999999999,179.666,4.0
