,danceability,energy,key,loudness,mode,speechiness,acousticness,instrumentalness,liveness,valence,tempo,time_signature
mean,0.7108599999999998,0.6460400000000002,5.34,-6.320160000000002,0.6,0.11627000000000001,0.21311946000000004,0.031613099799999995,0.16074000000000005,0.4471120000000001,122.5241,4.0
std,0.12398387156466467,0.1621463133678207,4.143398979345437,2.358704516103218,0.4948716593053935,0.12964825923416398,0.2200939510334593,0.10579443552317311,0.12358037622436298,0.21057826276949954,23.788545825669967,0.0
min,0.442,0.175,0.0,-12.603,0.0,0.0261,0.000573,0.0,0.0222,0.0515,88.964,4.0
max,0.937,0.9059999999999999,11.0,-1.167,1.0,0.84,0.763,0.599,0.625,0.9159999999999999,205.808,4.0
