,danceability,energy,key,loudness,mode,speechiness,acousticness,instrumentalness,liveness,valence,tempo,time_signature
mean,0.6075400000000001,0.6334399999999999,5.82,-6.616139999999999,0.54,0.108774,0.27097170800000003,0.039430273599999996,0.256268,0.4268540000000002,120.89884,3.98
std,0.18053358667673822,0.21900024787983363,3.6009635898617756,2.7841189205336527,0.5034574339058886,0.12400822686665687,0.28524221369666414,0.13061452704571952,0.2425669210754014,0.21342517707187986,26.0023447297213,0.3187987657774485
min,0.222,0.10400000000000001,0.0,-15.359000000000002,0.0,0.0299,8.14e-05,0.0,0.0403,0.0547,77.015,3.0
max,0.9329999999999999,0.981,11.0,-1.167,1.0,0.84,0.9790000000000001,0.7,0.9790000000000001,0.91,173.898,5.0
