,danceability,energy,key,loudness,mode,speechiness,acousticness,instrumentalness,liveness,valence,tempo,time_signature
mean,0.6888599999999998,0.6309800000000001,5.08,-6.5050399999999975,0.6,0.13377199999999995,0.20472348000000004,0.0042737812,0.17616800000000002,0.38805600000000007,125.32676,3.92
std,0.14571498739326852,0.16754986951803397,3.767963776419323,2.3747913331318955,0.49487165930539356,0.09754205799321142,0.22669451866974585,0.018127083948526777,0.1260317735124515,0.2060134661340647,28.300375156206687,0.27404751561786994
min,0.368,0.217,0.0,-15.372,0.0,0.0247,0.000704,0.0,0.0537,0.0499,76.983,3.0
max,0.9390000000000001,0.885,11.0,-3.5180000000000002,1.0,0.473,0.8370000000000001,0.114,0.575,0.8190000000000001,181.993,4.0
