,danceability,energy,key,loudness,mode,speechiness,acousticness,instrumentalness,liveness,valence,tempo,time_signature
mean,0.7010000000000001,0.6411800000000001,5.42,-7.1869,0.46,0.138374,0.18511150800000004,0.053118715200000007,0.16196400000000005,0.469424,123.38032000000001,4.0
std,0.14247792525045228,0.1888810974650238,4.076262794196043,3.4277181393541016,0.5034574339058886,0.11863780725470312,0.2177806410769958,0.1794706130990231,0.10130685807919201,0.22849604789151345,26.679398941031145,0.0
min,0.273,0.102,0.0,-17.832,0.0,0.0282,5.539999999999999e-05,0.0,0.0518,0.0528,78.616,4.0
max,0.966,0.938,11.0,-1.865,1.0,0.449,0.903,0.915,0.41100000000000003,0.9540000000000001,203.579,4.0
