,danceability,energy,key,loudness,mode,speechiness,acousticness,instrumentalness,liveness,valence,tempo,time_signature
mean,0.6898200000000001,0.6902000000000001,6.02,-5.91362,0.54,0.132992,0.21083541999999997,0.05861435660000001,0.15990400000000002,0.4534140000000001,125.11681999999999,4.02
std,0.12549862833627193,0.1815431584151464,3.472868601967344,2.4125538157474433,0.5034574339058886,0.14621250238287156,0.21396754849467245,0.1879333455391865,0.09730788914469331,0.18277635046634427,24.78555660031356,0.14142135623730948
min,0.391,0.353,0.0,-12.770999999999999,0.0,0.0282,0.00043099999999999996,0.0,0.064,0.0727,80.02,4.0
max,0.9420000000000001,0.977,11.0,-1.167,1.0,0.84,0.763,0.915,0.419,0.857,173.898,5.0
