{
  "POL": [874.279296875, 416.45050048828125],
  "HND": [404.2190246582031, 621.7098999023438],
  "SWE": [852.6333618164062, 357.62054443359375],
  "NOR": [828.671875, 343],
  "LUX": [813.5494384765625, 433.6575927734375],
  "CYP": [933.024658203125, 523.4371948242188],
  "BRA": [562.8778686523438, 733.356689453125],
  "FRA": [798.284912109375, 452.123291015625],
  "ECU": [440.73828125, 692.44873046875],
  "GTM": [389.82147216796875, 617.8421020507812],
  "BEL": [807.4952392578125, 427.6269226074219],
  "TUR": [941.9890747070312, 500.756591796875],
  "NLD": [811.962158203125, 413.97802734375],
  "HKG": "13",
  "MYS": [1237.376220703125, 668.3910522460938],
  "IDN": [1236.1077880859375, 694.1809692382812],
  "EST": [900.6718139648438, 367.99639892578125],
  "ESP": [772.0114135742188, 490.7735900878906],
  "CZE": [852.9837036132812, 432.3613586425781],
  "CRI": [416.9466552734375, 642.655517578125],
  "VNM": [1249.663818359375, 588.4119873046875],
  "AUS": [1372.255859375, 794.4146118164062],
  "LVA": [898.5928344726562, 381.1819763183594],
  "GBR": [778.2716064453125, 414.32037353515625],
  "DEU": [829.8247680664062, 423.6809387207031],
  "URY": [540.6250610351562, 838.9810180664062],
  "SVK": [871.94921875, 440.5767517089844],
  "ARG": [502.4370422363281, 848.9635620117188],
  "TWN": "28",
  "USA": [349.1477355957031, 498.8773193359375],
  "PRT": [752.671875, 492],
  "IRL": [752.009765625, 408.63031005859375],
  "DOM": [475.710693359375, 601.1397705078125],
  "CHE": [822.9703369140625, 452.0229187011719],
  "LTU": [891.8009643554688, 392.1533508300781],
  "JPN": [1396.6807861328125, 519.1077880859375],
  "BOL": [501.416748046875, 760.6880493164062],
  "NIC": [411.3764343261719, 629.9246215820312],
  "COL": [463.5904846191406, 671.8550415039062],
  "HUN": [870.5737915039062, 450.20318603515625],
  "SGP": "40",
  "MEX": [335.584228515625, 581.5108642578125],
  "BGR": [897.483154296875, 479.40435791015625],
  "ROU": [897.267822265625, 457.3334045410156],
  "ZAF": [895.1668090820312, 826.6543579101562],
  "IND": [1131.352783203125, 588.9796752929688],
  "ITA": [841.7445678710938, 480.52642822265625],
  "DNK": [827.9019775390625, 386.4625244140625],
  "PAN": [429.67791748046875, 650.7674560546875],
  "PHL": [1339.168212890625, 652.756103515625],
  "NZL": [1532.2449951171875, 910.9853515625],
  "PER": [454.9405212402344, 731.56298828125],
  "AND": "52",
  "THA": [1233.31103515625, 617.1577758789062],
  "AUT": [849.984130859375, 447.5065612792969],
  "FIN": [901.8906860351562, 323.3226623535156],
  "MLT": "56",
  "GRC": [883.1253662109375, 501.5602111816406],
  "SLV": [395.59356689453125, 626.4318237304688],
  "GLO": "59",
  "ISR": [940.9843139648438, 543.964599609375],
  "CHL": [467.3410339355469, 910.0773315429688],
  "CAN": [296.1797180175781, 362.1573486328125],
  "ISL": [705.72265625, 308.0495300292969],
  "PRY": [525.8419189453125, 788.5673217773438]
}
