,danceability,energy,key,loudness,mode,speechiness,acousticness,instrumentalness,liveness,valence,tempo,time_signature
mean,0.74374,0.6971599999999999,5.1,-5.444440000000001,0.5,0.091142,0.22247667999999998,0.0027753724,0.18486999999999998,0.6159600000000001,112.50034000000001,4.0
std,0.10118719972286565,0.15229675114119562,3.6770107646382137,2.4243989464253963,0.5050762722761054,0.056015788918511764,0.22499625224111752,0.01373999200515609,0.13090622948648148,0.1830210158558245,27.938229070875888,0.0
min,0.41600000000000004,0.37799999999999995,0.0,-14.605,0.0,0.0278,0.000164,0.0,0.043,0.252,74.997,4.0
max,0.917,0.995,11.0,-1.182,1.0,0.24100000000000002,0.845,0.0902,0.636,0.934,195.99,4.0
