,danceability,energy,key,loudness,mode,speechiness,acousticness,instrumentalness,liveness,valence,tempo,time_signature
mean,0.7271199999999999,0.67948,4.76,-5.97552,0.54,0.11817999999999998,0.23497880000000004,0.004914328599999999,0.17165600000000006,0.57406,127.96180000000004,4.0
std,0.12085150949383615,0.13979069485250775,4.073608438999226,2.510669324856523,0.5034574339058886,0.0911793388698048,0.2098475172511931,0.0293023892524493,0.1274277212655817,0.2342376614484023,34.42233674431147,0.0
min,0.479,0.36700000000000005,0.0,-14.238,0.0,0.0253,0.00307,0.0,0.0433,0.125,70.27600000000001,4.0
max,0.9329999999999999,0.963,11.0,-1.0979999999999999,1.0,0.473,0.831,0.207,0.677,0.958,181.995,4.0
