,danceability,energy,key,loudness,mode,speechiness,acousticness,instrumentalness,liveness,valence,tempo,time_signature
mean,0.6916999999999998,0.75708,4.5,-5.807960000000001,0.7,0.095018,0.25603400000000004,0.0006863554000000002,0.21045999999999992,0.6781820000000001,121.72058000000001,3.96
std,0.14385909347521345,0.1380548308699504,3.7484690752576935,2.1129634568056113,0.4629100498862757,0.07399049770761384,0.2240360569011978,0.0034584460120567254,0.16788770663993335,0.2052989832574205,30.765851313169957,0.19794866372215753
min,0.266,0.419,0.0,-11.45,0.0,0.0256,0.0035600000000000002,0.0,0.0383,0.0411,74.97399999999999,3.0
max,0.9359999999999999,0.982,11.0,-3.023,1.0,0.377,0.871,0.0239,0.9359999999999999,0.971,197.095,4.0
