,danceability,energy,key,loudness,mode,speechiness,acousticness,instrumentalness,liveness,valence,tempo,time_signature
mean,0.71138,0.7411999999999999,5.28,-5.200740000000001,0.56,0.08609800000000002,0.151619,0.010233878399999998,0.15629200000000001,0.5686019999999999,111.59024000000001,4.02
std,0.10340960560127983,0.13851545261177503,3.9177252875324773,1.5313073220924263,0.5014265364224069,0.06656230621127296,0.1468812620445369,0.053912354062015735,0.10581082047981784,0.22935849711750383,22.867988166831978,0.14142135623730942
min,0.386,0.466,0.0,-9.367,0.0,0.0312,0.00179,0.0,0.0404,0.0921,75.016,4.0
max,0.9129999999999999,0.971,11.0,-2.984,1.0,0.337,0.5760000000000001,0.371,0.39399999999999996,0.9390000000000001,179.864,5.0
