,danceability,energy,key,loudness,mode,speechiness,acousticness,instrumentalness,liveness,valence,tempo,time_signature
mean,0.7417200000000003,0.64358,4.8,-5.90236,0.66,0.12411200000000003,0.2723399999999999,0.0163993828,0.13633199999999998,0.5711399999999999,126.37528,3.98
std,0.12931405214296185,0.16124352098991288,3.5050983275386565,2.2825592042302705,0.47851812069840666,0.1057042729621134,0.24991686291114282,0.1145247718970475,0.08260721528006217,0.2121545460945191,31.80533134043886,0.2466096643090295
min,0.325,0.18600000000000003,0.0,-13.635,0.0,0.0335,0.0125,0.0,0.0366,0.14400000000000002,80.002,3.0
max,0.9490000000000001,0.9009999999999999,11.0,-1.3869999999999998,1.0,0.48,0.895,0.81,0.46,0.9490000000000001,189.983,5.0
