,danceability,energy,key,loudness,mode,speechiness,acousticness,instrumentalness,liveness,valence,tempo,time_signature
mean,0.6129199999999999,0.6298639999999996,5.16,-7.125939999999998,0.52,0.08425800000000003,0.35013536,0.04442429159999998,0.18070999999999998,0.5459999999999999,119.14057999999999,3.96
std,0.13029430422810398,0.23101743529925378,3.632955731486247,4.041193617419164,0.5046720495044484,0.08954922506757991,0.31188365080415636,0.17536855115541106,0.13255009411154559,0.2606073753400556,31.702119410956268,0.2828427124746189
min,0.3,0.0842,0.0,-19.49,0.0,0.0277,0.000918,0.0,0.0339,0.14300000000000002,57.967,3.0
max,0.825,0.963,11.0,-3.073,1.0,0.499,0.977,0.903,0.647,0.961,207.352,5.0
