,danceability,energy,key,loudness,mode,speechiness,acousticness,instrumentalness,liveness,valence,tempo,time_signature
mean,0.74076,0.7230599999999997,4.8,-5.349399999999999,0.66,0.16644399999999998,0.2361069680000001,0.056956909199999996,0.22011599999999998,0.61922,126.24022,4.0
std,0.0968530466896175,0.12341904890515508,3.838579669298401,2.0591267417950534,0.47851812069840666,0.12561403171328156,0.18719529659683692,0.1973715942462173,0.1834579619978598,0.19952415740394722,34.896598999417165,0.20203050891044214
min,0.43799999999999994,0.43,0.0,-11.568,0.0,0.028999999999999998,1.84e-05,0.0,0.0501,0.15,76.992,3.0
max,0.893,0.972,11.0,-1.681,1.0,0.556,0.74,0.919,0.902,0.95,192.09099999999998,5.0
