,danceability,energy,key,loudness,mode,speechiness,acousticness,instrumentalness,liveness,valence,tempo,time_signature
mean,0.7245510204081634,0.7186326530612245,6.1020408163265305,-5.025469387755102,0.5306122448979592,0.11753265306122451,0.29304346938775505,0.0005160616326530612,0.1565285714285714,0.6163469387755103,121.55428571428573,4.0
std,0.1106991157041784,0.1283364221290977,3.459557401600093,1.866083153984579,0.5042337758225567,0.0964509274790275,0.20446381680253992,0.002058408104454696,0.12241082128090908,0.2374748715671836,36.80567333079689,0.0
min,0.395,0.355,1.0,-10.47,0.0,0.0323,0.0036299999999999995,0.0,0.0515,0.11599999999999999,80.087,4.0
max,0.877,0.934,11.0,-2.533,1.0,0.419,0.795,0.0112,0.701,0.963,192.44299999999998,4.0
