,danceability,energy,key,loudness,mode,speechiness,acousticness,instrumentalness,liveness,valence,tempo,time_signature
mean,0.719734693877551,0.7005510204081632,5.755102040816326,-5.6953061224489785,0.5714285714285714,0.12279387755102042,0.2430722448979592,0.0005067826530612245,0.17267959183673465,0.5575102040816327,129.53795918367348,3.979591836734694
std,0.11608721138117885,0.13085059247485434,3.3882801207796778,2.7328955508465262,0.5000000000000002,0.09167909023727652,0.1908310511100647,0.002022902292776371,0.120282407240197,0.22089789519604036,37.146849009460176,0.14285714285714288
min,0.395,0.355,0.0,-12.899000000000001,0.0,0.0287,0.00381,0.0,0.0515,0.15,48.702,3.0
max,0.9059999999999999,0.9179999999999999,11.0,-2.576,1.0,0.41,0.795,0.0112,0.701,0.961,196.076,4.0
