,danceability,energy,key,loudness,mode,speechiness,acousticness,instrumentalness,liveness,valence,tempo,time_signature
mean,0.7389600000000002,0.6764000000000001,5.8,-5.427760000000001,0.6,0.14529799999999998,0.2639776000000001,0.020590709199999998,0.16679400000000005,0.6592,122.00345999999999,3.98
std,0.12458944168585008,0.1716743476255351,3.9589732744431476,2.5579123866855147,0.49487165930539356,0.10524851540956938,0.24578139653748896,0.11568664947903456,0.11435949477370892,0.1641952545984599,37.26021055085821,0.24660966430902945
min,0.271,0.19399999999999998,0.0,-12.603,0.0,0.031,0.00938,0.0,0.0501,0.266,71.884,3.0
max,0.9179999999999999,0.935,11.0,-1.865,1.0,0.41100000000000003,0.938,0.81,0.627,0.9570000000000001,192.128,5.0
