,danceability,energy,key,loudness,mode,speechiness,acousticness,instrumentalness,liveness,valence,tempo,time_signature
mean,0.7184,0.7110399999999999,4.96,-5.591939999999999,0.56,0.101912,0.23200299999999996,0.00067803,0.16434,0.5846399999999999,122.71555999999998,4.02
std,0.11277537725179958,0.16266102978969763,3.6975446900198357,2.2712636724510693,0.5014265364224069,0.0685576731441403,0.21614766356897439,0.002741287008121907,0.1120636171364921,0.24599110320729659,32.292112570908785,0.14142135623730948
min,0.506,0.267,0.0,-12.39,0.0,0.0295,0.00472,0.0,0.0324,0.136,80.04,4.0
max,0.9329999999999999,0.94,11.0,-2.083,1.0,0.292,0.9359999999999999,0.0144,0.44799999999999995,0.958,181.995,5.0
