,danceability,energy,key,loudness,mode,speechiness,acousticness,instrumentalness,liveness,valence,tempo,time_signature
mean,0.71036,0.6873400000000001,6.12,-5.612419999999999,0.72,0.13442400000000002,0.2908646000000001,0.0258863804,0.17481000000000008,0.6081599999999999,120.17309999999999,4.0
std,0.13466159551305804,0.14966828764481344,3.717800534768713,2.643946038922635,0.4535573676110727,0.10507765555987242,0.2624309792346964,0.1293842931972789,0.13461078625247758,0.1796337952840814,34.60148577926464,0.20203050891044214
min,0.33799999999999997,0.19399999999999998,0.0,-14.465,0.0,0.0347,0.00903,0.0,0.0501,0.17,74.93,3.0
max,0.882,0.972,11.0,-1.8,1.0,0.479,0.9329999999999999,0.7979999999999999,0.8009999999999999,0.88,188.085,5.0
