,danceability,energy,key,loudness,mode,speechiness,acousticness,instrumentalness,liveness,valence,tempo,time_signature
mean,0.7097399999999997,0.6805199999999999,5.44,-5.5678600000000005,0.66,0.10764400000000002,0.24026066000000004,0.0013927720000000002,0.19472799999999998,0.60358,129.28134,3.96
std,0.12131790082763752,0.14221975522236777,3.326823575430597,2.280693324676619,0.47851812069840666,0.08309346387517799,0.23722686292580092,0.005714617150750614,0.1448899723858045,0.2120370674179014,37.44108793149961,0.19794866372215744
min,0.414,0.205,0.0,-14.08,0.0,0.0294,0.000813,0.0,0.0465,0.126,77.176,3.0
max,0.9590000000000001,0.895,11.0,-1.915,1.0,0.39,0.892,0.0345,0.6970000000000001,0.963,212.11700000000002,4.0
