,danceability,energy,key,loudness,mode,speechiness,acousticness,instrumentalness,liveness,valence,tempo,time_signature
mean,0.7202600000000001,0.7064199999999999,5.82,-5.16468,0.54,0.11531000000000002,0.17356919999999995,0.0013043842,0.19125400000000006,0.5810040000000002,120.95642000000005,3.96
std,0.12612721307295668,0.1281697041473705,3.001292238693329,2.03111735048189,0.5034574339058886,0.09103708203870801,0.17173038987759331,0.004808772953976328,0.14995227976980965,0.1967757264356702,31.33612529678674,0.19794866372215744
min,0.36200000000000004,0.37799999999999995,1.0,-9.232999999999999,0.0,0.0342,0.0010400000000000001,0.0,0.0505,0.0752,87.23700000000001,3.0
max,0.922,0.9420000000000001,11.0,-0.5329999999999999,1.0,0.39,0.845,0.0274,0.784,0.9640000000000001,212.11700000000002,4.0
