,danceability,energy,key,loudness,mode,speechiness,acousticness,instrumentalness,liveness,valence,tempo,time_signature
mean,0.73624,0.7233200000000001,5.84,-5.10494,0.56,0.11068000000000001,0.23950260000000007,0.0005273992,0.16232200000000002,0.7164200000000004,126.65500000000002,4.0
std,0.10884262370364782,0.14353147134097846,3.7217507400991505,1.9667320497490763,0.5014265364224069,0.0947814736913393,0.22298668267007352,0.0016576832934290043,0.12613060495423958,0.13697744339853915,33.82632415858443,0.20203050891044214
min,0.435,0.316,0.0,-12.595,0.0,0.0287,0.00116,0.0,0.0462,0.35700000000000004,88.792,3.0
max,0.9079999999999999,0.966,11.0,-1.8659999999999999,1.0,0.426,0.871,0.00853,0.5660000000000001,0.9520000000000001,188.12400000000002,5.0
