,danceability,energy,key,loudness,mode,speechiness,acousticness,instrumentalness,liveness,valence,tempo,time_signature
mean,0.6835799999999999,0.6962400000000001,5.54,-5.46934,0.64,0.09301600000000003,0.21296650000000003,0.0005746014,0.19360200000000005,0.5725000000000001,118.23425999999999,3.9
std,0.14718835496307,0.16021090181764938,3.6989242782634157,2.0349389762700154,0.4848732213850611,0.0814826571255804,0.23548908004113997,0.0028736438130090064,0.1662317272327263,0.20807634489802643,29.69079507586725,0.46291004988627577
min,0.3,0.19399999999999998,0.0,-14.366,0.0,0.0274,0.000965,0.0,0.0501,0.141,60.193999999999996,1.0
max,0.922,0.895,11.0,-2.384,1.0,0.35700000000000004,0.9840000000000001,0.0183,0.784,0.9129999999999999,187.84400000000002,4.0
