,danceability,energy,key,loudness,mode,speechiness,acousticness,instrumentalness,liveness,valence,tempo,time_signature
mean,0.69884,0.74976,5.6,-4.9717600000000015,0.58,0.088396,0.19056504600000004,0.0025316282000000002,0.17576799999999998,0.6055600000000002,105.64903999999999,3.98
std,0.13233682443689215,0.1428282199292677,3.768830273792263,1.6247040240346198,0.49856938190328975,0.0630835402058093,0.1929422368376664,0.015821826268895667,0.12613849926140064,0.21661365589077558,16.766062507290357,0.14142135623730945
min,0.172,0.365,0.0,-9.692,0.0,0.0292,4.23e-05,0.0,0.0494,0.121,79.158,3.0
max,0.893,0.938,11.0,-1.412,1.0,0.278,0.711,0.11199999999999999,0.6890000000000001,0.8959999999999999,153.30100000000002,4.0
