,danceability,energy,key,loudness,mode,speechiness,acousticness,instrumentalness,liveness,valence,tempo,time_signature
mean,0.6909000000000001,0.6845999999999998,5.16,-6.166379999999999,0.48,0.076928,0.28231860000000003,0.020560006000000006,0.17113200000000003,0.572446,115.56368,3.98
std,0.12327557481893475,0.1934651790638411,3.5361688019547888,2.8782437593726047,0.5046720495044484,0.04943370344951603,0.2993041795327207,0.09255177284737584,0.15029724485912874,0.23321639002332198,34.092622241230806,0.24660966430902945
min,0.365,0.17800000000000002,0.0,-16.526,0.0,0.0276,0.0026100000000000003,0.0,0.0491,0.0793,71.91199999999999,3.0
max,0.909,0.961,11.0,-2.733,1.0,0.243,0.9840000000000001,0.49700000000000005,0.737,0.9420000000000001,195.99,5.0
