,danceability,energy,key,loudness,mode,speechiness,acousticness,instrumentalness,liveness,valence,tempo,time_signature
mean,0.7289399999999998,0.70352,5.04,-5.5046599999999986,0.66,0.088232,0.22857,0.015023678399999997,0.17728800000000003,0.6273400000000001,119.47106000000004,3.96
std,0.1261903987421146,0.15805143053410667,3.625082687304652,2.2872729472238422,0.4785181206984066,0.060255447513913964,0.18852457918028098,0.10390235365791228,0.1219365603542285,0.19935391664482704,30.84375396592659,0.1979486637221575
min,0.335,0.225,0.0,-12.558,0.0,0.0256,0.00257,0.0,0.0465,0.156,79.997,3.0
max,0.9359999999999999,0.97,11.0,-2.573,1.0,0.239,0.7490000000000001,0.735,0.575,0.9259999999999999,183.817,4.0
