,danceability,energy,key,loudness,mode,speechiness,acousticness,instrumentalness,liveness,valence,tempo,time_signature
mean,0.6959200000000003,0.6998599999999999,5.4,-5.5652,0.52,0.09486400000000002,0.24146800000000007,0.0001449846,0.19841000000000006,0.6447860000000002,127.10231999999998,3.94
std,0.13767750546187305,0.14192294690127757,3.187987657774486,2.134022789312739,0.5046720495044484,0.05425661535890422,0.23967811956021012,0.0006364356810608503,0.14312717514611306,0.2136708894156466,36.90631311320322,0.23989793748209529
min,0.337,0.37799999999999995,0.0,-11.485,0.0,0.0353,0.0127,0.0,0.0404,0.0793,68.507,3.0
max,0.909,0.9129999999999999,11.0,-2.199,1.0,0.23600000000000002,0.9840000000000001,0.00426,0.636,0.938,193.963,4.0
