,danceability,energy,key,loudness,mode,speechiness,acousticness,instrumentalness,liveness,valence,tempo,time_signature
mean,0.7026326530612247,0.6814551020408164,4.36734693877551,-6.0573877551020425,0.6326530612244898,0.09714081632653061,0.23994530612244894,0.019816796326530613,0.16636122448979587,0.6014285714285714,118.10938775510208,3.979591836734694
std,0.13374956290856166,0.1824040924490919,3.7787447075220433,2.802746449291053,0.48707791774949466,0.06989409225859552,0.2243166712308558,0.12602521415369547,0.10595927444134398,0.2095495953626889,30.10907802599874,0.1428571428571429
min,0.258,0.0683,0.0,-18.162,0.0,0.0366,0.0018100000000000002,0.0,0.0383,0.0763,79.987,3.0
max,0.872,0.943,11.0,-2.984,1.0,0.319,0.799,0.88,0.419,0.924,199.796,4.0
