,danceability,energy,key,loudness,mode,speechiness,acousticness,instrumentalness,liveness,valence,tempo,time_signature
mean,0.7007800000000002,0.693,5.82,-5.678119999999999,0.54,0.10129200000000002,0.22388060000000004,0.020200327199999996,0.19963400000000003,0.5842660000000001,124.91066000000001,3.9
std,0.1552940975526561,0.1663624025421364,3.7941415635268054,2.596031269583065,0.5034574339058886,0.06526994132689509,0.21745961014057255,0.1035164227769246,0.19669880902910775,0.22273282943967665,32.552498834839774,0.5050762722761053
min,0.228,0.179,0.0,-11.962,0.0,0.0299,0.0057,0.0,0.0542,0.0713,75.972,1.0
max,0.985,0.934,11.0,-1.694,1.0,0.303,0.9329999999999999,0.669,0.955,0.945,201.80700000000002,5.0
