,danceability,energy,key,loudness,mode,speechiness,acousticness,instrumentalness,liveness,valence,tempo,time_signature
mean,0.6380799999999999,0.68082,5.68,-6.10686,0.64,0.10197600000000001,0.21801945999999994,0.0012751002,0.169694,0.5588400000000001,127.04861999999996,3.98
std,0.14317547960172397,0.19824697954309212,3.8356012220633513,2.821296300769328,0.48487322138506106,0.09568545100846772,0.250928972740699,0.005518327218892086,0.1606747143791341,0.22131456604312594,33.729572665534796,0.14142135623730934
min,0.309,0.121,0.0,-15.133,0.0,0.0261,0.000153,0.0,0.0456,0.134,70.429,3.0
max,0.9159999999999999,0.9890000000000001,11.0,-0.312,1.0,0.5379999999999999,0.91,0.0351,0.9229999999999999,0.9309999999999999,199.59900000000002,4.0
