,danceability,energy,key,loudness,mode,speechiness,acousticness,instrumentalness,liveness,valence,tempo,time_signature
mean,0.7319799999999996,0.7016199999999998,5.9,-5.520900000000001,0.64,0.10434800000000001,0.255809,0.028733922999999998,0.14513800000000002,0.6532800000000001,128.61955999999998,4.02
std,0.09535229843232165,0.154936048690011,3.564278557107042,2.0978764506140055,0.4848732213850611,0.08400974734505273,0.260782314594188,0.12663491667308654,0.08764776651752287,0.1993008227759827,34.6675105003553,0.14142135623730942
min,0.46399999999999997,0.29100000000000004,0.0,-10.599,0.0,0.0266,0.00025,0.0,0.0265,0.171,75.801,4.0
max,0.9790000000000001,0.925,11.0,-1.3869999999999998,1.0,0.37200000000000005,0.866,0.81,0.46,0.963,191.977,5.0
