,danceability,energy,key,loudness,mode,speechiness,acousticness,instrumentalness,liveness,valence,tempo,time_signature
mean,0.7191999999999998,0.6657,5.88,-5.297299999999999,0.64,0.13727200000000003,0.2793226,0.0093864256,0.150286,0.5879519999999999,123.30807999999998,4.0
std,0.13811574560372716,0.13950981971143955,3.712307165334776,2.0671574315805694,0.48487322138506106,0.1140486810488381,0.23030525118128217,0.0657500921506285,0.11365056184710776,0.22951039480260801,35.45699274219403,0.20203050891044214
min,0.341,0.19399999999999998,0.0,-12.414000000000001,0.0,0.0328,0.00903,0.0,0.0501,0.0826,76.995,3.0
max,0.882,0.972,11.0,-1.8,1.0,0.479,0.861,0.465,0.605,0.9109999999999999,188.085,5.0
