,danceability,energy,key,loudness,mode,speechiness,acousticness,instrumentalness,liveness,valence,tempo,time_signature
mean,0.60368,0.7308400000000003,5.84,-6.31464,0.64,0.07066,0.21945244800000005,0.044744951199999994,0.20220999999999997,0.533718,123.48143999999998,3.92
std,0.12710343530096316,0.19356276838824776,3.376751246330093,3.6102565274902165,0.4848732213850611,0.07225935148858603,0.2771004450598406,0.162577158897538,0.1718683552333362,0.2432430141958902,30.493697322133265,0.2740475156178698
min,0.298,0.07400000000000001,0.0,-23.625,0.0,0.0264,7.44e-05,0.0,0.0349,0.0989,41.766000000000005,3.0
max,0.8540000000000001,0.96,11.0,-2.559,1.0,0.45899999999999996,0.9690000000000001,0.821,0.762,0.925,179.40400000000002,4.0
