,danceability,energy,key,loudness,mode,speechiness,acousticness,instrumentalness,liveness,valence,tempo,time_signature
mean,0.7324600000000002,0.6873000000000001,4.72,-5.70766,0.72,0.12195799999999998,0.227055,0.05191050999999999,0.16349200000000003,0.62176,124.23628000000001,3.98
std,0.09104948419089794,0.1884212876313424,3.6255330361090854,3.202017932683152,0.4535573676110727,0.09092920343176164,0.23696901772939147,0.19082182569024142,0.10942865318907802,0.19626289740539138,34.871133189502174,0.2466096643090295
min,0.41700000000000004,0.218,0.0,-15.177,0.0,0.0312,0.000292,0.0,0.0469,0.168,75.233,3.0
max,0.9790000000000001,0.9590000000000001,11.0,-1.339,1.0,0.368,0.8140000000000001,0.81,0.529,0.9620000000000001,195.919,5.0
