,danceability,energy,key,loudness,mode,speechiness,acousticness,instrumentalness,liveness,valence,tempo,time_signature
mean,0.7118000000000002,0.6972400000000001,5.9,-5.546280000000001,0.6,0.11651999999999997,0.3056326,0.011699559400000002,0.16644599999999998,0.61076,123.42378000000001,4.0
std,0.1170000872143404,0.15908790536257955,3.615443067098218,2.4551224421022844,0.4948716593053936,0.09074744950595987,0.2371124058659753,0.07914962143890825,0.13954904369403023,0.21191185691707015,33.245141682375554,0.20203050891044214
min,0.396,0.127,0.0,-14.169,0.0,0.0242,0.00513,0.0,0.0237,0.163,75.04,3.0
max,0.9109999999999999,0.888,11.0,-1.9480000000000002,1.0,0.345,0.978,0.56,0.737,0.976,182.18400000000003,5.0
