,danceability,energy,key,loudness,mode,speechiness,acousticness,instrumentalness,liveness,valence,tempo,time_signature
mean,0.7264999999999999,0.73186,5.86,-4.88826,0.62,0.169742,0.2528166,0.0373016756,0.16886800000000002,0.66928,131.01966000000002,3.98
std,0.10542107019384847,0.1217877058907115,3.9019095272934856,2.0508793217166383,0.4903143514780145,0.12637915755893503,0.20585155039107225,0.14771286057997166,0.14016375472559056,0.17126528413843947,39.00849767579953,0.14142135623730948
min,0.4,0.41100000000000003,0.0,-11.749,0.0,0.028999999999999998,0.00903,0.0,0.0465,0.244,75.014,3.0
max,0.885,0.972,11.0,-1.681,1.0,0.556,0.879,0.785,0.6709999999999999,0.9390000000000001,192.09099999999998,4.0
