,danceability,energy,key,loudness,mode,speechiness,acousticness,instrumentalness,liveness,valence,tempo,time_signature
mean,0.6875799999999999,0.6769899999999999,5.04,-6.03112,0.58,0.11207999999999997,0.270734,0.0005684700000000002,0.169874,0.6134400000000001,123.93313999999998,4.0
std,0.12799873883307267,0.18118393208256067,3.5568846722136733,3.1017940538747992,0.49856938190328975,0.08987243567344523,0.23187961127820317,0.0018018468812973027,0.11968897756694392,0.19274876955058703,33.5364520186678,0.20203050891044214
min,0.368,0.0935,0.0,-16.61,0.0,0.027999999999999997,0.0104,0.0,0.0559,0.1,78.438,3.0
max,0.9009999999999999,0.902,11.0,-1.746,1.0,0.353,0.94,0.008740000000000001,0.6509999999999999,0.968,188.048,5.0
