,danceability,energy,key,loudness,mode,speechiness,acousticness,instrumentalness,liveness,valence,tempo,time_signature
mean,0.68798,0.6512320000000001,4.96,-6.248679999999997,0.52,0.10533000000000005,0.26386,0.0105781892,0.236462,0.5552999999999999,121.13368000000006,3.96
std,0.17154597051519457,0.21104126053684286,3.556884672213673,3.8302190135067438,0.5046720495044484,0.09887136819615469,0.27976621441949034,0.049056102888131864,0.18694259283621414,0.22684870891123418,30.52809109618783,0.19794866372215744
min,0.27,0.0946,0.0,-20.055,0.0,0.0277,0.00267,0.0,0.0433,0.12,70.27600000000001,3.0
max,0.9640000000000001,0.975,11.0,0.175,1.0,0.53,0.965,0.336,0.6859999999999999,0.892,184.11900000000003,4.0
