,danceability,energy,key,loudness,mode,speechiness,acousticness,instrumentalness,liveness,valence,tempo,time_signature
mean,0.7378199999999998,0.67658,5.44,-5.155060000000001,0.64,0.13127400000000006,0.23986199999999994,0.023593294200000003,0.13583800000000004,0.65892,123.03998,3.98
std,0.12253091071902084,0.16545633741817425,3.9131385180216256,2.1730700131474863,0.4848732213850611,0.10549519731790095,0.216568505342126,0.11917041540692759,0.09384026134330398,0.17170986920871342,36.97405087327035,0.24660966430902945
min,0.271,0.19399999999999998,0.0,-12.414000000000001,0.0,0.0281,0.0105,0.0,0.0462,0.193,74.68,3.0
max,0.884,0.935,11.0,-1.8659999999999999,1.0,0.41100000000000003,0.938,0.81,0.499,0.9570000000000001,191.99400000000003,5.0
