,danceability,energy,key,loudness,mode,speechiness,acousticness,instrumentalness,liveness,valence,tempo,time_signature
mean,0.71214,0.6581599999999999,5.26,-5.273839999999999,0.46,0.118454,0.25292339999999996,0.00021389080000000006,0.15865400000000002,0.58864,126.41864000000001,3.98
std,0.13547377334859365,0.15660953133868463,3.657868231634376,1.7484066024088736,0.5034574339058886,0.08870778032278746,0.22483952905790297,0.0009080085643663349,0.13410000716796766,0.19678889134070054,36.85536847044464,0.24660966430902947
min,0.28600000000000003,0.212,0.0,-9.682,0.0,0.0322,0.00147,0.0,0.0469,0.114,64.921,3.0
max,0.932,0.922,11.0,-2.1180000000000003,1.0,0.368,0.968,0.0063,0.79,0.9309999999999999,195.567,5.0
