,danceability,energy,key,loudness,mode,speechiness,acousticness,instrumentalness,liveness,valence,tempo,time_signature
mean,0.6987199999999999,0.6950399999999999,4.86,-5.80328,0.58,0.10985199999999998,0.24828040000000004,0.017608290800000002,0.16927400000000004,0.53292,117.56321999999999,4.02
std,0.13012396601169304,0.15056369728050487,3.912356145885097,2.107290813594845,0.4985693819032897,0.09336912097165961,0.21858749254656798,0.1101625496218473,0.10452778911829706,0.25255097202225885,27.744588133647152,0.2466096643090295
min,0.4,0.308,0.0,-11.35,0.0,0.0252,0.00267,0.0,0.0504,0.109,64.934,3.0
max,0.903,0.96,11.0,-0.9279999999999999,1.0,0.46299999999999997,0.883,0.779,0.547,0.953,177.62099999999998,5.0
