,danceability,energy,key,loudness,mode,speechiness,acousticness,instrumentalness,liveness,valence,tempo,time_signature
mean,0.7111999999999999,0.70926,5.6,-5.620279999999999,0.58,0.11413400000000003,0.2649038000000001,0.0026184252,0.14858799999999997,0.6245,119.87384,4.0
std,0.12633903205426328,0.13617992449966584,3.5856858280031814,1.7617782301540956,0.49856938190328975,0.09321060334270027,0.2259656264169398,0.017951866189426624,0.11220804045547335,0.19626088946780476,32.04375465615217,0.20203050891044214
min,0.414,0.31,0.0,-11.134,0.0,0.0274,0.00323,0.0,0.047,0.163,75.235,3.0
max,0.9309999999999999,0.888,11.0,-2.78,1.0,0.41200000000000003,0.94,0.127,0.61,0.905,180.113,5.0
