,danceability,energy,key,loudness,mode,speechiness,acousticness,instrumentalness,liveness,valence,tempo,time_signature
mean,0.7452399999999997,0.64984,5.54,-5.5188999999999995,0.5,0.11844200000000002,0.23640599999999992,0.0034047567999999995,0.15396800000000005,0.5747599999999999,120.68131999999997,4.0
std,0.12465864574582733,0.16429122475230457,3.7318813989072863,1.873376284701403,0.5050762722761054,0.08499955123530996,0.20111889893842416,0.022187322180297567,0.13444801960427014,0.1819341168037014,32.729023401780346,0.20203050891044214
min,0.376,0.212,0.0,-10.495999999999999,0.0,0.0322,0.00147,0.0,0.0387,0.129,64.921,3.0
max,0.9790000000000001,0.9229999999999999,11.0,-2.2030000000000003,1.0,0.34600000000000003,0.9309999999999999,0.157,0.79,0.927,181.857,5.0
