,danceability,energy,key,loudness,mode,speechiness,acousticness,instrumentalness,liveness,valence,tempo,time_signature
mean,0.7220799999999998,0.7102999999999997,5.74,-5.3437399999999995,0.42,0.10648600000000003,0.22546999999999998,0.0049479374000000005,0.137068,0.6098600000000003,122.88681999999997,3.98
std,0.09005074306484435,0.12908393883557365,3.8746165050524017,2.073991181470241,0.49856938190328975,0.0697256109360697,0.1614508837298293,0.03478571744994253,0.08631712871848832,0.19791732039992282,35.734490930597836,0.14142135623730945
min,0.433,0.355,0.0,-10.47,0.0,0.0301,0.0057,0.0,0.0515,0.158,64.808,3.0
max,0.8420000000000001,0.914,11.0,-1.694,1.0,0.336,0.616,0.24600000000000002,0.413,0.965,192.44299999999998,4.0
