,danceability,energy,key,loudness,mode,speechiness,acousticness,instrumentalness,liveness,valence,tempo,time_signature
mean,0.7280200000000002,0.6846599999999999,5.48,-5.124160000000002,0.6,0.13439999999999996,0.26142299999999996,0.0028998548,0.171562,0.6839399999999999,127.27751999999997,3.98
std,0.12429761683564336,0.17615712026599484,3.99612056773025,2.4914886572046826,0.49487165930539345,0.09343096982504773,0.2609789104330392,0.018386545775398753,0.12943450142517518,0.16786868167026953,38.85928492270121,0.24660966430902945
min,0.271,0.19399999999999998,0.0,-12.603,0.0,0.031,0.00807,0.0,0.0501,0.266,71.884,3.0
max,0.882,0.9259999999999999,11.0,-1.8,1.0,0.375,0.938,0.13,0.627,0.9570000000000001,200.007,5.0
