,danceability,energy,key,loudness,mode,speechiness,acousticness,instrumentalness,liveness,valence,tempo,time_signature
mean,0.6780600000000001,0.7060420000000001,6.04,-5.229640000000001,0.62,0.10960999999999994,0.26344422,0.018936315,0.18635399999999996,0.6289539999999999,123.27056,3.92
std,0.119278341944977,0.18361649929198873,3.5797617068110865,3.1745087986416203,0.4903143514780145,0.08402539764249614,0.23065980803748493,0.13090383009873943,0.16579349856778744,0.2069553133368828,36.41540849424113,0.4444671196029721
min,0.341,0.0161,0.0,-23.209,0.0,0.027999999999999997,0.000811,0.0,0.0504,0.0877,70.083,1.0
max,0.8420000000000001,0.9590000000000001,11.0,-1.0979999999999999,1.0,0.345,0.985,0.9259999999999999,0.866,0.96,192.06799999999998,4.0
