,danceability,energy,key,loudness,mode,speechiness,acousticness,instrumentalness,liveness,valence,tempo,time_signature
mean,0.7333599999999998,0.6936600000000002,5.84,-5.337339999999999,0.48,0.11577199999999997,0.27364000000000005,0.0004690912,0.13877799999999996,0.6638400000000001,130.65368,4.02
std,0.0864095043903134,0.13016670786623857,3.6942315762246833,2.0777539836888033,0.5046720495044485,0.10073535755247257,0.20918582599191174,0.0026469269275995497,0.08862318370379117,0.20719352680771763,37.765929767472066,0.14142135623730945
min,0.501,0.405,0.0,-14.515999999999998,0.0,0.0318,0.0073,0.0,0.0371,0.15,83.99700000000001,4.0
max,0.877,0.934,11.0,-2.533,1.0,0.5,0.7509999999999999,0.0184,0.418,0.9670000000000001,203.953,5.0
