,danceability,energy,key,loudness,mode,speechiness,acousticness,instrumentalness,liveness,valence,tempo,time_signature
mean,0.74182,0.7146600000000001,5.08,-5.167240000000001,0.56,0.09947600000000001,0.2248346,0.0002633048,0.167822,0.6085600000000002,120.8067,3.98
std,0.11061990262671026,0.15854074477906946,3.9581484024111835,1.930734401459608,0.5014265364224069,0.06777144230305812,0.20334139449493022,0.0009911552316532624,0.14113687565405347,0.1967144579312453,33.65757746702783,0.2466096643090295
min,0.42100000000000004,0.14800000000000002,0.0,-13.519,0.0,0.0312,0.004529999999999999,0.0,0.0465,0.19899999999999998,79.997,3.0
max,0.9359999999999999,0.97,11.0,-2.984,1.0,0.28,0.9109999999999999,0.0045,0.85,0.9259999999999999,205.169,5.0
