,danceability,energy,key,loudness,mode,speechiness,acousticness,instrumentalness,liveness,valence,tempo,time_signature
mean,0.7366399999999999,0.7148200000000002,5.06,-4.9125200000000016,0.66,0.10784199999999998,0.19353087999999996,0.00035419119999999997,0.18248199999999992,0.594772,118.03557999999997,3.96
std,0.10865180483488321,0.1480240865672936,3.5993763632164986,1.6349098238878184,0.47851812069840655,0.08281379922970049,0.18246820364539448,0.0015853856354310718,0.15238536097938124,0.23614053930242648,32.082115575497696,0.19794866372215744
min,0.447,0.303,0.0,-8.612,0.0,0.0247,0.000704,0.0,0.0548,0.0986,79.997,3.0
max,0.9359999999999999,0.97,11.0,-0.5820000000000001,1.0,0.473,0.835,0.0103,0.85,0.951,186.125,4.0
