,danceability,energy,key,loudness,mode,speechiness,acousticness,instrumentalness,liveness,valence,tempo,time_signature
mean,0.7521399999999998,0.6935800000000001,6.28,-5.33898,0.52,0.11894,0.2243714,0.021749937999999996,0.145258,0.6476900000000001,133.5136,4.0
std,0.09511625754296472,0.1317836956872116,3.4760991507899264,2.350998307189558,0.5046720495044484,0.08801106841338373,0.1873092193380251,0.08913730636347325,0.09917424799465899,0.20095092532196787,35.64551999786743,0.0
min,0.498,0.235,0.0,-16.541,0.0,0.0287,0.00471,0.0,0.0462,0.0895,90.035,4.0
max,0.882,0.9109999999999999,11.0,-1.9980000000000002,1.0,0.375,0.753,0.57,0.499,0.9570000000000001,191.99400000000003,4.0
