,danceability,energy,key,loudness,mode,speechiness,acousticness,instrumentalness,liveness,valence,tempo,time_signature
mean,0.7301999999999998,0.6666599999999998,5.78,-5.36642,0.64,0.11793199999999997,0.23828779999999994,0.016232505600000006,0.16575399999999998,0.5915320000000002,127.29001999999998,4.0
std,0.08676404785393546,0.13459199266596775,3.6437813953560467,1.849099197016797,0.4848732213850611,0.10031840216154211,0.1852193463392162,0.11454667750644587,0.1216700308713896,0.19865302582489838,35.04138413390658,0.20203050891044214
min,0.505,0.34,0.0,-9.066,0.0,0.0319,0.0045899999999999995,0.0,0.0393,0.0916,80.002,3.0
max,0.938,0.9009999999999999,11.0,-1.3869999999999998,1.0,0.444,0.723,0.81,0.735,0.94,191.977,5.0
