,danceability,energy,key,loudness,mode,speechiness,acousticness,instrumentalness,liveness,valence,tempo,time_signature
mean,0.6816200000000001,0.70234,4.22,-5.694620000000001,0.54,0.08555399999999996,0.15078084000000003,0.015163516400000004,0.151926,0.5411940000000001,121.69247999999997,3.96
std,0.13614396491829325,0.15610300236362776,3.72136687637371,2.056619178285031,0.5034574339058886,0.0682816950700014,0.15737770002862667,0.07913363927303918,0.09417849923611729,0.2381533808712532,33.76143070720717,0.1979486637221575
min,0.258,0.14800000000000002,0.0,-13.519,0.0,0.0277,0.000452,0.0,0.0494,0.0967,79.987,3.0
max,0.877,0.899,11.0,-2.082,1.0,0.35600000000000004,0.9109999999999999,0.512,0.4,0.893,195.981,4.0
