,danceability,energy,key,loudness,mode,speechiness,acousticness,instrumentalness,liveness,valence,tempo,time_signature
mean,0.7251399999999998,0.70942,4.84,-5.424020000000001,0.68,0.107742,0.18653688000000007,0.00032654699999999995,0.16061999999999999,0.587452,119.9928,3.98
std,0.10995008329385897,0.15433360235647495,3.677621236503791,2.9622961687563536,0.4712120714991613,0.07775507619100755,0.1778218500502439,0.0015762451750415715,0.1469402835806965,0.2229718269382104,34.47550744147124,0.14142135623730945
min,0.447,0.166,0.0,-22.601999999999997,0.0,0.028999999999999998,0.000704,0.0,0.0461,0.0986,68.837,3.0
max,0.9359999999999999,0.945,11.0,-0.5820000000000001,1.0,0.473,0.88,0.0103,0.85,0.893,186.125,4.0
