,danceability,energy,key,loudness,mode,speechiness,acousticness,instrumentalness,liveness,valence,tempo,time_signature
mean,0.7151599999999999,0.6932599999999998,5.02,-5.6807799999999995,0.42,0.09997999999999997,0.25109859999999995,0.0064144236,0.18901800000000002,0.5985800000000002,121.97300000000001,4.02
std,0.14035717702653164,0.1627568375315314,3.7822895560380205,2.6927423112310387,0.49856938190328975,0.0876339744014144,0.2142972866780908,0.02407374130139808,0.12486901331280825,0.22155683750428007,29.6068162008518,0.24660966430902953
min,0.325,0.29600000000000004,0.0,-14.238,0.0,0.0277,0.00573,0.0,0.037000000000000005,0.12,70.27600000000001,3.0
max,0.9640000000000001,0.9440000000000001,11.0,0.175,1.0,0.53,0.934,0.161,0.547,0.9520000000000001,180.07299999999998,5.0
