,danceability,energy,key,loudness,mode,speechiness,acousticness,instrumentalness,liveness,valence,tempo,time_signature
mean,0.68878,0.6825600000000002,6.26,-5.25664,0.5,0.11421,0.249982,0.00013562019999999997,0.18721600000000002,0.5518680000000002,129.93186000000003,4.0
std,0.15652557853173352,0.16937763146536303,3.5387649177159455,2.7303683294921726,0.5050762722761054,0.07730556716230541,0.21081988219950276,0.0005049134157234389,0.19044344638077665,0.22115720278312695,36.77327905045805,0.20203050891044214
min,0.302,0.179,0.0,-15.359000000000002,0.0,0.0299,0.0141,0.0,0.0515,0.0747,86.53299999999999,3.0
max,0.877,0.914,11.0,-1.624,1.0,0.336,0.9329999999999999,0.00328,0.8809999999999999,0.9520000000000001,192.44299999999998,5.0
