,danceability,energy,key,loudness,mode,speechiness,acousticness,instrumentalness,liveness,valence,tempo,time_signature
mean,0.7103199999999998,0.6915599999999997,5.3,-5.013420000000002,0.58,0.13748199999999997,0.20051150799999998,0.0099496544,0.14779,0.62309,131.98642,3.98
std,0.13884662511606988,0.13582028341803407,3.965411680509146,2.4339539939139767,0.49856938190328975,0.09439856382944194,0.18291506990099768,0.05226518288851225,0.08857358810731379,0.20012872617596983,37.85744082259558,0.24660966430902945
min,0.3,0.235,0.0,-16.541,0.0,0.0281,5.539999999999999e-05,0.0,0.0501,0.0895,78.616,3.0
max,0.9179999999999999,0.9109999999999999,11.0,-1.865,1.0,0.375,0.753,0.349,0.499,0.9179999999999999,203.93200000000002,5.0
