,danceability,energy,key,loudness,mode,speechiness,acousticness,instrumentalness,liveness,valence,tempo,time_signature
mean,0.6725600000000002,0.7002000000000002,4.94,-6.0541599999999995,0.7,0.076658,0.20310684,0.012157978999999994,0.18585200000000002,0.583758,114.77958000000002,3.94
std,0.12973900960098664,0.1617882213618426,3.68344337570714,2.6147497508541497,0.4629100498862757,0.053990366071841274,0.22402826620967423,0.047456717434531684,0.16677543405454423,0.2274154735011563,27.067198036640107,0.2398979374820953
min,0.379,0.33799999999999997,0.0,-14.134,0.0,0.0291,0.00028199999999999997,0.0,0.0219,0.0989,80.88,3.0
max,0.91,0.9620000000000001,11.0,-2.294,1.0,0.258,0.9690000000000001,0.27699999999999997,0.915,0.9490000000000001,177.78400000000002,4.0
