,danceability,energy,key,loudness,mode,speechiness,acousticness,instrumentalness,liveness,valence,tempo,time_signature
mean,0.6632000000000001,0.6899200000000001,5.6,-6.232959999999999,0.5,0.08052200000000001,0.23619700000000002,0.04221026959999999,0.16013000000000002,0.543904,119.32349999999998,4.0
std,0.13974364284033,0.1671451574933279,3.658928135675913,2.2817999068046864,0.5050762722761054,0.07694576751696945,0.2328553899955936,0.15266871807972296,0.1155894834034195,0.24921498706857867,29.52743978082428,0.0
min,0.305,0.275,0.0,-13.333,0.0,0.0258,0.00172,0.0,0.0327,0.0862,75.835,4.0
max,0.924,0.978,11.0,-2.432,1.0,0.314,0.929,0.809,0.7190000000000001,0.965,199.847,4.0
