,danceability,energy,key,loudness,mode,speechiness,acousticness,instrumentalness,liveness,valence,tempo,time_signature
mean,0.6795599999999999,0.6904200000000001,6.5,-5.2964,0.54,0.127268,0.2485162,0.010630335800000001,0.18213400000000005,0.5767000000000001,129.20376,3.98
std,0.1489291243566303,0.15827721612050533,3.575711717366808,2.1716816675807076,0.5034574339058886,0.09985132711451868,0.19474478500146108,0.05281210412441142,0.14082482331330826,0.22318458088061804,35.27221173727533,0.1414213562373095
min,0.32899999999999996,0.179,0.0,-11.589,0.0,0.0298,0.00381,0.0,0.0578,0.158,77.015,3.0
max,0.9329999999999999,0.978,11.0,-1.694,1.0,0.48200000000000004,0.9329999999999999,0.312,0.764,0.96,192.44299999999998,4.0
