,danceability,energy,key,loudness,mode,speechiness,acousticness,instrumentalness,liveness,valence,tempo,time_signature
mean,0.6798000000000002,0.7003,5.24,-5.608560000000002,0.66,0.09637599999999999,0.19514439,0.0147381388,0.17791999999999997,0.572618,115.10374,3.96
std,0.14404803620561402,0.16109817642971505,3.5888716889852716,2.239298579685075,0.47851812069840666,0.07730126476775058,0.23561083870059296,0.05178916632467533,0.15120587128218296,0.20356709337739845,29.80050027029063,0.19794866372215747
min,0.33399999999999996,0.307,0.0,-11.467,0.0,0.0285,2.95e-05,0.0,0.0497,0.0989,80.984,3.0
max,0.91,0.9620000000000001,11.0,-1.214,1.0,0.38299999999999995,0.9690000000000001,0.27699999999999997,0.6990000000000001,0.892,196.12099999999998,4.0
