,danceability,energy,key,loudness,mode,speechiness,acousticness,instrumentalness,liveness,valence,tempo,time_signature
mean,0.6590799999999999,0.7626,5.72,-5.0086400000000015,0.54,0.08631799999999998,0.1507608,0.0009186108,0.20529799999999998,0.564988,117.78313999999999,4.0
std,0.11448497628911125,0.15583494669760342,3.7418755528559773,1.6990356299491587,0.5034574339058886,0.06862515362608729,0.21010919301921,0.0037330722056716933,0.17381623123522247,0.22315243956011918,25.96594913281152,0.0
min,0.29,0.2,0.0,-11.062999999999999,0.0,0.0286,0.00022,0.0,0.0448,0.0634,75.016,4.0
max,0.893,0.978,11.0,-1.715,1.0,0.301,0.904,0.0242,0.748,0.938,179.864,4.0
