,danceability,energy,key,loudness,mode,speechiness,acousticness,instrumentalness,liveness,valence,tempo,time_signature
mean,0.6091000000000001,0.6760600000000002,5.7,-6.134039999999999,0.56,0.069318,0.25092837999999995,0.011244962800000001,0.17370399999999997,0.5584259999999999,120.80952,3.9
std,0.15919891933793814,0.1904221314954365,3.345725265322963,2.6692702431601805,0.5014265364224069,0.0491657159875805,0.2537147903055544,0.05658908492224847,0.15278603948405917,0.21353067055902702,32.068933198651806,0.30304576336566325
min,0.168,0.155,0.0,-15.078,0.0,0.0264,0.000155,0.0,0.0477,0.0783,77.058,3.0
max,0.889,0.998,11.0,-1.84,1.0,0.24100000000000002,0.8640000000000001,0.391,0.875,0.946,189.891,4.0
