,danceability,energy,key,loudness,mode,speechiness,acousticness,instrumentalness,liveness,valence,tempo,time_signature
mean,0.6899399999999999,0.7132799999999999,5.1,-5.2244,0.6,0.099938,0.15577815999999997,0.014411417599999997,0.19567600000000007,0.5588359999999999,117.98554000000001,4.0
std,0.1251949353477795,0.13025658195598847,3.8239310898069063,1.7091408750048214,0.49487165930539356,0.07430819684508126,0.15779777810796516,0.08422257630643853,0.12062706157273942,0.21683328944662741,29.58245064237531,0.20203050891044214
min,0.381,0.391,0.0,-11.125,0.0,0.0286,0.000408,0.0,0.0506,0.0378,75.016,3.0
max,0.929,0.9009999999999999,11.0,-1.715,1.0,0.319,0.616,0.589,0.575,0.884,182.18400000000003,5.0
