,danceability,energy,key,loudness,mode,speechiness,acousticness,instrumentalness,liveness,valence,tempo,time_signature
mean,0.7247399999999999,0.7006399999999999,5.72,-5.329500000000001,0.6,0.12331000000000002,0.23547668,0.033200249999999994,0.18018399999999996,0.61254,121.67114,4.0
std,0.10855748218697552,0.1414661941300205,3.8228101641358556,2.3952964645448853,0.49487165930539356,0.09135081570852142,0.21810785503146404,0.13959943885341128,0.12656500041722532,0.21373178022360417,34.05921397226558,0.20203050891044214
min,0.42700000000000005,0.354,0.0,-14.043,0.0,0.0287,0.000919,0.0,0.0302,0.175,74.973,3.0
max,0.882,0.972,11.0,-1.681,1.0,0.341,0.765,0.81,0.634,0.9620000000000001,188.023,5.0
