,danceability,energy,key,loudness,mode,speechiness,acousticness,instrumentalness,liveness,valence,tempo,time_signature
mean,0.71874,0.71256,4.48,-5.1341399999999995,0.66,0.09140799999999999,0.17990199999999998,0.00014767399999999998,0.19064200000000003,0.57736,117.66359999999997,3.96
std,0.11418063204718161,0.16010202869369503,3.4889914337082852,1.8183844479119815,0.4785181206984066,0.05894150625139871,0.1702315974410947,0.0006914291153362679,0.16099498545873142,0.23207438638575897,31.691042013123376,0.19794866372215753
min,0.447,0.225,0.0,-11.777000000000001,0.0,0.0263,0.00257,0.0,0.0537,0.13,79.997,3.0
max,0.9359999999999999,0.97,11.0,-2.6010000000000004,1.0,0.21899999999999997,0.779,0.0045,0.919,0.893,183.817,4.0
