,danceability,energy,key,loudness,mode,speechiness,acousticness,instrumentalness,liveness,valence,tempo,time_signature
mean,0.71052,0.7013799999999999,5.78,-5.38918,0.46,0.10956400000000002,0.23443339999999996,0.0004656536,0.13652600000000004,0.5716540000000001,126.93076,4.0
std,0.12273652550841395,0.1403428585970219,3.5530383663356444,2.3742231183943874,0.5034574339058886,0.07666235209391525,0.2106553702199158,0.0026022827275500155,0.09257276632631284,0.22789477092800206,34.798353528116166,0.0
min,0.392,0.18100000000000002,0.0,-15.359000000000002,0.0,0.0326,0.00987,0.0,0.05,0.0747,89.859,4.0
max,0.8759999999999999,0.914,11.0,-1.9480000000000002,1.0,0.336,0.795,0.0184,0.413,0.9520000000000001,192.44299999999998,4.0
