,danceability,energy,key,loudness,mode,speechiness,acousticness,instrumentalness,liveness,valence,tempo,time_signature
mean,0.7509999999999998,0.6827799999999996,5.68,-5.082200000000001,0.62,0.15902000000000002,0.238164,0.0096976662,0.19405400000000003,0.6079,128.43466,4.0
std,0.08946393641220661,0.13398146231810562,4.062973677251774,2.0508710941690023,0.49031435147801444,0.11473868269298915,0.21563552814877238,0.06573803007295997,0.16659702352977254,0.20673380794378743,36.68188267908343,0.20203050891044214
min,0.43799999999999994,0.391,0.0,-11.568,0.0,0.0287,0.00877,0.0,0.0302,0.124,75.014,3.0
max,0.898,0.972,11.0,-1.681,1.0,0.556,0.879,0.465,0.6709999999999999,0.9390000000000001,192.09099999999998,5.0
