,danceability,energy,key,loudness,mode,speechiness,acousticness,instrumentalness,liveness,valence,tempo,time_signature
mean,0.7231599999999999,0.7135999999999997,6.1,-4.99394,0.42,0.11665000000000003,0.2564634,7.208000000000001e-05,0.15430000000000005,0.60654,128.99110000000002,4.0
std,0.12187051676735787,0.13953216292237397,3.4655741344880577,1.945420739446711,0.49856938190328975,0.08455802318948975,0.2035695814413442,0.00017758663402315348,0.13975675515782734,0.20056117291647615,36.55588159620159,0.0
min,0.302,0.355,0.0,-10.904000000000002,0.0,0.0298,0.00987,0.0,0.05,0.158,80.09899999999999,4.0
max,0.889,0.934,11.0,-1.9480000000000002,1.0,0.37799999999999995,0.795,0.0008269999999999999,0.8809999999999999,0.9520000000000001,192.44299999999998,4.0
