,danceability,energy,key,loudness,mode,speechiness,acousticness,instrumentalness,liveness,valence,tempo,time_signature
mean,0.7021999999999998,0.6777600000000001,5.56,-5.5093200000000015,0.46,0.13377199999999997,0.257254,0.0026517222000000005,0.162238,0.5390479999999999,125.99635999999998,4.0
std,0.14564031736032548,0.14102432269589785,3.4532445553687148,2.215436000208629,0.5034574339058887,0.09379522645701352,0.23847920552825513,0.01795700617460486,0.15090739948858758,0.22510150294605194,34.15846157444831,0.20203050891044214
min,0.302,0.31,0.0,-14.238,0.0,0.0277,0.00513,0.0,0.0433,0.0564,70.27600000000001,3.0
max,0.9309999999999999,0.899,11.0,-1.0979999999999999,1.0,0.41200000000000003,0.94,0.127,0.8809999999999999,0.892,180.113,5.0
