,danceability,energy,key,loudness,mode,speechiness,acousticness,instrumentalness,liveness,valence,tempo,time_signature
mean,0.7190000000000001,0.66108,5.38,-5.6730599999999995,0.62,0.126182,0.25751991999999996,0.033039781399999996,0.18945399999999998,0.598152,125.28257999999998,4.0
std,0.09350935782048768,0.14870760791923604,3.9687041014540196,2.3627747818604967,0.4903143514780145,0.10586178646071044,0.22187665363420242,0.15804024948558854,0.14932996912057211,0.18770579480687755,35.03963831299796,0.2857142857142857
min,0.505,0.218,0.0,-15.177,0.0,0.0334,0.000248,0.0,0.0426,0.0916,75.91199999999999,3.0
max,0.907,0.9009999999999999,11.0,-1.9240000000000002,1.0,0.418,0.763,0.81,0.735,0.961,191.977,5.0
