,danceability,energy,key,loudness,mode,speechiness,acousticness,instrumentalness,liveness,valence,tempo,time_signature
mean,0.7228200000000002,0.6665399999999998,5.28,-5.622760000000002,0.64,0.126286,0.28458896,0.0320137756,0.16405599999999995,0.6326999999999999,131.31895999999998,3.98
std,0.07423781147812229,0.1593817404336942,3.8334723429394444,2.471505164461362,0.4848732213850611,0.10006894971947683,0.25077053592062354,0.15816558057862673,0.10495402328677843,0.18573749854928848,35.9972239501995,0.24660966430902945
min,0.5429999999999999,0.19399999999999998,0.0,-15.177,0.0,0.0323,0.0005480000000000001,0.0,0.0393,0.195,75.91199999999999,3.0
max,0.879,0.905,11.0,-2.454,1.0,0.425,0.763,0.81,0.544,0.94,195.919,5.0
