,danceability,energy,key,loudness,mode,speechiness,acousticness,instrumentalness,liveness,valence,tempo,time_signature
mean,0.69622,0.7203,5.78,-4.9143,0.56,0.11749799999999996,0.1834699999999999,0.0003630646,0.20103400000000002,0.58212,128.00754,4.0
std,0.1282006224315496,0.11862877270833463,3.5299881482139024,1.6281665944195247,0.5014265364224069,0.0790296082206549,0.1343391508421115,0.0010704530881221494,0.18793859680051603,0.22141047299308225,35.46165479880762,0.0
min,0.302,0.415,0.0,-9.304,0.0,0.0286,0.0104,0.0,0.0443,0.131,77.811,4.0
max,0.865,0.902,11.0,-1.0979999999999999,1.0,0.345,0.5589999999999999,0.00524,0.8809999999999999,0.96,192.44299999999998,4.0
