,danceability,energy,key,loudness,mode,speechiness,acousticness,instrumentalness,liveness,valence,tempo,time_signature
mean,0.7216600000000001,0.6996199999999999,4.78,-5.428100000000001,0.52,0.10474800000000001,0.2349678,0.0007387816,0.158846,0.5947000000000002,124.04180000000001,4.06
std,0.11849181664674104,0.14852071799405428,3.8081009247472983,2.1945295739680537,0.5046720495044484,0.06895267007305868,0.196427436799736,0.002882595022762395,0.1255154030876087,0.23664830100245166,32.45653225720926,0.23989793748209529
min,0.433,0.317,0.0,-12.39,0.0,0.0253,0.00281,0.0,0.0501,0.136,80.04,4.0
max,0.9329999999999999,0.9440000000000001,11.0,-0.9279999999999999,1.0,0.271,0.733,0.0144,0.547,0.958,184.11900000000003,5.0
