,danceability,energy,key,loudness,mode,speechiness,acousticness,instrumentalness,liveness,valence,tempo,time_signature
mean,0.72902,0.6464599999999998,5.16,-5.877219999999999,0.6,0.128924,0.23441579999999998,0.030791874800000008,0.16566,0.5406,123.72128,4.0
std,0.10109350894602684,0.1328657769851874,3.5990928562285114,2.3238784724451236,0.4948716593053936,0.0984309466020702,0.21821373736746624,0.14585814590052493,0.11602612302619526,0.18257142857142852,33.810844753427986,0.20203050891044214
min,0.511,0.225,0.0,-14.454,0.0,0.0274,0.0045899999999999995,0.0,0.0469,0.139,77.566,3.0
max,0.941,0.9009999999999999,11.0,-1.3869999999999998,1.0,0.37200000000000005,0.902,0.81,0.591,0.8759999999999999,191.977,5.0
