,danceability,energy,key,loudness,mode,speechiness,acousticness,instrumentalness,liveness,valence,tempo,time_signature
mean,0.71748,0.6892400000000002,5.38,-4.942080000000001,0.52,0.13129600000000002,0.29818859999999997,0.00046907780000000004,0.159878,0.6276600000000001,121.04070000000002,4.04
std,0.11310429357230341,0.14694779858917278,3.516085485715207,1.8666318771782398,0.5046720495044484,0.09028493661509564,0.23920898336494345,0.002042190134312379,0.15673847357288886,0.20802125185780848,31.566383185895333,0.1979486637221575
min,0.433,0.179,0.0,-11.134,0.0,0.0337,0.00513,0.0,0.0546,0.163,80.04,4.0
max,0.903,0.899,11.0,-0.787,1.0,0.353,0.94,0.0129,0.978,0.965,182.18400000000003,5.0
