,danceability,energy,key,loudness,mode,speechiness,acousticness,instrumentalness,liveness,valence,tempo,time_signature
mean,0.67616,0.6708060000000002,4.74,-6.110599999999998,0.68,0.097156,0.20629180000000003,0.0007837192,0.184314,0.5424279999999997,113.92554,3.92
std,0.14960756283404544,0.17039894414974213,3.2059256360173842,3.6075352148704822,0.47121207149916106,0.07016698787717128,0.2261284341280054,0.0027236681581375532,0.14161941814567086,0.22704121718763054,30.866442410323153,0.2740475156178699
min,0.284,0.0413,0.0,-19.447,0.0,0.0235,0.00313,0.0,0.0215,0.0624,77.968,3.0
max,0.91,0.895,11.0,-2.573,1.0,0.368,0.973,0.0142,0.6970000000000001,0.9259999999999999,203.935,4.0
