,danceability,energy,key,loudness,mode,speechiness,acousticness,instrumentalness,liveness,valence,tempo,time_signature
mean,0.7197799999999998,0.70852,5.72,-5.139340000000001,0.52,0.129552,0.2685134,0.0005793462,0.161406,0.6335399999999999,122.18233999999997,4.0
std,0.12244853812845591,0.13111768199069204,3.5630759469988336,1.937105115624754,0.5046720495044485,0.09544166556871592,0.21316582727251457,0.0020692048724914617,0.1314779571965256,0.19234049421347993,31.86567550151347,0.0
min,0.302,0.31,0.0,-11.134,0.0,0.0351,0.00307,0.0,0.0443,0.163,80.04,4.0
max,0.9309999999999999,0.899,11.0,-0.787,1.0,0.41200000000000003,0.94,0.0129,0.8809999999999999,0.9009999999999999,182.18400000000003,4.0
