,danceability,energy,key,loudness,mode,speechiness,acousticness,instrumentalness,liveness,valence,tempo,time_signature
mean,0.7019200000000001,0.6534260000000001,5.68,-6.0648599999999995,0.64,0.11494999999999997,0.25162219999999996,0.00037257900000000005,0.173506,0.5667079999999999,122.02856000000001,3.9
std,0.13982523202270783,0.1791092937458089,3.228950673048381,3.4725321526846336,0.48487322138506106,0.08603280876313099,0.24583981982874248,0.002028119670096829,0.14292021237782448,0.21765713989423544,37.90887503493995,0.3030457633656634
min,0.284,0.0413,0.0,-19.447,0.0,0.028999999999999998,0.00433,0.0,0.0375,0.0624,77.176,3.0
max,0.943,0.895,11.0,-2.889,1.0,0.473,0.973,0.0142,0.6970000000000001,0.9259999999999999,212.11700000000002,4.0
