,danceability,energy,key,loudness,mode,speechiness,acousticness,instrumentalness,liveness,valence,tempo,time_signature
mean,0.7073599999999998,0.68278,5.3,-5.320600000000001,0.48,0.10734399999999997,0.20296339999999996,0.0004756252,0.16571799999999995,0.6162600000000001,120.37128000000003,3.96
std,0.1360718237714546,0.16212634151255279,3.8611090719255947,2.3271001136125427,0.5046720495044485,0.10100036403248197,0.1943019652826339,0.0017992603199809966,0.12417283657409597,0.2338970478214546,33.13082271475815,0.19794866372215741
min,0.35,0.271,0.0,-14.238,0.0,0.0277,0.00267,0.0,0.043,0.12,70.27600000000001,3.0
max,0.9640000000000001,0.9159999999999999,11.0,0.175,1.0,0.53,0.934,0.0103,0.636,0.9520000000000001,186.97099999999998,4.0
