,danceability,energy,key,loudness,mode,speechiness,acousticness,instrumentalness,liveness,valence,tempo,time_signature
mean,0.61178,0.61082,4.82,-8.166980000000002,0.66,0.06622600000000001,0.25300673399999996,0.0828158178,0.15689999999999998,0.5216000000000001,122.84263999999999,3.92
std,0.1502996041924534,0.18129192717035927,3.8209412239309173,4.016876263710296,0.47851812069840666,0.06353034245338914,0.2994045121841616,0.19873839655458436,0.15383665601765356,0.20249908037080172,29.305843208368348,0.27404751561786983
min,0.27899999999999997,0.135,0.0,-27.666,0.0,0.0232,2.6700000000000002e-05,0.0,0.019,0.12,62.426,3.0
max,0.853,0.945,11.0,-3.181,1.0,0.34299999999999997,0.943,0.737,0.764,0.935,199.85299999999998,4.0
