,danceability,energy,key,loudness,mode,speechiness,acousticness,instrumentalness,liveness,valence,tempo,time_signature
mean,0.6988800000000002,0.6957199999999999,5.98,-5.1997,0.58,0.11399600000000003,0.2734226,0.0005239246,0.15193800000000002,0.6154199999999999,125.79513999999993,3.98
std,0.1424420598284203,0.14905882142596577,3.4846016959749986,1.943340310193891,0.49856938190328975,0.0845862727320094,0.21898770198262885,0.0020655321782486104,0.14963368453305817,0.22603757047293296,33.982400063592344,0.14142135623730948
min,0.302,0.179,0.0,-11.134,0.0,0.0311,0.00513,0.0,0.0344,0.11199999999999999,80.04,3.0
max,0.9309999999999999,0.8859999999999999,11.0,-0.787,1.0,0.41200000000000003,0.94,0.0129,0.8809999999999999,0.905,182.18400000000003,4.0
