,danceability,energy,key,loudness,mode,speechiness,acousticness,instrumentalness,liveness,valence,tempo,time_signature
mean,0.7238399999999997,0.6990999999999999,4.5,-5.15216,0.74,0.099822,0.176942,0.00015832239999999997,0.16034600000000004,0.54558,117.89080000000001,3.98
std,0.10803369844636442,0.1661891287979218,3.506553631038165,1.956363383465164,0.443087497693452,0.07823450955757497,0.18725174877797043,0.000692099127955361,0.11529259531597802,0.23616122908396497,30.79454648181084,0.14142135623730936
min,0.447,0.225,0.0,-11.777000000000001,0.0,0.0263,0.00257,0.0,0.0494,0.11900000000000001,79.997,3.0
max,0.9209999999999999,0.97,11.0,-0.02,1.0,0.46299999999999997,0.835,0.0045,0.6970000000000001,0.893,186.125,4.0
