,danceability,energy,key,loudness,mode,speechiness,acousticness,instrumentalness,liveness,valence,tempo,time_signature
mean,0.6846000000000001,0.6915200000000001,4.74,-5.566180000000002,0.52,0.08775000000000002,0.19004937999999996,0.019406811,0.17571399999999998,0.5288619999999999,122.44993999999998,3.98
std,0.13889799516632517,0.16234018703491324,4.104800574340005,1.97691405251225,0.5046720495044484,0.0625137282881912,0.1938512797924718,0.12463361719986121,0.09941493956223714,0.234312726569969,29.69997269524616,0.14142135623730936
min,0.258,0.37799999999999995,0.0,-9.995,0.0,0.0312,0.00078,0.0,0.0404,0.0763,75.016,3.0
max,0.929,0.9329999999999999,11.0,-2.082,1.0,0.345,0.795,0.88,0.39399999999999996,0.96,187.00900000000001,4.0
