,danceability,energy,key,loudness,mode,speechiness,acousticness,instrumentalness,liveness,valence,tempo,time_signature
mean,0.5657241379310346,0.7358620689655173,4.241379310344827,-6.440724137931035,0.7586206896551724,0.06701034482758622,0.12152334482758619,0.13321979,0.16742758620689654,0.4758310344827587,124.57527586206896,3.9310344827586206
std,0.16410991450673804,0.21132468656716225,3.552214323627619,3.698270241386522,0.4354941703556927,0.04109500616887293,0.18389124414840494,0.2971659897423148,0.1254702067554335,0.27188519255567134,30.436975396355095,0.2578807147775637
min,0.18100000000000002,0.21600000000000003,0.0,-16.0,0.0,0.0271,0.000217,0.0,0.019,0.0942,82.00399999999999,3.0
max,0.835,0.993,11.0,-2.197,1.0,0.184,0.9,0.9640000000000001,0.5589999999999999,0.8759999999999999,180.05599999999998,4.0
