,danceability,energy,key,loudness,mode,speechiness,acousticness,instrumentalness,liveness,valence,tempo,time_signature
mean,0.7018199999999999,0.583142,5.94,-7.381180000000001,0.5,0.11269000000000001,0.30429076,0.036185514599999996,0.15095599999999998,0.527152,122.05154000000005,3.92
std,0.17436516807187924,0.18827887489203943,3.5937019739470637,3.7271683823798796,0.5050762722761054,0.10285350439993253,0.2841818308879708,0.14959750784836867,0.08833068008850582,0.2473652931622068,24.50269051883145,0.6337449432233949
min,0.16699999999999998,0.0721,0.0,-19.221,0.0,0.0259,0.0005480000000000001,0.0,0.0469,0.0388,76.469,1.0
max,0.95,0.894,11.0,-1.932,1.0,0.56,0.898,0.7879999999999999,0.46,0.961,180.051,5.0
