,danceability,energy,key,loudness,mode,speechiness,acousticness,instrumentalness,liveness,valence,tempo,time_signature
mean,0.6861600000000001,0.6372800000000001,5.68,-6.546520000000002,0.62,0.11704600000000004,0.19698880000000002,0.020943058799999997,0.189006,0.46568,123.22479999999997,4.0
std,0.16220060142317852,0.15860849502431307,3.7549423213592363,2.6232161304282147,0.4903143514780146,0.08656323914589018,0.23136026636307241,0.11161291498578549,0.15407862876082565,0.22119124978079902,27.92021770864187,0.20203050891044214
min,0.294,0.301,0.0,-12.378,0.0,0.0315,0.00424,0.0,0.0349,0.10800000000000001,75.548,3.0
max,0.929,0.893,11.0,-1.401,1.0,0.331,0.862,0.779,0.7140000000000001,0.905,194.014,5.0
