,danceability,energy,key,loudness,mode,speechiness,acousticness,instrumentalness,liveness,valence,tempo,time_signature
mean,0.7019799999999998,0.5552199999999999,5.92,-7.40796,0.66,0.10981199999999999,0.339116,0.013952111,0.18421600000000005,0.4757199999999998,109.36468,3.96
std,0.1610609581645967,0.1540376696573581,3.6244070591770243,2.9675688253284416,0.4785181206984066,0.10250630570947372,0.2943588356799523,0.04642485298910463,0.1700921939203944,0.23696634394627714,24.379313121227533,0.28284271247461884
min,0.327,0.252,0.0,-16.355,0.0,0.0271,0.00147,0.0,0.0387,0.0592,51.533,3.0
max,0.9540000000000001,0.8690000000000001,11.0,-1.6019999999999999,1.0,0.42,0.873,0.213,0.9229999999999999,0.963,173.997,5.0
