,danceability,energy,key,loudness,mode,speechiness,acousticness,instrumentalness,liveness,valence,tempo,time_signature
mean,0.6584600000000002,0.66892,5.48,-5.770420000000001,0.54,0.14854199999999998,0.1778127599999999,0.008348704600000001,0.1808440000000001,0.49195600000000006,124.39332000000002,3.96
std,0.14739038957400008,0.1360883326582932,3.759287817919663,1.701797550131229,0.5034574339058886,0.13898311171814057,0.1957181216361897,0.05724535255912118,0.1348667296229269,0.2204939002904754,36.862221133783,0.1979486637221575
min,0.349,0.256,0.0,-11.216,0.0,0.0258,0.0007379999999999999,0.0,0.0362,0.0675,61.93899999999999,3.0
max,0.9209999999999999,0.925,11.0,-2.313,1.0,0.754,0.86,0.405,0.636,0.95,193.998,4.0
