,danceability,energy,key,loudness,mode,speechiness,acousticness,instrumentalness,liveness,valence,tempo,time_signature
mean,0.6408599999999999,0.6561599999999999,5.02,-6.46418,0.56,0.13508199999999998,0.2251622000000001,0.0017014714000000003,0.23892600000000003,0.4430999999999999,124.61702000000001,3.9
std,0.17227920030329508,0.1788941495261762,3.496295415529566,2.454568482712701,0.5014265364224069,0.13282485427918117,0.24691881566157384,0.008991398125462097,0.2184661911077841,0.21961331973284687,29.12699118567182,0.46291004988627554
min,0.317,0.21,0.0,-11.862,0.0,0.0288,0.0019399999999999999,0.0,0.0537,0.11199999999999999,76.309,1.0
max,0.9209999999999999,0.902,11.0,-2.6010000000000004,1.0,0.623,0.9420000000000001,0.0629,0.919,0.963,174.03799999999998,4.0
