,danceability,energy,key,loudness,mode,speechiness,acousticness,instrumentalness,liveness,valence,tempo,time_signature
mean,0.6514799999999998,0.6173759999999999,5.7,-6.888499999999999,0.44,0.10127599999999998,0.30813764000000005,0.045700456000000014,0.178244,0.4718040000000001,118.29184,4.0
std,0.14663869801352586,0.23154743645873568,3.9961716373426763,3.7328766838371044,0.5014265364224069,0.08925726760554664,0.30593914473518474,0.1699879850737301,0.12680507966391344,0.2547715150514921,23.470444621024363,0.20203050891044214
min,0.314,0.0809,0.0,-19.346,0.0,0.027999999999999997,0.0005110000000000001,0.0,0.0488,0.073,57.86,3.0
max,0.9309999999999999,0.9740000000000001,11.0,-1.41,1.0,0.474,0.977,0.903,0.653,0.963,175.31599999999997,5.0
