,danceability,energy,key,loudness,mode,speechiness,acousticness,instrumentalness,liveness,valence,tempo,time_signature
mean,0.6920000000000002,0.63896,3.6,-5.749139999999999,0.54,0.085538,0.20979980000000004,0.002985403,0.16900400000000004,0.48661999999999994,118.82349999999998,4.0
std,0.12330731477714944,0.13323310246270156,3.5050983275386565,2.1826451562173785,0.5034574339058886,0.06862870789209699,0.2226200454557825,0.018644931612690326,0.14729928849738796,0.23640581590967338,24.855052779329707,0.0
min,0.35100000000000003,0.29600000000000004,0.0,-10.455,0.0,0.0266,0.00107,0.0,0.0517,0.12,72.98899999999999,4.0
max,0.922,0.9470000000000001,11.0,-1.881,1.0,0.298,0.934,0.132,0.856,0.9690000000000001,164.02700000000002,4.0
