,danceability,energy,key,loudness,mode,speechiness,acousticness,instrumentalness,liveness,valence,tempo,time_signature
mean,0.70178,0.67872,5.4,-5.713839999999999,0.64,0.135984,0.3045591600000001,0.0300606856,0.14858400000000002,0.5271399999999999,124.45689999999999,3.98
std,0.13487489138653871,0.1560154414126489,3.5856858280031814,2.4856847728954046,0.4848732213850611,0.10541500369530721,0.25005134073514435,0.14363893238754138,0.13821231428642008,0.21219080843352633,30.266930955740982,0.24660966430902947
min,0.19699999999999998,0.31,0.0,-14.050999999999998,0.0,0.0283,0.000308,0.0,0.0518,0.1,79.992,3.0
max,0.9309999999999999,0.9640000000000001,11.0,-0.787,1.0,0.41200000000000003,0.94,0.752,0.985,0.9009999999999999,190.03599999999997,5.0
