,danceability,energy,key,loudness,mode,speechiness,acousticness,instrumentalness,liveness,valence,tempo,time_signature
mean,0.6339599999999999,0.6513600000000003,6.48,-6.232479999999999,0.54,0.100324,0.210934694,0.013746848600000002,0.17544199999999996,0.48207399999999995,116.52728000000003,3.96
std,0.16436780061055456,0.17359062327728395,3.9653602147412856,2.3330725142469726,0.5034574339058886,0.08417483884081722,0.25774430766754997,0.049444491252161285,0.133544729325467,0.20938321357389328,30.808910115942833,0.19794866372215744
min,0.23199999999999998,0.262,0.0,-14.238,0.0,0.0262,3.4200000000000005e-05,0.0,0.0418,0.0804,70.27600000000001,3.0
max,0.903,0.945,11.0,-2.801,1.0,0.36200000000000004,0.919,0.23600000000000002,0.606,0.865,179.09099999999998,4.0
