,danceability,energy,key,loudness,mode,speechiness,acousticness,instrumentalness,liveness,valence,tempo,time_signature
mean,0.6770400000000002,0.6037999999999999,5.54,-7.08446,0.6,0.159734,0.30033228000000006,0.0408186434,0.15242199999999997,0.5637199999999999,119.53662000000003,3.92
std,0.1611438652450736,0.1821286829218757,3.3818845126856205,3.0303982105812226,0.49487165930539356,0.14099820755844336,0.265443414100459,0.1479528492185787,0.11729684528701406,0.20771812140298132,32.784863292964445,0.4444671196029724
min,0.313,0.225,0.0,-13.285,0.0,0.0276,0.000824,0.0,0.0529,0.159,53.808,1.0
max,0.9490000000000001,0.972,11.0,-0.9690000000000001,1.0,0.556,0.941,0.785,0.667,0.9590000000000001,190.178,4.0
