,danceability,energy,key,loudness,mode,speechiness,acousticness,instrumentalness,liveness,valence,tempo,time_signature
mean,0.7152000000000001,0.6408,5.28,-6.36064,0.6,0.14109000000000002,0.24352000000000007,0.0012749988000000001,0.145718,0.50972,122.15271999999996,4.02
std,0.12962378844414418,0.15920247664979512,3.8547082263388086,2.679485472691977,0.4948716593053935,0.11462762649161869,0.21765571554683352,0.004906231141209099,0.07598140666757673,0.20123506814931938,28.58990900545869,0.2466096643090295
min,0.42700000000000005,0.19699999999999998,0.0,-14.136,0.0,0.0308,0.00615,0.0,0.0211,0.113,81.955,3.0
max,0.9359999999999999,0.8909999999999999,11.0,-2.75,1.0,0.588,0.88,0.0315,0.406,0.902,202.00599999999997,5.0
