,danceability,energy,key,loudness,mode,speechiness,acousticness,instrumentalness,liveness,valence,tempo,time_signature
mean,0.6891399999999999,0.5963400000000001,5.62,-6.881659999999999,0.66,0.130402,0.34832106,0.0139105868,0.15675000000000006,0.48442,122.06137999999997,3.96
std,0.1603444010209758,0.18649370619133396,3.5679411544520536,2.945841036555276,0.4785181206984066,0.1286796631570198,0.286649697108695,0.06838578882984704,0.09788607340856481,0.20929035489735598,32.46788734250053,0.1979486637221575
min,0.28800000000000003,0.146,0.0,-15.799000000000001,0.0,0.0246,0.000143,0.0,0.0372,0.10099999999999999,52.571999999999996,3.0
max,0.978,0.972,11.0,-3.04,1.0,0.6609999999999999,0.935,0.465,0.43700000000000006,0.851,181.93599999999998,4.0
