,danceability,energy,key,loudness,mode,speechiness,acousticness,instrumentalness,liveness,valence,tempo,time_signature
mean,0.69144,0.6109938000000001,5.48,-7.018159999999998,0.64,0.12952999999999998,0.34012946,0.029498224400000002,0.17482000000000003,0.49072199999999994,121.58795999999998,3.96
std,0.17587787506896796,0.2002321955282957,3.2465994768781234,4.6519884068151836,0.4848732213850611,0.12431240805293077,0.29486970465193396,0.14358106179836844,0.1011787345568752,0.2243693013397186,30.65227910090863,0.2828427124746188
min,0.217,0.0016899999999999999,0.0,-34.121,0.0,0.0278,0.000143,0.0,0.0644,0.0599,64.118,3.0
max,0.978,0.972,11.0,-3.0460000000000003,1.0,0.6609999999999999,0.9940000000000001,0.912,0.43700000000000006,0.8420000000000001,181.93599999999998,5.0
