,danceability,energy,key,loudness,mode,speechiness,acousticness,instrumentalness,liveness,valence,tempo,time_signature
mean,0.6722400000000001,0.5672799999999999,4.88,-6.93646,0.64,0.11553600000000001,0.3525081999999999,0.020523013,0.162214,0.49431999999999987,115.86022000000001,4.02
std,0.19176171012323537,0.18186988396619583,3.7451465190269375,3.116770366705816,0.4848732213850611,0.103304562121438,0.31861490489809874,0.09713866042091461,0.10354324544629176,0.23274143312671589,27.561102019738783,0.2466096643090295
min,0.228,0.196,0.0,-16.355,0.0,0.0271,0.00122,0.0,0.0366,0.0542,62.619,3.0
max,0.9490000000000001,0.897,11.0,-1.94,1.0,0.41600000000000004,0.9279999999999999,0.657,0.46,0.9329999999999999,187.22400000000002,5.0
