,danceability,energy,key,loudness,mode,speechiness,acousticness,instrumentalness,liveness,valence,tempo,time_signature
mean,0.65916,0.6456800000000001,5.84,-5.88358,0.64,0.128494,0.22930396000000003,0.0045077532,0.16151600000000005,0.4737599999999999,121.16659999999996,3.94
std,0.14432239420612367,0.15048092156516732,3.903739703600816,1.8903190216663082,0.4848732213850611,0.13454334619029523,0.24225042852302697,0.02562608283057502,0.11589459384126877,0.18825206289354038,36.56591093142489,0.2398979374820953
min,0.349,0.304,0.0,-11.192,0.0,0.0251,0.0007379999999999999,0.0,0.043,0.079,61.93899999999999,3.0
max,0.922,0.885,11.0,-2.384,1.0,0.754,0.883,0.179,0.636,0.841,200.04,4.0
