,danceability,energy,key,loudness,mode,speechiness,acousticness,instrumentalness,liveness,valence,tempo,time_signature
mean,0.6712599999999999,0.6475599999999999,4.94,-6.04144,0.52,0.163488,0.22095176000000002,0.007824532199999998,0.196034,0.465518,122.35032000000001,4.02
std,0.1412782476721244,0.1788838592552185,3.472398453577608,2.556699787313516,0.5046720495044484,0.13658472684807504,0.25924026110175186,0.028023166748418257,0.16562206992094372,0.22988734746943035,32.6751955842186,0.2466096643090295
min,0.322,0.154,0.0,-12.972999999999999,0.0,0.0313,0.000628,0.0,0.0548,0.0636,62.839,3.0
max,0.9640000000000001,0.9440000000000001,11.0,0.175,1.0,0.53,0.9740000000000001,0.175,0.753,0.9,203.92700000000002,5.0
