,danceability,energy,key,loudness,mode,speechiness,acousticness,instrumentalness,liveness,valence,tempo,time_signature
mean,0.71036,0.64432,5.5,-6.141619999999998,0.54,0.121422,0.31884180000000006,0.00026830339999999993,0.17777200000000004,0.5502200000000002,129.36757999999998,3.96
std,0.11922021469464283,0.17436876709656324,3.5123688151840704,2.1281519710388954,0.5034574339058886,0.11368573993824432,0.22380820660930528,0.001280609017923178,0.1292356557231946,0.1915030015217431,26.20836103393927,0.1979486637221575
min,0.324,0.32,1.0,-12.89,0.0,0.0289,0.0001,0.0,0.0659,0.126,86.00299999999999,3.0
max,0.9059999999999999,0.98,11.0,-2.293,1.0,0.54,0.917,0.00889,0.866,0.9520000000000001,187.99099999999999,4.0
