,danceability,energy,key,loudness,mode,speechiness,acousticness,instrumentalness,liveness,valence,tempo,time_signature
mean,0.6825,0.6151079999999999,5.18,-6.6668,0.64,0.13596200000000003,0.19286465999999997,0.0205381314,0.158638,0.46059799999999995,129.13602,3.9
std,0.17707662932488077,0.17506454651041697,3.3605757524202753,2.796596918851662,0.48487322138506106,0.11476793957853405,0.20718346011870636,0.10519285051825272,0.11163240493984293,0.259513740338522,34.15186456348844,0.3030457633656633
min,0.265,0.0824,0.0,-17.372,0.0,0.0272,0.000239,0.0,0.038,0.0801,54.747,3.0
max,0.909,0.917,11.0,-2.0380000000000003,1.0,0.473,0.9670000000000001,0.731,0.585,0.9540000000000001,195.67,4.0
