,danceability,energy,key,loudness,mode,speechiness,acousticness,instrumentalness,liveness,valence,tempo,time_signature
mean,0.7657200000000001,0.6286800000000001,5.68,-6.522799999999998,0.48,0.174904,0.2188522,0.019190610999999996,0.18668800000000002,0.5410379999999998,119.35528000000001,4.02
std,0.10930523448451258,0.15462666559906704,3.7386017248622316,2.3530195537666407,0.5046720495044484,0.14928007502677643,0.21007218294215357,0.13289289652978378,0.14874123900113193,0.23368697787547218,29.74501620682849,0.14142135623730942
min,0.541,0.263,0.0,-13.615,0.0,0.0282,0.00128,0.0,0.0537,0.0628,73.51,4.0
max,0.953,0.9109999999999999,11.0,-1.9980000000000002,1.0,0.588,0.753,0.94,0.752,0.9520000000000001,202.00599999999997,5.0
