,danceability,energy,key,loudness,mode,speechiness,acousticness,instrumentalness,liveness,valence,tempo,time_signature
mean,0.6133599999999999,0.6257,5.62,-6.881760000000001,0.6,0.11264999999999999,0.2167898,0.0038566476,0.176106,0.4386479999999999,121.46760000000006,3.96
std,0.161344321883609,0.15509381624273322,3.8592057975385425,1.9599146124674067,0.4948716593053935,0.10461357318186562,0.2540448753021917,0.013183706110322291,0.13452624569054114,0.25755502066429947,30.909256290117426,0.1979486637221575
min,0.205,0.2,0.0,-11.062999999999999,0.0,0.0269,0.00213,0.0,0.0365,0.0392,73.483,3.0
max,0.929,0.9279999999999999,11.0,-2.895,1.0,0.413,0.904,0.0677,0.6759999999999999,0.941,203.94400000000002,4.0
