,danceability,energy,key,loudness,mode,speechiness,acousticness,instrumentalness,liveness,valence,tempo,time_signature
mean,0.6277199999999997,0.6651599999999999,4.98,-5.969340000000001,0.46,0.09152800000000001,0.17855296200000004,0.0549230058,0.15227000000000002,0.44145399999999996,125.50052000000001,3.98
std,0.16471286580976396,0.17431292059315134,3.727941928250515,1.9213154572121802,0.5034574339058886,0.0773144336393897,0.20618578695295098,0.1810455124843147,0.1143564285691978,0.23217016912741623,29.142900021144925,0.24660966430902945
min,0.258,0.26899999999999996,0.0,-9.995,0.0,0.0285,1.34e-05,0.0,0.0422,0.0387,79.512,3.0
max,0.929,0.961,11.0,-2.082,1.0,0.381,0.795,0.88,0.711,0.8759999999999999,193.976,5.0
