,danceability,energy,key,loudness,mode,speechiness,acousticness,instrumentalness,liveness,valence,tempo,time_signature
mean,0.6966199999999999,0.6069200000000001,5.12,-6.6361,0.56,0.14195,0.32832345999999996,0.013808635799999998,0.183574,0.4698839999999999,120.93412000000001,3.94
std,0.17195548664626872,0.16860978256171913,3.42642790136686,2.261377783474454,0.5014265364224069,0.11598330324944649,0.2700023779952128,0.06840524734445291,0.16237789862929408,0.22482115192085556,26.52107751115427,0.2398979374820953
min,0.294,0.146,0.0,-13.09,0.0,0.0268,0.000143,0.0,0.0658,0.0792,75.803,3.0
max,0.978,0.972,11.0,-3.0460000000000003,1.0,0.467,0.9329999999999999,0.465,0.857,0.855,179.97400000000002,4.0
