,danceability,energy,key,loudness,mode,speechiness,acousticness,instrumentalness,liveness,valence,tempo,time_signature
mean,0.6243200000000001,0.6162,6.34,-7.541419999999999,0.64,0.13206399999999996,0.27576655800000005,0.09503110200000002,0.194348,0.46074000000000004,128.12348000000003,3.96
std,0.15881094395024337,0.20350008775006886,3.57205708755259,2.868253639838879,0.4848732213850611,0.13687550989188413,0.29792618433343254,0.25262445523340066,0.16752892682294893,0.22850108917705847,28.63057268114999,0.2828427124746189
min,0.193,0.171,0.0,-15.097999999999999,0.0,0.027999999999999997,9.590000000000001e-05,0.0,0.0421,0.0398,76.484,3.0
max,0.946,0.993,11.0,-2.028,1.0,0.6609999999999999,0.9690000000000001,0.9620000000000001,0.971,0.9390000000000001,183.52900000000002,5.0
