,danceability,energy,key,loudness,mode,speechiness,acousticness,instrumentalness,liveness,valence,tempo,time_signature
mean,0.6886999999999999,0.641526,4.82,-6.7507600000000005,0.7,0.107224,0.22201880000000002,0.0049737442000000005,0.17341799999999996,0.48739999999999994,117.43107999999998,3.94
std,0.16217705743780061,0.19972513031051206,3.7671512541214174,3.569998442576691,0.4629100498862757,0.08648807764952464,0.26728972498815756,0.021641396849317786,0.11286044242916173,0.21529704207566489,29.495032035395035,0.23989793748209529
min,0.23800000000000002,0.0413,0.0,-22.506999999999998,0.0,0.0265,0.0019399999999999999,0.0,0.057999999999999996,0.109,46.718,3.0
max,0.9359999999999999,0.965,11.0,-2.5660000000000003,1.0,0.423,0.9940000000000001,0.139,0.5760000000000001,0.9670000000000001,203.36599999999999,4.0
