,danceability,energy,key,loudness,mode,speechiness,acousticness,instrumentalness,liveness,valence,tempo,time_signature
mean,0.70018,0.6079,5.56,-7.00468,0.5,0.11770999999999997,0.2582638000000001,0.0330547952,0.17030600000000007,0.5214779999999998,118.08974000000002,3.84
std,0.15743734613865817,0.19085962894018121,3.79666878691716,3.7896701457880932,0.5050762722761054,0.11815379850872683,0.25764927943906496,0.160840112171243,0.15678445936367288,0.24310413598845632,27.317573918790288,0.6180945043652558
min,0.28300000000000003,0.113,0.0,-25.144000000000002,0.0,0.0272,0.0045899999999999995,0.0,0.0569,0.0836,72.57300000000001,1.0
max,0.932,0.9570000000000001,11.0,-2.592,1.0,0.652,0.987,0.9229999999999999,0.951,0.9590000000000001,176.168,4.0
