,danceability,energy,key,loudness,mode,speechiness,acousticness,instrumentalness,liveness,valence,tempo,time_signature
mean,0.6814,0.6859000000000001,5.78,-5.5245999999999995,0.66,0.09652000000000001,0.17600746,0.0022631544000000004,0.18705599999999994,0.5508200000000002,121.42826000000001,3.98
std,0.14149954928896272,0.1439156853501241,3.638176264368214,2.0045278949499936,0.47851812069840655,0.08575014725994377,0.1914632186442096,0.009733230516643637,0.1476804453638231,0.2326383450590997,30.384789432368756,0.14142135623730942
min,0.297,0.389,0.0,-11.485,0.0,0.0255,0.000813,0.0,0.0349,0.114,75.505,3.0
max,0.91,0.9420000000000001,11.0,-2.052,1.0,0.387,0.77,0.0498,0.784,0.966,199.847,4.0
