,danceability,energy,key,loudness,mode,speechiness,acousticness,instrumentalness,liveness,valence,tempo,time_signature
mean,0.7018800000000001,0.64568,4.56,-5.995379999999999,0.48,0.13034,0.22247657800000006,0.014823692,0.18238,0.5119000000000001,122.94938000000006,3.98
std,0.13162603799230238,0.1485187324129553,3.6709560563083476,2.1876775672770763,0.5046720495044485,0.11224458352460598,0.2326518155706517,0.097144537203834,0.14182869661557732,0.2051692432294542,25.364378579618386,0.24660966430902945
min,0.39,0.34600000000000003,0.0,-11.498,0.0,0.027999999999999997,1.89e-05,0.0,0.0468,0.133,77.501,3.0
max,0.9640000000000001,0.8809999999999999,11.0,0.175,1.0,0.53,0.9740000000000001,0.687,0.753,0.9,187.16299999999998,5.0
