,danceability,energy,key,loudness,mode,speechiness,acousticness,instrumentalness,liveness,valence,tempo,time_signature
mean,0.6734200000000002,0.659792,6.14,-5.842900000000001,0.6,0.113906,0.2534276,0.029794962,0.14734199999999995,0.49099799999999993,125.81055999999998,4.0
std,0.1390155019985842,0.16799599101144758,3.5857427431995403,2.732305427469556,0.4948716593053935,0.11066473990003707,0.2374437470958938,0.14093484711164633,0.11785200350699279,0.22216947979193813,30.52619286820645,0.20203050891044214
min,0.266,0.0596,0.0,-18.515,0.0,0.0267,0.00124,0.0,0.0264,0.0479,78.072,3.0
max,0.8740000000000001,0.9640000000000001,11.0,-0.787,1.0,0.517,0.905,0.725,0.797,0.9009999999999999,186.31099999999998,5.0
