,danceability,energy,key,loudness,mode,speechiness,acousticness,instrumentalness,liveness,valence,tempo,time_signature
mean,0.65218,0.6453600000000002,5.5,-5.960960000000001,0.52,0.11735800000000005,0.23582423999999994,0.032597029799999996,0.16926799999999997,0.4656560000000002,119.08795999999998,3.96
std,0.16444969331881729,0.15793123794350294,3.7321001364608946,1.8323436087175797,0.5046720495044484,0.10395855942418122,0.2488587855043014,0.13257647840009593,0.1279608014596817,0.21609910439992336,27.106771323604807,0.1979486637221575
min,0.337,0.156,0.0,-10.7,0.0,0.0283,0.00011499999999999999,0.0,0.0552,0.0378,72.635,3.0
max,0.929,0.927,11.0,-3.023,1.0,0.534,0.9,0.672,0.6890000000000001,0.9420000000000001,192.12099999999998,4.0
