,danceability,energy,key,loudness,mode,speechiness,acousticness,instrumentalness,liveness,valence,tempo,time_signature
mean,0.7148800000000002,0.61158,5.72,-6.849860000000001,0.66,0.17683999999999997,0.2710429999999999,0.015941272400000005,0.172314,0.5354199999999999,118.96571999999998,3.98
std,0.13167037383913957,0.14838519784255944,3.7527676861381187,2.9790967540172173,0.47851812069840655,0.1711331907596882,0.23116032766520667,0.07984936253564807,0.12195747838773104,0.21370741872084492,32.53240288874953,0.24660966430902945
min,0.361,0.303,0.0,-14.794,0.0,0.0255,0.000143,0.0,0.0325,0.175,78.176,3.0
max,0.978,0.972,11.0,-2.279,1.0,0.902,0.9109999999999999,0.465,0.6709999999999999,0.9620000000000001,204.077,5.0
