,danceability,energy,key,loudness,mode,speechiness,acousticness,instrumentalness,liveness,valence,tempo,time_signature
mean,0.67554,0.6545399999999999,4.86,-6.235059999999999,0.66,0.12483200000000004,0.21927438999999999,0.018601125200000002,0.18340599999999999,0.4690199999999997,124.90933999999999,3.92
std,0.16332391879017472,0.16257898676881805,3.4700467561397375,2.257875897332513,0.47851812069840666,0.1076534451897592,0.2453425181379666,0.08968919464255737,0.10356465280299106,0.19683189657726735,32.52238283473995,0.2740475156178697
min,0.256,0.205,0.0,-14.08,0.0,0.0263,3.65e-05,0.0,0.0804,0.126,77.176,3.0
max,0.9359999999999999,0.982,11.0,-1.962,1.0,0.451,0.912,0.584,0.5579999999999999,0.966,207.57299999999998,4.0
