,danceability,energy,key,loudness,mode,speechiness,acousticness,instrumentalness,liveness,valence,tempo,time_signature
mean,0.7192399999999998,0.64876,5.3,-6.250540000000001,0.6,0.15292600000000003,0.2534836,0.007542559200000001,0.156604,0.4959000000000001,120.95647999999996,4.0
std,0.14090184164726816,0.17835799359028182,3.9031645978040723,2.6820784371948014,0.4948716593053935,0.114983883182978,0.23711402746237636,0.05116618035023853,0.09330979553539458,0.19822160861633872,28.978590992803007,0.0
min,0.248,0.19699999999999998,0.0,-14.136,0.0,0.0287,0.0041,0.0,0.0537,0.13699999999999998,80.064,4.0
max,0.9059999999999999,0.971,11.0,-1.9980000000000002,1.0,0.588,0.917,0.36200000000000004,0.499,0.9179999999999999,202.00599999999997,4.0
