,danceability,energy,key,loudness,mode,speechiness,acousticness,instrumentalness,liveness,valence,tempo,time_signature
mean,0.6554799999999998,0.6406599999999999,4.76,-6.47382,0.72,0.14177600000000004,0.25432631999999994,0.0004215052,0.18535800000000002,0.46656,124.88230000000001,3.88
std,0.14278787463526846,0.18025068824347076,3.525765223063394,2.1860523985915243,0.4535573676110727,0.11466723027072373,0.25783482559770227,0.0015331022764386551,0.13164627325231995,0.22338583442198873,30.727900906046884,0.5205962045225315
min,0.319,0.20600000000000002,0.0,-13.364,0.0,0.0247,0.000436,0.0,0.0537,0.12300000000000001,81.628,1.0
max,0.9209999999999999,0.955,11.0,-2.499,1.0,0.47600000000000003,0.779,0.00762,0.6970000000000001,0.968,184.109,5.0
