,danceability,energy,key,loudness,mode,speechiness,acousticness,instrumentalness,liveness,valence,tempo,time_signature
mean,0.6579,0.6532000000000002,6.14,-6.240560000000001,0.7,0.086552,0.14468399999999998,0.0031845466,0.193934,0.494102,121.9702,3.96
std,0.13869835865603294,0.16180297921123907,3.5629041124180865,1.8506736904628618,0.46291004988627565,0.07094202358407942,0.19362449931424966,0.0096103313107893,0.13011114967360693,0.20826229977151997,32.213022846326595,0.19794866372215744
min,0.37,0.28800000000000003,0.0,-10.409,0.0,0.0242,0.0012900000000000001,0.0,0.0473,0.0921,70.003,3.0
max,0.929,0.9570000000000001,11.0,-2.951,1.0,0.35100000000000003,0.802,0.0559,0.752,0.885,179.864,4.0
