,danceability,energy,key,loudness,mode,speechiness,acousticness,instrumentalness,liveness,valence,tempo,time_signature
mean,0.6450600000000002,0.6631799999999999,5.3,-5.801560000000002,0.6,0.07582399999999999,0.17627239999999994,0.023802479399999993,0.16893399999999997,0.4758220000000001,121.90149999999998,3.94
std,0.1291264860040538,0.17012920540169532,3.73756441484318,2.4425147308895077,0.49487165930539356,0.05666314196320971,0.2474001408407036,0.11587870070786037,0.1115708736221794,0.20401843783224646,28.74784602277151,0.23989793748209526
min,0.264,0.314,0.0,-13.932,0.0,0.027000000000000003,0.00057,0.0,0.0369,0.0921,73.433,3.0
max,0.929,0.971,11.0,-3.0869999999999997,1.0,0.35200000000000004,0.96,0.8029999999999999,0.414,0.86,203.68099999999998,4.0
