,danceability,energy,key,loudness,mode,speechiness,acousticness,instrumentalness,liveness,valence,tempo,time_signature
mean,0.70804,0.63794,5.48,-5.9661800000000005,0.66,0.10619800000000003,0.25677365999999996,0.0035835782000000005,0.16471200000000003,0.542194,121.51103999999998,3.98
std,0.12706995662842976,0.1937612048109629,3.7046027631384524,2.95447079200596,0.47851812069840666,0.10701702418450125,0.2327793053577599,0.01718690718976722,0.11406720654142129,0.19333730745270356,26.45522837948318,0.2466096643090295
min,0.319,0.10400000000000001,0.0,-15.359000000000002,0.0,0.0301,0.000573,0.0,0.0515,0.0747,81.045,3.0
max,0.9209999999999999,0.9129999999999999,11.0,-1.2109999999999999,1.0,0.611,0.9790000000000001,0.10800000000000001,0.625,0.927,180.08,5.0
