,danceability,energy,key,loudness,mode,speechiness,acousticness,instrumentalness,liveness,valence,tempo,time_signature
mean,0.6994999999999999,0.63914,5.66,-6.5609,0.6,0.127952,0.20489218,0.0271183548,0.15979200000000002,0.5197400000000002,114.44694,4.02
std,0.1372058263176539,0.18909289478228117,3.7990868935166247,2.436409119577249,0.4948716593053936,0.1077621421540638,0.25231396090550373,0.1298528587681761,0.10663296928612422,0.21284571493771479,25.631243223854906,0.2466096643090295
min,0.39399999999999996,0.172,0.0,-12.069,0.0,0.0265,0.0002,0.0,0.0453,0.125,73.483,3.0
max,0.929,0.917,11.0,-3.094,1.0,0.375,0.9259999999999999,0.83,0.423,0.872,180.044,5.0
