,danceability,energy,key,loudness,mode,speechiness,acousticness,instrumentalness,liveness,valence,tempo,time_signature
mean,0.6519600000000001,0.5943780000000001,5.86,-7.571759999999999,0.5,0.133674,0.17127524000000002,0.0361795714,0.15463599999999997,0.3745619999999999,123.1753,3.98
std,0.17241087138411132,0.21681935798244206,3.636605279540752,5.1779939798642305,0.5050762722761054,0.16236063387611255,0.25072020678547924,0.12907721313883785,0.083585351123561,0.18274307478991775,25.625773776470773,0.2466096643090295
min,0.162,0.0279,0.0,-34.475,0.0,0.0307,0.00011499999999999999,0.0,0.0404,0.0378,72.635,3.0
max,0.929,0.986,11.0,-3.045,1.0,0.9540000000000001,0.8590000000000001,0.672,0.39399999999999996,0.828,197.923,5.0
