,danceability,energy,key,loudness,mode,speechiness,acousticness,instrumentalness,liveness,valence,tempo,time_signature
mean,0.6724199999999999,0.6258139999999998,5.56,-6.891400000000001,0.58,0.12581199999999998,0.19786460000000003,0.0022292804,0.18048600000000004,0.403716,120.76755999999999,4.0
std,0.13710372804886803,0.19360353767428942,3.6875964186633516,2.3788383719790636,0.49856938190328975,0.12007939999034312,0.23150548705279322,0.007888249079818731,0.10757737796107318,0.22656411027633244,28.326966427524894,0.20203050891044214
min,0.254,0.0877,0.0,-13.539000000000001,0.0,0.0252,0.0039,0.0,0.0571,0.037000000000000005,68.991,3.0
max,0.909,0.94,11.0,-2.7289999999999996,1.0,0.7170000000000001,0.847,0.0501,0.499,0.917,181.995,5.0
