,danceability,energy,key,loudness,mode,speechiness,acousticness,instrumentalness,liveness,valence,tempo,time_signature
mean,0.6347200000000001,0.6050474,4.78,-7.501739999999999,0.58,0.10823200000000005,0.27550756,0.08391090179999999,0.17777,0.385254,116.75880000000001,4.08
std,0.16564580358372488,0.20603009650177476,3.975896767025121,4.787310001814108,0.49856938190328975,0.10144554876023544,0.27826863323642015,0.23587679593085303,0.11249074746531877,0.1966094680905707,26.75190543890743,0.2740475156178699
min,0.213,0.00257,0.0,-31.156,0.0,0.0261,4.5799999999999995e-05,0.0,0.0556,0.0697,61.381,4.0
max,0.9390000000000001,0.973,11.0,-2.659,1.0,0.42,0.987,0.897,0.5429999999999999,0.9620000000000001,172.065,5.0
