,danceability,energy,key,loudness,mode,speechiness,acousticness,instrumentalness,liveness,valence,tempo,time_signature
mean,0.6570000000000001,0.6424400000000001,5.14,-6.35242,0.46,0.08302200000000001,0.22036195260000008,0.020169698,0.16024399999999997,0.42645799999999995,127.46582000000002,3.98
std,0.16090319056716643,0.16908374449680616,3.557171543200454,2.4545120225779287,0.5034574339058886,0.069342693183631,0.22817313114660054,0.12771502327687917,0.1021576615844752,0.2208774912914027,26.512131488603092,0.14142135623730948
min,0.245,0.217,0.0,-16.545,0.0,0.0232,3.63e-06,0.0,0.0621,0.0872,79.028,3.0
max,0.9359999999999999,0.919,11.0,-3.093,1.0,0.29600000000000004,0.8740000000000001,0.902,0.5379999999999999,0.9570000000000001,180.044,4.0
