,danceability,energy,key,loudness,mode,speechiness,acousticness,instrumentalness,liveness,valence,tempo,time_signature
mean,0.7040999999999998,0.6544800000000001,5.54,-6.554799999999999,0.6,0.13079000000000002,0.22169159999999993,0.008164598200000001,0.15317200000000009,0.4893599999999999,121.62608,3.98
std,0.1442922558630255,0.17431068205233732,3.9908568973981273,2.5351011572619777,0.4948716593053935,0.10087608937782663,0.22538043975899766,0.051304903110088174,0.08373173889248442,0.21698507049178878,29.59163210446011,0.1414213562373095
min,0.248,0.19699999999999998,0.0,-14.866,0.0,0.0278,0.00346,0.0,0.043,0.102,75.014,3.0
max,0.9620000000000001,0.996,11.0,-2.6519999999999997,1.0,0.47100000000000003,0.902,0.36200000000000004,0.406,0.941,202.00599999999997,4.0
