,danceability,energy,key,loudness,mode,speechiness,acousticness,instrumentalness,liveness,valence,tempo,time_signature
mean,0.56796,0.6175,5.4,-7.926480000000001,0.52,0.079278,0.20255588119999995,0.1429717916,0.16169399999999995,0.40487,119.70380000000002,3.92
std,0.18826652405999494,0.25222093085068037,3.7416573867739413,3.590304200857342,0.5046720495044484,0.113501779703749,0.3012774329920619,0.26723335224740885,0.11980668682574969,0.2288401761590167,28.915069390847933,0.27404751561786983
min,0.29100000000000004,0.113,0.0,-16.877,0.0,0.0253,2.69e-06,0.0,0.0308,0.039,64.101,3.0
max,0.925,0.9890000000000001,11.0,-3.4010000000000002,1.0,0.765,0.9470000000000001,0.9079999999999999,0.5329999999999999,0.93,189.071,4.0
