,danceability,energy,key,loudness,mode,speechiness,acousticness,instrumentalness,liveness,valence,tempo,time_signature
mean,0.6429400000000001,0.62406,5.08,-6.4224,0.62,0.10460999999999998,0.23420159999999993,4.91934e-05,0.13571,0.387244,130.9793,3.94
std,0.1475582776604635,0.1670535060319029,3.5273855728558843,2.1603439635429185,0.4903143514780145,0.07247785094462322,0.25203848091649395,0.0001517146794131292,0.07793744286284993,0.18884892262205308,30.181253363331887,0.2398979374820953
min,0.318,0.18100000000000002,0.0,-14.87,0.0,0.0263,0.00413,0.0,0.0537,0.0742,79.959,3.0
max,0.9359999999999999,0.89,11.0,-3.525,1.0,0.275,0.8959999999999999,0.000893,0.381,0.775,183.736,4.0
