,danceability,energy,key,loudness,mode,speechiness,acousticness,instrumentalness,liveness,valence,tempo,time_signature
mean,0.7363000000000001,0.6509999999999999,5.14,-6.101879999999999,0.7,0.13320000000000007,0.13296586,0.0054797516,0.162536,0.42577200000000004,125.26902000000001,4.0
std,0.126432889353222,0.14319260612538484,3.774295447159506,2.155134908793888,0.4629100498862757,0.09575930284642142,0.1387978594856431,0.03577947300518743,0.11036947736894415,0.19914411563447398,28.5682120100046,0.0
min,0.39899999999999997,0.324,0.0,-11.687999999999999,0.0,0.035,0.000813,0.0,0.0215,0.067,75.94800000000001,4.0
max,0.9359999999999999,0.871,11.0,-2.573,1.0,0.473,0.7190000000000001,0.253,0.5579999999999999,0.9259999999999999,187.985,4.0
