,danceability,energy,key,loudness,mode,speechiness,acousticness,instrumentalness,liveness,valence,tempo,time_signature
mean,0.69554,0.6010599999999998,5.84,-6.9680599999999995,0.5,0.13001600000000002,0.2620702,0.016753026999999997,0.18604599999999993,0.46553399999999984,117.70112000000005,4.02
std,0.13649896613198959,0.1652083915939539,3.3524891757423156,2.649908341965119,0.5050762722761054,0.10635877166554757,0.2911927768817806,0.09457584765347833,0.1341247777410335,0.2315359817851741,23.046813425880526,0.14142135623730945
min,0.34700000000000003,0.128,0.0,-18.717,0.0,0.0282,0.00122,0.0,0.0513,0.0592,75.801,4.0
max,0.9440000000000001,0.8540000000000001,11.0,-3.675,1.0,0.426,0.902,0.657,0.79,0.898,171.017,5.0
