,danceability,energy,key,loudness,mode,speechiness,acousticness,instrumentalness,liveness,valence,tempo,time_signature
mean,0.6574599999999999,0.70304,5.28,-5.2786599999999995,0.5,0.09344800000000003,0.11144238000000001,0.016203168600000005,0.17087599999999997,0.436142,121.11212000000003,3.94
std,0.12073536755893793,0.14986687425845646,3.7744576580278255,1.3546190308627404,0.5050762722761054,0.07499274860182913,0.1571480517230896,0.07663743211718636,0.10889687231504859,0.19172978443845476,28.176643590501023,0.23989793748209529
min,0.36,0.34600000000000003,0.0,-9.107000000000001,0.0,0.0297,0.000469,0.0,0.0404,0.0921,73.433,3.0
max,0.922,0.971,11.0,-3.053,1.0,0.35100000000000003,0.809,0.512,0.424,0.868,193.903,4.0
