,danceability,energy,key,loudness,mode,speechiness,acousticness,instrumentalness,liveness,valence,tempo,time_signature
mean,0.5883400000000001,0.5166639999999999,4.68,-9.34708,0.48,0.08364400000000001,0.4198847179999998,0.15685307560000006,0.167862,0.41556,121.66666000000004,3.98
std,0.1750710188256556,0.26455494993421286,3.8302768056843184,6.559512291601675,0.5046720495044485,0.08487538803373773,0.3542261559299293,0.3167994249259478,0.10321745400970177,0.22885773229815298,29.437364029486233,0.3187987657774485
min,0.129,0.0161,0.0,-29.435,0.0,0.0252,9.590000000000001e-05,0.0,0.0518,0.0393,63.542,3.0
max,0.924,0.961,11.0,-1.895,1.0,0.41200000000000003,0.995,0.9359999999999999,0.52,0.951,186.054,5.0
