,danceability,energy,key,loudness,mode,speechiness,acousticness,instrumentalness,liveness,valence,tempo,time_signature
mean,0.72274,0.64986,5.82,-6.66592,0.4,0.14158199999999996,0.25326090800000006,0.029532817799999996,0.161648,0.5280599999999999,127.53281999999999,3.98
std,0.12831431593345066,0.14680933212844477,3.7345054039651484,2.384980262101187,0.4948716593053936,0.11521947413700587,0.21512756598229826,0.13434849006651842,0.09988798673452956,0.22941624321974508,35.45015083971823,0.14142135623730945
min,0.373,0.391,0.0,-11.568,0.0,0.0262,6.54e-05,0.0,0.0594,0.10099999999999999,75.042,3.0
max,0.915,0.932,11.0,-2.097,1.0,0.42,0.7509999999999999,0.86,0.442,0.95,204.077,4.0
