,danceability,energy,key,loudness,mode,speechiness,acousticness,instrumentalness,liveness,valence,tempo,time_signature
mean,0.6707799999999999,0.6602399999999998,5.08,-6.2315000000000005,0.5,0.11364199999999998,0.17051432,0.0199727804,0.148342,0.47196,117.35485999999996,4.02
std,0.1213252148364141,0.13808715969803054,3.330992375266211,1.7293675055891833,0.5050762722761054,0.10502705791308042,0.16424999218357264,0.1143230279720408,0.11493226415092128,0.18854837088467588,25.090621126847786,0.14142135623730948
min,0.331,0.307,0.0,-11.338,0.0,0.0291,0.0008560000000000001,0.0,0.0398,0.1,67.982,4.0
max,0.92,0.938,11.0,-3.745,1.0,0.408,0.698,0.8009999999999999,0.649,0.851,170.157,5.0
