,danceability,energy,key,loudness,mode,speechiness,acousticness,instrumentalness,liveness,valence,tempo,time_signature
mean,0.6531599999999999,0.6152399999999998,5.44,-6.957220000000002,0.5,0.13966599999999998,0.26098960000000004,0.0157964636,0.187334,0.47905399999999987,124.64160000000001,3.98
std,0.16669957824708226,0.1806323992905741,3.654239919293081,2.777757826458055,0.5050762722761054,0.11933932005087042,0.2420390959308442,0.06535777112737134,0.19044476044142525,0.21688860792807813,26.517340334357886,0.3187987657774485
min,0.215,0.10400000000000001,0.0,-14.08,0.0,0.0278,0.00513,0.0,0.0521,0.0857,77.015,3.0
max,0.95,0.981,11.0,-3.1489999999999996,1.0,0.462,0.9790000000000001,0.33399999999999996,0.9790000000000001,0.927,176.791,5.0
