,danceability,energy,key,loudness,mode,speechiness,acousticness,instrumentalness,liveness,valence,tempo,time_signature
mean,0.6711400000000001,0.6639400000000001,5.46,-5.79982,0.32,0.10271200000000003,0.16185014000000003,0.0260397644,0.13545200000000002,0.4491140000000001,114.03504,3.94
std,0.1534803065210515,0.14695124972560922,3.3999399754605517,1.9717230286307081,0.47121207149916117,0.10069698258657414,0.2079421281385182,0.12410615935427184,0.08228294201679213,0.2013690205892188,24.954491057874755,0.4242640687119286
min,0.258,0.34600000000000003,0.0,-15.925999999999998,0.0,0.0261,0.000404,0.0,0.0579,0.0967,75.016,1.0
max,0.95,0.907,11.0,-3.09,1.0,0.486,0.802,0.846,0.519,0.871,180.043,4.0
