,danceability,energy,key,loudness,mode,speechiness,acousticness,instrumentalness,liveness,valence,tempo,time_signature
mean,0.6345000000000001,0.5950399999999998,6.24,-7.240720000000001,0.56,0.08791399999999998,0.27327700000000005,0.07879843040000001,0.14198199999999997,0.45949399999999996,113.61878,3.96
std,0.15230625029049535,0.23623797842214025,3.678730925807133,4.358659202375081,0.5014265364224069,0.0847391363454421,0.28248766737935405,0.2424288089134233,0.0844343331125631,0.25690026128632026,27.283884297863153,0.2828427124746189
min,0.314,0.0171,0.0,-25.726999999999997,0.0,0.0232,0.0038299999999999996,0.0,0.0456,0.0349,62.46,3.0
max,0.889,0.9890000000000001,11.0,-2.83,1.0,0.431,0.995,0.925,0.44299999999999995,0.927,189.891,5.0
