,danceability,energy,key,loudness,mode,speechiness,acousticness,instrumentalness,liveness,valence,tempo,time_signature
mean,0.65974,0.6628599999999999,4.74,-5.743680000000001,0.52,0.10578199999999999,0.21219520000000006,0.0240194122,0.17676999999999998,0.40486199999999994,123.93217999999993,3.98
std,0.1416263854697439,0.1312428828002276,3.5959728041467813,2.044712538450811,0.5046720495044485,0.09056804565561494,0.2193040098672087,0.1368960421666985,0.12474326328380975,0.21632002831217362,26.125226485642617,0.14142135623730948
min,0.20199999999999999,0.29600000000000004,0.0,-10.112,0.0,0.0266,0.007559999999999999,0.0,0.0658,0.0778,77.093,3.0
max,0.877,0.88,11.0,-1.881,1.0,0.46299999999999997,0.934,0.94,0.53,0.861,169.843,4.0
