,danceability,energy,key,loudness,mode,speechiness,acousticness,instrumentalness,liveness,valence,tempo,time_signature
mean,0.7167200000000002,0.6580799999999999,5.34,-6.36624,0.46,0.13442600000000005,0.2348804599999999,0.005732582199999999,0.162866,0.48128,119.67080000000004,4.0
std,0.14452738459530493,0.13781573619459117,3.473573705237055,2.0855242433968297,0.5034574339058886,0.11659372302563972,0.2113793943946799,0.03987033928803913,0.09679953746305414,0.2345734330869634,29.94968591229126,0.20203050891044214
min,0.278,0.391,0.0,-11.568,0.0,0.0262,0.000143,0.0,0.0594,0.10099999999999999,63.011,3.0
max,0.978,0.9059999999999999,11.0,-2.097,1.0,0.42,0.7509999999999999,0.282,0.442,0.95,192.128,5.0
