,danceability,energy,key,loudness,mode,speechiness,acousticness,instrumentalness,liveness,valence,tempo,time_signature
mean,0.6615800000000002,0.6256519999999999,4.5,-7.266319999999999,0.56,0.13392600000000002,0.22800833800000006,0.0529200516,0.16357200000000005,0.4991899999999999,125.81312000000004,3.98
std,0.16004031252360468,0.19261463614466806,3.400180067260544,3.841043668970554,0.5014265364224069,0.13044044197272875,0.2729023020058718,0.19922043148728208,0.11778328775114653,0.21170222276218306,31.03607007630354,0.3187987657774485
min,0.21600000000000003,0.0926,0.0,-23.396,0.0,0.0244,6.890000000000001e-05,0.0,0.0282,0.0678,77.176,3.0
max,0.922,0.895,11.0,-2.384,1.0,0.506,0.99,0.972,0.597,0.961,199.75599999999997,5.0
