,danceability,energy,key,loudness,mode,speechiness,acousticness,instrumentalness,liveness,valence,tempo,time_signature
mean,0.6933999999999998,0.6031399999999999,5.68,-6.965740000000002,0.42,0.131844,0.2225532,0.013410123399999996,0.174772,0.45492999999999995,118.44730000000003,4.0
std,0.14412593699360887,0.1428428578572143,3.4252364732904477,2.3519584961803854,0.49856938190328975,0.1041733742471694,0.2450992211200041,0.09288672477850077,0.13321555807894855,0.21524106110999155,24.827789303191565,0.20203050891044214
min,0.34700000000000003,0.225,0.0,-14.454,0.0,0.0282,0.00122,0.0,0.0513,0.0605,75.801,3.0
max,0.9440000000000001,0.8540000000000001,11.0,-2.2030000000000003,1.0,0.36700000000000005,0.902,0.657,0.79,0.898,171.017,5.0
