,danceability,energy,key,loudness,mode,speechiness,acousticness,instrumentalness,liveness,valence,tempo,time_signature
mean,0.7182000000000002,0.6323000000000002,5.78,-7.004900000000001,0.4,0.15612599999999993,0.24584199999999992,0.0036059804,0.17918599999999998,0.4938,121.22050000000002,3.94
std,0.1318304415001423,0.14718782253311857,3.5645075796965684,2.520753509390008,0.49487165930539356,0.11117643049657235,0.19024716693430843,0.022934063218817247,0.12485973356253056,0.2113193733452293,32.05394763185518,0.46991097723995795
min,0.37200000000000005,0.317,0.0,-14.505,0.0,0.03,0.011000000000000001,0.0,0.042,0.13699999999999998,69.033,1.0
max,0.9359999999999999,0.8809999999999999,11.0,-2.6519999999999997,1.0,0.36200000000000004,0.753,0.162,0.752,0.9520000000000001,202.00599999999997,5.0
