,danceability,energy,key,loudness,mode,speechiness,acousticness,instrumentalness,liveness,valence,tempo,time_signature
mean,0.6668000000000001,0.6518600000000001,4.98,-6.289619999999998,0.52,0.13378400000000001,0.17484732220000002,0.0634121036,0.192854,0.4382120000000002,124.91909999999996,3.96
std,0.1861848982235955,0.16573879252286947,3.1068719093687283,2.092891446720327,0.5046720495044484,0.11574240991555872,0.18244662230931427,0.22354848427794294,0.13823707853406283,0.22556879274674604,28.26480638406305,0.1979486637221575
min,0.12300000000000001,0.204,1.0,-15.154000000000002,0.0,0.0239,6.11e-06,0.0,0.0814,0.0365,77.093,3.0
max,0.98,0.9440000000000001,11.0,-3.24,1.0,0.46299999999999997,0.856,0.9620000000000001,0.588,0.841,180.15900000000002,4.0
