,danceability,energy,key,loudness,mode,speechiness,acousticness,instrumentalness,liveness,valence,tempo,time_signature
mean,0.7033,0.60254,5.9,-7.170139999999998,0.4,0.151476,0.300428,0.015019634799999994,0.161198,0.504982,117.71782000000002,4.0
std,0.13502581007998102,0.15683557098608278,3.424104232630538,2.790166588618841,0.49487165930539356,0.1217876196918393,0.2680217982910787,0.09288258336624167,0.09803795701832292,0.24026638251604604,27.553291108797193,0.2857142857142857
min,0.32299999999999995,0.128,0.0,-18.717,0.0,0.0317,0.00122,0.0,0.0513,0.0605,75.801,3.0
max,0.907,0.8340000000000001,11.0,-3.28,1.0,0.45,0.902,0.657,0.46,0.898,190.06799999999998,5.0
