,danceability,energy,key,loudness,mode,speechiness,acousticness,instrumentalness,liveness,valence,tempo,time_signature
mean,0.6843,0.66726,5.18,-5.6368599999999995,0.38,0.13562,0.21466817800000002,0.005249054400000001,0.182728,0.47158600000000006,118.58734,3.98
std,0.13282707032922506,0.16670146969958002,3.684994392596736,2.2350420259026498,0.4903143514780145,0.12361670846711985,0.21835390181085618,0.03561908926322965,0.12865430668489658,0.2152436076085107,22.915704800740773,0.2466096643090295
min,0.35100000000000003,0.271,0.0,-10.519,0.0,0.0298,1.89e-05,0.0,0.0481,0.0793,77.501,3.0
max,0.9640000000000001,0.903,11.0,0.175,1.0,0.53,0.934,0.252,0.579,0.929,197.858,5.0
