,danceability,energy,key,loudness,mode,speechiness,acousticness,instrumentalness,liveness,valence,tempo,time_signature
mean,0.67306,0.60092,6.7,-7.286360000000001,0.42,0.16233600000000006,0.3191478799999999,0.0171917934,0.12618800000000002,0.4916219999999999,117.3832,4.04
std,0.13083895849946414,0.17285169294832506,3.5528086044131113,2.9988492946870307,0.49856938190328975,0.12794634519586556,0.2927765213806264,0.11589599026099787,0.07159590867343964,0.2109571126643363,30.078801691963886,0.19794866372215753
min,0.359,0.13,0.0,-18.725,0.0,0.0317,0.000248,0.0,0.0356,0.0605,75.801,4.0
max,0.902,0.9420000000000001,11.0,-2.6069999999999998,1.0,0.45,0.963,0.82,0.46,0.884,196.11700000000002,5.0
