,danceability,energy,key,loudness,mode,speechiness,acousticness,instrumentalness,liveness,valence,tempo,time_signature
mean,0.64054,0.6484599999999999,4.88,-5.955599999999999,0.52,0.13429800000000003,0.186119936,0.0373305072,0.19044,0.437676,119.38019999999997,3.98
std,0.16523541770851102,0.1704668511674301,3.420466610966214,2.2485472770530883,0.5046720495044484,0.15513088547601162,0.23149921158201067,0.16038707267273658,0.1270686990793338,0.22556063446534316,29.44623572491647,0.14142135623730948
min,0.198,0.29600000000000004,0.0,-10.109,0.0,0.0252,1.89e-05,0.0,0.0541,0.0388,77.501,3.0
max,0.9640000000000001,0.885,11.0,0.175,1.0,0.546,0.934,0.8440000000000001,0.46,0.902,183.894,4.0
