,danceability,energy,key,loudness,mode,speechiness,acousticness,instrumentalness,liveness,valence,tempo,time_signature
mean,0.65912,0.6943199999999998,4.94,-5.8395399999999995,0.6,0.10192799999999998,0.1429017,0.013691039600000001,0.17256600000000002,0.491906,120.82194,3.96
std,0.1604049263837095,0.14624880114631603,3.513298351424548,2.0308140944267765,0.4948716593053935,0.09142741526054694,0.16648587042948498,0.03776629953329581,0.1277627402649145,0.2407526806259308,24.643245203909323,0.19794866372215744
min,0.27399999999999997,0.309,0.0,-10.742,0.0,0.0261,0.000875,0.0,0.0606,0.0707,67.982,3.0
max,0.9129999999999999,0.9520000000000001,11.0,-1.401,1.0,0.385,0.81,0.21,0.665,0.9420000000000001,177.03099999999998,4.0
