,danceability,energy,key,loudness,mode,speechiness,acousticness,instrumentalness,liveness,valence,tempo,time_signature
mean,0.6533399999999999,0.5988000000000001,5.48,-6.953,0.56,0.10978600000000004,0.2570476,0.04843954160000001,0.163064,0.4462619999999997,123.48604000000003,3.96
std,0.1540873870800036,0.1798787573532205,3.609737397877116,2.7495350478929774,0.5014265364224069,0.09725755205974014,0.2421998857796458,0.16690888087782316,0.13832270278635553,0.22216407973038527,25.534157654021172,0.3475864303027553
min,0.215,0.10400000000000001,0.0,-15.359000000000002,0.0,0.0278,0.00182,0.0,0.0521,0.0697,79.581,3.0
max,0.885,0.9640000000000001,11.0,-3.1489999999999996,1.0,0.391,0.9790000000000001,0.8390000000000001,0.976,0.927,180.08,5.0
