,danceability,energy,key,loudness,mode,speechiness,acousticness,instrumentalness,liveness,valence,tempo,time_signature
mean,0.6262800000000001,0.581718,5.94,-7.60238,0.42,0.094536,0.30411043999999987,0.0797684464,0.154104,0.430588,117.15602000000001,3.94
std,0.1658519182147442,0.21347413329899034,3.38911824063127,4.294380879517716,0.49856938190328975,0.09256683577672017,0.26969904854025106,0.22457939390165108,0.10112937755213186,0.24712846253703427,27.972912068853983,0.42426406871192857
min,0.27699999999999997,0.0136,0.0,-24.79,0.0,0.0298,0.000101,0.0,0.0545,0.0507,57.86,1.0
max,0.924,0.9890000000000001,11.0,-1.218,1.0,0.368,0.993,0.935,0.653,0.9309999999999999,186.054,4.0
