,danceability,energy,key,loudness,mode,speechiness,acousticness,instrumentalness,liveness,valence,tempo,time_signature
mean,0.62996,0.6610400000000002,5.26,-6.7224,0.44,0.08893999999999998,0.2324712,0.0650370458,0.17560599999999998,0.4324099999999999,120.15799999999997,3.94
std,0.1265082009118744,0.18213282437354805,3.527211999553744,2.847224233658932,0.5014265364224069,0.08481124540377163,0.2702070839842385,0.1823856897421528,0.12024328639241769,0.22433665140423517,23.714124261068292,0.23989793748209526
min,0.308,0.121,0.0,-15.133,0.0,0.028999999999999998,0.00022,0.0,0.0518,0.0663,75.07300000000001,3.0
max,0.897,0.932,11.0,-3.11,1.0,0.41200000000000003,0.91,0.809,0.7659999999999999,0.9309999999999999,174.063,4.0
