,danceability,energy,key,loudness,mode,speechiness,acousticness,instrumentalness,liveness,valence,tempo,time_signature
mean,0.7008200000000002,0.6426999999999999,4.64,-6.64894,0.56,0.15525400000000003,0.16439568000000002,0.022654786999999996,0.19323,0.503438,123.71382,3.96
std,0.1307558388285399,0.13604504806144477,3.7566811231756794,2.4401302943632723,0.5014265364224069,0.15070099766743147,0.21082975689727693,0.06787672576137382,0.1630286143032341,0.1972559312266215,27.933999387543228,0.2828427124746189
min,0.434,0.369,0.0,-15.474,0.0,0.0264,0.00028199999999999997,0.0,0.0545,0.0989,69.986,3.0
max,0.9570000000000001,0.9,11.0,-2.101,1.0,0.615,0.9690000000000001,0.358,0.8740000000000001,0.966,189.891,5.0
