,danceability,energy,key,loudness,mode,speechiness,acousticness,instrumentalness,liveness,valence,tempo,time_signature
mean,0.6913800000000001,0.6729599999999999,5.0,-6.160739999999999,0.48,0.11875,0.20217463999999996,0.026377352399999995,0.18567800000000007,0.520714,115.50242,3.92
std,0.12817269759259678,0.1524674552091665,3.6589281356759136,2.0137014736295846,0.5046720495044484,0.12571327799920787,0.23507094015956204,0.10498394899587347,0.14542197471707033,0.21933280835389893,25.390645906606906,0.2740475156178697
min,0.365,0.369,0.0,-12.552,0.0,0.0264,0.00028199999999999997,0.0,0.0219,0.0788,67.297,3.0
max,0.9570000000000001,0.98,11.0,-2.605,1.0,0.508,0.9690000000000001,0.684,0.638,0.966,189.891,4.0
