,danceability,energy,key,loudness,mode,speechiness,acousticness,instrumentalness,liveness,valence,tempo,time_signature
mean,0.68812,0.65908,6.0,-6.099060000000001,0.54,0.08825400000000004,0.1156725,0.007761239799999999,0.16999000000000003,0.43967,122.90138,3.98
std,0.1222490999925136,0.1534514268691017,3.481730744843983,2.169524601456856,0.5034574339058886,0.05981021416419897,0.161412125914046,0.026316337930902763,0.11184589844960786,0.20406854215669595,28.71863224166925,0.14142135623730945
min,0.371,0.39,0.0,-11.856,0.0,0.0297,0.000725,0.0,0.0404,0.0921,73.433,3.0
max,0.922,0.929,11.0,-3.093,1.0,0.22399999999999998,0.778,0.125,0.43,0.868,180.044,4.0
