,danceability,energy,key,loudness,mode,speechiness,acousticness,instrumentalness,liveness,valence,tempo,time_signature
mean,0.6937599999999999,0.64684,5.7,-5.830719999999999,0.5,0.127612,0.19118782000000004,2.2191000000000005e-05,0.15569400000000003,0.47384600000000016,120.74372000000001,3.96
std,0.1415079950146324,0.14323141828409527,3.8239310898069068,1.6896381334595925,0.5050762722761054,0.10815680159200458,0.21386014773742457,6.238781763113302e-05,0.11005832110702923,0.22119481967030696,28.644731576743276,0.19794866372215744
min,0.258,0.24,0.0,-10.329,0.0,0.0249,0.000621,0.0,0.0419,0.0636,68.976,3.0
max,0.9359999999999999,0.8959999999999999,11.0,-3.0660000000000003,1.0,0.365,0.773,0.000343,0.644,0.912,180.043,4.0
