,danceability,energy,key,loudness,mode,speechiness,acousticness,instrumentalness,liveness,valence,tempo,time_signature
mean,0.6672,0.6472999999999999,5.68,-6.525900000000002,0.46,0.09444600000000002,0.1800311840000001,0.030920311999999995,0.16924,0.4775419999999999,120.12839999999997,3.98
std,0.13822785094006998,0.18519832171849437,3.678065152400936,2.4003754149409757,0.5034574339058886,0.07532594807276721,0.25643823291735274,0.1352389348222687,0.11363834506621327,0.1996263510580071,20.815609091178057,0.14142135623730942
min,0.24,0.18899999999999997,0.0,-12.11,0.0,0.0276,2.02e-05,0.0,0.0606,0.0921,75.016,3.0
max,0.929,0.961,11.0,-2.326,1.0,0.35100000000000003,0.9540000000000001,0.711,0.648,0.895,169.84,4.0
