,danceability,energy,key,loudness,mode,speechiness,acousticness,instrumentalness,liveness,valence,tempo,time_signature
mean,0.66782,0.67952,4.8,-6.470819999999999,0.4,0.18536200000000005,0.23094359999999997,0.016901293799999998,0.145862,0.45358000000000004,110.65912000000002,3.98
std,0.1486661360229693,0.12438981518777564,3.703280399090206,2.188880150642687,0.4948716593053935,0.1527879307793542,0.23630293551649817,0.11591115194167034,0.11164550474879067,0.23514920057404456,31.795342766165604,0.3187987657774485
min,0.365,0.32899999999999996,0.0,-12.603,0.0,0.0318,0.00128,0.0,0.0356,0.12300000000000001,69.033,3.0
max,0.919,0.902,11.0,-2.6519999999999997,1.0,0.627,0.818,0.82,0.7,0.9520000000000001,180.165,5.0
