,danceability,energy,key,loudness,mode,speechiness,acousticness,instrumentalness,liveness,valence,tempo,time_signature
mean,0.6810199999999998,0.6626599999999999,5.52,-5.9447,0.5,0.10065199999999998,0.13013296,0.024706684799999996,0.168034,0.46451999999999993,114.82009999999998,4.04
std,0.13743710843695092,0.1504886747382998,3.5642212991602737,1.8336568709570944,0.5050762722761054,0.08726853522786052,0.18469136538958109,0.12665110249115483,0.12221055869744991,0.1954202420948459,21.802581597047595,0.1979486637221575
min,0.33399999999999996,0.34600000000000003,0.0,-11.344000000000001,0.0,0.0288,0.000199,0.0,0.0606,0.13,73.483,4.0
max,0.9129999999999999,0.951,11.0,-3.0189999999999997,1.0,0.38299999999999995,0.79,0.8859999999999999,0.667,0.872,175.933,5.0
