,danceability,energy,key,loudness,mode,speechiness,acousticness,instrumentalness,liveness,valence,tempo,time_signature
mean,0.6944,0.64628,6.24,-6.820019999999997,0.46,0.177848,0.25408208,0.0026620316,0.12266000000000002,0.47141999999999995,117.44664000000003,3.96
std,0.14986265821254677,0.1250142914279183,3.936018914837578,2.5167534763691743,0.5034574339058886,0.13568725481181845,0.2094818635936948,0.01837722264561086,0.0638295498070559,0.2293458399136864,31.65152059136031,0.2828427124746189
min,0.278,0.235,0.0,-16.541,0.0,0.0282,0.0008039999999999999,0.0,0.0566,0.0654,63.011,3.0
max,0.9309999999999999,0.856,11.0,-2.2,1.0,0.48,0.818,0.13,0.336,0.941,188.389,5.0
