,danceability,energy,key,loudness,mode,speechiness,acousticness,instrumentalness,liveness,valence,tempo,time_signature
mean,0.6752200000000002,0.6590180000000001,5.48,-6.651579999999999,0.58,0.08931199999999999,0.17199724000000008,0.028654555399999997,0.148568,0.4825840000000002,121.87766000000002,3.96
std,0.14983586802544568,0.16826446590327468,3.775538885715656,2.366603767306342,0.49856938190328975,0.06818053657274148,0.21997472982924982,0.12887588603225578,0.12273139318637828,0.21334806509934104,24.752180724880446,0.1979486637221575
min,0.21,0.0959,0.0,-17.767,0.0,0.0243,0.000101,0.0,0.0542,0.0453,78.476,3.0
max,0.9079999999999999,0.94,11.0,-4.086,1.0,0.282,0.9690000000000001,0.862,0.638,0.8440000000000001,180.06799999999998,4.0
