,danceability,energy,key,loudness,mode,speechiness,acousticness,instrumentalness,liveness,valence,tempo,time_signature
mean,0.68828,0.6315399999999999,5.82,-7.032499999999999,0.44,0.17085799999999998,0.23062379999999996,0.022109507800000004,0.14164999999999997,0.4634180000000002,117.22873999999995,4.0
std,0.16637737287288085,0.17226370506184013,3.4799132055796087,2.877831739419135,0.5014265364224069,0.13305307072206723,0.23347461994558358,0.11826822334081934,0.09072809175031217,0.24587313444298126,30.89290140892617,0.3499271061118826
min,0.278,0.21100000000000002,0.0,-16.541,0.0,0.0295,0.006690000000000001,0.0,0.039,0.0706,63.011,3.0
max,0.951,0.91,11.0,-2.2,1.0,0.48700000000000004,0.818,0.82,0.515,0.9520000000000001,185.044,5.0
