,danceability,energy,key,loudness,mode,speechiness,acousticness,instrumentalness,liveness,valence,tempo,time_signature
mean,0.70426,0.6186599999999999,6.54,-6.9883999999999995,0.38,0.16727800000000007,0.2872489999999999,0.0006528606000000001,0.163082,0.536862,122.60676,3.96
std,0.1344217866816755,0.15818674187845977,3.1829263906291114,2.37916069062952,0.4903143514780145,0.13981736818041585,0.2590009217243862,0.0023597603929060677,0.09779675235624428,0.20699538877837398,28.724509390712708,0.44994330708638913
min,0.34700000000000003,0.29100000000000004,0.0,-12.355,0.0,0.0317,0.00122,0.0,0.0574,0.0605,75.801,1.0
max,0.9179999999999999,0.9420000000000001,11.0,-3.28,1.0,0.503,0.873,0.013000000000000001,0.46,0.898,196.11700000000002,5.0
