,danceability,energy,key,loudness,mode,speechiness,acousticness,instrumentalness,liveness,valence,tempo,time_signature
mean,0.68808,0.7055599999999999,5.24,-5.581719999999998,0.64,0.10546,0.20330319999999996,0.0310332154,0.17020400000000002,0.5111,119.52204000000002,3.96
std,0.12207856954788233,0.17127697582856719,3.543087550111499,2.2106495493868046,0.4848732213850611,0.08204969126532222,0.19544739504625624,0.14453298214345395,0.12664890560046665,0.19698826754662427,25.83617763869027,0.19794866372215744
min,0.35,0.149,0.0,-12.196,0.0,0.0261,0.00124,0.0,0.0222,0.18899999999999997,80.04,3.0
max,0.9009999999999999,0.9640000000000001,11.0,-1.936,1.0,0.335,0.85,0.7609999999999999,0.631,0.9390000000000001,192.06799999999998,4.0
