,danceability,energy,key,loudness,mode,speechiness,acousticness,instrumentalness,liveness,valence,tempo,time_signature
mean,0.61608,0.6026799999999998,5.44,-7.060280000000001,0.56,0.07805,0.24942300000000003,0.0348180756,0.167136,0.44853999999999977,117.93119999999995,3.96
std,0.16180926539400312,0.17812635276965733,4.155939933961254,2.277979663774773,0.5014265364224069,0.07468168436498895,0.24021832022651604,0.13543394223756672,0.11057327381258393,0.21496076623516247,24.24056148150813,0.28284271247461895
min,0.307,0.174,0.0,-11.729000000000001,0.0,0.0263,0.00132,0.0,0.057,0.107,71.105,3.0
max,0.924,0.9179999999999999,11.0,-3.159,1.0,0.331,0.8640000000000001,0.809,0.54,0.9309999999999999,174.15200000000002,5.0
