,danceability,energy,key,loudness,mode,speechiness,acousticness,instrumentalness,liveness,valence,tempo,time_signature
mean,0.6903999999999997,0.6303599999999999,6.08,-6.30572,0.6,0.11821200000000001,0.25264878,0.06274573440000002,0.170132,0.517402,119.84102000000001,3.94
std,0.12803315897031664,0.169028648700842,3.7733761205237384,2.075101945270475,0.49487165930539356,0.11226520466997705,0.2900447710699716,0.21498419288540727,0.13691647601396126,0.19866956104475159,24.408117744224327,0.5115003939990903
min,0.4,0.225,0.0,-14.454,0.0,0.0261,0.000299,0.0,0.0503,0.0781,73.877,1.0
max,0.915,0.9640000000000001,11.0,-3.28,1.0,0.503,0.902,0.94,0.79,0.898,184.19400000000002,5.0
