,danceability,energy,key,loudness,mode,speechiness,acousticness,instrumentalness,liveness,valence,tempo,time_signature
mean,0.65022,0.6536679999999998,5.02,-6.321140000000001,0.58,0.11728800000000002,0.18317442800000003,0.032104424,0.16618400000000005,0.391352,124.10134,3.94
std,0.16801801288273,0.1674825637467485,3.7279419282505146,2.37172795881236,0.4985693819032897,0.09593024812916127,0.2427471759785965,0.136429081960415,0.12975021270872422,0.21916769391756358,32.463686226500116,0.23989793748209529
min,0.205,0.0824,0.0,-17.372,0.0,0.0247,2.14e-05,0.0,0.0215,0.0392,80.04,3.0
max,0.9209999999999999,0.961,11.0,-3.154,1.0,0.473,0.9690000000000001,0.892,0.638,0.9259999999999999,203.94400000000002,4.0
