,danceability,energy,key,loudness,mode,speechiness,acousticness,instrumentalness,liveness,valence,tempo,time_signature
mean,0.6775800000000001,0.6459200000000003,5.12,-6.00174,0.58,0.07852399999999997,0.15818963999999996,0.0227744992,0.14904600000000004,0.4411539999999999,117.07531999999999,3.94
std,0.14612995195079911,0.14301917097125869,3.4204666109662143,1.9297011380109659,0.49856938190328964,0.07104215925657621,0.16446471116293782,0.11299178920004757,0.1269933442093301,0.19300265960946375,25.085388874752393,0.2398979374820953
min,0.258,0.37799999999999995,0.0,-13.333,0.0,0.0232,0.000762,0.0,0.0327,0.0967,79.028,3.0
max,0.938,0.907,11.0,-3.09,1.0,0.341,0.6579999999999999,0.624,0.792,0.779,180.043,4.0
