,danceability,energy,key,loudness,mode,speechiness,acousticness,instrumentalness,liveness,valence,tempo,time_signature
mean,0.72988,0.64164,5.74,-6.220979999999998,0.54,0.13200599999999998,0.24936900000000006,0.012174495200000001,0.15953599999999996,0.53574,115.97377999999999,4.0
std,0.12026851590656362,0.15512388202823635,4.099825780270598,2.609418713047027,0.5034574339058886,0.10487350866833894,0.22595591065560572,0.06571311002327299,0.0984942114946822,0.20478050070596993,31.413894458220945,0.0
min,0.42100000000000004,0.317,0.0,-14.505,0.0,0.0287,0.00615,0.0,0.0558,0.13699999999999998,73.51,4.0
max,0.935,0.9109999999999999,11.0,-1.9980000000000002,1.0,0.39799999999999996,0.753,0.439,0.499,0.9179999999999999,202.00599999999997,4.0
