,danceability,energy,key,loudness,mode,speechiness,acousticness,instrumentalness,liveness,valence,tempo,time_signature
mean,0.6898400000000001,0.60874,4.58,-6.820099999999999,0.5,0.147888,0.2953244,0.0325856666,0.17773199999999995,0.46364,118.928,4.04
std,0.15018442539974997,0.20010689082363467,3.860263288049304,2.84294911732051,0.5050762722761054,0.14977661957538158,0.2811090873530946,0.13105738524678,0.13422767961754464,0.21514473154182528,26.975651110902643,0.1979486637221575
min,0.35100000000000003,0.14300000000000002,0.0,-16.169,0.0,0.0251,0.00632,0.0,0.0583,0.12,64.934,4.0
max,0.925,0.937,11.0,-2.682,1.0,0.684,0.976,0.779,0.618,0.9229999999999999,205.11599999999999,5.0
