,danceability,energy,key,loudness,mode,speechiness,acousticness,instrumentalness,liveness,valence,tempo,time_signature
mean,0.6834800000000003,0.63872,4.96,-6.208279999999998,0.58,0.104386,0.18618362000000008,0.006040512599999999,0.19651400000000002,0.435568,113.2827,3.96
std,0.14454110918661847,0.1591132365355451,3.885924364069031,2.244632464255972,0.4985693819032897,0.09234086368516622,0.22800213886831439,0.028067854905153868,0.15773741032591646,0.24181136047990565,28.501456717694488,0.2828427124746189
min,0.265,0.304,0.0,-11.689,0.0,0.0251,0.0007379999999999999,0.0,0.0661,0.0499,54.747,3.0
max,0.922,0.9,11.0,-2.384,1.0,0.484,0.9840000000000001,0.179,0.636,0.904,189.99200000000002,5.0
