,danceability,energy,key,loudness,mode,speechiness,acousticness,instrumentalness,liveness,valence,tempo,time_signature
mean,0.64406,0.6568040000000002,6.16,-6.853460000000002,0.46,0.09750399999999998,0.18119563999999996,0.07572877739999999,0.157006,0.4457119999999999,116.61737999999997,3.98
std,0.15504211541068577,0.20842752957734326,3.8245181102343087,3.97852682821885,0.5034574339058886,0.08705018951086523,0.26329322053246557,0.20937294494213332,0.08884813553336446,0.21515114539147892,25.537972706436467,0.14142135623730936
min,0.19,0.0412,0.0,-26.584,0.0,0.0272,0.00011499999999999999,0.0,0.0404,0.0378,71.705,3.0
max,0.884,0.9129999999999999,11.0,-3.09,1.0,0.35200000000000004,0.982,0.929,0.39399999999999996,0.9420000000000001,180.044,4.0
