,danceability,energy,key,loudness,mode,speechiness,acousticness,instrumentalness,liveness,valence,tempo,time_signature
mean,0.6869600000000001,0.6881999999999999,5.44,-5.4872000000000005,0.6,0.082534,0.12063005999999998,0.013177164000000002,0.169524,0.47164200000000006,118.48775999999997,3.98
std,0.11823065661352516,0.1366054948546719,3.715164731151478,1.474539623760859,0.4948716593053935,0.06231574508672977,0.14597549037555616,0.07380473390301814,0.11315173226374273,0.20354549217232362,25.654951869193056,0.14142135623730936
min,0.386,0.39,0.0,-10.245999999999999,0.0,0.0297,0.00035299999999999996,0.0,0.0404,0.0921,67.03699999999999,3.0
max,0.929,0.9490000000000001,11.0,-3.094,1.0,0.295,0.551,0.512,0.47600000000000003,0.966,189.976,4.0
