,danceability,energy,key,loudness,mode,speechiness,acousticness,instrumentalness,liveness,valence,tempo,time_signature
mean,0.6865000000000002,0.6695,5.5,-5.83046,0.48,0.125708,0.22649999999999995,0.00021507499999999996,0.19219799999999998,0.522862,120.04917999999999,3.98
std,0.14008557880008599,0.14525252465402225,3.2592098704428096,1.8068668135866615,0.5046720495044485,0.1081661606143105,0.23395370443831015,0.001040342604434241,0.1348769227170929,0.2287547380037924,30.093147659029675,0.14142135623730942
min,0.33299999999999996,0.308,0.0,-10.068,0.0,0.0239,0.0010400000000000001,0.0,0.0338,0.0778,64.934,3.0
max,0.934,0.9129999999999999,11.0,-2.313,1.0,0.46299999999999997,0.883,0.00722,0.588,0.938,195.918,4.0
