,danceability,energy,key,loudness,mode,speechiness,acousticness,instrumentalness,liveness,valence,tempo,time_signature
mean,0.68158,0.6900799999999999,5.78,-5.5476,0.6,0.09981600000000002,0.24817360000000008,0.0172495702,0.14071999999999998,0.4845480000000002,118.62521999999997,3.96
std,0.1402916917551079,0.16261533928700755,3.5986959089228363,1.9179860717504107,0.49487165930539356,0.09369661497163523,0.24315040102246951,0.09967365763290553,0.10437462745870216,0.2045031682205557,25.287284840885576,0.28284271247461895
min,0.37799999999999995,0.31,0.0,-11.134,0.0,0.0242,0.00175,0.0,0.0237,0.0564,79.992,3.0
max,0.9309999999999999,0.9790000000000001,11.0,-1.746,1.0,0.41200000000000003,0.94,0.7,0.61,0.823,177.601,5.0
