,danceability,energy,key,loudness,mode,speechiness,acousticness,instrumentalness,liveness,valence,tempo,time_signature
mean,0.639,0.68584,6.04,-5.63742,0.54,0.09044999999999997,0.20000008399999994,0.007889289399999999,0.20189600000000005,0.5120200000000001,112.27487999999998,3.96
std,0.13603961007810952,0.1559838243837731,3.475629439396553,2.0176535279317678,0.5034574339058886,0.08306223447462972,0.2395986158723473,0.0495255293531312,0.15519138804214935,0.20839077205469303,24.983410185062848,0.1979486637221575
min,0.345,0.27899999999999997,0.0,-13.020999999999999,0.0,0.03,3.4200000000000005e-05,0.0,0.0418,0.12,74.786,3.0
max,0.903,0.937,11.0,-3.035,1.0,0.46299999999999997,0.934,0.349,0.632,0.9079999999999999,180.07299999999998,4.0
