,danceability,energy,key,loudness,mode,speechiness,acousticness,instrumentalness,liveness,valence,tempo,time_signature
mean,0.69926,0.6189799999999999,5.72,-6.580800000000002,0.54,0.10624799999999998,0.2818894,0.038443998800000004,0.19560599999999997,0.482742,116.7559,4.0
std,0.1365008499637139,0.16587202960138164,3.9848693420825465,2.033082007440819,0.5034574339058886,0.08796808150269794,0.28038348153919623,0.13316536632066903,0.16064987713810985,0.22217247766690873,21.28555026231147,0.4948716593053935
min,0.391,0.32,0.0,-11.402999999999999,0.0,0.0261,0.00122,0.0,0.0606,0.0605,75.801,1.0
max,0.912,0.93,11.0,-2.615,1.0,0.36700000000000005,0.873,0.6970000000000001,0.764,0.898,188.115,5.0
