,danceability,energy,key,loudness,mode,speechiness,acousticness,instrumentalness,liveness,valence,tempo,time_signature
mean,0.6629599999999999,0.6786999999999999,5.5,-5.643979999999999,0.56,0.09268799999999996,0.14270560000000004,0.0087688718,0.18702399999999994,0.5186819999999999,113.13707999999997,3.98
std,0.1379263275692306,0.1719419990008496,3.6658935486732402,1.9036416496294888,0.5014265364224069,0.08695629828968629,0.2088252463738569,0.04162663004376623,0.1273136181695759,0.241419930268013,24.24139620132033,0.1414213562373094
min,0.33399999999999996,0.2,0.0,-11.062999999999999,0.0,0.0269,0.0017100000000000001,0.0,0.0371,0.0921,70.003,3.0
max,0.922,0.934,11.0,-2.549,1.0,0.38299999999999995,0.904,0.21100000000000002,0.639,0.9640000000000001,168.104,4.0
