,danceability,energy,key,loudness,mode,speechiness,acousticness,instrumentalness,liveness,valence,tempo,time_signature
mean,0.6987199999999999,0.633362,4.92,-6.572880000000001,0.56,0.09764,0.22126237999999998,0.035279929599999996,0.13619,0.4954260000000001,118.86986,3.84
std,0.14769398036729423,0.1793909911623326,3.816398558744052,3.0753436220151706,0.5014265364224069,0.08063172515853059,0.2584216212197274,0.13785508082188966,0.09248990292381727,0.23980424057968616,24.06033316054303,0.7655863432556725
min,0.16699999999999998,0.0721,0.0,-19.221,0.0,0.0249,0.000129,0.0,0.0365,0.0388,72.541,1.0
max,0.932,0.93,11.0,-2.61,1.0,0.34299999999999997,0.868,0.6970000000000001,0.43700000000000006,0.9229999999999999,180.051,5.0
