,danceability,energy,key,loudness,mode,speechiness,acousticness,instrumentalness,liveness,valence,tempo,time_signature
mean,0.6707800000000002,0.66122,4.98,-5.9247799999999975,0.46,0.10599400000000003,0.12321767999999998,0.045770577800000004,0.16908600000000007,0.4537519999999999,119.62868,3.9
std,0.15675579473714352,0.14562886712041503,3.6838865900246263,1.5259699129085216,0.5034574339058886,0.1039190116565466,0.1566629799456353,0.17727787737962766,0.11740381735962527,0.24472054386126862,27.510498661227277,0.30304576336566336
min,0.27699999999999997,0.299,0.0,-9.359,0.0,0.0232,0.000704,0.0,0.0424,0.0986,80.04,3.0
max,0.909,0.9279999999999999,11.0,-2.499,1.0,0.473,0.779,0.892,0.575,0.966,191.702,4.0
