,danceability,energy,key,loudness,mode,speechiness,acousticness,instrumentalness,liveness,valence,tempo,time_signature
mean,0.6411600000000002,0.6667599999999999,5.42,-6.097100000000003,0.64,0.11155200000000003,0.17302751,0.032255368599999994,0.17877599999999996,0.501026,113.76611999999997,4.04
std,0.1518895087132184,0.17948435893425593,3.9387659934325123,2.376349105545852,0.4848732213850611,0.11051959700636345,0.20209803379418217,0.1587986824996953,0.12325151911138989,0.23528302783616822,22.219728192867215,0.19794866372215744
min,0.221,0.121,0.0,-15.133,0.0,0.0258,2.55e-05,0.0,0.0371,0.0913,71.994,4.0
max,0.889,0.956,11.0,-2.549,1.0,0.48100000000000004,0.91,0.9059999999999999,0.598,0.9640000000000001,173.25400000000002,5.0
