,danceability,energy,key,loudness,mode,speechiness,acousticness,instrumentalness,liveness,valence,tempo,time_signature
mean,0.6689800000000001,0.6805599999999999,5.6,-5.863060000000001,0.54,0.105708,0.19115263999999998,0.008622585399999999,0.16979599999999997,0.499824,116.72854000000001,3.96
std,0.12328438833916994,0.14573293438089177,3.8438925848782026,2.211114691733561,0.5034574339058886,0.10045178524637415,0.20690462295244214,0.0407824206832,0.11355465277718453,0.23115691071527275,25.811968699249192,0.19794866372215753
min,0.36,0.369,0.0,-11.462,0.0,0.0264,0.00040199999999999996,0.0,0.0219,0.0913,69.986,3.0
max,0.889,0.92,11.0,-1.68,1.0,0.431,0.9690000000000001,0.27699999999999997,0.638,0.966,182.785,4.0
