,danceability,energy,key,loudness,mode,speechiness,acousticness,instrumentalness,liveness,valence,tempo,time_signature
mean,0.6815399999999998,0.62096,5.46,-6.07406,0.52,0.09966799999999999,0.23592659999999996,0.010072302800000002,0.14379,0.5074000000000001,123.70872000000001,3.92
std,0.145773686772003,0.14617782852067684,3.682335106523399,1.8747240930062106,0.5046720495044484,0.09051365539102317,0.22202111754322573,0.06984109326844692,0.08869829220913064,0.21789409522677264,28.740516560509104,0.6337449432233947
min,0.294,0.308,0.0,-10.329,0.0,0.0284,0.00451,0.0,0.055999999999999994,0.11199999999999999,68.53399999999999,1.0
max,0.903,0.919,11.0,-2.9610000000000003,1.0,0.461,0.946,0.494,0.442,0.9620000000000001,204.09599999999998,5.0
