,danceability,energy,key,loudness,mode,speechiness,acousticness,instrumentalness,liveness,valence,tempo,time_signature
mean,0.7254599999999998,0.6814199999999998,5.14,-6.332379999999998,0.6,0.08786199999999995,0.177996316,0.0760581244,0.12767800000000004,0.5244600000000001,112.90011999999999,4.0
std,0.13460239407156144,0.13951550129659723,3.7958624090674618,1.9340891110255896,0.49487165930539356,0.08247393624160104,0.19959894603835307,0.21353754738250574,0.08097922709194108,0.23068294435507478,20.04013633160682,0.0
min,0.221,0.391,0.0,-13.970999999999998,0.0,0.0275,3.98e-05,0.0,0.0523,0.10099999999999999,77.021,4.0
max,0.927,0.953,11.0,-2.9989999999999997,1.0,0.375,0.7509999999999999,0.948,0.414,0.9620000000000001,197.705,4.0
