,danceability,energy,key,loudness,mode,speechiness,acousticness,instrumentalness,liveness,valence,tempo,time_signature
mean,0.7272000000000002,0.649,6.02,-6.084519999999998,0.6,0.12148800000000003,0.23451823999999996,0.018615774399999997,0.15129600000000004,0.539214,118.28027999999999,3.96
std,0.1210526955587558,0.1958968908296778,3.6616601565465934,2.711784661548967,0.4948716593053936,0.09393565457269137,0.2059388020755403,0.09994031036495099,0.11183025759733235,0.2222427611915421,31.494977772000027,0.19794866372215747
min,0.35,0.10400000000000001,0.0,-14.08,0.0,0.0308,0.000239,0.0,0.0501,0.0727,74.96300000000001,3.0
max,0.9009999999999999,0.9640000000000001,11.0,-1.694,1.0,0.36,0.9790000000000001,0.7,0.625,0.9520000000000001,192.09900000000002,4.0
