,danceability,energy,key,loudness,mode,speechiness,acousticness,instrumentalness,liveness,valence,tempo,time_signature
mean,0.6836000000000001,0.6780599999999999,5.36,-5.646900000000001,0.58,0.10937799999999999,0.21698476,0.0063674398,0.164782,0.4966599999999999,113.91609999999996,4.0
std,0.14426110115385385,0.1447904058722575,3.572913976814202,2.3088407838796776,0.49856938190328964,0.09266677693185825,0.23066760673612108,0.027466419554995875,0.12624087389120978,0.20634561951705577,26.145494701647504,0.0
min,0.322,0.29600000000000004,0.0,-10.109,0.0,0.0306,0.000628,0.0,0.0418,0.12,62.839,4.0
max,0.953,0.9440000000000001,11.0,0.175,1.0,0.46299999999999997,0.934,0.175,0.547,0.9079999999999999,171.921,4.0
