,danceability,energy,key,loudness,mode,speechiness,acousticness,instrumentalness,liveness,valence,tempo,time_signature
mean,0.6926599999999999,0.6541599999999999,6.38,-5.7551200000000025,0.58,0.08591000000000001,0.16954515999999997,0.0093719584,0.16852400000000003,0.5785199999999998,117.68347999999997,4.02
std,0.1218827824307487,0.17766999448070997,3.6415403782644806,2.2797540382905432,0.49856938190328975,0.06203422113508588,0.23738037110548538,0.05850487037536757,0.11185788826608045,0.1914292366726181,25.42610952467594,0.14142135623730948
min,0.406,0.192,0.0,-13.107999999999999,0.0,0.0272,0.000513,0.0,0.0348,0.217,73.483,4.0
max,0.953,0.907,11.0,-1.401,1.0,0.28600000000000003,0.9059999999999999,0.414,0.547,0.882,196.12099999999998,5.0
