,danceability,energy,key,loudness,mode,speechiness,acousticness,instrumentalness,liveness,valence,tempo,time_signature
mean,0.6692600000000002,0.6736000000000001,6.0,-5.8727,0.6,0.09662199999999999,0.14419514,0.0182238584,0.216222,0.50394,110.99061999999996,4.04
std,0.1429056788977418,0.14202040669695093,3.6533462435841204,1.8710909210120916,0.49487165930539356,0.0817295672274341,0.1809483650132822,0.1001994848045039,0.1981729684505175,0.2160875115620087,19.15100534995167,0.19794866372215747
min,0.33399999999999996,0.36700000000000005,0.0,-10.742,0.0,0.0272,0.000127,0.0,0.0513,0.13,73.102,4.0
max,0.953,0.868,11.0,-1.412,1.0,0.38299999999999995,0.79,0.7020000000000001,0.988,0.9620000000000001,162.99,5.0
