,danceability,energy,key,loudness,mode,speechiness,acousticness,instrumentalness,liveness,valence,tempo,time_signature
mean,0.6158399999999999,0.6842600000000003,6.1,-6.076700000000001,0.62,0.09437400000000001,0.1611024,0.0067594318,0.18110399999999996,0.43733200000000005,117.26071999999998,3.98
std,0.14828108443088758,0.1857083306737548,3.8292643296229167,1.9480479947362481,0.4903143514780145,0.08254437473262487,0.21688222132008586,0.031176654915007092,0.15020982869551078,0.22104133369123524,28.81435907352373,0.14142135623730936
min,0.205,0.2,0.0,-11.062999999999999,0.0,0.0278,0.00037999999999999997,0.0,0.0513,0.0392,75.016,3.0
max,0.893,0.978,11.0,-3.105,1.0,0.35100000000000003,0.904,0.21100000000000002,0.6709999999999999,0.9620000000000001,203.94400000000002,4.0
