,danceability,energy,key,loudness,mode,speechiness,acousticness,instrumentalness,liveness,valence,tempo,time_signature
mean,0.69806,0.6607599999999998,4.94,-5.745759999999998,0.48,0.12009800000000004,0.27040647999999995,0.0184146812,0.14309999999999998,0.5443399999999999,127.37346000000001,3.98
std,0.12663468429030855,0.1626826834982878,3.4899856733230292,2.3584501531509967,0.5046720495044484,0.09051525858513963,0.24816170173187233,0.1298170024325765,0.1008036827153631,0.19343137896253268,34.83673843727835,0.24660966430902945
min,0.433,0.10400000000000001,0.0,-14.08,0.0,0.0304,0.000254,0.0,0.0371,0.158,75.208,3.0
max,0.897,0.904,11.0,-2.129,1.0,0.37799999999999995,0.9790000000000001,0.9179999999999999,0.534,0.9129999999999999,192.44299999999998,5.0
