,danceability,energy,key,loudness,mode,speechiness,acousticness,instrumentalness,liveness,valence,tempo,time_signature
mean,0.68722,0.6588799999999999,5.28,-6.495979999999999,0.62,0.10749799999999998,0.22859739999999998,0.06479240019999999,0.16179000000000002,0.555142,123.64414000000005,4.02
std,0.15158028653260333,0.18057172694369564,3.4584413145997734,2.7345997467823406,0.4903143514780145,0.10543041324368738,0.23291657952930844,0.2032817030083324,0.14806069804685662,0.22096848984894307,34.5426152579325,0.2466096643090295
min,0.261,0.127,0.0,-16.066,0.0,0.0274,0.00107,0.0,0.0165,0.0781,63.05,3.0
max,0.894,0.9640000000000001,11.0,-2.097,1.0,0.493,0.873,0.94,0.7979999999999999,0.9620000000000001,198.52200000000002,5.0
