,danceability,energy,key,loudness,mode,speechiness,acousticness,instrumentalness,liveness,valence,tempo,time_signature
mean,0.6609400000000001,0.67668,5.16,-6.090920000000001,0.5,0.17596599999999998,0.17425839999999998,0.019992627,0.18459399999999998,0.45932199999999995,117.26379999999997,3.98
std,0.12722941034659738,0.1403208335441698,3.3646420800035495,2.0279349287149335,0.5050762722761054,0.16155498414484407,0.17935573692752715,0.11757352181847697,0.13953981570629562,0.22407612344459904,25.067646301598415,0.2466096643090295
min,0.35100000000000003,0.29600000000000004,0.0,-12.585,0.0,0.0328,0.00179,0.0,0.0403,0.0778,72.98899999999999,3.0
max,0.907,0.9129999999999999,11.0,-2.552,1.0,0.6809999999999999,0.934,0.828,0.632,0.9079999999999999,180.07299999999998,5.0
