,danceability,energy,key,loudness,mode,speechiness,acousticness,instrumentalness,liveness,valence,tempo,time_signature
mean,0.6945999999999998,0.6543400000000001,4.54,-5.7602,0.42,0.130754,0.19499932400000003,0.003395142400000001,0.20467,0.473946,116.72236,4.0
std,0.1444850108743012,0.14846708011391288,3.7699672493570144,1.8529423705478347,0.4985693819032897,0.1328955508384425,0.19595285727177147,0.013747592255929477,0.1539672841607487,0.24034108178985628,28.152737925908696,0.0
min,0.331,0.29600000000000004,0.0,-10.109,0.0,0.0287,3.12e-05,0.0,0.0436,0.04,77.501,4.0
max,0.9640000000000001,0.9440000000000001,11.0,-0.9279999999999999,1.0,0.53,0.934,0.0816,0.609,0.902,182.96400000000003,4.0
