,danceability,energy,key,loudness,mode,speechiness,acousticness,instrumentalness,liveness,valence,tempo,time_signature
mean,0.71998,0.6699600000000001,5.38,-5.61424,0.4,0.12019000000000002,0.2724480000000001,0.0186491588,0.18267200000000003,0.5591200000000002,121.05598,3.98
std,0.10977908986427504,0.13529242101342362,3.8803008509492605,1.7905150730833783,0.49487165930539356,0.10544080697486248,0.195609012281424,0.12978944004731094,0.15522040030030768,0.18361779736780443,32.58002410610977,0.14142135623730945
min,0.42,0.37,0.0,-10.904000000000002,0.0,0.0287,0.00513,0.0,0.0515,0.244,75.003,3.0
max,0.889,0.914,11.0,-2.293,1.0,0.469,0.7509999999999999,0.9179999999999999,0.764,0.919,187.99099999999999,4.0
