,danceability,energy,key,loudness,mode,speechiness,acousticness,instrumentalness,liveness,valence,tempo,time_signature
mean,0.62208,0.572956,5.66,-7.797019999999998,0.52,0.09448399999999997,0.2779402100000001,0.061304190599999996,0.15668399999999993,0.44754600000000005,128.01077999999998,4.02
std,0.18592623509865192,0.20607921714422225,4.202088887732882,3.6187501365267325,0.5046720495044485,0.1018904200499693,0.30010720156875526,0.19522333112930887,0.15334399951662636,0.23793211106000256,32.78264912549482,0.3187987657774485
min,0.19,0.0638,0.0,-19.326,0.0,0.0273,8.05e-05,0.0,0.0461,0.0583,57.967,3.0
max,0.981,0.987,11.0,-3.198,1.0,0.41200000000000003,0.992,0.905,0.927,0.92,210.002,5.0
