,danceability,energy,key,loudness,mode,speechiness,acousticness,instrumentalness,liveness,valence,tempo,time_signature
mean,0.66714,0.66824,5.94,-5.974840000000003,0.52,0.089294,0.17554937999999998,0.027951562400000005,0.17522,0.447228,118.74799999999999,3.94
std,0.12269141812544453,0.13120859852361283,3.808743967798952,1.6477752764356715,0.5046720495044485,0.07429894225632128,0.196588428562126,0.14267880663670474,0.11896873710417902,0.19647874168645796,24.243014557953448,0.23989793748209529
min,0.358,0.37799999999999995,0.0,-10.05,0.0,0.0232,0.000799,0.0,0.0404,0.0763,78.01899999999999,3.0
max,0.929,0.91,11.0,-3.09,1.0,0.35600000000000004,0.795,0.88,0.579,0.9229999999999999,179.864,4.0
