,danceability,energy,key,loudness,mode,speechiness,acousticness,instrumentalness,liveness,valence,tempo,time_signature
mean,0.6530800000000001,0.696,5.68,-5.529100000000001,0.62,0.11130199999999998,0.18956239999999996,0.0062632104,0.16770800000000002,0.421484,125.11014000000002,3.96
std,0.12498291148499183,0.17107427674336462,3.7057043727150147,2.413058464492982,0.4903143514780145,0.10080296296665658,0.20756414067984688,0.025848243995365377,0.11550801339813475,0.18579057373773275,29.439627983320825,0.1979486637221575
min,0.28,0.217,0.0,-15.372,0.0,0.0263,0.00149,0.0,0.0537,0.0872,79.959,3.0
max,0.9359999999999999,0.951,11.0,-2.499,1.0,0.46299999999999997,0.8370000000000001,0.133,0.575,0.8390000000000001,181.44400000000002,4.0
