,danceability,energy,key,loudness,mode,speechiness,acousticness,instrumentalness,liveness,valence,tempo,time_signature
mean,0.6528200000000001,0.64812,5.08,-6.48176,0.48,0.08225399999999995,0.185660952,0.031151151199999994,0.152444,0.44561399999999984,124.66179999999999,3.96
std,0.159003618236331,0.1668991678975601,3.7462362064191463,2.3200569359656775,0.5046720495044484,0.06355670844021975,0.2518423726713833,0.12993267284862933,0.09306244372813913,0.20784439922643075,26.795931202710758,0.19794866372215744
min,0.258,0.259,0.0,-16.823,0.0,0.0281,4.96e-05,0.0,0.0404,0.0387,75.016,3.0
max,0.9129999999999999,0.953,11.0,-3.09,1.0,0.344,0.847,0.88,0.45399999999999996,0.868,180.043,4.0
