,danceability,energy,key,loudness,mode,speechiness,acousticness,instrumentalness,liveness,valence,tempo,time_signature
mean,0.7106200000000001,0.7026200000000001,5.16,-5.182399999999999,0.64,0.11471200000000004,0.22862440000000006,0.014217896199999998,0.16373200000000002,0.5292200000000001,117.22141999999998,4.0
std,0.10991014697544202,0.13016596783980625,3.6553567066787376,1.3979123647753595,0.48487322138506106,0.0965778878651309,0.2021769460722514,0.09896700663077793,0.12589573664792011,0.19180179927227384,28.75231174953501,0.0
min,0.44799999999999995,0.342,0.0,-8.677,0.0,0.031,0.00182,0.0,0.0344,0.1,79.992,4.0
max,0.9009999999999999,0.9640000000000001,11.0,-2.612,1.0,0.353,0.831,0.7,0.613,0.9009999999999999,192.06799999999998,4.0
