,danceability,energy,key,loudness,mode,speechiness,acousticness,instrumentalness,liveness,valence,tempo,time_signature
mean,0.6924399999999999,0.6175200000000001,5.46,-6.76028,0.54,0.10225999999999998,0.21899929999999995,0.1061215208,0.12181600000000001,0.517302,121.55547999999999,3.98
std,0.1607774682152766,0.1628550425929734,3.4417010507086427,2.9210773735114954,0.5034574339058886,0.10131183020148983,0.25115614120695795,0.2584744669855847,0.07762161323250327,0.2326838377783582,28.474771696950782,0.47337261502231165
min,0.294,0.102,0.0,-16.729,0.0,0.0261,0.000129,0.0,0.0459,0.0781,71.835,1.0
max,0.97,0.9,11.0,-2.6439999999999997,1.0,0.461,0.9670000000000001,0.948,0.515,0.9620000000000001,192.09099999999998,5.0
