,danceability,energy,key,loudness,mode,speechiness,acousticness,instrumentalness,liveness,valence,tempo,time_signature
mean,0.6689,0.61042,5.54,-6.296039999999998,0.46,0.08787999999999999,0.2625684,0.0350624188,0.14708800000000005,0.4991299999999999,121.11050000000002,3.94
std,0.14813979195065607,0.16999520881603739,3.4829614422446986,2.1035434047126773,0.5034574339058886,0.08039105697038898,0.26748056768906653,0.13036424593185045,0.08962477709533093,0.2301005283854544,24.01327716438282,0.6824326235712103
min,0.369,0.18600000000000003,0.0,-12.808,0.0,0.0261,0.00462,0.0,0.0409,0.0605,72.541,1.0
max,0.94,0.93,11.0,-2.615,1.0,0.34299999999999997,0.868,0.6970000000000001,0.46,0.9620000000000001,185.91299999999998,5.0
