,danceability,energy,key,loudness,mode,speechiness,acousticness,instrumentalness,liveness,valence,tempo,time_signature
mean,0.6758000000000002,0.6712,5.32,-5.173820000000001,0.52,0.141764,0.22822840200000002,0.0101102816,0.19956799999999986,0.5154,121.11905999999999,3.98
std,0.14039579620429074,0.15997397747567496,3.9250113739598618,2.1102205290501015,0.5046720495044484,0.14424602107482332,0.2480473227503406,0.048625125707982164,0.14596997795884645,0.24597552557861008,28.314654376589413,0.14142135623730948
min,0.331,0.29600000000000004,0.0,-10.109,0.0,0.0287,1.89e-05,0.0,0.044000000000000004,0.04,80.025,3.0
max,0.925,0.9440000000000001,11.0,0.175,1.0,0.546,0.9620000000000001,0.336,0.664,0.9079999999999999,182.96400000000003,4.0
