,danceability,energy,key,loudness,mode,speechiness,acousticness,instrumentalness,liveness,valence,tempo,time_signature
mean,0.6999799999999999,0.60336,4.56,-6.506080000000002,0.68,0.09088399999999998,0.3227224,0.0084560638,0.16687000000000005,0.4908939999999999,118.06627999999999,3.98
std,0.1492470202758651,0.19558669041984364,3.609285078171327,3.009868841403057,0.47121207149916117,0.06949430856155761,0.2527864056548895,0.048121837356099074,0.12287383981224027,0.21683860866589988,27.607024931952907,0.1414213562373094
min,0.255,0.10400000000000001,0.0,-15.359000000000002,0.0,0.0298,0.005520000000000001,0.0,0.0498,0.0747,79.77600000000001,3.0
max,0.9209999999999999,0.914,11.0,-2.823,1.0,0.336,0.9790000000000001,0.33399999999999996,0.625,0.927,192.02900000000002,4.0
