,danceability,energy,key,loudness,mode,speechiness,acousticness,instrumentalness,liveness,valence,tempo,time_signature
mean,0.6933799999999999,0.64598,5.04,-6.8294,0.54,0.11623799999999998,0.17502914000000003,0.025050008800000002,0.17518599999999995,0.49334000000000006,123.06860000000005,3.98
std,0.1306178238923285,0.14567933614480758,3.263652642581402,2.733204331616527,0.5034574339058886,0.10128495041017613,0.18456429088764043,0.11701282222771103,0.15478949762664848,0.2013997557909469,27.667552312765075,0.14142135623730934
min,0.428,0.342,0.0,-13.374,0.0,0.0261,0.00047699999999999994,0.0,0.0473,0.1,82.025,3.0
max,0.914,0.94,11.0,-1.936,1.0,0.4,0.696,0.6759999999999999,0.662,0.9470000000000001,192.09900000000002,4.0
