,danceability,energy,key,loudness,mode,speechiness,acousticness,instrumentalness,liveness,valence,tempo,time_signature
mean,0.7327600000000003,0.6522000000000001,4.44,-7.330339999999999,0.6,0.12249800000000002,0.1679248,0.08889616780000002,0.14248999999999998,0.4723399999999999,118.90687999999999,4.02
std,0.11841272683943657,0.16647742998339912,3.4414045542659535,3.7880963859146437,0.4948716593053935,0.12136324207325139,0.17824289613162078,0.2281066080195245,0.09730054900530978,0.21075458597668545,23.089730500756193,0.14142135623730945
min,0.445,0.158,0.0,-28.087,0.0,0.0282,0.00146,0.0,0.0501,0.0393,77.209,4.0
max,0.919,0.982,11.0,-1.865,1.0,0.588,0.855,0.894,0.488,0.9520000000000001,193.895,5.0
