,danceability,energy,key,loudness,mode,speechiness,acousticness,instrumentalness,liveness,valence,tempo,time_signature
mean,0.6723799999999999,0.6711199999999999,4.26,-6.600999999999999,0.64,0.12651600000000002,0.21698833999999997,0.04432020200000001,0.156684,0.40228200000000014,118.00324,3.96
std,0.1311249427540195,0.13066714840949653,3.4333894718348112,1.8348308602468741,0.4848732213850611,0.1187396386199311,0.22612419572723788,0.15118128850280815,0.1055531771580717,0.2128878229950972,24.809032582015572,0.1979486637221575
min,0.363,0.387,0.0,-11.769,0.0,0.0287,0.000837,0.0,0.0543,0.0721,75.235,3.0
max,0.9309999999999999,0.903,11.0,-3.318,1.0,0.46299999999999997,0.755,0.848,0.6609999999999999,0.961,174.00799999999998,4.0
