,danceability,energy,key,loudness,mode,speechiness,acousticness,instrumentalness,liveness,valence,tempo,time_signature
mean,0.6959000000000002,0.6371599999999998,4.9,-7.11308,0.6,0.115568,0.17070522,0.025125542200000007,0.14663,0.483964,116.76666000000002,3.98
std,0.12440933917302752,0.14424191131426345,3.598469062231429,2.6569148276963364,0.49487165930539356,0.10408730919134128,0.16812402568357876,0.10480584149397938,0.10990091502098141,0.2442724238322819,25.24745445613664,0.14142135623730936
min,0.42,0.245,0.0,-18.064,0.0,0.0292,0.00035299999999999996,0.0,0.0406,0.0499,71.91199999999999,3.0
max,0.8859999999999999,0.929,11.0,-3.24,1.0,0.5529999999999999,0.648,0.675,0.5579999999999999,0.907,189.99200000000002,4.0
