,danceability,energy,key,loudness,mode,speechiness,acousticness,instrumentalness,liveness,valence,tempo,time_signature
mean,0.6851400000000001,0.6297400000000001,5.6,-6.74968,0.64,0.108042,0.22179880000000002,0.047374041,0.15249400000000002,0.4582200000000002,117.70931999999998,3.96
std,0.1520822830454834,0.18554077718927448,4.145319465299117,3.112480246244995,0.4848732213850611,0.08768615437677578,0.2384871924566968,0.17547006144568228,0.08646996272152095,0.21998369976719934,25.099991542758147,0.19794866372215744
min,0.248,0.157,0.0,-17.702,0.0,0.0287,0.0014,0.0,0.0211,0.047,74.992,3.0
max,0.9159999999999999,0.937,11.0,-2.6519999999999997,1.0,0.35700000000000004,0.858,0.8859999999999999,0.368,0.9259999999999999,202.00599999999997,4.0
