,danceability,energy,key,loudness,mode,speechiness,acousticness,instrumentalness,liveness,valence,tempo,time_signature
mean,0.66832,0.66578,5.66,-5.952199999999998,0.62,0.11623600000000003,0.2526034000000001,0.012474600200000003,0.128768,0.44494000000000006,118.51997999999999,3.98
std,0.13938925675230204,0.1529408702601053,3.4202876117278165,2.17786946067828,0.49031435147801455,0.10254657430670619,0.22765141402726286,0.07002885803258008,0.06729001332944995,0.20712614809456048,25.51278548100132,0.2466096643090295
min,0.37799999999999995,0.33,0.0,-11.719000000000001,0.0,0.0294,0.0015300000000000001,0.0,0.0537,0.1,79.992,3.0
max,0.9309999999999999,0.963,11.0,-1.746,1.0,0.41200000000000003,0.7490000000000001,0.493,0.33799999999999997,0.807,180.01,5.0
