,danceability,energy,key,loudness,mode,speechiness,acousticness,instrumentalness,liveness,valence,tempo,time_signature
mean,0.7662200000000001,0.6214,6.96,-8.1216,0.54,0.08453200000000001,0.16928737999999996,0.077580969,0.12158200000000002,0.5090799999999999,116.62369999999999,4.04
std,0.11850915576443871,0.13441392056188348,3.3009584260654123,3.1072923510835024,0.5034574339058886,0.06493310039210058,0.23843154354296586,0.16418577107332247,0.13409064660192538,0.1941638104954743,13.493686803880717,0.1979486637221575
min,0.44,0.225,1.0,-14.454,0.0,0.0296,0.0009390000000000001,0.0,0.0226,0.152,91.01899999999999,4.0
max,0.96,0.8270000000000001,11.0,-3.28,1.0,0.36,0.902,0.657,0.79,0.9670000000000001,171.017,5.0
