,danceability,energy,key,loudness,mode,speechiness,acousticness,instrumentalness,liveness,valence,tempo,time_signature
mean,0.7323599999999999,0.63152,5.9,-7.51192,0.42,0.12952199999999997,0.18480696200000002,0.1244106004,0.14329000000000008,0.5061740000000002,121.56276000000001,4.02
std,0.15481005609903947,0.1580542712268834,3.4890499262342325,2.428182026260194,0.49856938190328975,0.11245192585532462,0.22536618806437694,0.2625972542319167,0.12671604967366196,0.23324516208645077,25.744724851035215,0.5146823867043383
min,0.391,0.225,0.0,-14.392999999999999,0.0,0.028999999999999998,2.11e-05,0.0,0.038,0.0917,82.228,1.0
max,0.987,0.922,11.0,-2.9610000000000003,1.0,0.45799999999999996,0.7020000000000001,0.937,0.682,0.9620000000000001,230.18599999999998,5.0
