,danceability,energy,key,loudness,mode,speechiness,acousticness,instrumentalness,liveness,valence,tempo,time_signature
mean,0.67298,0.6452199999999999,4.58,-6.259939999999999,0.52,0.10213799999999999,0.20824859600000004,0.0545347342,0.17934599999999992,0.43439999999999995,121.78018,4.0
std,0.13994291693401276,0.1541127721203283,3.6816699848779253,2.222853749630168,0.5046720495044484,0.1034044425090733,0.22535761330565698,0.21348035798187792,0.11874863042819243,0.22267052626089992,27.044668587500844,0.20203050891044214
min,0.27,0.29600000000000004,0.0,-14.099,0.0,0.0278,3.28e-05,0.0,0.0473,0.038,72.98899999999999,3.0
max,0.903,0.9640000000000001,11.0,-2.815,1.0,0.46299999999999997,0.934,0.9229999999999999,0.525,0.9009999999999999,206.007,5.0
