,danceability,energy,key,loudness,mode,speechiness,acousticness,instrumentalness,liveness,valence,tempo,time_signature
mean,0.6825600000000001,0.6987400000000001,5.24,-6.235159999999999,0.56,0.11323000000000003,0.20717153800000002,0.05300644320000001,0.14693800000000007,0.49231799999999987,120.53929999999997,3.98
std,0.1255859994796638,0.18390356945188113,3.6731791268544454,2.8759098674531316,0.5014265364224069,0.10117753289770069,0.209732922464716,0.190199224135057,0.10324755052685713,0.2076788608915806,25.382551711716438,0.2466096643090295
min,0.373,0.235,0.0,-17.702,0.0,0.03,3.39e-05,0.0,0.0254,0.049,62.483999999999995,3.0
max,0.9420000000000001,0.9790000000000001,11.0,-2.129,1.0,0.565,0.7509999999999999,0.8859999999999999,0.514,0.9129999999999999,173.827,5.0
