,danceability,energy,key,loudness,mode,speechiness,acousticness,instrumentalness,liveness,valence,tempo,time_signature
mean,0.7146400000000002,0.6484000000000001,5.3,-6.8022399999999985,0.6,0.09609399999999998,0.19625346000000005,0.057484252199999995,0.16731599999999996,0.494026,119.02991999999996,3.98
std,0.1386534013801526,0.15903959204152496,3.471457965777962,2.5615802087216175,0.4948716593053935,0.07880048277589602,0.2048413434478469,0.1728890166716311,0.12820769718049901,0.23220715664233593,21.903183599408276,0.14142135623730942
min,0.40399999999999997,0.18100000000000002,0.0,-15.359000000000002,0.0,0.0276,0.000683,0.0,0.0419,0.0506,77.009,3.0
max,0.975,0.97,11.0,-1.746,1.0,0.374,0.7979999999999999,0.8740000000000001,0.659,0.9329999999999999,171.838,4.0
