,danceability,energy,key,loudness,mode,speechiness,acousticness,instrumentalness,liveness,valence,tempo,time_signature
mean,0.70184,0.63436,5.58,-6.886479999999999,0.62,0.11784800000000004,0.20436953999999996,0.06613888159999998,0.16544400000000004,0.46926199999999996,115.50792,3.92
std,0.16177047988822094,0.14623530939648505,3.597561532426073,2.3361560983629426,0.4903143514780145,0.1134111973739627,0.21380548950677822,0.20500364593063133,0.14709533651509757,0.22049810854850752,25.583628791802276,0.4882287854467161
min,0.29600000000000004,0.306,0.0,-12.603,0.0,0.0282,0.000197,0.0,0.048,0.0681,71.884,1.0
max,0.937,0.9440000000000001,11.0,-1.865,1.0,0.467,0.823,0.889,0.795,0.8640000000000001,177.59599999999998,5.0
