,danceability,energy,key,loudness,mode,speechiness,acousticness,instrumentalness,liveness,valence,tempo,time_signature
mean,0.7511199999999997,0.6376,4.98,-7.26562,0.58,0.12330800000000003,0.1402088,0.09652830159999999,0.135702,0.49239400000000005,119.00345999999998,4.02
std,0.11299876105515493,0.15619336524621902,3.8252117455062784,3.9568471312397193,0.49856938190328964,0.1267926908985929,0.145912605946302,0.2358603923646066,0.07938465767054352,0.2216452676172962,22.49324758016168,0.14142135623730945
min,0.498,0.158,0.0,-28.087,0.0,0.0295,0.00232,0.0,0.0354,0.0486,75.445,4.0
max,0.919,0.862,11.0,-1.865,1.0,0.588,0.72,0.9009999999999999,0.368,0.9520000000000001,193.895,5.0
