,danceability,energy,key,loudness,mode,speechiness,acousticness,instrumentalness,liveness,valence,tempo,time_signature
mean,0.66966,0.63322,5.48,-6.674960000000002,0.5,0.10812599999999999,0.19161770000000003,0.044166647999999996,0.179138,0.453866,118.09694000000002,4.0
std,0.12557567195820657,0.16235037569958355,3.6602665231384672,2.4962705239976684,0.5050762722761054,0.09838341657587855,0.18963394643905673,0.18514448549208384,0.14352683158097465,0.18828436983044813,29.28674364630676,0.0
min,0.365,0.313,0.0,-14.099,0.0,0.0302,0.000275,0.0,0.0367,0.0793,72.98899999999999,4.0
max,0.934,0.963,11.0,-1.182,1.0,0.46299999999999997,0.919,0.956,0.83,0.853,207.83,4.0
