,danceability,energy,key,loudness,mode,speechiness,acousticness,instrumentalness,liveness,valence,tempo,time_signature
mean,0.7063400000000002,0.5925799999999999,6.96,-7.805579999999999,0.54,0.08775999999999998,0.26846960000000003,0.035987026600000006,0.152108,0.470606,114.10500000000002,4.02
std,0.13418181542905408,0.13972656825940805,3.3500533044799665,2.5411998378558045,0.5034574339058886,0.0636574794810284,0.26394137442722126,0.09598629763664138,0.1364836311333595,0.2043850851321833,16.42623550846608,0.2466096643090295
min,0.46399999999999997,0.32,0.0,-14.365,0.0,0.0299,0.00164,0.0,0.0374,0.0487,75.801,3.0
max,0.96,0.892,11.0,-3.0010000000000003,1.0,0.271,0.866,0.478,0.735,0.937,156.028,5.0
