,danceability,energy,key,loudness,mode,speechiness,acousticness,instrumentalness,liveness,valence,tempo,time_signature
mean,0.73966,0.5896800000000002,6.04,-7.701480000000001,0.52,0.09400400000000002,0.22339219999999993,0.05902576600000001,0.13676000000000002,0.4782640000000001,117.51135999999998,3.92
std,0.126888929415309,0.15606166232928442,3.692021181976516,2.712983065158486,0.5046720495044484,0.08040747239110635,0.25229823340795615,0.154970138611226,0.11935403176248041,0.20940535123661622,25.10623284411377,0.44446711960297236
min,0.43200000000000005,0.264,1.0,-13.815999999999999,0.0,0.0259,0.00164,0.0,0.0277,0.0605,74.984,1.0
max,0.978,0.99,11.0,-3.092,1.0,0.34299999999999997,0.8370000000000001,0.8740000000000001,0.682,0.9640000000000001,185.91299999999998,4.0
