,danceability,energy,key,loudness,mode,speechiness,acousticness,instrumentalness,liveness,valence,tempo,time_signature
mean,0.70646,0.631332,5.16,-7.504200000000002,0.44,0.138088,0.14499199999999995,0.078186326,0.19185599999999994,0.413242,115.00421999999995,4.0
std,0.15035606854044428,0.15844430224620168,3.5361688019547888,4.49893406876585,0.5014265364224069,0.13313507586090828,0.17674905720962078,0.2156961099120257,0.16142164986425445,0.2456608995907877,25.86518704571448,0.2857142857142857
min,0.175,0.0236,0.0,-32.695,0.0,0.0282,0.0014,0.0,0.0254,0.0373,75.445,3.0
max,0.9329999999999999,0.8809999999999999,11.0,-2.209,1.0,0.588,0.9279999999999999,0.95,0.701,0.973,183.372,5.0
