,danceability,energy,key,loudness,mode,speechiness,acousticness,instrumentalness,liveness,valence,tempo,time_signature
mean,0.6756399999999998,0.63312,5.52,-6.9468,0.64,0.09111999999999998,0.23441888800000002,0.0500471362,0.16630800000000004,0.461854,123.15490000000001,3.92
std,0.14426290625954055,0.19520179407004248,3.4772731516848907,3.0168475437185784,0.4848732213850611,0.0731231362923151,0.25747122345301127,0.14345916955239735,0.13180109138317453,0.22860402554171605,23.47501791549163,0.27404751561786966
min,0.35100000000000003,0.10400000000000001,0.0,-15.359000000000002,0.0,0.0276,8.14e-05,0.0,0.0419,0.0747,72.634,3.0
max,0.872,0.9670000000000001,11.0,-2.7489999999999997,1.0,0.374,0.9790000000000001,0.6759999999999999,0.764,0.927,173.058,4.0
