,danceability,energy,key,loudness,mode,speechiness,acousticness,instrumentalness,liveness,valence,tempo,time_signature
mean,0.7163400000000003,0.5825,5.52,-7.740579999999998,0.52,0.11270200000000001,0.20336662000000005,0.04373321059999999,0.17375799999999994,0.4539,118.5228,3.98
std,0.1564527195972884,0.1440358869681229,3.8398554394558095,2.8468777891807386,0.5046720495044484,0.10104613512890925,0.24241333688278902,0.13653086453266727,0.15271328890493868,0.21561031079809,20.149211103207808,0.2466096643090295
min,0.255,0.271,0.0,-16.839000000000002,0.0,0.0273,0.000332,0.0,0.0241,0.114,75.94800000000001,3.0
max,0.9129999999999999,0.884,11.0,-2.657,1.0,0.402,0.872,0.728,0.79,0.9670000000000001,171.017,5.0
