,danceability,energy,key,loudness,mode,speechiness,acousticness,instrumentalness,liveness,valence,tempo,time_signature
mean,0.6774799999999997,0.64346,5.36,-7.144120000000002,0.6,0.10212,0.20958146,0.0453918274,0.16344,0.4738779999999999,121.39806,3.96
std,0.14448631599637415,0.1921337979808098,3.805259518088089,3.2748288918690713,0.4948716593053935,0.09768215219344246,0.241138546903863,0.16685939621489662,0.12892867985749298,0.225243300917393,22.02208225655998,0.19794866372215744
min,0.31,0.10400000000000001,0.0,-16.541,0.0,0.0231,0.000573,0.0,0.0473,0.047,74.70100000000001,3.0
max,0.9159999999999999,0.977,11.0,-2.806,1.0,0.374,0.9790000000000001,0.9109999999999999,0.6409999999999999,0.9329999999999999,171.993,4.0
