,danceability,energy,key,loudness,mode,speechiness,acousticness,instrumentalness,liveness,valence,tempo,time_signature
mean,0.6943400000000001,0.5737799999999998,6.22,-8.171859999999997,0.58,0.10738199999999999,0.32171846000000004,0.04582431700000001,0.130252,0.461406,118.69305999999999,3.98
std,0.14714113868622045,0.1680063519207363,3.5357647904040834,2.6899768757825595,0.49856938190328975,0.09114279599191859,0.2892673830160382,0.1517498669117677,0.09368164335685417,0.2388807826733081,24.939796680520757,0.24660966430902945
min,0.294,0.196,0.0,-14.124,0.0,0.0299,0.00040300000000000004,0.0,0.0374,0.0487,59.924,3.0
max,0.978,0.99,11.0,-3.465,1.0,0.425,0.866,0.9059999999999999,0.46,0.9640000000000001,179.985,5.0
