,danceability,energy,key,loudness,mode,speechiness,acousticness,instrumentalness,liveness,valence,tempo,time_signature
mean,0.73406,0.6834200000000002,6.08,-6.816960000000002,0.62,0.11436400000000005,0.14829076000000002,0.07018463720000001,0.17700400000000008,0.5151400000000003,115.55552000000003,4.0
std,0.12142645544374854,0.1262175139048719,3.1157270583349908,2.276327080618948,0.4903143514780145,0.09811838904806659,0.1511653334094771,0.19527970816706464,0.16139996075158214,0.218487940170619,22.226511747432962,0.20203050891044214
min,0.401,0.322,1.0,-12.213,0.0,0.0278,0.000628,0.0,0.0279,0.11800000000000001,78.616,3.0
max,0.9179999999999999,0.966,11.0,-1.865,1.0,0.375,0.652,0.889,0.795,0.914,179.97400000000002,5.0
