,danceability,energy,key,loudness,mode,speechiness,acousticness,instrumentalness,liveness,valence,tempo,time_signature
mean,0.7227400000000002,0.6512799999999999,4.68,-7.4006599999999985,0.56,0.115562,0.184185368,0.1165385122,0.12455200000000004,0.44934799999999997,123.47884000000003,4.0
std,0.11007099935023384,0.16825236632960083,3.6613814723017164,4.2745862318438945,0.5014265364224069,0.10709141601301884,0.1957848623691993,0.25478704646434613,0.0652344038441217,0.2052095317832334,26.541941373068937,0.0
min,0.498,0.158,0.0,-28.087,0.0,0.0279,5.539999999999999e-05,0.0,0.0419,0.0398,75.445,4.0
max,0.919,0.97,11.0,-1.865,1.0,0.426,0.73,0.8959999999999999,0.34,0.8440000000000001,193.895,4.0
