,danceability,energy,key,loudness,mode,speechiness,acousticness,instrumentalness,liveness,valence,tempo,time_signature
mean,0.68064,0.62352,5.98,-6.950780000000002,0.62,0.12344000000000005,0.28341671999999996,0.018245964999999996,0.14165200000000003,0.4826679999999998,122.17214,3.98
std,0.1315319096847078,0.18979690971871885,3.7388746533508432,3.043275908742862,0.4903143514780145,0.11425571034718034,0.2400624214758711,0.12595202520771287,0.08610272042918345,0.24119530018773802,29.254045970310855,0.14142135623730942
min,0.319,0.162,0.0,-17.142,0.0,0.0301,0.000146,0.0,0.0394,0.0727,64.002,3.0
max,0.9109999999999999,0.982,11.0,-0.114,1.0,0.452,0.7509999999999999,0.8909999999999999,0.465,0.953,195.983,4.0
