,danceability,energy,key,loudness,mode,speechiness,acousticness,instrumentalness,liveness,valence,tempo,time_signature
mean,0.61462,0.6895999999999998,5.74,-6.646279999999997,0.38,0.10456999999999995,0.22114105000000003,0.06537622719999998,0.194556,0.5100199999999999,122.95172000000001,3.92
std,0.15093922144833188,0.1839510804534727,3.544527256121436,2.885260615258037,0.4903143514780145,0.10058667345901752,0.24050404026527483,0.14790533537522912,0.17323810576716636,0.20635203623212164,29.612626301133986,0.48822878544671533
min,0.257,0.303,0.0,-13.081,0.0,0.0272,2.95e-05,0.0,0.0244,0.128,61.961999999999996,1.0
max,0.836,0.98,11.0,-1.722,1.0,0.469,0.868,0.512,0.6990000000000001,0.895,196.12099999999998,5.0
