,danceability,energy,key,loudness,mode,speechiness,acousticness,instrumentalness,liveness,valence,tempo,time_signature
mean,0.6376799999999999,0.6377819999999998,5.66,-7.1373799999999985,0.56,0.14676,0.24451935800000008,0.019512390400000003,0.21237999999999999,0.42194399999999993,122.65288000000002,3.92
std,0.16777200758950303,0.175776053824061,3.706640483439066,2.8570744698244126,0.5014265364224069,0.14516352918030628,0.24670533820386148,0.10927238449520543,0.17960972997596988,0.24000122802406915,26.280327064128233,0.44446711960297214
min,0.265,0.0841,0.0,-15.372,0.0,0.0288,5.79e-05,0.0,0.0524,0.0872,74.987,1.0
max,0.934,0.9740000000000001,11.0,-2.362,1.0,0.623,0.9129999999999999,0.763,0.752,0.9470000000000001,170.033,4.0
