,danceability,energy,key,loudness,mode,speechiness,acousticness,instrumentalness,liveness,valence,tempo,time_signature
mean,0.65232,0.5462999999999999,4.82,-7.626220000000002,0.54,0.11481,0.28100719999999996,0.015100711000000003,0.160854,0.4678200000000001,119.72490000000002,3.96
std,0.18940771701624545,0.1926708359363403,3.6960541563308587,3.139416436673724,0.5034574339058886,0.10767791968530552,0.2864718068119836,0.09315271061613216,0.10629800276504132,0.22396963077659454,27.290918173357557,0.2828427124746189
min,0.23600000000000002,0.162,0.0,-17.142,0.0,0.0267,0.00147,0.0,0.0692,0.102,46.66,3.0
max,0.941,0.935,11.0,-3.9819999999999998,1.0,0.46399999999999997,0.912,0.657,0.569,0.898,171.017,5.0
