,danceability,energy,key,loudness,mode,speechiness,acousticness,instrumentalness,liveness,valence,tempo,time_signature
mean,0.6665400000000001,0.6716799999999998,5.54,-6.329279999999999,0.54,0.11114600000000001,0.18980507600000002,0.055925368,0.14389799999999997,0.4575859999999998,120.52995999999997,4.0
std,0.14903310274662376,0.15859297665690608,3.620857943208758,1.7803758149472202,0.5034574339058886,0.0786253872123102,0.2191737001167949,0.19516299496225553,0.08602522053064986,0.2140752347342649,26.027918327199107,0.0
min,0.258,0.374,0.0,-10.883,0.0,0.0282,3.929999999999999e-05,0.0,0.0285,0.0383,68.85,4.0
max,0.929,0.991,11.0,-2.4730000000000003,1.0,0.35200000000000004,0.795,0.88,0.358,0.95,180.043,4.0
