,danceability,energy,key,loudness,mode,speechiness,acousticness,instrumentalness,liveness,valence,tempo,time_signature
mean,0.674,0.6413820000000002,5.4,-6.610560000000003,0.46,0.117222,0.21447708799999998,0.029711311000000004,0.16667400000000002,0.52772,116.0838,3.94
std,0.16173712610029792,0.1696550229502354,3.7796447300922718,3.017643432230128,0.5034574339058886,0.11743254301591051,0.24734848276008856,0.13416764862395403,0.13832977428255,0.22272368164913886,28.243827418841562,0.2398979374820953
min,0.182,0.0651,0.0,-16.340999999999998,0.0,0.0276,5.539999999999999e-05,0.0,0.045,0.038,60.812,3.0
max,0.943,0.9520000000000001,11.0,-1.865,1.0,0.43200000000000005,0.9420000000000001,0.8859999999999999,0.8590000000000001,0.941,188.115,4.0
