,danceability,energy,key,loudness,mode,speechiness,acousticness,instrumentalness,liveness,valence,tempo,time_signature
mean,0.5785000000000001,0.6491335999999999,6.34,-8.044280000000002,0.5,0.10484399999999999,0.22732835719999994,0.11827194619999998,0.179588,0.46793999999999997,120.20704000000002,3.92
std,0.19684327651765018,0.24554611063504958,3.6399708453642923,5.155579125964573,0.5050762722761054,0.0949625536509964,0.292670666791987,0.25623823058839557,0.13725421021013587,0.23198503470381582,28.944841149711642,0.3404678653660853
min,0.13699999999999998,0.005679999999999999,0.0,-31.96,0.0,0.0232,5.76e-06,0.0,0.0543,0.0488,73.87100000000001,3.0
max,0.907,0.982,11.0,-2.261,1.0,0.405,0.9940000000000001,0.948,0.631,0.9,179.81799999999998,5.0
