,danceability,energy,key,loudness,mode,speechiness,acousticness,instrumentalness,liveness,valence,tempo,time_signature
mean,0.67132,0.6520199999999999,5.2,-6.164739999999998,0.6,0.08218200000000002,0.17686925600000003,0.028989094000000003,0.159978,0.47391800000000006,120.17450000000002,3.98
std,0.12041364760944769,0.15865165152185542,3.557114170853924,2.2526829247792146,0.49487165930539356,0.07882960101331457,0.23086011111653318,0.1038735569365646,0.1276300461873924,0.20270108050213914,23.391038052935517,0.2466096643090295
min,0.29,0.16899999999999998,0.0,-14.182,0.0,0.0264,4.28e-05,0.0,0.0219,0.0989,78.969,3.0
max,0.94,0.9279999999999999,11.0,-2.4019999999999997,1.0,0.376,0.9690000000000001,0.657,0.638,0.966,184.05200000000002,5.0
