,danceability,energy,key,loudness,mode,speechiness,acousticness,instrumentalness,liveness,valence,tempo,time_signature
mean,0.6967799999999998,0.6628800000000001,5.38,-6.507539999999998,0.64,0.11976200000000006,0.24346160000000006,0.0378181974,0.19518599999999997,0.51526,123.73850000000002,3.94
std,0.12631856230844882,0.17512964760253405,4.0852647105300335,2.9823191715885287,0.4848732213850611,0.09835586759210616,0.2535429910924016,0.16591827941511048,0.1682308508798404,0.19840381517891997,25.90728092857768,0.23989793748209526
min,0.409,0.10400000000000001,0.0,-19.512999999999998,0.0,0.0307,0.0001,0.0,0.0412,0.185,87.538,3.0
max,0.9059999999999999,0.98,11.0,-3.01,1.0,0.44799999999999995,0.9790000000000001,0.9390000000000001,0.934,0.877,174.00599999999997,4.0
