,danceability,energy,key,loudness,mode,speechiness,acousticness,instrumentalness,liveness,valence,tempo,time_signature
mean,0.6399,0.6603840000000001,4.92,-6.943459999999998,0.56,0.10738999999999999,0.240875148,0.0433794256,0.163728,0.45771400000000007,119.89406000000002,4.0
std,0.16870082805888978,0.20493407935634486,3.837728920247771,3.559414663012066,0.5014265364224069,0.0975092737609493,0.2664812687889731,0.18457678992991686,0.11537046812025041,0.2545994084431302,25.14955534106855,0.20203050891044214
min,0.163,0.0332,0.0,-25.705,0.0,0.0279,1.24e-05,0.0,0.0308,0.0341,71.209,3.0
max,0.927,0.988,11.0,-3.1830000000000003,1.0,0.413,0.985,0.9490000000000001,0.647,0.951,177.833,5.0
