,danceability,energy,key,loudness,mode,speechiness,acousticness,instrumentalness,liveness,valence,tempo,time_signature
mean,0.6712399999999998,0.6670639999999999,5.36,-6.664459999999999,0.64,0.20041600000000004,0.28364719999999993,0.0081018078,0.19576400000000008,0.5255320000000001,113.73252000000001,4.0
std,0.14163758869245213,0.2148965785997477,3.663164685105501,3.236128842633193,0.4848732213850611,0.17052810931135698,0.2609772920924699,0.026875751099329732,0.16589764702911225,0.2257183638329601,30.626891909735342,0.2857142857142857
min,0.33799999999999997,0.0512,0.0,-20.311,0.0,0.0247,0.0019399999999999999,0.0,0.0613,0.0856,63.763999999999996,3.0
max,0.8959999999999999,0.943,11.0,-1.662,1.0,0.8690000000000001,0.983,0.154,0.7170000000000001,0.87,204.188,5.0
