,danceability,energy,key,loudness,mode,speechiness,acousticness,instrumentalness,liveness,valence,tempo,time_signature
mean,0.68634,0.69394,5.54,-6.248419999999999,0.68,0.09791400000000004,0.22661836000000005,0.09350993099999999,0.16858399999999998,0.508788,121.11272000000001,3.98
std,0.1369250666516216,0.15027762199831812,3.552578827630798,2.522684859754118,0.47121207149916106,0.08146052508386363,0.21877598075962806,0.2523574694124357,0.11348148704542436,0.24826424832407581,27.457520936924226,0.24660966430902945
min,0.19699999999999998,0.35700000000000004,0.0,-14.232000000000001,0.0,0.0297,0.000308,0.0,0.047,0.0454,77.51100000000001,3.0
max,0.91,0.9640000000000001,11.0,-2.32,1.0,0.342,0.6970000000000001,0.905,0.684,0.905,190.03599999999997,5.0
