,danceability,energy,key,loudness,mode,speechiness,acousticness,instrumentalness,liveness,valence,tempo,time_signature
mean,0.7034199999999999,0.6593999999999999,6.12,-6.942560000000002,0.36,0.13036600000000004,0.22244716000000003,0.07494041559999999,0.17707799999999999,0.47510399999999997,120.46262000000003,3.96
std,0.12681306988586605,0.17305289978052657,3.756029166825094,3.2877484334469167,0.4848732213850611,0.12125822102994478,0.20948756425030313,0.21463344805535386,0.11172390585177154,0.2283546650386148,30.593142588902136,0.49321932861805895
min,0.36,0.218,0.0,-15.57,0.0,0.0259,0.0005480000000000001,0.0,0.0699,0.0605,68.482,1.0
max,0.941,0.991,11.0,-2.642,1.0,0.48100000000000004,0.825,0.9420000000000001,0.521,0.938,180.05900000000003,5.0
