,danceability,energy,key,loudness,mode,speechiness,acousticness,instrumentalness,liveness,valence,tempo,time_signature
mean,0.6728800000000001,0.68262,5.52,-6.3076799999999995,0.34,0.170822,0.17728132000000002,0.008519332600000002,0.17647799999999997,0.4586619999999999,119.62394000000006,3.86
std,0.15846362358598265,0.1534187134369633,3.6435013436001804,2.216254566531893,0.4785181206984064,0.12213089547109457,0.17610322071472626,0.03332566297734133,0.12747073660176253,0.2072542133098719,26.979378242340307,0.4952838806674207
min,0.258,0.316,0.0,-13.727,0.0,0.0302,0.000291,0.0,0.0524,0.0624,87.417,1.0
max,0.924,0.938,11.0,-3.1039999999999996,1.0,0.409,0.705,0.196,0.579,0.9229999999999999,180.043,4.0
