,danceability,energy,key,loudness,mode,speechiness,acousticness,instrumentalness,liveness,valence,tempo,time_signature
mean,0.7141,0.6812800000000001,4.98,-6.287919999999998,0.44,0.12398000000000003,0.1942779800000001,0.036814853,0.17363800000000001,0.503074,118.08861999999998,3.98
std,0.14137304104635323,0.13287542731323002,3.235580255817608,2.3695019526629366,0.5014265364224069,0.10276786601712758,0.19487275546046626,0.13994644583658625,0.15588401744206348,0.23336725966088873,27.93991500059383,0.14142135623730942
min,0.245,0.354,0.0,-14.043,0.0,0.0278,0.0009689999999999999,0.0,0.045,0.0897,69.858,3.0
max,0.943,0.9520000000000001,10.0,-1.473,1.0,0.43200000000000005,0.765,0.87,0.8590000000000001,0.9209999999999999,187.514,4.0
