,danceability,energy,key,loudness,mode,speechiness,acousticness,instrumentalness,liveness,valence,tempo,time_signature
mean,0.6773600000000001,0.65392,5.7,-6.55418,0.3,0.11270399999999998,0.20177459999999997,0.0310926168,0.21155999999999991,0.4793780000000001,126.33256000000003,3.98
std,0.17203378405750092,0.1324535867882075,3.430059201012277,1.8846417912230673,0.4629100498862757,0.08937466417233896,0.22140160060821046,0.1199759986078848,0.16009145982907422,0.19290462409159187,25.537514689905574,0.24660966430902947
min,0.289,0.303,0.0,-12.005,0.0,0.028999999999999998,0.0016699999999999998,0.0,0.0523,0.0383,77.482,3.0
max,0.95,0.9329999999999999,11.0,-2.326,1.0,0.461,0.85,0.653,0.682,0.95,170.044,5.0
