,danceability,energy,key,loudness,mode,speechiness,acousticness,instrumentalness,liveness,valence,tempo,time_signature
mean,0.6601599999999999,0.612398,5.12,-6.876539999999998,0.68,0.10435,0.30236112000000004,0.0204223666,0.15205799999999994,0.4782480000000001,118.74463999999998,3.98
std,0.14111152920108758,0.19510249999967313,3.7668803744082497,2.7520443029330255,0.471212071499161,0.10918236429693849,0.26777149103077136,0.12923264917714208,0.10217672783077408,0.21806271822012818,27.65988031372869,0.2466096643090295
min,0.319,0.0909,0.0,-19.649,0.0,0.0263,0.000146,0.0,0.0515,0.0727,64.002,3.0
max,0.9009999999999999,0.8859999999999999,11.0,-3.083,1.0,0.45399999999999996,0.993,0.9109999999999999,0.465,0.927,178.893,5.0
