,danceability,energy,key,loudness,mode,speechiness,acousticness,instrumentalness,liveness,valence,tempo,time_signature
mean,0.6392399999999998,0.66624,5.96,-6.514560000000001,0.64,0.114048,0.28332624,0.0631792772,0.16381200000000004,0.47067599999999993,119.10816000000001,3.94
std,0.1324125525833282,0.2020901556741648,3.368279400888379,2.796160225475396,0.48487322138506106,0.11269515180706013,0.25190949511303556,0.20319665544208879,0.09946349271804941,0.23342278324699908,29.108773300074017,0.23989793748209526
min,0.272,0.025,0.0,-14.786,0.0,0.0278,0.000252,0.0,0.0559,0.0388,61.638000000000005,3.0
max,0.841,0.9790000000000001,11.0,-1.561,1.0,0.517,0.89,0.861,0.449,0.9420000000000001,183.97400000000002,4.0
