,danceability,energy,key,loudness,mode,speechiness,acousticness,instrumentalness,liveness,valence,tempo,time_signature
mean,0.7293,0.65608,5.3,-6.23336,0.54,0.124204,0.209172898,0.0456382958,0.15267000000000006,0.4958340000000001,124.39233999999999,3.88
std,0.13959931728971708,0.15906626009949695,3.1249489791753366,1.8203575872081075,0.5034574339058886,0.10596031594470659,0.17538492111971649,0.16430333235941771,0.13952377933528032,0.23019108797621482,29.25267145491823,0.5938459911664722
min,0.313,0.225,0.0,-11.437000000000001,0.0,0.0288,1.39e-05,0.0,0.0441,0.0887,74.986,1.0
max,0.9490000000000001,0.991,11.0,-2.592,1.0,0.474,0.688,0.9279999999999999,0.884,0.963,190.178,4.0
