,danceability,energy,key,loudness,mode,speechiness,acousticness,instrumentalness,liveness,valence,tempo,time_signature
mean,0.610106,0.6163919999999997,4.9,-7.703019999999997,0.52,0.074856,0.2890652000000001,0.10882240019999999,0.16272200000000006,0.423526,117.64404000000005,4.0
std,0.16979743803504607,0.22047400128091366,3.3212365535893342,4.3758471482557475,0.5046720495044484,0.07883921680307618,0.30106887054829246,0.2583795062271972,0.09950231110022377,0.23701185866310315,22.70938136088885,0.2857142857142857
min,0.0783,0.0706,0.0,-22.14,0.0,0.0261,0.00143,0.0,0.0507,0.0535,79.97399999999999,3.0
max,0.93,0.9359999999999999,11.0,-1.218,1.0,0.436,0.992,0.8909999999999999,0.428,0.9740000000000001,175.31599999999997,5.0
