,danceability,energy,key,loudness,mode,speechiness,acousticness,instrumentalness,liveness,valence,tempo,time_signature
mean,0.7258400000000003,0.6861999999999999,5.72,-5.9347199999999996,0.52,0.12255800000000004,0.20922800000000005,0.0047985751999999994,0.181526,0.5053620000000001,117.04657999999999,4.0
std,0.10312056743720636,0.13624303015312791,3.392909774027873,1.7710105271699939,0.5046720495044484,0.10022740284788713,0.19506132059390133,0.02097873697808812,0.1740800751824005,0.20910968988567136,25.799498318243735,0.0
min,0.474,0.391,0.0,-10.965,0.0,0.0278,0.0149,0.0,0.045,0.0791,75.803,4.0
max,0.946,0.973,11.0,-2.935,1.0,0.43200000000000005,0.743,0.13,0.8590000000000001,0.9209999999999999,192.128,4.0
