,danceability,energy,key,loudness,mode,speechiness,acousticness,instrumentalness,liveness,valence,tempo,time_signature
mean,0.67946,0.66514,5.12,-6.442819999999999,0.62,0.12311600000000002,0.19110472599999997,0.03502718900000001,0.16904,0.47511999999999993,119.36449999999999,3.98
std,0.14666680411248967,0.1710487470797463,3.7830988269795274,2.34569878792514,0.4903143514780145,0.1100119814625031,0.2406720608465071,0.1612948316539652,0.10906124098741167,0.1812412576357485,26.93992223543009,0.3187987657774485
min,0.293,0.214,0.0,-13.97,0.0,0.0293,5.3299999999999995e-05,0.0,0.0291,0.126,75.94800000000001,3.0
max,0.968,0.932,11.0,-2.573,1.0,0.423,0.92,0.835,0.5579999999999999,0.8190000000000001,180.06599999999997,5.0
