,danceability,energy,key,loudness,mode,speechiness,acousticness,instrumentalness,liveness,valence,tempo,time_signature
mean,0.64812,0.6940799999999999,5.82,-6.029899999999998,0.42,0.12168600000000003,0.15165488,0.0623608502,0.16028599999999998,0.40098600000000006,125.81726000000002,3.96
std,0.17392992255268694,0.17357029276524322,3.7725647639184645,2.4041428380431733,0.49856938190328975,0.114432120526377,0.21214076503707602,0.19128208580639341,0.11521937197169153,0.20379557986234287,27.413142413299447,0.19794866372215744
min,0.162,0.251,0.0,-16.169,0.0,0.0273,0.00011499999999999999,0.0,0.0404,0.0383,77.482,3.0
max,0.929,0.986,11.0,-2.4730000000000003,1.0,0.534,0.845,0.795,0.591,0.95,197.923,4.0
