,danceability,energy,key,loudness,mode,speechiness,acousticness,instrumentalness,liveness,valence,tempo,time_signature
mean,0.70064,0.69486,5.44,-5.824799999999998,0.48,0.11498400000000002,0.18111362,0.030731177000000002,0.18408599999999997,0.47302600000000006,125.41958000000001,3.98
std,0.12933105124573346,0.14586938664155571,3.807404172216583,2.1073491037077745,0.5046720495044484,0.10820876338573224,0.19803663923863754,0.1320986405340785,0.15734651090468307,0.21171431734142815,25.85260406264715,0.14142135623730948
min,0.242,0.317,0.0,-12.39,0.0,0.032,0.000921,0.0,0.054000000000000006,0.0393,86.181,3.0
max,0.895,0.963,11.0,-1.182,1.0,0.499,0.66,0.871,0.8909999999999999,0.915,181.995,4.0
