,danceability,energy,key,loudness,mode,speechiness,acousticness,instrumentalness,liveness,valence,tempo,time_signature
mean,0.6345799999999999,0.6694200000000001,5.12,-6.901979999999998,0.54,0.13573000000000002,0.18092615999999995,0.022325102999999995,0.18648000000000006,0.47669200000000006,122.11843999999998,4.0
std,0.14697342394779672,0.1400042404605617,3.3051598497883665,2.800027124431301,0.5034574339058886,0.12164029483082738,0.22725314738615318,0.10089427026544247,0.14037463867691152,0.2150540063541705,25.83152728516225,0.0
min,0.284,0.158,0.0,-16.409000000000002,0.0,0.0263,0.000239,0.0,0.0215,0.0792,79.39399999999999,4.0
max,0.924,0.9520000000000001,11.0,-1.597,1.0,0.473,0.966,0.703,0.742,0.9259999999999999,191.702,4.0
