,danceability,energy,key,loudness,mode,speechiness,acousticness,instrumentalness,liveness,valence,tempo,time_signature
mean,0.65134,0.6068999999999999,4.72,-7.389460000000001,0.8,0.08680000000000002,0.29995021999999993,0.0167677742,0.18121400000000001,0.505152,124.75184000000003,3.94
std,0.13675131757004338,0.1997247340410173,3.6086064923078722,3.009160905553275,0.4040610178208844,0.08557419265748052,0.29752097918135495,0.06806949496942497,0.12951478208911843,0.25963252700220557,30.076203142073386,0.23989793748209529
min,0.335,0.14400000000000002,0.0,-15.020999999999999,0.0,0.0284,0.000601,0.0,0.0524,0.0766,62.556999999999995,3.0
max,0.9209999999999999,0.909,11.0,-3.089,1.0,0.44,0.9259999999999999,0.37,0.575,0.963,203.862,4.0
