,danceability,energy,key,loudness,mode,speechiness,acousticness,instrumentalness,liveness,valence,tempo,time_signature
mean,0.65822,0.6943399999999997,5.98,-6.154300000000002,0.56,0.14384,0.15415384,0.0191673564,0.17619800000000002,0.468636,120.05297999999998,4.0
std,0.1489890134286719,0.1481282690158521,3.7984422156070927,1.9039152061593756,0.5014265364224069,0.12465744409118511,0.1750655285442102,0.10836523937526198,0.11916074632741322,0.17715293837673202,28.65607318576924,0.2857142857142857
min,0.265,0.312,0.0,-11.689,0.0,0.0326,0.000239,0.0,0.0424,0.0998,54.747,3.0
max,0.867,0.968,11.0,-2.54,1.0,0.51,0.8220000000000001,0.764,0.5579999999999999,0.9,191.702,5.0
