,danceability,energy,key,loudness,mode,speechiness,acousticness,instrumentalness,liveness,valence,tempo,time_signature
mean,0.6871200000000002,0.6605399999999999,5.7,-6.752800000000002,0.58,0.094838,0.21384094399999995,0.03217943920000001,0.18416199999999996,0.4148299999999999,125.02694,3.94
std,0.16017919047499424,0.17765642259652734,3.5413015017830123,2.3131717424791614,0.49856938190328975,0.06699341390108769,0.197759121849824,0.14127154597994332,0.16463362154449845,0.24235346108946082,25.532018223950946,0.2398979374820953
min,0.335,0.34,0.0,-13.421,0.0,0.0293,1.7100000000000002e-05,0.0,0.0294,0.0485,79.943,3.0
max,0.9359999999999999,0.992,11.0,-2.0580000000000003,1.0,0.36700000000000005,0.878,0.8320000000000001,0.917,0.963,174.016,4.0
