,danceability,energy,key,loudness,mode,speechiness,acousticness,instrumentalness,liveness,valence,tempo,time_signature
mean,0.6613200000000004,0.6462799999999999,4.76,-6.655939999999999,0.38,0.097522,0.18379810599999996,0.04297432400000003,0.136334,0.45319399999999993,118.42280000000002,3.96
std,0.1541582065705917,0.17916621401619773,3.7880585733462517,1.9837255756761913,0.4903143514780145,0.08105535344719053,0.21995825201360406,0.17116798002244607,0.09309991255832278,0.21773397868378142,26.736977000065668,0.1979486637221575
min,0.258,0.129,0.0,-11.333,0.0,0.028999999999999998,3.929999999999999e-05,0.0,0.0285,0.0387,76.485,3.0
max,0.935,0.9840000000000001,11.0,-2.7089999999999996,1.0,0.408,0.8140000000000001,0.88,0.68,0.95,195.981,4.0
