,danceability,energy,key,loudness,mode,speechiness,acousticness,instrumentalness,liveness,valence,tempo,time_signature
mean,0.6409400000000001,0.5291059999999999,5.02,-7.796519999999999,0.58,0.09838400000000001,0.359185526,0.014104537799999999,0.15387400000000004,0.439278,116.11584000000002,4.0
std,0.1932032249276626,0.21980354531875476,3.347188890604735,3.052643860722728,0.49856938190328975,0.08940691284965678,0.3341963206588233,0.09281864572624002,0.09517058328311843,0.24941031457485183,22.799581852914656,0.20203050891044214
min,0.23600000000000002,0.0823,0.0,-17.142,0.0,0.025,8.63e-05,0.0,0.0544,0.0509,75.08,3.0
max,0.941,0.9520000000000001,11.0,-3.28,1.0,0.426,0.94,0.657,0.46,0.925,165.107,5.0
