,danceability,energy,key,loudness,mode,speechiness,acousticness,instrumentalness,liveness,valence,tempo,time_signature
mean,0.65736,0.6611400000000001,5.74,-6.471799999999998,0.62,0.11106800000000001,0.21476960000000006,0.09945202900000001,0.14527800000000002,0.42487600000000003,117.72782000000002,3.96
std,0.1450772855257163,0.20088620090560153,3.550280241884909,2.8569815240164624,0.4903143514780145,0.09384666051488416,0.22625067578620464,0.24672880830579522,0.08485845667573594,0.26054371450362596,27.063162513879508,0.19794866372215744
min,0.174,0.184,0.0,-13.432,0.0,0.0284,0.0038299999999999996,0.0,0.0533,0.0373,73.33,3.0
max,0.897,0.9590000000000001,11.0,-0.9570000000000001,1.0,0.457,0.945,0.94,0.45399999999999996,0.9309999999999999,186.024,4.0
