,danceability,energy,key,loudness,mode,speechiness,acousticness,instrumentalness,liveness,valence,tempo,time_signature
mean,0.6771999999999998,0.6843200000000002,5.9,-6.539879999999999,0.66,0.11576400000000002,0.21565786000000006,0.1288277334,0.14309400000000003,0.48463999999999996,122.52835999999999,4.04
std,0.11962935957978454,0.14648569478112944,3.436003848801626,2.6289260214244234,0.47851812069840655,0.11674560300246072,0.200179018413673,0.28239492952850687,0.07545579706161801,0.227715387163495,27.741501016406183,0.1979486637221575
min,0.43,0.318,0.0,-14.232000000000001,0.0,0.0278,2.3e-05,0.0,0.0379,0.0384,76.854,4.0
max,0.91,0.973,11.0,-1.746,1.0,0.532,0.6970000000000001,0.889,0.335,0.9009999999999999,182.14,5.0
