,danceability,energy,key,loudness,mode,speechiness,acousticness,instrumentalness,liveness,valence,tempo,time_signature
mean,0.6595799999999999,0.6151379999999999,5.38,-7.186800000000002,0.62,0.123642,0.29905104799999993,0.1421193416,0.22478800000000007,0.48297000000000007,122.43235999999997,4.0
std,0.16624043197877522,0.2188628709526416,3.7136812694991166,4.240539939629368,0.4903143514780145,0.1011481094076142,0.32487464654094345,0.3059924254356863,0.22753964591979595,0.23700346096672106,22.65344686189936,0.0
min,0.285,0.0909,0.0,-20.37,0.0,0.0286,8.14e-05,0.0,0.0621,0.0375,78.295,4.0
max,0.9470000000000001,0.973,11.0,-1.694,1.0,0.457,0.996,0.9420000000000001,0.925,0.9490000000000001,176.791,4.0
