,danceability,energy,key,loudness,mode,speechiness,acousticness,instrumentalness,liveness,valence,tempo,time_signature
mean,0.64898,0.6229200000000001,4.68,-6.60096,0.54,0.15236200000000003,0.3496103999999998,0.022703430199999996,0.16751400000000005,0.5195600000000001,123.18993999999999,4.0
std,0.13274349824579215,0.16712281198482237,3.4311894766232,2.9913448136725584,0.5034574339058886,0.16425566419581447,0.26770372240907203,0.13709988486468244,0.1471807246835242,0.2205289707471005,33.63495467965505,0.3499271061118826
min,0.374,0.278,0.0,-13.285,0.0,0.0246,0.00434,0.0,0.0475,0.121,71.984,3.0
max,0.883,0.983,11.0,-0.155,1.0,0.902,0.897,0.965,0.9209999999999999,0.9620000000000001,195.044,5.0
