,danceability,energy,key,loudness,mode,speechiness,acousticness,instrumentalness,liveness,valence,tempo,time_signature
mean,0.63028,0.618264,5.14,-7.1821,0.5,0.14378,0.3456826,0.027158033999999994,0.17784600000000006,0.45709199999999994,118.35652000000006,3.98
std,0.1464534529383006,0.195611044469292,3.3987392620541765,4.7807337847247,0.5050762722761054,0.15248740061703056,0.27854433161113484,0.1354426852367094,0.15514554879275164,0.23191940616322312,33.67095982899381,0.24660966430902945
min,0.136,0.0152,0.0,-31.307,0.0,0.0246,0.00434,0.0,0.0276,0.0376,70.368,3.0
max,0.857,0.961,11.0,-0.155,1.0,0.902,0.991,0.9109999999999999,0.9209999999999999,0.9620000000000001,189.857,5.0
