,danceability,energy,key,loudness,mode,speechiness,acousticness,instrumentalness,liveness,valence,tempo,time_signature
mean,0.6358600000000001,0.5695399999999998,5.08,-8.024040000000001,0.5,0.09455799999999996,0.41333539999999985,0.05195741,0.12629199999999996,0.48874599999999985,118.47912000000002,3.82
std,0.14360319620114195,0.19655691495423536,3.691357805602106,3.4687222370133672,0.5050762722761054,0.09739925007044826,0.28323167354449663,0.1882937021917362,0.09422014135382463,0.23111203503663655,32.20251441167732,0.5225526045191966
min,0.298,0.128,0.0,-18.717,0.0,0.0251,0.00147,0.0,0.0213,0.0393,75.801,1.0
max,0.882,0.922,11.0,-2.2030000000000003,1.0,0.542,0.955,0.902,0.544,0.929,194.39,4.0
