,danceability,energy,key,loudness,mode,speechiness,acousticness,instrumentalness,liveness,valence,tempo,time_signature
mean,0.626,0.5920399999999999,4.28,-7.2517200000000015,0.68,0.097746,0.3979681999999999,0.0324270454,0.143888,0.45986000000000005,117.31871999999997,3.96
std,0.1590284276987185,0.16542289158766538,3.380858482934867,3.068032767565748,0.47121207149916117,0.12081732239971524,0.2773092267479591,0.11806547272249074,0.08898102443894473,0.2040723171139214,32.64705121355386,0.2828427124746188
min,0.265,0.25,0.0,-15.023,0.0,0.0246,0.00838,0.0,0.0276,0.15,52.571999999999996,3.0
max,0.9520000000000001,0.972,11.0,-1.8219999999999998,1.0,0.6609999999999999,0.9109999999999999,0.618,0.39299999999999996,0.9329999999999999,191.8,5.0
