,danceability,energy,key,loudness,mode,speechiness,acousticness,instrumentalness,liveness,valence,tempo,time_signature
mean,0.6636000000000002,0.5470179999999999,5.92,-8.640600000000001,0.48,0.11425800000000001,0.4065472,0.0666314778,0.18240800000000004,0.5130600000000001,113.85587999999998,3.86
std,0.13108464316413798,0.22476011855726885,3.7407845952092864,4.25688204378438,0.5046720495044485,0.11011122964474399,0.3155610004283593,0.2204866679150942,0.12557896749675487,0.23576453230687083,27.148358488084526,0.5349041493385447
min,0.31,0.0368,0.0,-24.304000000000002,0.0,0.025,0.000292,0.0,0.0409,0.069,74.991,1.0
max,0.893,0.887,11.0,-2.29,1.0,0.457,0.993,0.9440000000000001,0.708,0.9159999999999999,185.91299999999998,5.0
