,danceability,energy,key,loudness,mode,speechiness,acousticness,instrumentalness,liveness,valence,tempo,time_signature
mean,0.6747,0.5956199999999999,6.3,-6.952300000000001,0.62,0.10933599999999999,0.28858984,0.016597458800000003,0.15087,0.45953999999999995,113.29960000000003,3.9
std,0.16116467050941458,0.14929602015007987,3.7863880801995924,2.3111885558768948,0.4903143514780145,0.09044143839851199,0.25022112034965216,0.07052642309453101,0.09668324517701701,0.19599825176229901,28.860622865130015,0.30304576336566325
min,0.226,0.317,0.0,-14.505,0.0,0.0252,0.000712,0.0,0.0515,0.142,70.23100000000001,3.0
max,0.953,0.8809999999999999,11.0,-2.6519999999999997,1.0,0.33399999999999996,0.867,0.46,0.603,0.9129999999999999,187.291,4.0
