,danceability,energy,key,loudness,mode,speechiness,acousticness,instrumentalness,liveness,valence,tempo,time_signature
mean,0.6321199999999999,0.5312639999999998,5.48,-8.12776,0.62,0.08981600000000001,0.3879292800000001,0.0354979536,0.16121599999999997,0.46442399999999995,122.28953999999997,4.02
std,0.16485784104828632,0.2119371467859165,3.345664267041017,3.1911960304076894,0.49031435147801455,0.09583229475686862,0.31459050987639053,0.1453981142747953,0.14249941834467758,0.25150970895366875,31.85455199663826,0.2466096643090295
min,0.281,0.0932,0.0,-17.326,0.0,0.0288,0.000824,0.0,0.049,0.0467,63.473,3.0
max,0.9490000000000001,0.9470000000000001,11.0,-2.592,1.0,0.516,0.96,0.8740000000000001,0.9209999999999999,0.9620000000000001,187.92700000000002,5.0
