,danceability,energy,key,loudness,mode,speechiness,acousticness,instrumentalness,liveness,valence,tempo,time_signature
mean,0.6577199999999999,0.6231399999999999,5.14,-6.52308,0.46,0.10716200000000004,0.309817,0.023861798600000005,0.18733999999999998,0.4919600000000001,114.05442000000005,3.96
std,0.15974099444451464,0.145157059203935,3.4700467561397383,2.3943383546889723,0.5034574339058886,0.11963399777859884,0.2484048999997334,0.10850331976369029,0.12441542492465983,0.19749357623239605,29.621792561813372,0.28284271247461873
min,0.265,0.371,0.0,-13.99,0.0,0.0274,0.00742,0.0,0.0276,0.13699999999999998,52.571999999999996,3.0
max,0.9520000000000001,0.972,11.0,-1.8219999999999998,1.0,0.6609999999999999,0.9109999999999999,0.618,0.652,0.872,179.97400000000002,5.0
