,danceability,energy,key,loudness,mode,speechiness,acousticness,instrumentalness,liveness,valence,tempo,time_signature
mean,0.6786800000000003,0.56462,6.04,-8.33782,0.46,0.11359400000000001,0.336434,0.0557730616,0.18814200000000006,0.49617400000000006,112.23623999999998,3.88
std,0.1459851040765629,0.21988969405367864,3.5511423858947078,3.8911708992202816,0.5034574339058886,0.10101291170247613,0.29320182478369705,0.18613504228288505,0.14052663788443115,0.21692490829966096,21.226092519715216,0.5205962045225315
min,0.19699999999999998,0.0541,0.0,-18.863,0.0,0.025,0.000292,0.0,0.0524,0.069,74.991,1.0
max,0.9329999999999999,0.905,11.0,-2.253,1.0,0.365,0.96,0.7879999999999999,0.708,0.877,173.859,5.0
