,danceability,energy,key,loudness,mode,speechiness,acousticness,instrumentalness,liveness,valence,tempo,time_signature
mean,0.6789399999999998,0.6557999999999999,4.86,-6.70658,0.48,0.13371800000000003,0.23484117999999998,0.0144457206,0.17941599999999996,0.50956,126.92736000000002,4.02
std,0.16357478599174416,0.1569137290594642,3.6756784740912747,2.6967893464606525,0.5046720495044485,0.11610565506802632,0.2263837164193222,0.06691602497856727,0.1517474020353884,0.21973640609435954,31.163498175282196,0.14142135623730945
min,0.214,0.354,0.0,-14.905999999999999,0.0,0.0287,0.000439,0.0,0.035,0.172,70.956,4.0
max,0.903,0.9490000000000001,11.0,-2.552,1.0,0.461,0.775,0.435,0.823,0.988,204.077,5.0
