,danceability,energy,key,loudness,mode,speechiness,acousticness,instrumentalness,liveness,valence,tempo,time_signature
mean,0.6764999999999999,0.68694,5.66,-5.70346,0.54,0.11045999999999999,0.19012557600000005,0.026119602199999994,0.20329199999999997,0.45199400000000006,123.25004000000001,4.0
std,0.13715673292899297,0.15808992661760327,3.8682907684645103,2.130160722210646,0.5034574339058886,0.10357184433414088,0.20735045793961387,0.13096562865269662,0.14154930321558043,0.22567622862709075,30.807331095420412,0.0
min,0.331,0.29600000000000004,0.0,-10.109,0.0,0.0287,3.12e-05,0.0,0.0586,0.0734,75.01899999999999,4.0
max,0.953,0.968,11.0,0.175,1.0,0.46299999999999997,0.934,0.9059999999999999,0.645,0.902,199.669,4.0
