,danceability,energy,key,loudness,mode,speechiness,acousticness,instrumentalness,liveness,valence,tempo,time_signature
mean,0.6320799999999999,0.679718,5.26,-7.233419999999999,0.68,0.112082,0.22945179400000004,0.06596192819999999,0.15599800000000003,0.528144,120.15831999999999,3.98
std,0.14863869905627827,0.18264518037519006,3.869345776057482,3.1774384182282205,0.47121207149916117,0.09577629907918828,0.25419596017853374,0.20085561181539643,0.12011980157581117,0.20860563335966684,26.797645404058034,0.1414213562373094
min,0.212,0.0809,0.0,-19.346,0.0,0.0228,3.01e-05,0.0,0.0477,0.0862,75.016,3.0
max,0.924,0.97,11.0,-2.333,1.0,0.361,0.956,0.838,0.7759999999999999,0.919,186.054,4.0
