,danceability,energy,key,loudness,mode,speechiness,acousticness,instrumentalness,liveness,valence,tempo,time_signature
mean,0.6914199999999999,0.6076579999999999,5.78,-7.489559999999998,0.5,0.11136199999999999,0.24117208,0.0357507096,0.177558,0.461922,118.71320000000001,3.98
std,0.14659552711944718,0.20006180482795916,3.471693111613481,3.3399616529632956,0.5050762722761054,0.09082032922204149,0.24831835462393093,0.1666869894812903,0.139655725515955,0.23603630582897145,28.667403828838676,0.14142135623730948
min,0.271,0.0659,0.0,-25.061,0.0,0.0294,0.00043099999999999996,0.0,0.0633,0.0747,69.04,3.0
max,0.9440000000000001,0.9640000000000001,11.0,-4.361000000000001,1.0,0.442,0.995,0.961,0.7340000000000001,0.971,174.00599999999997,4.0
