,danceability,energy,key,loudness,mode,speechiness,acousticness,instrumentalness,liveness,valence,tempo,time_signature
mean,0.66524,0.6924400000000002,6.04,-5.858860000000002,0.6,0.11525000000000003,0.21315780000000004,0.0035877988000000004,0.14900800000000003,0.45870000000000016,120.87227999999999,4.0
std,0.12988889443658835,0.14984443089213478,3.4104281854575484,2.129186018751997,0.49487165930539356,0.09613171077395082,0.2176082917208659,0.010557176917229539,0.08179093268442264,0.20379594135871726,28.175644029029975,0.20203050891044214
min,0.272,0.23800000000000002,0.0,-12.148,0.0,0.0302,0.00124,0.0,0.0264,0.11900000000000001,78.267,3.0
max,0.884,0.963,11.0,-1.1,1.0,0.384,0.89,0.0561,0.364,0.9079999999999999,191.928,5.0
