,danceability,energy,key,loudness,mode,speechiness,acousticness,instrumentalness,liveness,valence,tempo,time_signature
mean,0.6771799999999999,0.6692400000000001,5.14,-5.856560000000001,0.52,0.096624,0.15906888000000002,0.0425603896,0.170108,0.4498600000000001,118.59940000000002,3.98
std,0.15479910483314444,0.15390555810732284,3.875669790698197,1.8229964138467085,0.5046720495044484,0.08454688968319322,0.19514126022162318,0.1669528257673864,0.13792808217713035,0.21820050692995602,22.432888587236086,0.14142135623730948
min,0.258,0.316,0.0,-11.047,0.0,0.027999999999999997,0.000799,0.0,0.0717,0.0763,78.028,3.0
max,0.9359999999999999,0.953,11.0,-3.0060000000000002,1.0,0.359,0.795,0.88,0.792,0.905,180.043,4.0
