,danceability,energy,key,loudness,mode,speechiness,acousticness,instrumentalness,liveness,valence,tempo,time_signature
mean,0.69936,0.6949199999999998,5.86,-5.7366399999999995,0.42,0.12130800000000004,0.16929773999999997,0.0013808808,0.158482,0.46057999999999993,116.90950000000002,4.0
std,0.13244448355628027,0.15287194053874514,3.545678600027628,2.1533963753540024,0.49856938190328975,0.10777695948540379,0.19321886847554987,0.004093351092053013,0.10073281225750687,0.20642131376267864,22.414227073810213,0.20203050891044214
min,0.325,0.317,0.0,-12.783,0.0,0.0253,0.000837,0.0,0.0586,0.126,81.965,3.0
max,0.941,0.94,11.0,-2.528,1.0,0.46299999999999997,0.733,0.0162,0.46,0.922,181.995,5.0
