,danceability,energy,key,loudness,mode,speechiness,acousticness,instrumentalness,liveness,valence,tempo,time_signature
mean,0.6978000000000002,0.642994,6.26,-6.960539999999998,0.42,0.15136599999999997,0.21175179999999996,0.036399534399999996,0.18152400000000005,0.46819600000000006,121.3371,4.0
std,0.1400931177205114,0.15861509618814823,3.268963512947123,3.6391410805971516,0.49856938190328975,0.11756975456194123,0.23020500388797213,0.1769301319010184,0.14186150555800428,0.1893361183133297,27.190110420961542,0.2857142857142857
min,0.43,0.0517,0.0,-28.208000000000002,0.0,0.0296,0.00147,0.0,0.0566,0.08800000000000001,67.693,3.0
max,0.92,0.9590000000000001,11.0,-3.8089999999999997,1.0,0.486,0.995,0.92,0.79,0.898,190.04,5.0
