,danceability,energy,key,loudness,mode,speechiness,acousticness,instrumentalness,liveness,valence,tempo,time_signature
mean,0.6820799999999998,0.6600599999999999,5.32,-6.434380000000001,0.54,0.112736,0.2590423,0.033063289800000006,0.162872,0.47759799999999997,125.43256000000002,4.0
std,0.13092291547287807,0.15811651735737314,4.017512683647097,2.3981687391909374,0.5034574339058886,0.08471314805306925,0.24928341137571156,0.13593034580149688,0.1277803377292613,0.23784248130703167,28.091240563098626,0.20203050891044214
min,0.214,0.278,0.0,-11.568,0.0,0.0287,0.000118,0.0,0.0292,0.0369,82.041,3.0
max,0.875,0.9690000000000001,11.0,-2.097,1.0,0.34299999999999997,0.922,0.871,0.65,0.96,204.077,5.0
