,danceability,energy,key,loudness,mode,speechiness,acousticness,instrumentalness,liveness,valence,tempo,time_signature
mean,0.6970400000000001,0.6576399999999998,5.36,-6.015039999999999,0.56,0.11381799999999999,0.22923175999999998,0.019691843599999998,0.18592000000000003,0.48616000000000015,117.32225999999999,3.98
std,0.12934055032813055,0.1729234536328908,3.6070226288308693,2.2904000894594634,0.5014265364224069,0.11064728237945648,0.22004857810850278,0.10274714869018285,0.12557379487450268,0.18193084131176926,27.880777939699918,0.2466096643090295
min,0.17300000000000001,0.273,0.0,-12.617,0.0,0.0287,0.000573,0.0,0.0515,0.11599999999999999,61.375,3.0
max,0.9420000000000001,0.963,11.0,-1.501,1.0,0.565,0.888,0.706,0.675,0.9129999999999999,171.993,5.0
