,danceability,energy,key,loudness,mode,speechiness,acousticness,instrumentalness,liveness,valence,tempo,time_signature
mean,0.6692199999999998,0.63962,4.8,-6.52748,0.5,0.12790800000000002,0.27536276,0.022035820800000005,0.17706599999999995,0.521758,123.89090000000002,3.92
std,0.17519240618152793,0.16229676647476152,3.469987943283177,2.7119347129580644,0.5050762722761054,0.09893124769974637,0.26936526270752187,0.07537522681636272,0.1504679932200648,0.2288637453033698,30.925131424167642,0.44446711960297197
min,0.214,0.358,0.0,-14.905999999999999,0.0,0.0287,0.000118,0.0,0.0539,0.0369,78.041,1.0
max,0.97,0.9690000000000001,11.0,-1.865,1.0,0.375,0.922,0.435,0.823,0.961,204.077,4.0
