,danceability,energy,key,loudness,mode,speechiness,acousticness,instrumentalness,liveness,valence,tempo,time_signature
mean,0.6638199999999999,0.6322800000000001,6.32,-6.915619999999999,0.42,0.11023200000000001,0.21939416,0.036427976599999995,0.18561600000000003,0.4468740000000001,117.15048000000003,3.98
std,0.129440190270035,0.1787231401255208,3.401320271870429,3.3098505169402737,0.49856938190328975,0.08742952249716131,0.2565096436519759,0.13494228537181352,0.1526335766414695,0.18635055270612305,24.10892408847134,0.14142135623730948
min,0.27,0.156,0.0,-18.086,0.0,0.0294,0.00011499999999999999,0.0,0.0404,0.0557,72.635,3.0
max,0.929,0.924,11.0,-1.6869999999999998,1.0,0.331,0.9109999999999999,0.653,0.71,0.868,180.044,4.0
