,danceability,energy,key,loudness,mode,speechiness,acousticness,instrumentalness,liveness,valence,tempo,time_signature
mean,0.64354,0.63906,4.9,-6.166300000000002,0.66,0.09849000000000001,0.254693484,0.027568782400000005,0.19653,0.41435,118.04925999999998,4.0
std,0.13639950475701584,0.18441306895119988,3.6880944695501663,2.0822158257245955,0.47851812069840666,0.08759659449628698,0.2622759717653738,0.1253785728908106,0.18733641489827538,0.21026294737974238,27.224334040549614,0.0
min,0.373,0.261,0.0,-13.342,0.0,0.0286,8.14e-05,0.0,0.055999999999999994,0.0499,62.67100000000001,4.0
max,0.9470000000000001,0.9890000000000001,11.0,-1.382,1.0,0.381,0.868,0.8059999999999999,0.815,0.9420000000000001,202.03900000000002,4.0
