,danceability,energy,key,loudness,mode,speechiness,acousticness,instrumentalness,liveness,valence,tempo,time_signature
mean,0.6968400000000001,0.6515999999999998,4.48,-6.7203599999999994,0.5,0.13105399999999995,0.26883946,0.0058711221999999995,0.17930200000000007,0.4497720000000001,124.48728,3.96
std,0.14093237052297278,0.16105544741751876,3.4180791837115843,2.309653563208304,0.5050762722761054,0.11796175480179315,0.24633517974932242,0.02100822109267181,0.14879063840696102,0.21688891451804615,28.263546068548788,0.19794866372215753
min,0.29600000000000004,0.272,0.0,-12.603,0.0,0.0282,0.000197,0.0,0.0585,0.0545,71.884,3.0
max,0.9129999999999999,0.9440000000000001,11.0,-2.758,1.0,0.426,0.8370000000000001,0.13,0.795,0.867,192.128,4.0
