,danceability,energy,key,loudness,mode,speechiness,acousticness,instrumentalness,liveness,valence,tempo,time_signature
mean,0.6816399999999999,0.66754,5.94,-6.3518799999999995,0.6,0.136194,0.2398016,0.024148739599999997,0.16920800000000003,0.48851999999999995,120.85998000000001,4.0
std,0.1296873414432274,0.16481916002153418,3.8672354730584524,2.557559364643071,0.4948716593053935,0.10457838269226874,0.23101849492494697,0.11675697068698956,0.08822021805385309,0.20733628801184473,27.59244502224683,0.0
min,0.309,0.19699999999999998,0.0,-15.732000000000001,0.0,0.0308,0.00381,0.0,0.0793,0.134,74.65,4.0
max,0.9059999999999999,0.9590000000000001,11.0,-2.75,1.0,0.40399999999999997,0.88,0.7509999999999999,0.38799999999999996,0.927,202.00599999999997,4.0
