,danceability,energy,key,loudness,mode,speechiness,acousticness,instrumentalness,liveness,valence,tempo,time_signature
mean,0.6497399999999999,0.6867600000000001,4.84,-6.250919999999999,0.54,0.15677200000000005,0.15093954000000007,0.0012123836000000002,0.21954200000000004,0.4462599999999999,119.32950000000001,4.0
std,0.11365159973554698,0.1403252141073931,3.215777431632344,1.932404686141184,0.5034574339058886,0.12692588394936052,0.2043752462253735,0.003521948839358722,0.17091989063981564,0.22351496685493624,26.492052866311223,0.0
min,0.309,0.39399999999999996,0.0,-13.091,0.0,0.0235,0.000704,0.0,0.0215,0.0461,81.05,4.0
max,0.909,0.9179999999999999,11.0,-3.0380000000000003,1.0,0.489,0.867,0.0149,0.742,0.9259999999999999,187.985,4.0
