,danceability,energy,key,loudness,mode,speechiness,acousticness,instrumentalness,liveness,valence,tempo,time_signature
mean,0.6653199999999999,0.6972800000000002,4.98,-5.972780000000001,0.58,0.11278199999999998,0.17532729999999996,0.0085295062,0.194112,0.4349739999999999,122.86676000000001,4.0
std,0.12846589954901952,0.1347064897001883,3.6949496696470026,2.0067624173259366,0.49856938190328975,0.10097335815522261,0.19795733130891868,0.03513163522699664,0.12195382973795903,0.23565580470210343,27.249077785226174,0.0
min,0.381,0.373,0.0,-11.665,0.0,0.0289,0.000718,0.0,0.0586,0.0577,75.235,4.0
max,0.9309999999999999,0.975,11.0,-1.182,1.0,0.46299999999999997,0.7190000000000001,0.207,0.6609999999999999,0.917,191.97400000000002,4.0
