,danceability,energy,key,loudness,mode,speechiness,acousticness,instrumentalness,liveness,valence,tempo,time_signature
mean,0.68494,0.6134600000000001,4.58,-6.4047800000000015,0.6,0.11381200000000001,0.2682727399999999,0.0029955912,0.17852999999999997,0.47185399999999994,128.50397999999998,3.96
std,0.13648583839224,0.19477189274657064,3.3932105079143566,2.7468445220221818,0.49487165930539356,0.09060125160193283,0.23245371609312349,0.015771907536919084,0.11506788103071144,0.20678156789329208,29.17819995041727,0.19794866372215753
min,0.319,0.175,0.0,-15.359000000000002,0.0,0.027999999999999997,0.00022400000000000002,0.0,0.036000000000000004,0.0747,74.65,3.0
max,0.9009999999999999,0.907,11.0,-2.144,1.0,0.336,0.903,0.10800000000000001,0.625,0.877,179.983,4.0
