,danceability,energy,key,loudness,mode,speechiness,acousticness,instrumentalness,liveness,valence,tempo,time_signature
mean,0.6677,0.6457599999999998,4.9,-6.252680000000001,0.64,0.10236,0.17976920000000005,0.0188257974,0.17025000000000007,0.5429379999999999,122.49784,3.96
std,0.13165651816568066,0.17282225858153946,3.6603222786625587,2.2214124614941806,0.4848732213850611,0.09921967587949808,0.21774752083070514,0.06970255220514324,0.13187817236729804,0.2465623081329276,27.160650504938737,0.19794866372215753
min,0.38299999999999995,0.262,0.0,-11.494000000000002,0.0,0.0276,0.00454,0.0,0.0542,0.0989,78.518,3.0
max,0.92,0.9670000000000001,11.0,-0.7759999999999999,1.0,0.431,0.9690000000000001,0.389,0.638,0.966,184.96200000000002,4.0
