,danceability,energy,key,loudness,mode,speechiness,acousticness,instrumentalness,liveness,valence,tempo,time_signature
mean,0.6200399999999999,0.69726,5.12,-5.927840000000001,0.62,0.10844000000000005,0.19150998200000002,0.048934372600000005,0.15391200000000005,0.4635280000000001,117.77632,3.9
std,0.15067399055102848,0.18354099914555042,3.6345282937910035,2.708408557188716,0.4903143514780145,0.10056443766286859,0.2009868835408346,0.19014869801610654,0.12347877061194261,0.23499164643424575,26.076028551878203,0.30304576336566325
min,0.295,0.318,0.0,-16.729,0.0,0.0232,3.21e-05,0.0,0.0243,0.0914,70.429,3.0
max,0.929,0.9890000000000001,11.0,-1.909,1.0,0.431,0.6829999999999999,0.872,0.6890000000000001,0.9309999999999999,177.833,4.0
