,danceability,energy,key,loudness,mode,speechiness,acousticness,instrumentalness,liveness,valence,tempo,time_signature
mean,0.6912799999999999,0.65374,4.96,-6.8141,0.6,0.18940400000000002,0.23914679999999996,2.8442e-05,0.24805399999999994,0.48856599999999983,125.83961999999995,4.0
std,0.10522997943280504,0.13677641669259105,3.5968239958528496,3.0621388633383932,0.49487165930539356,0.14496967446430206,0.20261503530687985,0.00017789605513516326,0.1670065270751844,0.21884225388556547,27.316526616751133,0.0
min,0.46399999999999997,0.418,0.0,-13.529000000000002,0.0,0.0266,0.006999999999999999,0.0,0.0794,0.0793,76.014,4.0
max,0.922,0.9009999999999999,11.0,-1.431,1.0,0.531,0.865,0.00126,0.71,0.958,177.997,4.0
