,danceability,energy,key,loudness,mode,speechiness,acousticness,instrumentalness,liveness,valence,tempo,time_signature
mean,0.6623800000000003,0.6579,4.6,-6.2446399999999995,0.64,0.10959799999999997,0.21371279999999998,0.0003694186,0.17813400000000001,0.45359799999999995,122.55961999999998,3.96
std,0.1748109054180008,0.15767756430676585,3.636549160387959,2.554516941914971,0.4848732213850611,0.10318365139054597,0.24237685283029478,0.0016523910169082938,0.13444618164597932,0.24967136153637762,28.411812335709804,0.1979486637221575
min,0.265,0.217,0.0,-15.372,0.0,0.0274,0.0019399999999999999,0.0,0.057999999999999996,0.0872,65.452,3.0
max,0.9359999999999999,0.9279999999999999,11.0,-2.5660000000000003,1.0,0.423,0.914,0.0104,0.5760000000000001,0.9670000000000001,178.049,4.0
