,danceability,energy,key,loudness,mode,speechiness,acousticness,instrumentalness,liveness,valence,tempo,time_signature
mean,0.6585400000000001,0.5942399999999999,4.52,-7.084979999999998,0.66,0.091994,0.25309640000000005,0.004989823999999999,0.176912,0.39754400000000006,116.56170000000002,3.9
std,0.15304970647819363,0.1989502614489668,3.4121033072859674,2.4872423586398336,0.47851812069840666,0.08229415732974149,0.24127750105923207,0.025293597265908848,0.12481097649269964,0.2175007503247672,29.175051778104905,0.3030457633656633
min,0.233,0.193,0.0,-15.372,0.0,0.0232,0.0018800000000000002,0.0,0.047,0.0872,77.025,3.0
max,0.9359999999999999,0.932,11.0,-3.7910000000000004,1.0,0.36700000000000005,0.885,0.16899999999999998,0.557,0.96,178.049,4.0
