,danceability,energy,key,loudness,mode,speechiness,acousticness,instrumentalness,liveness,valence,tempo,time_signature
mean,0.6127399999999998,0.6764600000000001,5.22,-5.760979999999998,0.28,0.110654,0.208540478,0.0085275634,0.19951,0.43916599999999995,121.62663999999995,3.96
std,0.14579070965054036,0.15370714401890687,3.6100200689136317,2.329774338638743,0.4535573676110727,0.10722165523354135,0.23262726144746373,0.047804172971989085,0.13776182826360361,0.2072385351546889,29.076735926741666,0.1979486637221575
min,0.303,0.29600000000000004,0.0,-11.960999999999999,0.0,0.0286,1.89e-05,0.0,0.0572,0.0793,72.98899999999999,3.0
max,0.8540000000000001,0.98,11.0,0.175,1.0,0.531,0.9620000000000001,0.336,0.664,0.866,197.858,4.0
