,danceability,energy,key,loudness,mode,speechiness,acousticness,instrumentalness,liveness,valence,tempo,time_signature
mean,0.67072,0.7191199999999999,5.16,-5.858859999999998,0.7,0.09937399999999999,0.18334732000000004,0.06701794479999999,0.17172800000000002,0.44254000000000004,125.39718,4.02
std,0.1213303871960477,0.1536512935187986,3.8564020452610843,2.1312737593145696,0.4629100498862757,0.0781216236756142,0.2186430436325746,0.19894864560144418,0.11905031356188722,0.18526750764166688,28.579043155095594,0.14142135623730945
min,0.391,0.392,0.0,-13.652000000000001,0.0,0.0231,0.0008759999999999999,0.0,0.0621,0.106,76.403,4.0
max,0.938,0.997,11.0,-2.7489999999999997,1.0,0.319,0.816,0.841,0.631,0.9420000000000001,203.93200000000002,5.0
