,danceability,energy,key,loudness,mode,speechiness,acousticness,instrumentalness,liveness,valence,tempo,time_signature
mean,0.6460000000000001,0.71136,5.62,-5.670180000000001,0.4,0.122034,0.150574912,0.0169619256,0.23114199999999996,0.49655600000000016,123.72920000000002,4.0
std,0.1414887317933474,0.15002771988767236,3.533455266796083,2.0260820912312916,0.49487165930539356,0.10428384853516924,0.1619962505819176,0.09417194449873328,0.1481916286847705,0.2171253133514358,30.356236193519358,0.0
min,0.33299999999999996,0.304,0.0,-11.309000000000001,0.0,0.028999999999999998,8.759999999999999e-05,0.0,0.0501,0.0675,81.05,4.0
max,0.9209999999999999,0.925,11.0,-1.431,1.0,0.484,0.779,0.657,0.645,0.96,189.99200000000002,4.0
