,danceability,energy,key,loudness,mode,speechiness,acousticness,instrumentalness,liveness,valence,tempo,time_signature
mean,0.6760800000000002,0.6718399999999999,4.9,-6.886519999999999,0.52,0.113444,0.20959194600000008,0.0297742686,0.17953400000000005,0.5155679999999999,120.97255999999994,4.0
std,0.12513532919301767,0.12890153812353153,3.494894235064305,2.426897189618792,0.5046720495044484,0.1016595481928555,0.20719090371569254,0.13518545617411973,0.1546048625182459,0.220908588944359,28.470927874000363,0.20203050891044214
min,0.35200000000000004,0.391,0.0,-13.970999999999998,0.0,0.0283,3.0299999999999998e-05,0.0,0.0649,0.0374,75.025,3.0
max,0.899,0.9490000000000001,11.0,-3.2739999999999996,1.0,0.428,0.775,0.87,0.927,0.91,204.077,5.0
