,danceability,energy,key,loudness,mode,speechiness,acousticness,instrumentalness,liveness,valence,tempo,time_signature
mean,0.63078,0.6795399999999997,5.16,-6.3806,0.44,0.13083799999999995,0.24308419999999997,0.0036018375999999994,0.23857000000000006,0.4412879999999999,119.45957999999997,3.94
std,0.14585403522644386,0.16032571566046672,3.4955365124976283,2.0546389026805083,0.5014265364224069,0.14203416215970072,0.25255543802879865,0.023897059186371555,0.1974469665298425,0.2299650200906784,30.033190297953045,0.2398979374820953
min,0.24,0.15,0.0,-12.472000000000001,0.0,0.0288,0.0019399999999999999,0.0,0.0537,0.0784,68.77600000000001,3.0
max,0.9359999999999999,0.932,11.0,-3.023,1.0,0.623,0.963,0.16899999999999998,0.763,0.9470000000000001,202.082,4.0
