,danceability,energy,key,loudness,mode,speechiness,acousticness,instrumentalness,liveness,valence,tempo,time_signature
mean,0.66998,0.67696,5.28,-6.379,0.52,0.099402,0.16882409999999998,0.04424236920000001,0.159058,0.45128,119.59669999999998,3.94
std,0.15467417894610935,0.15034449692323973,3.470223188728908,2.0296456511883436,0.5046720495044484,0.07594766320920465,0.23067127296903067,0.1667161100707035,0.09692324143677948,0.2104958024691772,27.575819159849722,0.23989793748209526
min,0.258,0.34600000000000003,0.0,-13.242,0.0,0.0275,0.00011499999999999999,0.0,0.0683,0.0763,60.878,3.0
max,0.95,0.971,11.0,-2.7089999999999996,1.0,0.35100000000000003,0.865,0.88,0.402,0.9129999999999999,180.043,4.0
