,danceability,energy,key,loudness,mode,speechiness,acousticness,instrumentalness,liveness,valence,tempo,time_signature
mean,0.67098,0.6272999999999999,5.72,-6.819799999999999,0.5,0.08070000000000001,0.21136333999999996,0.0221281882,0.18594200000000005,0.4728120000000001,121.18573999999997,4.0
std,0.1259668712521718,0.1534013343741022,3.540091086110523,2.603354406004935,0.5050762722761054,0.07427513660955024,0.1999317216863644,0.0591859516995885,0.13603780100413568,0.1929666880842496,26.80685965577635,0.0
min,0.278,0.22699999999999998,0.0,-14.323,0.0,0.0261,0.000573,0.0,0.0241,0.0356,81.48100000000001,4.0
max,0.9590000000000001,0.905,11.0,-2.253,1.0,0.375,0.7509999999999999,0.302,0.5820000000000001,0.8540000000000001,192.128,4.0
