,danceability,energy,key,loudness,mode,speechiness,acousticness,instrumentalness,liveness,valence,tempo,time_signature
mean,0.73178,0.67118,5.68,-6.361220000000002,0.56,0.16718600000000003,0.20781272000000006,0.0087728184,0.18798199999999998,0.49736,121.14355999999998,4.0
std,0.10572418679502522,0.146209479298487,3.513472612091685,2.069708194851809,0.5014265364224069,0.12927817659163182,0.16661659531232484,0.03176742888530708,0.16924914697279986,0.21707938546033506,30.42323854083672,0.0
min,0.42700000000000005,0.278,0.0,-10.965,0.0,0.0278,0.000197,0.0,0.0625,0.131,75.001,4.0
max,0.9179999999999999,0.9440000000000001,11.0,-2.885,1.0,0.588,0.7090000000000001,0.177,0.795,0.96,192.128,4.0
