,danceability,energy,key,loudness,mode,speechiness,acousticness,instrumentalness,liveness,valence,tempo,time_signature
mean,0.5982599999999999,0.6238505999999999,5.46,-8.509219999999997,0.68,0.14780599999999997,0.24350119199999995,0.07514467740000001,0.21927000000000008,0.43855,123.40175999999995,3.96
std,0.15133579502927538,0.2304336435046244,3.860897643326601,5.121982493614944,0.4712120714991611,0.17329180581685133,0.29013632955649066,0.2180629002654283,0.19174376742658097,0.2384369588955264,26.01912411313444,0.19794866372215744
min,0.281,0.00543,0.0,-35.422,0.0,0.0275,3.96e-05,0.0,0.0456,0.0391,73.998,3.0
max,0.925,0.9670000000000001,11.0,-3.602,1.0,0.818,0.995,0.9520000000000001,0.768,0.898,171.06900000000002,4.0
