,danceability,energy,key,loudness,mode,speechiness,acousticness,instrumentalness,liveness,valence,tempo,time_signature
mean,0.7025399999999999,0.6726400000000001,6.18,-6.168159999999998,0.44,0.15358800000000003,0.21503126000000003,0.0374111632,0.21669200000000002,0.48367599999999994,114.27147999999997,4.0
std,0.11096500827389007,0.13373546230357533,3.566796996792294,1.9819084737614265,0.5014265364224069,0.11689898245048665,0.20184300959366658,0.15354406357755485,0.15462365085614047,0.21386173252065152,29.799988239444332,0.0
min,0.42100000000000004,0.317,0.0,-10.732000000000001,0.0,0.0287,0.000573,0.0,0.0574,0.0628,75.05199999999999,4.0
max,0.935,0.8859999999999999,11.0,-2.6519999999999997,1.0,0.45399999999999996,0.74,0.94,0.727,0.9520000000000001,202.00599999999997,4.0
