,danceability,energy,key,loudness,mode,speechiness,acousticness,instrumentalness,liveness,valence,tempo,time_signature
mean,0.60332,0.6449799999999999,6.08,-7.25912,0.62,0.10550200000000003,0.1962480998,0.07087263419999998,0.197776,0.39554400000000006,118.43254000000005,4.02
std,0.15463920352001986,0.18366178876691044,3.4749247532596055,3.346302672673656,0.49031435147801455,0.10610918229515737,0.2576440557090962,0.2137032949867489,0.1998613708937027,0.21407335397389526,27.499823307194884,0.2466096643090295
min,0.28,0.207,0.0,-21.487,0.0,0.0258,4.99e-06,0.0,0.0461,0.0862,57.967,3.0
max,0.898,0.977,11.0,-1.8619999999999999,1.0,0.442,0.988,0.948,0.9229999999999999,0.8420000000000001,177.50099999999998,5.0
