,danceability,energy,key,loudness,mode,speechiness,acousticness,instrumentalness,liveness,valence,tempo,time_signature
mean,0.6520999999999999,0.68494,5.88,-5.891419999999999,0.44,0.10417,0.20697320000000008,0.0177151312,0.22465000000000004,0.49924600000000013,123.51289999999997,4.0
std,0.12106521265122244,0.1512013672867668,3.4323788383271325,2.005754345245047,0.5014265364224069,0.08432459938371774,0.24580471656888564,0.06121173791634065,0.16230498407979607,0.21909391631751654,31.160888872372148,0.0
min,0.35100000000000003,0.29600000000000004,0.0,-11.960999999999999,0.0,0.0272,0.00446,0.0,0.0418,0.0793,72.98899999999999,4.0
max,0.88,0.963,11.0,-1.182,1.0,0.425,0.934,0.349,0.7,0.91,201.963,4.0
