,danceability,energy,key,loudness,mode,speechiness,acousticness,instrumentalness,liveness,valence,tempo,time_signature
mean,0.6900200000000001,0.67144,6.0,-5.8573999999999975,0.5,0.10129599999999997,0.19726123999999992,0.0142200694,0.17460199999999998,0.4899140000000002,123.04769999999999,3.98
std,0.14997571095864495,0.1740176111190814,3.5970509462897633,1.8745676943808474,0.5050762722761054,0.08207201158564525,0.22446900305656137,0.09100435519384711,0.15034213293250126,0.2202200902900254,26.04458105198602,0.1414213562373094
min,0.258,0.327,0.0,-12.875,0.0,0.0284,0.00074,0.0,0.0441,0.0967,74.931,3.0
max,0.938,0.977,11.0,-2.345,1.0,0.359,0.871,0.643,0.792,0.9129999999999999,189.97299999999998,4.0
