,danceability,energy,key,loudness,mode,speechiness,acousticness,instrumentalness,liveness,valence,tempo,time_signature
mean,0.7315600000000001,0.6004599999999999,5.58,-7.36198,0.64,0.172062,0.20935550800000002,0.0177495488,0.17659000000000005,0.46238599999999996,123.04220000000001,3.98
std,0.14754136880957855,0.1940906804689446,3.7747279939846563,3.5215110769239333,0.4848732213850611,0.13438089163543565,0.24290763832069143,0.059535811558797065,0.12593492367091821,0.21749062565770413,24.844917566737045,0.1414213562373094
min,0.42100000000000004,0.125,0.0,-18.435,0.0,0.0289,5.539999999999999e-05,0.0,0.0599,0.0528,75.445,3.0
max,0.966,0.902,11.0,-1.865,1.0,0.588,0.9520000000000001,0.349,0.7040000000000001,0.9520000000000001,202.00599999999997,4.0
