,danceability,energy,key,loudness,mode,speechiness,acousticness,instrumentalness,liveness,valence,tempo,time_signature
mean,0.6361600000000001,0.65508,5.34,-6.160500000000001,0.54,0.111218,0.23412699999999997,0.0094747688,0.199596,0.432778,119.10786,4.02
std,0.15374712341759006,0.17102283413602512,3.9775389786312103,2.6535042617917424,0.5034574339058886,0.09645840319504972,0.25527943629861527,0.05733669325131515,0.13852640352463277,0.22338141381219406,26.93173152053699,0.24660966430902953
min,0.268,0.262,0.0,-12.828,0.0,0.0266,0.00039,0.0,0.0658,0.0395,77.093,3.0
max,0.9440000000000001,0.9520000000000001,11.0,-1.431,1.0,0.418,0.934,0.405,0.618,0.9079999999999999,179.09099999999998,5.0
