,danceability,energy,key,loudness,mode,speechiness,acousticness,instrumentalness,liveness,valence,tempo,time_signature
mean,0.6367800000000002,0.60982,5.68,-6.977519999999999,0.62,0.10691,0.20382406,0.0059181066000000004,0.179406,0.4038800000000002,123.89157999999999,3.96
std,0.15039570798261442,0.18744029688932734,3.711207515686746,2.128252557515538,0.49031435147801455,0.10756736712120342,0.21899827231472185,0.020470528903152315,0.16963304020918873,0.18934113905534505,26.559417115476716,0.1979486637221575
min,0.312,0.121,0.0,-15.133,0.0,0.0269,0.000153,0.0,0.0545,0.10800000000000001,70.429,3.0
max,0.873,0.924,11.0,-3.4960000000000004,1.0,0.431,0.91,0.127,0.8190000000000001,0.7859999999999999,180.018,4.0
