,danceability,energy,key,loudness,mode,speechiness,acousticness,instrumentalness,liveness,valence,tempo,time_signature
mean,0.6557999999999999,0.6484799999999998,6.52,-6.346239999999999,0.56,0.08632399999999998,0.2397552000000001,0.014019549400000003,0.19522200000000006,0.49549400000000005,119.25951999999998,3.96
std,0.1423313179930287,0.1685155161511054,3.5181163791356953,2.1474813967500985,0.5014265364224069,0.06490614121442546,0.2541922412971597,0.059012864733472,0.14262819695749834,0.20739651701363684,29.090800048097115,0.1979486637221575
min,0.35700000000000004,0.22699999999999998,0.0,-12.828,0.0,0.0297,0.00426,0.0,0.0418,0.0793,74.786,3.0
max,0.893,0.9129999999999999,11.0,-3.24,1.0,0.314,0.919,0.349,0.618,0.903,205.808,4.0
