,danceability,energy,key,loudness,mode,speechiness,acousticness,instrumentalness,liveness,valence,tempo,time_signature
mean,0.6755800000000001,0.66988,5.86,-6.16274,0.62,0.14850000000000002,0.19129896,0.0163563208,0.189702,0.4940859999999999,124.27120000000001,3.96
std,0.13729011290708742,0.13611244451195642,3.2071985359468456,1.904051842995964,0.4903143514780145,0.11821696242114173,0.20187805391080701,0.11025596647159941,0.14867598585995173,0.2150977338470177,29.887796407256808,0.19794866372215744
min,0.4,0.32,0.0,-11.917,0.0,0.0239,0.0007379999999999999,0.0,0.0338,0.0793,71.91199999999999,3.0
max,0.98,0.9640000000000001,11.0,-1.431,1.0,0.46299999999999997,0.731,0.78,0.588,0.945,195.918,4.0
