,danceability,energy,key,loudness,mode,speechiness,acousticness,instrumentalness,liveness,valence,tempo,time_signature
mean,0.6764600000000002,0.6513800000000001,5.02,-6.386260000000004,0.62,0.12930800000000003,0.20027939999999994,0.05604142099999999,0.16806200000000004,0.46418000000000015,121.60313999999998,4.02
std,0.1324041755923344,0.1275540525680412,3.9460132295981047,2.11190272860803,0.4903143514780145,0.14051464131715882,0.23004717142191616,0.1765024664994094,0.10137948488280084,0.19013858426024371,29.528102803669615,0.14142135623730948
min,0.41200000000000003,0.389,0.0,-11.547,0.0,0.0261,0.00124,0.0,0.0403,0.11599999999999999,66.291,4.0
max,0.9009999999999999,0.9640000000000001,11.0,-2.659,1.0,0.84,0.8809999999999999,0.904,0.512,0.883,200.672,5.0
