,danceability,energy,key,loudness,mode,speechiness,acousticness,instrumentalness,liveness,valence,tempo,time_signature
mean,0.7314400000000001,0.6470999999999999,5.3,-6.41164,0.6,0.131412,0.19029688,0.019723915,0.17438199999999998,0.50056,117.4011,4.0
std,0.12624517125540335,0.13614251986167186,3.4478623960420487,2.2767359536074836,0.49487165930539356,0.10068187855511912,0.21229886900903622,0.1155402560696989,0.1344398214360429,0.20832325352486142,27.293634668888927,0.0
min,0.433,0.373,0.0,-13.970999999999998,0.0,0.0278,0.000143,0.0,0.0523,0.10099999999999999,77.021,4.0
max,0.978,0.922,11.0,-1.865,1.0,0.375,0.7609999999999999,0.81,0.6940000000000001,0.888,179.97400000000002,4.0
