,danceability,energy,key,loudness,mode,speechiness,acousticness,instrumentalness,liveness,valence,tempo,time_signature
mean,0.6872,0.62262,4.96,-6.463739999999999,0.62,0.14685600000000001,0.2032738800000001,0.035688684400000004,0.160098,0.4182420000000001,126.42408000000003,3.98
std,0.12606007638083858,0.14479836649208272,3.481496276966358,1.9549272945403307,0.4903143514780146,0.13787633642847774,0.2756492114810194,0.14094539117579516,0.10717032883999877,0.21867469651031313,28.138246234922725,0.24660966430902945
min,0.391,0.28800000000000003,0.0,-12.783,0.0,0.0264,0.00028199999999999997,0.0,0.0219,0.0922,78.021,3.0
max,0.9570000000000001,0.889,11.0,-3.2689999999999997,1.0,0.615,0.977,0.8809999999999999,0.638,0.9159999999999999,189.891,5.0
