,danceability,energy,key,loudness,mode,speechiness,acousticness,instrumentalness,liveness,valence,tempo,time_signature
mean,0.6332800000000001,0.614672,4.8,-7.500119999999998,0.6,0.09739,0.31378919999999993,0.040947437200000006,0.19940999999999998,0.454774,119.25416,3.98
std,0.16642054425767389,0.19500773301254976,3.7142857142857144,2.9416966063959804,0.4948716593053935,0.12658691335463182,0.2862987565381053,0.1392268397971816,0.1774389256813137,0.22219133766799706,24.80488817310008,0.2466096643090295
min,0.266,0.0596,0.0,-18.515,0.0,0.0286,0.0035600000000000002,0.0,0.0222,0.0747,75.02199999999999,3.0
max,0.9620000000000001,0.997,11.0,-2.806,1.0,0.84,0.9329999999999999,0.802,0.8170000000000001,0.883,181.74,5.0
