,danceability,energy,key,loudness,mode,speechiness,acousticness,instrumentalness,liveness,valence,tempo,time_signature
mean,0.6610999999999998,0.6113580000000002,5.4,-7.5162400000000025,0.56,0.10713999999999997,0.23476559999999996,0.0393478218,0.17349799999999999,0.4161780000000001,118.06423999999997,4.0
std,0.12371894580467623,0.19157293073875736,4.010191099319487,4.252772639690248,0.5014265364224069,0.10919190745225227,0.28836771944338635,0.185067717710339,0.12459169967767286,0.21054633043875284,23.752680231631174,0.20203050891044214
min,0.32,0.0429,0.0,-25.726999999999997,0.0,0.0264,0.0030800000000000003,0.0,0.0481,0.0394,81.01899999999999,3.0
max,0.927,0.89,11.0,-2.061,1.0,0.475,0.992,0.948,0.677,0.86,172.05900000000003,5.0
