,danceability,energy,key,loudness,mode,speechiness,acousticness,instrumentalness,liveness,valence,tempo,time_signature
mean,0.6730200000000001,0.6321200000000001,5.28,-6.601840000000002,0.54,0.10725799999999999,0.20439564000000005,0.012274776800000003,0.16643799999999997,0.47055,116.82430000000001,4.0
std,0.1292061302014446,0.17475588104319603,4.105943924386217,2.6177331552006473,0.5034574339058886,0.10479133803197006,0.24827396140478136,0.036041713105502304,0.1073186365503234,0.21208186352617395,30.084192899567164,0.0
min,0.33,0.174,0.0,-13.505,0.0,0.0251,0.000424,0.0,0.0501,0.0655,64.934,4.0
max,0.922,0.972,11.0,-3.112,1.0,0.484,0.97,0.179,0.45399999999999996,0.9179999999999999,200.04,4.0
