,danceability,energy,key,loudness,mode,speechiness,acousticness,instrumentalness,liveness,valence,tempo,time_signature
mean,0.77676,0.5891599999999998,5.78,-6.954020000000002,0.54,0.13445800000000002,0.22711876,0.0141269116,0.20481199999999997,0.4850159999999999,120.03683999999997,4.02
std,0.12807070113728558,0.17205413955722051,3.6827784542186546,2.8118406382834076,0.5034574339058886,0.08901299627651262,0.23828199645126016,0.09283211782468935,0.17688340520448687,0.2142278887311456,25.086774595522048,0.14142135623730945
min,0.45299999999999996,0.11199999999999999,0.0,-18.049,0.0,0.0296,0.000698,0.0,0.0606,0.0978,75.012,4.0
max,0.9690000000000001,0.965,11.0,-0.953,1.0,0.36,0.96,0.657,0.8109999999999999,0.898,179.938,5.0
