,danceability,energy,key,loudness,mode,speechiness,acousticness,instrumentalness,liveness,valence,tempo,time_signature
mean,0.6775399999999999,0.6505200000000001,5.54,-7.1623199999999985,0.58,0.148286,0.16265430000000003,0.026101285199999994,0.174504,0.5079940000000001,115.57498000000004,4.0
std,0.1497261731921828,0.15065682587813098,3.8608976433266005,2.6311959137104424,0.4985693819032897,0.13108821147515556,0.18437707583614554,0.1304210359529972,0.12568218901950545,0.2204766306372239,27.214873376849635,0.20203050891044214
min,0.353,0.331,0.0,-14.083,0.0,0.025,0.0002,0.0,0.0442,0.0957,73.483,3.0
max,0.9470000000000001,0.917,11.0,-3.094,1.0,0.49200000000000005,0.723,0.9079999999999999,0.647,0.905,175.928,5.0
