,danceability,energy,key,loudness,mode,speechiness,acousticness,instrumentalness,liveness,valence,tempo,time_signature
mean,0.7722600000000003,0.65034,6.1,-6.0659800000000015,0.34,0.13490600000000003,0.24917920000000005,0.0048576072,0.178186,0.5431800000000001,123.60505999999995,3.94
std,0.10604288889743757,0.1567432073846407,3.4419382294733594,2.34705387615006,0.4785181206984064,0.10443589071477179,0.24526441272709615,0.019339172112748527,0.1557868703828197,0.19482537340513162,26.949331691694688,0.4699109772399583
min,0.515,0.18600000000000003,0.0,-14.908,0.0,0.0261,0.0045899999999999995,0.0,0.0409,0.07,72.541,1.0
max,0.9520000000000001,0.965,11.0,-0.953,1.0,0.439,0.868,0.11800000000000001,0.8109999999999999,0.9570000000000001,185.91299999999998,5.0
