,danceability,energy,key,loudness,mode,speechiness,acousticness,instrumentalness,liveness,valence,tempo,time_signature
mean,0.6682399999999998,0.7079999999999999,5.32,-5.953239999999998,0.54,0.18392199999999995,0.19822934,0.015450204399999999,0.20565599999999992,0.47092,122.28514000000003,3.88
std,0.13528059426123712,0.15198187324782642,3.73313896481396,1.7162985868384537,0.5034574339058886,0.12333898913488925,0.19946629965000529,0.056430307838404074,0.17509535962801898,0.20318020954566515,35.41370786885802,0.32826072265931605
min,0.28,0.299,0.0,-11.125,0.0,0.0247,0.000857,0.0,0.0376,0.10099999999999999,75.801,3.0
max,0.9209999999999999,0.929,11.0,-2.739,1.0,0.513,0.779,0.317,0.846,0.8109999999999999,205.808,4.0
