,danceability,energy,key,loudness,mode,speechiness,acousticness,instrumentalness,liveness,valence,tempo,time_signature
mean,0.6663399999999998,0.6567000000000001,4.7,-6.613379999999999,0.6,0.127824,0.2036608,0.0005566788000000001,0.15204600000000004,0.42653800000000003,121.49921999999998,3.96
std,0.13021953362984953,0.14928417634204388,3.7593421048402202,2.2955963423343344,0.49487165930539356,0.1420390425774777,0.214181512901405,0.002539384192173322,0.1178123416320053,0.22208619110974157,27.460777870940632,0.19794866372215744
min,0.248,0.28800000000000003,0.0,-13.561,0.0,0.0266,0.00221,0.0,0.057999999999999996,0.0709,72.98899999999999,3.0
max,0.934,0.9640000000000001,11.0,-1.881,1.0,0.6809999999999999,0.746,0.0176,0.631,0.9079999999999999,164.02700000000002,4.0
