,danceability,energy,key,loudness,mode,speechiness,acousticness,instrumentalness,liveness,valence,tempo,time_signature
mean,0.6735000000000001,0.6515000000000001,5.32,-7.12904,0.6,0.15715,0.18700871000000002,0.011284083800000002,0.17703400000000005,0.46600600000000014,128.40934,4.0
std,0.17240806482391288,0.1633070539736451,3.945754628944472,2.627157872714022,0.4948716593053935,0.15055236291600285,0.22248427592671255,0.03380648611685077,0.13491245477368363,0.2604395753572119,28.96320170429494,0.2857142857142857
min,0.27399999999999997,0.235,0.0,-16.156,0.0,0.0263,2.95e-05,0.0,0.0513,0.0707,74.931,3.0
max,0.948,0.9420000000000001,11.0,-3.057,1.0,0.863,0.8,0.21,0.6990000000000001,0.9620000000000001,187.933,5.0
