,danceability,energy,key,loudness,mode,speechiness,acousticness,instrumentalness,liveness,valence,tempo,time_signature
mean,0.69018,0.6376400000000001,5.26,-6.469919999999999,0.44,0.11954599999999997,0.2839336,0.0334748274,0.18342199999999997,0.463492,127.52156,3.98
std,0.141136450114846,0.16760957548994143,3.8269186197839353,2.036679518936925,0.5014265364224069,0.13837291702983984,0.2600776196756716,0.15408539620698278,0.13411669650581412,0.20405926494075993,27.73329174083092,0.14142135623730948
min,0.317,0.10400000000000001,0.0,-14.08,0.0,0.0287,0.00116,0.0,0.055,0.0827,65.59100000000001,3.0
max,0.95,0.951,11.0,-2.293,1.0,0.84,0.9790000000000001,0.915,0.7340000000000001,0.9129999999999999,191.97099999999998,4.0
