,danceability,energy,key,loudness,mode,speechiness,acousticness,instrumentalness,liveness,valence,tempo,time_signature
mean,0.7460599999999998,0.6333600000000001,5.88,-6.185099999999998,0.5,0.120542,0.24569779999999997,0.017937435800000002,0.15666799999999997,0.49104799999999993,115.9339,3.96
std,0.12843348314141734,0.14886780329252816,3.4323788383271334,2.24093886346681,0.5050762722761054,0.10453694804289272,0.2495727264270775,0.11463883824890751,0.11954527182756551,0.21850387587278303,24.24039908765059,0.44994330708638913
min,0.433,0.358,0.0,-12.017999999999999,0.0,0.0262,0.000143,0.0,0.0241,0.0754,73.968,1.0
max,0.978,0.922,11.0,-2.171,1.0,0.424,0.7609999999999999,0.81,0.525,0.9670000000000001,179.97400000000002,5.0
