,danceability,energy,key,loudness,mode,speechiness,acousticness,instrumentalness,liveness,valence,tempo,time_signature
mean,0.64998,0.63954,5.1,-6.796619999999999,0.6,0.114472,0.240050402,0.05341375739999999,0.16177000000000002,0.42368400000000006,118.21503999999997,3.98
std,0.1495988499901231,0.1821516759769849,4.0012753069031195,2.358355816829918,0.49487165930539356,0.10177682274948256,0.23882930320189916,0.16889226831514045,0.13414590784603433,0.19652347043712884,29.656506648116796,0.14142135623730945
min,0.32299999999999995,0.23800000000000002,0.0,-12.999,0.0,0.0279,5.7100000000000006e-05,0.0,0.027999999999999997,0.0922,67.513,3.0
max,0.925,0.9590000000000001,11.0,-2.9730000000000003,1.0,0.41200000000000003,0.915,0.784,0.716,0.8959999999999999,180.985,4.0
