,danceability,energy,key,loudness,mode,speechiness,acousticness,instrumentalness,liveness,valence,tempo,time_signature
mean,0.5720731707317072,0.614,5.390243902439025,-8.027878048780487,0.5853658536585366,0.10558536585365853,0.2536079146341463,0.09341325268292683,0.25593902439024385,0.3947317073170732,121.9408780487805,3.951219512195122
std,0.18176941302704125,0.21094300178010172,3.6665927560917355,3.5533034784206228,0.4987789969564456,0.10362845786987185,0.291649639679189,0.23453959853261278,0.22209445386822335,0.21334385559352817,35.362004805437095,0.21808478995509092
min,0.276,0.174,0.0,-16.945999999999998,0.0,0.0301,1.12e-05,0.0,0.0481,0.0688,68.393,3.0
max,0.9129999999999999,0.991,11.0,-2.747,1.0,0.41200000000000003,0.92,0.898,0.9570000000000001,0.8540000000000001,199.68400000000003,4.0
