,danceability,energy,key,loudness,mode,speechiness,acousticness,instrumentalness,liveness,valence,tempo,time_signature
mean,0.71288,0.5833999999999999,5.12,-7.197360000000001,0.6,0.11732799999999997,0.30628343999999996,0.013905753199999996,0.19165599999999997,0.4895600000000001,118.52706000000002,4.0
std,0.16732037459646704,0.18667291048838364,3.9879410062572083,2.87910161554834,0.4948716593053936,0.08805895298037561,0.2864390693292565,0.09283411934848895,0.15195297629227808,0.21307114458100898,25.56914016369366,0.2857142857142857
min,0.319,0.11199999999999999,0.0,-15.218,0.0,0.0244,0.000172,0.0,0.0571,0.107,75.801,3.0
max,0.9279999999999999,0.965,11.0,-0.953,1.0,0.385,0.94,0.657,0.8109999999999999,0.976,179.938,5.0
