,danceability,energy,key,loudness,mode,speechiness,acousticness,instrumentalness,liveness,valence,tempo,time_signature
mean,0.7206600000000001,0.64078,6.0,-6.96826,0.48,0.162354,0.2416612,0.0051042944,0.17514999999999994,0.4511400000000002,118.88029999999999,3.98
std,0.1289060106893264,0.16268666390409786,4.07581217648203,2.6700380323669015,0.5046720495044484,0.1459781479453381,0.24295477303685095,0.02425708167211636,0.13182411016353635,0.20605705669121088,25.961835330432432,0.14142135623730948
min,0.41200000000000003,0.317,0.0,-14.505,0.0,0.0277,0.00615,0.0,0.055,0.114,66.291,3.0
max,0.95,0.9590000000000001,11.0,-2.6519999999999997,1.0,0.84,0.841,0.162,0.752,0.9520000000000001,202.00599999999997,4.0
