,danceability,energy,key,loudness,mode,speechiness,acousticness,instrumentalness,liveness,valence,tempo,time_signature
mean,0.7015,0.6492800000000001,5.5,-6.6085199999999995,0.6,0.136156,0.23760339999999996,0.016433660200000002,0.15066400000000002,0.4700259999999999,123.27832000000001,4.0
std,0.13325443669146322,0.1517894675166218,3.6323377528831773,2.375969355261734,0.49487165930539356,0.11992160561749309,0.2411057205460725,0.09935804619507722,0.10597101020600697,0.21291841573519107,26.471375666773127,0.20203050891044214
min,0.41200000000000003,0.355,0.0,-14.050999999999998,0.0,0.0253,0.00182,0.0,0.047,0.0379,66.291,3.0
max,0.94,0.9640000000000001,11.0,-2.391,1.0,0.45799999999999996,0.792,0.7,0.55,0.883,190.03599999999997,5.0
