,danceability,energy,key,loudness,mode,speechiness,acousticness,instrumentalness,liveness,valence,tempo,time_signature
mean,0.6725400000000001,0.65594,5.14,-6.295080000000001,0.48,0.11439400000000002,0.20644275999999998,0.0025337244,0.178642,0.473716,122.03801999999997,4.0
std,0.1451359967445031,0.15212057650402974,3.5914297079211748,2.3012821966398276,0.5046720495044484,0.10855631174836479,0.24634141158501213,0.008768431735823493,0.14003448130764806,0.21791167032838354,30.44420049090145,0.0
min,0.252,0.174,0.0,-13.505,0.0,0.0289,0.0007379999999999999,0.0,0.0643,0.0675,75.023,4.0
max,0.9209999999999999,0.9590000000000001,11.0,-2.313,1.0,0.484,0.97,0.0538,0.726,0.932,189.99200000000002,4.0
