,danceability,energy,key,loudness,mode,speechiness,acousticness,instrumentalness,liveness,valence,tempo,time_signature
mean,0.7040200000000002,0.6271599999999999,5.52,-7.23378,0.48,0.139552,0.2578758,0.0027247772000000003,0.16889399999999996,0.46635,123.01460000000002,3.98
std,0.13618392275274832,0.15662647103402227,4.056941644909879,2.776564308417061,0.5046720495044485,0.13384678453594706,0.2706955045433137,0.010860964487413131,0.09382582301960436,0.17653849236275437,29.25726834236482,0.14142135623730945
min,0.39399999999999996,0.235,0.0,-16.541,0.0,0.0287,0.00579,0.0,0.055,0.0895,75.014,3.0
max,0.9540000000000001,0.888,11.0,-2.6519999999999997,1.0,0.84,0.915,0.06,0.442,0.883,202.00599999999997,4.0
