,danceability,energy,key,loudness,mode,speechiness,acousticness,instrumentalness,liveness,valence,tempo,time_signature
mean,0.6720400000000001,0.68336,4.94,-6.47886,0.5,0.15689600000000004,0.13353019999999996,0.0191049012,0.16574799999999995,0.45349999999999996,115.64193999999998,3.96
std,0.13405100460919603,0.1510340899483644,3.605041820924169,2.223607236736134,0.5050762722761054,0.15250578438009413,0.180272700181063,0.11709746992405684,0.1324819652570392,0.20920932979546916,22.450655827346317,0.1979486637221575
min,0.35100000000000003,0.29600000000000004,0.0,-12.065999999999999,0.0,0.0328,0.00179,0.0,0.0403,0.0709,72.98899999999999,3.0
max,0.934,0.9640000000000001,11.0,-2.552,1.0,0.6809999999999999,0.934,0.828,0.631,0.9079999999999999,176.083,4.0
