,danceability,energy,key,loudness,mode,speechiness,acousticness,instrumentalness,liveness,valence,tempo,time_signature
mean,0.72572,0.6273000000000002,4.5,-6.669579999999997,0.56,0.14247400000000007,0.24169712000000004,0.03599467440000001,0.17494399999999996,0.48256,121.24403999999998,4.0
std,0.1277991153238199,0.15809429503447928,3.3457252653229625,2.5474958660117464,0.5014265364224069,0.13217803981056483,0.2505902541210952,0.1395177901743822,0.12650764300537543,0.2066768314375398,27.210648495568567,0.0
min,0.433,0.354,0.0,-14.323,0.0,0.0278,0.000143,0.0,0.0645,0.131,78.616,4.0
max,0.978,0.922,10.0,-1.865,1.0,0.588,0.8140000000000001,0.81,0.7040000000000001,0.8740000000000001,197.705,4.0
