,danceability,energy,key,loudness,mode,speechiness,acousticness,instrumentalness,liveness,valence,tempo,time_signature
mean,0.7085000000000001,0.6452400000000001,4.68,-6.7171199999999995,0.46,0.136598,0.22634790799999993,0.011557111000000002,0.15395,0.46058199999999994,119.41200000000002,3.96
std,0.12999046275847803,0.16516961720903633,3.7331389648139597,2.9304532395838967,0.5034574339058886,0.13096852634842293,0.24654591085763136,0.05266621090392511,0.10870648789379632,0.22915341861125374,27.446261702253214,0.1979486637221575
min,0.365,0.235,0.0,-16.541,0.0,0.0282,5.539999999999999e-05,0.0,0.0662,0.0635,71.884,3.0
max,0.943,0.902,11.0,-1.865,1.0,0.48,0.818,0.349,0.7040000000000001,0.922,188.115,4.0
