,danceability,energy,key,loudness,mode,speechiness,acousticness,instrumentalness,liveness,valence,tempo,time_signature
mean,0.70438,0.6357400000000001,5.68,-6.639240000000002,0.54,0.12355199999999998,0.26488320000000004,0.0026497559999999996,0.14805,0.4375179999999999,122.14877999999999,4.0
std,0.13817674130161955,0.14731817710697637,3.5250705594327583,2.0505322411112528,0.5034574339058886,0.11005807046041369,0.2529988636131614,0.013538466384242992,0.11045128624263757,0.18952326838999084,23.90985800646645,0.20203050891044214
min,0.41200000000000003,0.327,0.0,-11.823,0.0,0.0281,0.00175,0.0,0.0429,0.0379,66.291,3.0
max,0.9309999999999999,0.9279999999999999,11.0,-2.371,1.0,0.5329999999999999,0.792,0.0954,0.7,0.883,173.09400000000002,5.0
