,danceability,energy,key,loudness,mode,speechiness,acousticness,instrumentalness,liveness,valence,tempo,time_signature
mean,0.68582,0.602436,5.52,-7.326299999999999,0.54,0.129582,0.22146667999999992,0.017233215200000002,0.155848,0.38692399999999993,120.06797999999999,4.0
std,0.15349023634440473,0.21289520825504543,3.9395431207184415,3.9490486441518473,0.5034574339058886,0.11160475757908225,0.2742735277618238,0.09574711192210862,0.08602801926093138,0.20926870487680746,21.687253335646027,0.0
min,0.358,0.0279,0.0,-22.281999999999996,0.0,0.0312,0.00011499999999999999,0.0,0.0404,0.0832,72.635,4.0
max,0.929,0.9129999999999999,11.0,-3.093,1.0,0.537,0.973,0.672,0.38299999999999995,0.9420000000000001,175.905,4.0
