,danceability,energy,key,loudness,mode,speechiness,acousticness,instrumentalness,liveness,valence,tempo,time_signature
mean,0.6032,0.6167399999999998,5.36,-7.0459,0.72,0.10920799999999996,0.19044087999999995,0.0037243303999999994,0.23233,0.40349200000000013,110.49372,4.0
std,0.14923902208968579,0.185096313594092,3.8426181550752974,2.1786711194989423,0.4535573676110728,0.1060909983678817,0.27302440172648995,0.011527238075235499,0.1888969530658211,0.21581343496224714,25.2856669055569,0.20203050891044214
min,0.205,0.2,0.0,-11.062999999999999,0.0,0.0238,0.000199,0.0,0.0448,0.0392,73.483,3.0
max,0.9129999999999999,0.932,11.0,-3.573,1.0,0.406,0.9420000000000001,0.0677,0.748,0.938,203.94400000000002,5.0
