,danceability,energy,key,loudness,mode,speechiness,acousticness,instrumentalness,liveness,valence,tempo,time_signature
mean,0.7371199999999999,0.6091799999999999,5.64,-6.770100000000002,0.52,0.15859600000000004,0.29007780000000005,0.012273821799999996,0.169304,0.49083999999999983,122.58149999999998,3.94
std,0.1380650009589538,0.16892102852383717,3.718459193740091,2.411318483015177,0.5046720495044484,0.11656064018705597,0.27125866018181366,0.07830233388290922,0.12786548729354735,0.1770561262332786,27.379627875148934,0.4699109772399582
min,0.319,0.19699999999999998,0.0,-12.704,0.0,0.0265,0.0045899999999999995,0.0,0.0574,0.107,62.474,1.0
max,0.9279999999999999,0.965,11.0,-0.953,1.0,0.426,0.8740000000000001,0.5529999999999999,0.8109999999999999,0.8959999999999999,179.938,5.0
