,danceability,energy,key,loudness,mode,speechiness,acousticness,instrumentalness,liveness,valence,tempo,time_signature
mean,0.71522,0.6855400000000001,5.26,-5.925059999999999,0.62,0.096632,0.21186299999999997,0.030781686000000003,0.15855600000000003,0.47279399999999994,121.38236000000002,4.0
std,0.11756982987977481,0.14395353700526614,3.6967166899445085,2.0804809727462508,0.4903143514780145,0.07549133871119365,0.20010753975381973,0.14543534224794116,0.10126449739495605,0.2065463513824143,24.322185689713372,0.0
min,0.41200000000000003,0.342,0.0,-11.547,0.0,0.0276,0.00175,0.0,0.0429,0.0387,66.291,4.0
max,0.915,0.9640000000000001,11.0,-1.746,1.0,0.321,0.792,0.77,0.5429999999999999,0.9390000000000001,182.97299999999998,4.0
