,danceability,energy,key,loudness,mode,speechiness,acousticness,instrumentalness,liveness,valence,tempo,time_signature
mean,0.65156,0.7055,5.52,-5.8086400000000005,0.6,0.11285799999999999,0.10434238000000004,0.0166055306,0.191798,0.4863640000000002,117.81230000000001,3.98
std,0.1334370079926885,0.12561574872017686,3.71010754011035,1.959363378076394,0.49487165930539356,0.09347697105901188,0.14462144469641125,0.07712494602569712,0.13682258658569496,0.23108489451599684,26.047009855612355,0.14142135623730945
min,0.28300000000000003,0.479,0.0,-10.104,0.0,0.028999999999999998,0.00017900000000000001,0.0,0.0381,0.0391,75.016,3.0
max,0.892,0.966,11.0,-1.976,1.0,0.409,0.6709999999999999,0.512,0.613,0.905,184.018,4.0
