,danceability,energy,key,loudness,mode,speechiness,acousticness,instrumentalness,liveness,valence,tempo,time_signature
mean,0.7195599999999999,0.62924,4.82,-6.65472,0.5,0.18992200000000006,0.25028100000000003,0.0292713042,0.15334799999999993,0.51658,125.88030000000002,3.92
std,0.15788967473446483,0.16135062087622368,3.723559850356064,2.6343969688313407,0.5050762722761054,0.1320654233201662,0.25090252433027876,0.13023993677414977,0.08664921597205269,0.20472600803841928,31.111202989257354,0.6337449432233947
min,0.294,0.33899999999999997,0.0,-14.908,0.0,0.0261,0.00237,0.0,0.0452,0.17800000000000002,75.221,1.0
max,0.9640000000000001,0.965,11.0,-0.953,1.0,0.485,0.8140000000000001,0.81,0.39899999999999997,0.905,190.178,5.0
