,danceability,energy,key,loudness,mode,speechiness,acousticness,instrumentalness,liveness,valence,tempo,time_signature
mean,0.6853,0.60518,6.14,-7.542459999999998,0.52,0.17391199999999998,0.2718632,0.04728822,0.17537200000000006,0.5582,119.95525999999997,3.94
std,0.1409464002913946,0.1643641663613863,3.5800467446497883,3.006713482817261,0.5046720495044484,0.1414832529788221,0.232213825164899,0.16756147257196286,0.14407306542026457,0.21386463389876567,33.4721293249065,0.42426406871192884
min,0.40299999999999997,0.109,0.0,-16.822,0.0,0.0253,0.00195,0.0,0.0409,0.11900000000000001,62.507,1.0
max,0.9009999999999999,0.887,11.0,-3.071,1.0,0.6409999999999999,0.7759999999999999,0.8029999999999999,0.6809999999999999,0.879,204.24099999999999,4.0
