,danceability,energy,key,loudness,mode,speechiness,acousticness,instrumentalness,liveness,valence,tempo,time_signature
mean,0.6815800000000002,0.5623799999999999,5.7,-7.443639999999999,0.52,0.09225799999999999,0.33754000000000006,0.0028204726000000003,0.194296,0.4720899999999999,123.07002000000004,3.94
std,0.12191182661820696,0.18247402834488027,3.441938229473359,3.0664324465717088,0.5046720495044485,0.08915859085051187,0.3037487173937815,0.011586947627004723,0.17216769466341317,0.19678683406474248,25.98438701824381,0.46991097723995834
min,0.43200000000000005,0.13,0.0,-18.725,0.0,0.0259,0.0026899999999999997,0.0,0.0409,0.0605,74.986,1.0
max,0.922,0.953,11.0,-2.889,1.0,0.408,0.924,0.0689,0.857,0.865,185.91299999999998,5.0
