,danceability,energy,key,loudness,mode,speechiness,acousticness,instrumentalness,liveness,valence,tempo,time_signature
mean,0.5889400000000001,0.5775619999999999,4.46,-7.655220000000001,0.52,0.09726800000000001,0.3827046,0.05323646560000001,0.19433000000000006,0.4836220000000001,127.18020000000003,3.98
std,0.16351601182284556,0.1900326404723619,3.654519148134489,3.8316851852384097,0.5046720495044485,0.10743165732649929,0.2848536696966228,0.19801983567397607,0.1325251092881524,0.26481609659597083,32.637481371038696,0.1414213562373094
min,0.171,0.0651,0.0,-19.266,0.0,0.0251,0.00413,0.0,0.0505,0.0369,60.812,3.0
max,0.878,0.885,11.0,-1.865,1.0,0.426,0.9420000000000001,0.9620000000000001,0.627,0.919,188.115,4.0
