,danceability,energy,key,loudness,mode,speechiness,acousticness,instrumentalness,liveness,valence,tempo,time_signature
mean,0.6495399999999998,0.5515139999999998,5.54,-7.770640000000001,0.66,0.074308,0.36963768,0.0302438254,0.14337600000000003,0.45598799999999995,121.412,3.9
std,0.13341728462509905,0.22932782168764437,3.813028150101883,4.310691685394655,0.4785181206984066,0.07073009012421512,0.30603219382557034,0.1504372381666565,0.09297850434045363,0.186646045722039,27.185440964769725,0.46291004988627565
min,0.319,0.0153,0.0,-26.985,0.0,0.0248,0.000254,0.0,0.0489,0.0727,64.002,1.0
max,0.9009999999999999,0.91,11.0,-0.927,1.0,0.336,0.9940000000000001,0.966,0.465,0.853,176.889,4.0
