,danceability,energy,key,loudness,mode,speechiness,acousticness,instrumentalness,liveness,valence,tempo,time_signature
mean,0.6495199999999997,0.5491,5.12,-7.33928,0.5,0.09152400000000002,0.41004000000000007,0.0062098812,0.20224999999999999,0.48733000000000004,119.87432000000003,3.9
std,0.1621430761483732,0.1898160495138944,3.6736235795303833,2.56612249409374,0.5050762722761054,0.10680519661743897,0.26916088125877424,0.03400624253434289,0.1668891398503809,0.21585628273441188,26.87712789596996,0.46291004988627554
min,0.226,0.146,0.0,-13.09,0.0,0.0261,0.0169,0.0,0.0622,0.0655,74.986,1.0
max,0.9009999999999999,0.9229999999999999,11.0,-2.5540000000000003,1.0,0.457,0.9329999999999999,0.23199999999999998,0.9,0.884,177.658,4.0
