,danceability,energy,key,loudness,mode,speechiness,acousticness,instrumentalness,liveness,valence,tempo,time_signature
mean,0.62694,0.62202,4.84,-6.020319999999999,0.58,0.067844,0.25737460000000006,0.058950964200000004,0.14301399999999995,0.40718599999999994,121.78648000000001,4.02
std,0.1619316320839994,0.1702229618315164,3.4544263235000097,2.0924361004068235,0.49856938190328975,0.04817115387144181,0.26133294554921427,0.21788482656862226,0.07734448784496539,0.22566383523882122,28.615009062421233,0.14142135623730945
min,0.258,0.24,0.0,-12.581,0.0,0.0253,0.00108,0.0,0.0422,0.057,60.878,4.0
max,0.929,0.9229999999999999,11.0,-1.746,1.0,0.242,0.934,0.9840000000000001,0.39399999999999996,0.823,180.043,5.0
