,danceability,energy,key,loudness,mode,speechiness,acousticness,instrumentalness,liveness,valence,tempo,time_signature
mean,0.6446999999999999,0.5903600000000003,5.64,-7.1616399999999985,0.68,0.09327600000000003,0.29588292000000005,0.0077056671999999994,0.16624200000000003,0.4448019999999999,123.42374,3.94
std,0.1420419958020464,0.20381531856470617,3.815970735351782,3.056424974190785,0.4712120714991612,0.09349711893411257,0.2830951811371128,0.05245305133208147,0.11591070294473609,0.1975910355832398,29.240440636989483,0.23989793748209529
min,0.304,0.13699999999999998,0.0,-16.006,0.0,0.0259,0.00021600000000000002,0.0,0.0574,0.0681,71.99,3.0
max,0.887,0.948,11.0,-2.6519999999999997,1.0,0.36200000000000004,0.909,0.371,0.752,0.9520000000000001,207.335,4.0
