,danceability,energy,key,loudness,mode,speechiness,acousticness,instrumentalness,liveness,valence,tempo,time_signature
mean,0.6197400000000001,0.5970800000000002,4.28,-6.677620000000003,0.76,0.070058,0.339212,0.019015300800000003,0.19390800000000002,0.43286,119.53998000000001,3.98
std,0.11852956403792435,0.19903397720397556,3.276633414132902,3.145425917040781,0.4314191105869001,0.06357680262999281,0.26195740005752455,0.13132387746416724,0.15312487346433754,0.1872171074077432,28.647641902094005,0.14142135623730945
min,0.35,0.149,0.0,-16.996,0.0,0.0246,0.0085,0.0,0.0642,0.1,74.05,3.0
max,0.843,0.941,11.0,-2.7489999999999997,1.0,0.281,0.9520000000000001,0.929,0.631,0.772,208.225,4.0
