,danceability,energy,key,loudness,mode,speechiness,acousticness,instrumentalness,liveness,valence,tempo,time_signature
mean,0.6775399999999999,0.54708,4.92,-7.3320000000000025,0.68,0.09502000000000001,0.3684382,0.0137305388,0.176276,0.48115999999999987,116.27419999999996,4.0
std,0.15773281594040536,0.152326829078606,3.7895667729346862,2.44974426820267,0.47121207149916117,0.08012955835675736,0.31237837655239553,0.09285455799960574,0.16210133081829164,0.21481100948489204,25.553943207837563,0.2857142857142857
min,0.298,0.225,0.0,-14.454,0.0,0.0294,0.00122,0.0,0.0565,0.11800000000000001,75.801,3.0
max,0.934,0.9390000000000001,11.0,-2.546,1.0,0.36,0.902,0.657,0.79,0.898,176.074,5.0
