,danceability,energy,key,loudness,mode,speechiness,acousticness,instrumentalness,liveness,valence,tempo,time_signature
mean,0.58442,0.55906,4.86,-7.992179999999996,0.58,0.06487000000000001,0.424038,0.0157571732,0.19475199999999998,0.5639180000000001,130.84421999999998,3.92
std,0.14808120910431521,0.17867590201027017,3.464160527929574,3.4253516768057435,0.49856938190328975,0.07938136636850372,0.26933812668412593,0.08306030293587467,0.1661755602748282,0.2661746041106653,26.406067286948602,0.2740475156178699
min,0.294,0.146,0.0,-19.266,0.0,0.0258,0.0115,0.0,0.0408,0.0369,71.884,3.0
max,0.878,0.92,11.0,-1.865,1.0,0.375,0.9329999999999999,0.575,0.9,0.9690000000000001,177.658,4.0
