,danceability,energy,key,loudness,mode,speechiness,acousticness,instrumentalness,liveness,valence,tempo,time_signature
mean,0.6227,0.6032600000000001,5.74,-6.292719999999999,0.58,0.09469200000000001,0.27715300000000004,0.0013844362000000002,0.14495800000000003,0.415814,122.83561999999998,3.96
std,0.17730306695322673,0.16044425696121606,3.492323944111176,1.8491691464668394,0.49856938190328975,0.09097312417658844,0.24941412496415005,0.005997394044397882,0.08847213118218851,0.19250903822937768,32.41906281104577,0.1979486637221575
min,0.18100000000000002,0.28300000000000003,0.0,-10.845,0.0,0.0232,0.00206,0.0,0.0562,0.0967,64.01899999999999,3.0
max,0.938,0.983,11.0,-2.8489999999999998,1.0,0.389,0.8170000000000001,0.0374,0.525,0.782,199.467,4.0
