,danceability,energy,key,loudness,mode,speechiness,acousticness,instrumentalness,liveness,valence,tempo,time_signature
mean,0.6414399999999999,0.60006,4.96,-6.522000000000002,0.58,0.07219400000000001,0.34029124000000005,0.00014049859999999998,0.16586000000000006,0.40764999999999996,123.21087999999997,4.0
std,0.12615930324759392,0.17903407610888847,3.5568846722136738,2.6133858170142865,0.4985693819032897,0.062113222523428116,0.2821586406871691,0.0006790781250688165,0.11735019282089842,0.19923161400844033,25.501797982743362,0.2857142857142857
min,0.258,0.205,0.0,-15.372,0.0,0.0232,0.000662,0.0,0.0717,0.0736,79.028,3.0
max,0.895,0.955,11.0,-2.64,1.0,0.293,0.92,0.00471,0.5539999999999999,0.9309999999999999,187.01,5.0
