,danceability,energy,key,loudness,mode,speechiness,acousticness,instrumentalness,liveness,valence,tempo,time_signature
mean,0.62842,0.6196600000000002,5.38,-6.22346,0.56,0.08779599999999999,0.2794476,0.010275022,0.15743800000000002,0.43251400000000007,120.97092,3.94
std,0.16224271185794575,0.18169705780866827,3.4869435771466217,1.9230586947010502,0.5014265364224069,0.0935766824261127,0.28538791910961175,0.04239480349476954,0.09667365656407846,0.21083342298833835,30.66520944190531,0.23989793748209526
min,0.18100000000000002,0.205,0.0,-12.253,0.0,0.0232,0.00274,0.0,0.0573,0.0967,64.01899999999999,3.0
max,0.9359999999999999,0.938,11.0,-2.708,1.0,0.389,0.92,0.237,0.525,0.8220000000000001,199.467,4.0
