,danceability,energy,key,loudness,mode,speechiness,acousticness,instrumentalness,liveness,valence,tempo,time_signature
mean,0.5387200000000003,0.53815,5.78,-7.676640000000003,0.68,0.089482,0.37788046000000014,0.0018528561999999998,0.163482,0.3666900000000001,120.25562000000002,3.92
std,0.17967544890378181,0.2030106283032532,3.3091709301421655,3.5027414380797244,0.4712120714991612,0.10401748810970712,0.29967405720237283,0.00825711219775151,0.1296545153199731,0.24760819960212158,28.82551020621442,0.3404678653660855
min,0.253,0.0541,0.0,-19.375999999999998,0.0,0.0287,0.000239,0.0,0.0424,0.0383,54.747,3.0
max,0.909,0.893,11.0,-3.739,1.0,0.473,0.981,0.0545,0.675,0.9390000000000001,191.702,5.0
