,danceability,energy,key,loudness,mode,speechiness,acousticness,instrumentalness,liveness,valence,tempo,time_signature
mean,0.6137799999999999,0.5213399999999999,5.52,-7.0862799999999995,0.62,0.07274,0.46282974000000004,0.006298019800000001,0.177132,0.4545699999999999,120.32544000000001,3.94
std,0.16383519469396116,0.1810205321537435,3.535476182458975,2.2447014440814224,0.49031435147801444,0.08236328189236775,0.28373458002318114,0.03445365831929417,0.13411799014909467,0.220882506628963,27.106496295816285,0.46991097723995834
min,0.226,0.121,0.0,-13.126,0.0,0.0261,0.000587,0.0,0.0546,0.0655,68.53399999999999,1.0
max,0.8859999999999999,0.9229999999999999,11.0,-2.5540000000000003,1.0,0.457,0.9129999999999999,0.23199999999999998,0.682,0.9490000000000001,173.702,5.0
