,danceability,energy,key,loudness,mode,speechiness,acousticness,instrumentalness,liveness,valence,tempo,time_signature
mean,0.6396399999999999,0.6272800000000002,6.14,-6.748259999999999,0.56,0.094924,0.3178874000000001,0.0133448674,0.169772,0.4600619999999999,121.82795999999995,3.94
std,0.1264965531513949,0.19439692615357676,3.6645572163409774,2.968199459783864,0.5014265364224069,0.09719620501535929,0.26306526891520393,0.06455288579111562,0.10065424560933173,0.21878385651932686,29.46383374334559,0.2398979374820953
min,0.361,0.15,0.0,-16.006,0.0,0.0252,0.00116,0.0,0.0574,0.0681,73.51,3.0
max,0.935,0.932,11.0,-2.615,1.0,0.43799999999999994,0.799,0.377,0.46399999999999997,0.9520000000000001,207.335,4.0
