,danceability,energy,key,loudness,mode,speechiness,acousticness,instrumentalness,liveness,valence,tempo,time_signature
mean,0.6035200000000001,0.58811,6.32,-6.943100000000002,0.66,0.07675600000000002,0.25902862,0.0087223504,0.19211799999999996,0.4102639999999999,118.9875,3.94
std,0.16092795193590734,0.20006048294636972,3.7057043727150143,3.0565695941158397,0.47851812069840666,0.06597895199321105,0.28750469419336444,0.05083000059829009,0.1748453937345908,0.21903116706747183,26.88745369904646,0.313635691430002
min,0.285,0.0755,0.0,-17.31,0.0,0.0247,0.000153,0.0,0.0456,0.0862,64.205,3.0
max,0.981,0.9890000000000001,11.0,-2.93,1.0,0.316,0.9109999999999999,0.359,0.9229999999999999,0.9309999999999999,177.833,5.0
