,danceability,energy,key,loudness,mode,speechiness,acousticness,instrumentalness,liveness,valence,tempo,time_signature
mean,0.6253200000000002,0.577648,5.1,-7.017859999999998,0.62,0.09283999999999999,0.39747119999999997,0.0185466894,0.16423600000000005,0.42614200000000013,119.53633999999994,3.86
std,0.1423491596930102,0.20479712035603054,3.5239703952982886,3.0698728884806568,0.4903143514780145,0.10239832388615489,0.2971613891998482,0.12937233375807292,0.12725980137065263,0.19691573054150316,25.86494039303207,0.606428150765461
min,0.324,0.0674,0.0,-19.18,0.0,0.0248,0.0036299999999999995,0.0,0.0659,0.0794,74.818,1.0
max,0.9390000000000001,0.935,11.0,-0.927,1.0,0.54,0.961,0.915,0.6920000000000001,0.9129999999999999,177.91299999999998,4.0
