,danceability,energy,key,loudness,mode,speechiness,acousticness,instrumentalness,liveness,valence,tempo,time_signature
mean,0.67256,0.5255799999999999,5.76,-7.7934199999999985,0.66,0.090846,0.4165358000000001,0.009303676200000001,0.16905000000000003,0.48687,121.91226,3.92
std,0.1504533502858773,0.2018606399454428,3.820246813268184,3.21104156342468,0.47851812069840666,0.09790344308218654,0.3157899965463357,0.04942058920264112,0.15374693393325783,0.21721884971951536,27.40924037009626,0.44446711960297197
min,0.34700000000000003,0.113,0.0,-18.725,0.0,0.0259,0.0045899999999999995,0.0,0.0363,0.0605,74.984,1.0
max,0.9359999999999999,0.9590000000000001,11.0,-1.339,1.0,0.408,0.915,0.344,0.857,0.9640000000000001,185.91299999999998,4.0
