,danceability,energy,key,loudness,mode,speechiness,acousticness,instrumentalness,liveness,valence,tempo,time_signature
mean,0.6225999999999999,0.6488399999999999,5.42,-6.455920000000001,0.74,0.077082,0.287611,0.0156851918,0.14088400000000004,0.5061400000000001,131.60584,4.0
std,0.13216177470765725,0.15411503257406828,3.591884276123219,2.0705985119165473,0.4430874976934521,0.07933860189731358,0.2429972329249526,0.10828869282257762,0.11867523916907324,0.24612855525981892,26.026048492561117,0.20203050891044214
min,0.273,0.32,0.0,-11.264000000000001,0.0,0.0277,0.0016300000000000002,0.0,0.0429,0.1,88.335,3.0
max,0.8340000000000001,0.955,11.0,-2.371,1.0,0.342,0.8390000000000001,0.7659999999999999,0.86,0.9540000000000001,183.09900000000002,5.0
