,danceability,energy,key,loudness,mode,speechiness,acousticness,instrumentalness,liveness,valence,tempo,time_signature
mean,0.5833200000000001,0.55616,5.34,-7.11702,0.7,0.06864400000000002,0.39785780000000004,0.046300026599999995,0.15769399999999995,0.388464,118.90342000000004,4.0
std,0.1389386063213915,0.21130685299452304,4.118698030857294,2.707578558907029,0.46291004988627565,0.07638325267881643,0.3208269389440421,0.1597773257542524,0.10668289729619367,0.23638182339734387,28.313481309093877,0.20203050891044214
min,0.17600000000000002,0.147,0.0,-13.114,0.0,0.0242,0.0038299999999999996,0.0,0.0397,0.0818,57.86,3.0
max,0.897,0.9670000000000001,11.0,-2.295,1.0,0.474,0.9420000000000001,0.8190000000000001,0.653,0.963,182.842,5.0
