,danceability,energy,key,loudness,mode,speechiness,acousticness,instrumentalness,liveness,valence,tempo,time_signature
mean,0.6016600000000002,0.6005219999999999,5.34,-7.396799999999998,0.66,0.08474600000000003,0.3128849000000001,0.034505283000000005,0.170746,0.4242180000000001,123.42831999999997,3.96
std,0.14745370909723027,0.199844101780179,3.7340681978403194,4.010948297460086,0.47851812069840666,0.09313964107068219,0.29311464457403913,0.15897943441285614,0.10906545162779782,0.23174556657802844,26.41923951109285,0.19794866372215744
min,0.25,0.0561,0.0,-23.023000000000003,0.0,0.0235,0.000615,0.0,0.0558,0.0528,74.00399999999999,3.0
max,0.9079999999999999,0.9790000000000001,11.0,-2.3209999999999997,1.0,0.426,0.935,0.91,0.5589999999999999,0.9520000000000001,174.896,4.0
