,danceability,energy,key,loudness,mode,speechiness,acousticness,instrumentalness,liveness,valence,tempo,time_signature
mean,0.6238999999999999,0.5125400000000001,5.12,-7.791660000000002,0.72,0.09200600000000003,0.422892,0.004138670800000001,0.18603800000000006,0.4353779999999999,121.64545999999999,3.92
std,0.17691059081597443,0.1657974188026842,3.841980781645141,3.1036256060370717,0.45355736761107274,0.11803217549914609,0.28534622781913943,0.020556578054049264,0.2001502526317952,0.230344881879679,31.94048185342512,0.27404751561786983
min,0.27899999999999997,0.146,0.0,-15.960999999999999,0.0,0.0277,0.0128,0.0,0.0465,0.0369,71.884,3.0
max,0.9209999999999999,0.862,11.0,-1.865,1.0,0.467,0.9329999999999999,0.13,0.909,0.9690000000000001,201.41,4.0
