,danceability,energy,key,loudness,mode,speechiness,acousticness,instrumentalness,liveness,valence,tempo,time_signature
mean,0.6336,0.6039999999999999,4.78,-6.64208,0.66,0.07248199999999998,0.356762,0.00022206959999999997,0.16516199999999998,0.47538,125.13304,3.94
std,0.14641860593266587,0.18507373048135634,3.8134563036164235,2.8059622442075667,0.47851812069840655,0.06376596139519157,0.24763963357743715,0.0006232824517807283,0.10255447510111544,0.23111582836848057,25.496150681022183,0.23989793748209526
min,0.293,0.233,0.0,-13.898,0.0,0.0252,0.013000000000000001,0.0,0.0211,0.115,74.818,3.0
max,0.9059999999999999,0.978,11.0,-1.266,1.0,0.282,0.9009999999999999,0.0029,0.539,0.9129999999999999,176.889,4.0
