,danceability,energy,key,loudness,mode,speechiness,acousticness,instrumentalness,liveness,valence,tempo,time_signature
mean,0.6375000000000002,0.6321199999999999,5.68,-6.20562,0.6,0.09969199999999999,0.28540536,0.0026966390000000002,0.19713800000000006,0.4611219999999999,128.21406000000002,3.94
std,0.1414733334647652,0.16353713177559326,3.3832721753126656,2.865726348714107,0.49487165930539356,0.08979188145656712,0.2711146239142283,0.01654564599893465,0.14817788384649205,0.2415192376585842,27.709577004563545,0.2398979374820953
min,0.32899999999999996,0.188,0.0,-17.202,0.0,0.0279,0.0007379999999999999,0.0,0.035,0.0449,71.91199999999999,3.0
max,0.907,0.945,11.0,-0.387,1.0,0.37,0.919,0.11699999999999999,0.84,0.963,189.99200000000002,4.0
