,danceability,energy,key,loudness,mode,speechiness,acousticness,instrumentalness,liveness,valence,tempo,time_signature
mean,0.6415599999999999,0.566468,5.06,-7.683239999999997,0.7,0.08183000000000001,0.3640464,0.019902134000000002,0.17439799999999994,0.4389139999999999,122.07147999999998,3.98
std,0.16099121030639643,0.2116388601329334,3.754779267405579,3.815677924413582,0.4629100498862757,0.07733049204550559,0.29133468777517935,0.135972780813008,0.12155612710486745,0.1740301006218435,34.09432062959269,0.24660966430902947
min,0.266,0.0596,0.0,-19.750999999999998,0.0,0.0283,0.00632,0.0,0.0593,0.0827,63.43899999999999,3.0
max,0.9009999999999999,0.802,11.0,-2.7489999999999997,1.0,0.33,0.995,0.9620000000000001,0.625,0.7929999999999999,208.225,5.0
