,danceability,energy,key,loudness,mode,speechiness,acousticness,instrumentalness,liveness,valence,tempo,time_signature
mean,0.6146599999999998,0.6344799999999998,4.76,-6.37188,0.68,0.10010199999999997,0.27654080000000003,0.021876152200000002,0.191266,0.43576,114.46414000000004,3.94
std,0.14853867908283508,0.1858571143076732,3.611546110203004,1.8934135854889933,0.4712120714991611,0.10636905812561567,0.25928213017467744,0.11263270645426357,0.117826261945636,0.21553242665263975,24.783039469511138,0.42426406871192907
min,0.33399999999999996,0.162,0.0,-10.109,0.0,0.0252,0.00267,0.0,0.0712,0.12,75.135,1.0
max,0.925,0.973,11.0,-3.0439999999999996,1.0,0.46299999999999997,0.935,0.779,0.609,0.9690000000000001,179.925,4.0
