,danceability,energy,key,loudness,mode,speechiness,acousticness,instrumentalness,liveness,valence,tempo,time_signature
mean,0.6416399999999998,0.6014,5.34,-7.395779999999999,0.6,0.090992,0.3067494000000001,0.0706393934,0.16484999999999997,0.48617000000000005,124.62397999999997,3.98
std,0.15559310619008015,0.1817827813403589,3.9102690548902967,3.2939103446778137,0.49487165930539356,0.09556319383699213,0.2673636295110966,0.23410391471410255,0.08485559221767439,0.2371016326044034,24.233307956401575,0.14142135623730945
min,0.24,0.204,0.0,-16.541,0.0,0.0258,0.00867,0.0,0.0502,0.0369,74.68,3.0
max,0.882,0.862,11.0,-2.2,1.0,0.444,0.938,0.955,0.369,0.9690000000000001,174.896,4.0
