,danceability,energy,key,loudness,mode,speechiness,acousticness,instrumentalness,liveness,valence,tempo,time_signature
mean,0.5915400000000001,0.5832800000000001,5.76,-6.9248,0.72,0.08549199999999998,0.29285441999999995,0.0068754713999999995,0.19203599999999998,0.4073399999999999,123.18258000000002,3.92
std,0.16185054960723264,0.18725046415571475,3.0941683132984874,2.649151878143152,0.4535573676110727,0.09060419830791731,0.31385222332116164,0.02982145685183426,0.14751024282664413,0.20395255750856797,31.828106804822433,0.2740475156178699
min,0.265,0.195,0.0,-16.509,0.0,0.0272,0.000198,0.0,0.0215,0.0834,54.747,3.0
max,0.865,0.9059999999999999,11.0,-1.466,1.0,0.473,0.9590000000000001,0.205,0.612,0.9259999999999999,191.702,4.0
