,danceability,energy,key,loudness,mode,speechiness,acousticness,instrumentalness,liveness,valence,tempo,time_signature
mean,0.6108399999999999,0.6604599999999998,4.44,-6.866660000000001,0.72,0.064318,0.25795619999999997,0.014331634799999998,0.18036000000000002,0.55033,121.56216,3.94
std,0.11870153962861679,0.17526390713109516,3.4116247849770036,2.799834219654982,0.4535573676110727,0.046650059343313746,0.24610146008647305,0.04880782091346906,0.15022509505296866,0.2560422288591936,26.953633066510378,0.23989793748209529
min,0.365,0.142,0.0,-14.245999999999999,0.0,0.0273,0.00114,0.0,0.0532,0.0726,75.922,3.0
max,0.857,0.963,11.0,-1.339,1.0,0.23199999999999998,0.9690000000000001,0.27699999999999997,0.659,0.97,189.938,4.0
