,danceability,energy,key,loudness,mode,speechiness,acousticness,instrumentalness,liveness,valence,tempo,time_signature
mean,0.6731400000000002,0.5704400000000001,6.12,-7.440260000000002,0.6,0.08556999999999998,0.3974487600000001,0.021920845999999994,0.18968600000000002,0.5040399999999999,119.69756000000001,3.9
std,0.1246097598300308,0.17487863546716373,3.6847174731779444,2.8331939271746993,0.4948716593053935,0.0940764154226526,0.2765778532727478,0.11566179641438565,0.16572133976365636,0.21292510516179922,28.2690765708715,0.46291004988627554
min,0.41700000000000004,0.218,0.0,-15.177,0.0,0.0234,0.0005480000000000001,0.0,0.0699,0.14,74.986,1.0
max,0.9009999999999999,0.9590000000000001,11.0,-1.339,1.0,0.408,0.9109999999999999,0.7879999999999999,0.9,0.9309999999999999,185.765,4.0
