,danceability,energy,key,loudness,mode,speechiness,acousticness,instrumentalness,liveness,valence,tempo,time_signature
mean,0.6339,0.5948100000000003,4.54,-6.656860000000003,0.72,0.06403600000000001,0.3535860000000001,0.008360670600000002,0.19683400000000006,0.4412,115.88875999999999,4.02
std,0.11824882965292179,0.19944711564416148,3.4417010507086436,2.9145890949231417,0.45355736761107274,0.05630559025423276,0.2750576607527511,0.055243523034027034,0.1626935903181568,0.1904947371922888,24.516684384445842,0.1414213562373095
min,0.391,0.0935,0.0,-14.409,0.0,0.025,0.0085,0.0,0.0592,0.1,77.593,4.0
max,0.8370000000000001,0.9279999999999999,11.0,-2.7489999999999997,1.0,0.321,0.9520000000000001,0.391,0.833,0.9259999999999999,179.972,5.0
