,danceability,energy,key,loudness,mode,speechiness,acousticness,instrumentalness,liveness,valence,tempo,time_signature
mean,0.6616200000000001,0.6152799999999999,5.0,-6.551280000000003,0.7,0.07912399999999999,0.30208798000000003,0.0215639058,0.175642,0.42226400000000014,114.86349999999999,3.96
std,0.14517672411405969,0.18508795923306634,3.625307868699863,2.8850978198674797,0.4629100498862757,0.0742921688404667,0.2785671296180005,0.12927989654674743,0.11644261981853586,0.1956346842918177,23.380761994399908,0.19794866372215744
min,0.252,0.205,0.0,-16.545,0.0,0.0232,0.0006490000000000001,0.0,0.0456,0.0872,76.045,3.0
max,0.9359999999999999,0.932,11.0,-1.746,1.0,0.406,0.92,0.902,0.539,0.779,186.921,4.0
