,danceability,energy,key,loudness,mode,speechiness,acousticness,instrumentalness,liveness,valence,tempo,time_signature
mean,0.5956199999999999,0.6152199999999999,4.84,-6.555740000000001,0.58,0.09887999999999997,0.25579198000000003,0.018012574400000005,0.151028,0.4104079999999999,118.26774000000003,3.98
std,0.15875650589272017,0.17715556290838783,3.8932699650047597,2.74375285828497,0.49856938190328975,0.09149762124709881,0.2871632658669401,0.11019469922439863,0.08775020213942647,0.2063939287194391,32.9021203688722,0.24660966430902945
min,0.284,0.17300000000000001,0.0,-14.525,0.0,0.0307,0.000739,0.0,0.0478,0.0834,69.833,3.0
max,0.9129999999999999,0.889,11.0,-2.687,1.0,0.39,0.9359999999999999,0.779,0.376,0.96,207.581,5.0
