,danceability,energy,key,loudness,mode,speechiness,acousticness,instrumentalness,liveness,valence,tempo,time_signature
mean,0.6252599999999997,0.49926200000000004,5.38,-7.935439999999997,0.68,0.09418600000000003,0.4372327999999998,0.0153050766,0.16118400000000002,0.4227600000000001,120.0421,3.96
std,0.19098432567376106,0.18379960126314146,3.385985522589203,3.207510886678838,0.47121207149916117,0.08530089362404843,0.33303297491352873,0.09318524586509976,0.12151446266488074,0.19995239841685586,27.3326490985579,0.493219328618059
min,0.228,0.0831,0.0,-18.717,0.0,0.0241,0.00122,0.0,0.0606,0.106,75.592,1.0
max,0.915,0.828,11.0,-3.145,1.0,0.36,0.9540000000000001,0.657,0.621,0.8490000000000001,175.912,5.0
