,danceability,energy,key,loudness,mode,speechiness,acousticness,instrumentalness,liveness,valence,tempo,time_signature
mean,0.64968,0.5767800000000001,4.94,-7.104159999999999,0.66,0.073288,0.31446540000000006,0.06646985479999999,0.16919599999999999,0.3683559999999999,115.73307999999997,3.86
std,0.13839981125385264,0.17742423390143242,3.754779267405579,2.556671340087437,0.47851812069840666,0.057523942273577516,0.27705218368850915,0.20126836369132056,0.1065089724303228,0.21530738743878314,24.11266465255407,0.6703638975228611
min,0.409,0.13699999999999998,0.0,-15.372,0.0,0.0232,0.0019399999999999999,0.0,0.0562,0.037000000000000005,76.045,1.0
max,0.9209999999999999,0.932,11.0,-2.8489999999999998,1.0,0.27399999999999997,0.9640000000000001,0.784,0.5379999999999999,0.963,169.743,5.0
