,danceability,energy,key,loudness,mode,speechiness,acousticness,instrumentalness,liveness,valence,tempo,time_signature
mean,0.5556,0.60328,5.22,-7.202360000000002,0.66,0.06649200000000002,0.264742586,0.038512996,0.18778199999999998,0.384846,128.37335999999996,3.86
std,0.15278075527916946,0.20808936855621063,3.9033737369885873,2.798010319013517,0.47851812069840666,0.054522307136714285,0.27692156585189187,0.14201626342824178,0.1497664926558974,0.18422571028662704,31.92409621737672,0.3505098327538655
min,0.27399999999999997,0.193,0.0,-12.779000000000002,0.0,0.0232,7.13e-05,0.0,0.0604,0.0913,71.098,3.0
max,0.907,0.985,11.0,-1.199,1.0,0.289,0.9690000000000001,0.851,0.7040000000000001,0.86,194.74400000000003,4.0
