,danceability,energy,key,loudness,mode,speechiness,acousticness,instrumentalness,liveness,valence,tempo,time_signature
mean,0.6278000000000001,0.57402,4.76,-6.772459999999999,0.66,0.07532399999999999,0.35445820000000006,0.0026681350000000003,0.15867000000000006,0.44663399999999986,114.98098000000002,3.94
std,0.15314205756720906,0.2039280075048495,3.936018914837578,2.721026623560021,0.4785181206984066,0.0831722862987622,0.28864426650548564,0.01712401544193194,0.12084515349176807,0.186780881783977,25.61656770608444,0.4242640687119286
min,0.324,0.175,0.0,-13.898,0.0,0.0248,0.0001,0.0,0.0419,0.0827,74.818,1.0
max,0.9390000000000001,0.9690000000000001,11.0,-0.927,1.0,0.42100000000000004,0.9009999999999999,0.121,0.625,0.9129999999999999,177.91299999999998,4.0
