,danceability,energy,key,loudness,mode,speechiness,acousticness,instrumentalness,liveness,valence,tempo,time_signature
mean,0.5919799999999997,0.47931000000000007,6.1,-8.43564,0.7,0.08544599999999997,0.48247639999999997,0.024900165800000002,0.15826599999999996,0.3625520000000001,118.88287999999999,3.94
std,0.17851913405708028,0.19120575758771982,3.477331841325167,3.493624343204141,0.46291004988627565,0.07629476995475495,0.33770700078412974,0.10667774754920611,0.12246878087821368,0.18474370359047834,26.30119822182392,0.5115003939990903
min,0.212,0.0515,0.0,-18.717,0.0,0.0241,0.00122,0.0,0.0574,0.0354,74.741,1.0
max,0.915,0.828,11.0,-3.28,1.0,0.321,0.971,0.657,0.621,0.8240000000000001,175.912,5.0
