,danceability,energy,key,loudness,mode,speechiness,acousticness,instrumentalness,liveness,valence,tempo,time_signature
mean,0.6598199999999999,0.5997400000000002,4.98,-6.671860000000001,0.68,0.078976,0.3300234,0.0084905302,0.16359399999999996,0.45586000000000004,118.93646000000001,3.92
std,0.15814326880834273,0.16236577627727605,3.6727901866431254,2.1196696123958296,0.471212071499161,0.07127611890760195,0.3018912479591393,0.03922416792077883,0.11408786340146004,0.23039664201776294,23.96179444339148,0.4882287854467155
min,0.34600000000000003,0.221,0.0,-13.203,0.0,0.0253,0.00281,0.0,0.0482,0.11,54.924,1.0
max,0.9179999999999999,0.904,11.0,-2.7289999999999996,1.0,0.309,0.934,0.267,0.544,0.941,170.22,5.0
