,danceability,energy,key,loudness,mode,speechiness,acousticness,instrumentalness,liveness,valence,tempo,time_signature
mean,0.63158,0.6615919999999998,5.32,-6.4203199999999985,0.7,0.06992799999999998,0.24586939999999996,0.0012774767999999997,0.16605999999999999,0.49142,122.81803999999997,4.0
std,0.14953657528156375,0.1660367206004597,3.6334051044524642,2.7188216117896915,0.4629100498862757,0.05566013133660542,0.23392089777084546,0.006326903946512035,0.13186178756716507,0.2195699033314438,30.393799327991292,0.20203050891044214
min,0.266,0.0596,0.0,-18.515,0.0,0.0278,0.00124,0.0,0.0429,0.11199999999999999,75.564,3.0
max,0.88,0.955,11.0,-2.7289999999999996,1.0,0.321,0.905,0.0443,0.86,0.9259999999999999,208.225,5.0
