,danceability,energy,key,loudness,mode,speechiness,acousticness,instrumentalness,liveness,valence,tempo,time_signature
mean,0.58754,0.5626719999999998,5.0,-8.464040000000002,0.52,0.08809200000000002,0.3214180199999999,0.089657543,0.17042599999999997,0.46024199999999993,121.03706000000003,3.86
std,0.1486233714144994,0.2437983744065274,3.8279317162783606,4.838425498495332,0.5046720495044484,0.07703750435697551,0.32560158789485755,0.23323611308767034,0.1273920107865674,0.22704054846872526,29.74631474235807,0.35050983275386544
min,0.33299999999999996,0.0165,0.0,-27.874000000000002,0.0,0.0241,9.1e-05,0.0,0.0488,0.0394,57.86,3.0
max,0.935,0.955,11.0,-1.41,1.0,0.275,0.995,0.9670000000000001,0.655,0.9670000000000001,182.669,4.0
