,danceability,energy,key,loudness,mode,speechiness,acousticness,instrumentalness,liveness,valence,tempo,time_signature
mean,0.6125600000000001,0.67074,5.8,-5.570320000000001,0.6,0.08823399999999998,0.14935059999999997,0.008187711799999999,0.174944,0.434902,123.18957999999999,3.98
std,0.14117728903324184,0.15088579408659672,3.7796447300922718,1.843352374654086,0.4948716593053935,0.07208366060717653,0.20048062634690908,0.028061690517782255,0.12058272824505344,0.21572071559953512,31.181133394390514,0.1414213562373095
min,0.264,0.33899999999999997,0.0,-11.058,0.0,0.027000000000000003,0.00057,0.0,0.0404,0.0921,73.433,3.0
max,0.929,0.9390000000000001,11.0,-2.951,1.0,0.35200000000000004,0.841,0.125,0.542,0.868,203.68099999999998,4.0
