,danceability,energy,key,loudness,mode,speechiness,acousticness,instrumentalness,liveness,valence,tempo,time_signature
mean,0.6537400000000001,0.6034400000000002,6.02,-7.5674199999999985,0.64,0.097244,0.2304158,0.0684819554,0.19915,0.41184599999999993,119.01852000000007,3.96
std,0.1601643046680374,0.2194750843559724,4.1280029267510585,3.3724208048975926,0.4848732213850611,0.07197151409284319,0.2674619910672794,0.18106063816361934,0.19515042471208235,0.22194880013560025,27.22145458051762,0.2828427124746189
min,0.309,0.182,0.0,-15.937000000000001,0.0,0.0284,0.00086,0.0,0.0316,0.0398,74.382,3.0
max,0.981,0.9890000000000001,11.0,-1.681,1.0,0.33399999999999996,0.938,0.904,0.9229999999999999,0.9259999999999999,195.815,5.0
