,danceability,energy,key,loudness,mode,speechiness,acousticness,instrumentalness,liveness,valence,tempo,time_signature
mean,0.63166,0.6043399999999998,4.82,-7.614820000000002,0.54,0.12746,0.2915579394,0.0828363716,0.170204,0.37298000000000003,118.21086000000001,4.04
std,0.15301028510181522,0.18828935721600498,3.842246366756971,3.1268819488494954,0.5034574339058886,0.11237608867602773,0.2893672750206122,0.2149419203501918,0.13832452666664366,0.2188466334664343,28.040334312695972,0.34758643030275516
min,0.26,0.125,0.0,-16.21,0.0,0.027000000000000003,6.97e-06,0.0,0.0585,0.0661,57.967,3.0
max,0.981,0.9620000000000001,11.0,-2.865,1.0,0.414,0.9840000000000001,0.907,0.654,0.9259999999999999,178.137,5.0
