,danceability,energy,key,loudness,mode,speechiness,acousticness,instrumentalness,liveness,valence,tempo,time_signature
mean,0.67184,0.6157880000000001,5.4,-6.829240000000001,0.6,0.13752399999999998,0.28859199999999996,0.024193955,0.18581000000000003,0.46832200000000024,122.62482000000004,3.9
std,0.147182152866606,0.18896299782480902,3.5685702847990854,3.177463836304106,0.4948716593053935,0.13952797182804952,0.24761562648918714,0.1313744918118733,0.15010669028856694,0.19828709683544354,28.400449247445625,0.5050762722761053
min,0.353,0.0674,0.0,-19.18,0.0,0.0289,0.00195,0.0,0.05,0.0727,62.483999999999995,1.0
max,0.9540000000000001,0.935,11.0,-2.293,1.0,0.565,0.961,0.9179999999999999,0.7340000000000001,0.9129999999999999,190.011,5.0
