,danceability,energy,key,loudness,mode,speechiness,acousticness,instrumentalness,liveness,valence,tempo,time_signature
mean,0.7267600000000003,0.63152,5.06,-7.359440000000001,0.66,0.09292000000000002,0.3491898,0.0170162506,0.20537600000000006,0.6431799999999999,116.17426000000002,4.0
std,0.14889985129034117,0.17962230669163695,3.638849335957168,2.3654190392022314,0.47851812069840666,0.07279178861517224,0.3110904582697608,0.0950284533298691,0.16661857524395815,0.24949423861492437,20.68204006418938,0.2857142857142857
min,0.32299999999999995,0.225,0.0,-14.454,0.0,0.0296,0.00122,0.0,0.0288,0.129,75.801,3.0
max,0.9520000000000001,0.9790000000000001,11.0,-3.1289999999999996,1.0,0.36,0.99,0.657,0.79,0.985,200.125,5.0
