,danceability,energy,key,loudness,mode,speechiness,acousticness,instrumentalness,liveness,valence,tempo,time_signature
mean,0.67932,0.65154,6.5,-6.4118,0.5,0.11685399999999997,0.20681861,0.010269991000000001,0.16511200000000004,0.47938000000000003,114.39452000000001,4.0
std,0.14181368058124716,0.1387670504324218,3.753909526705975,2.250127633568136,0.5050762722761054,0.10303946382877993,0.21826298942450909,0.04469494588678818,0.12518949333237323,0.1908645090537435,27.067507519458054,0.0
min,0.359,0.313,0.0,-13.663,0.0,0.0262,9.05e-05,0.0,0.0418,0.141,72.98899999999999,4.0
max,0.963,0.945,11.0,-2.781,1.0,0.473,0.919,0.23600000000000002,0.606,0.9520000000000001,169.03599999999997,4.0
