,danceability,energy,key,loudness,mode,speechiness,acousticness,instrumentalness,liveness,valence,tempo,time_signature
mean,0.6345199999999999,0.6587799999999998,4.74,-6.537039999999999,0.8,0.104638,0.22945955999999998,0.0251461932,0.180358,0.3761679999999999,120.00974000000002,3.92
std,0.14800954740302727,0.14945182692569728,3.789405208833531,1.8585170625627123,0.4040610178208843,0.10062485368730645,0.22208045624963793,0.11690424025985059,0.1588711621383304,0.20151267994742125,28.872436432404964,0.2740475156178696
min,0.363,0.321,0.0,-12.630999999999998,0.0,0.0242,0.000718,0.0,0.047,0.0396,74.982,3.0
max,0.9309999999999999,0.975,11.0,-2.258,1.0,0.41200000000000003,0.6970000000000001,0.815,0.769,0.802,191.97400000000002,4.0
