,danceability,energy,key,loudness,mode,speechiness,acousticness,instrumentalness,liveness,valence,tempo,time_signature
mean,0.7146400000000002,0.66122,5.06,-6.390800000000001,0.68,0.14625999999999997,0.17407460000000005,0.0205892184,0.19666,0.5045860000000001,123.16931999999998,3.92
std,0.14490472027916715,0.15107239648457235,3.472398453577608,2.168265242830154,0.4712120714991613,0.12168834733675617,0.20434599104789633,0.09819330537617545,0.12106582456478383,0.22221119390786598,26.296372197560885,0.44446711960297247
min,0.382,0.35,0.0,-14.107000000000001,0.0,0.0291,0.0007379999999999999,0.0,0.0232,0.0793,74.999,1.0
max,0.98,0.998,11.0,-0.8390000000000001,1.0,0.5529999999999999,0.9590000000000001,0.581,0.605,0.945,189.99200000000002,4.0
