,danceability,energy,key,loudness,mode,speechiness,acousticness,instrumentalness,liveness,valence,tempo,time_signature
mean,0.6179199999999999,0.6158399999999999,5.12,-7.266220000000001,0.54,0.11965000000000002,0.2432034,0.008278964599999999,0.22782800000000006,0.38833200000000007,122.06860000000006,4.0
std,0.16994883263584282,0.1916472482325328,3.6289088706988397,3.4290028912445183,0.5034574339058886,0.11375371938301351,0.26528138860701356,0.046734080637634574,0.21754568466022425,0.21523968077376404,30.00179313960811,0.20203050891044214
min,0.314,0.106,0.0,-22.506999999999998,0.0,0.0284,0.0019399999999999999,0.0,0.0457,0.0582,46.718,3.0
max,0.9209999999999999,0.902,11.0,-2.6010000000000004,1.0,0.623,0.9940000000000001,0.32899999999999996,0.919,0.963,204.692,5.0
