,danceability,energy,key,loudness,mode,speechiness,acousticness,instrumentalness,liveness,valence,tempo,time_signature
mean,0.6822400000000002,0.6217200000000002,5.28,-6.90758,0.46,0.13918800000000003,0.2655406,0.004120769799999998,0.18986,0.41609600000000013,124.80017999999993,3.98
std,0.15644592989142234,0.16380676022032042,3.6647242845311907,2.653617877616927,0.5034574339058886,0.12042201412413879,0.24719853189916413,0.01906945819445642,0.12835272669086384,0.22365437709071723,27.070420632340323,0.24660966430902945
min,0.198,0.129,0.0,-15.372,0.0,0.0274,0.00445,0.0,0.0704,0.0736,68.482,3.0
max,0.9420000000000001,0.903,11.0,-3.8,1.0,0.457,0.847,0.129,0.674,0.833,195.96099999999998,5.0
