,danceability,energy,key,loudness,mode,speechiness,acousticness,instrumentalness,liveness,valence,tempo,time_signature
mean,0.6019199999999999,0.603214,5.22,-7.377220000000002,0.58,0.07849200000000002,0.26716065999999994,0.050355184399999996,0.20685599999999998,0.4528159999999999,117.37227999999998,3.96
std,0.16578567920231052,0.20491557247026473,3.1962350300544147,3.3310343327744985,0.4985693819032897,0.05754999898934378,0.3036781609629867,0.1658745138705905,0.21452307060176107,0.22904899695061237,27.761092963574843,0.3475864303027552
min,0.161,0.0287,0.0,-19.641,0.0,0.0269,0.000239,0.0,0.0497,0.054000000000000006,65.984,3.0
max,0.935,0.998,11.0,-2.6430000000000002,1.0,0.258,0.9690000000000001,0.84,0.9229999999999999,0.914,188.005,5.0
