,danceability,energy,key,loudness,mode,speechiness,acousticness,instrumentalness,liveness,valence,tempo,time_signature
mean,0.6685800000000003,0.6854200000000001,5.04,-6.0900599999999985,0.7,0.19910599999999998,0.24710100000000004,0.0024142706000000002,0.23353400000000005,0.4692199999999999,113.81303999999999,3.9
std,0.13868097142987817,0.16893207063727103,3.848986084354036,2.109276541124652,0.46291004988627565,0.15990497230338696,0.2447766335324297,0.013031906132441288,0.17210641417448688,0.20094819009396633,31.964699571437315,0.3030457633656631
min,0.319,0.27399999999999997,0.0,-11.309000000000001,0.0,0.0247,0.0019399999999999999,0.0,0.0557,0.114,63.763999999999996,3.0
max,0.897,0.982,11.0,-1.655,1.0,0.8690000000000001,0.8240000000000001,0.0874,0.846,0.8109999999999999,200.03,4.0
