,danceability,energy,key,loudness,mode,speechiness,acousticness,instrumentalness,liveness,valence,tempo,time_signature
mean,0.7111799999999998,0.6225400000000001,4.94,-6.516880000000002,0.62,0.14433599999999996,0.240217,0.0020408193999999994,0.16238800000000006,0.48624,121.26267999999996,3.94
std,0.12993996887102935,0.1586693661520775,4.181641119103789,2.3504760841244092,0.4903143514780145,0.12356413316202092,0.23791851558498608,0.008467032443858033,0.08494159731899348,0.20041798770549102,29.884356958688027,0.23989793748209529
min,0.303,0.19699999999999998,0.0,-13.35,0.0,0.0287,0.00158,0.0,0.0211,0.115,75.014,3.0
max,0.9359999999999999,0.922,11.0,-2.75,1.0,0.588,0.88,0.0512,0.406,0.9129999999999999,202.00599999999997,4.0
