,danceability,energy,key,loudness,mode,speechiness,acousticness,instrumentalness,liveness,valence,tempo,time_signature
mean,0.6536999999999997,0.6548199999999998,5.68,-6.113459999999998,0.6,0.15213600000000002,0.19101076,0.0004564234,0.18008599999999997,0.47778,123.7612,3.98
std,0.14662325037667254,0.13839925828514235,3.340780795941364,1.6054690993537033,0.4948716593053935,0.14299880655988365,0.19960658872479484,0.0016430199952558859,0.11740278481208465,0.211658907351485,33.74924086281537,0.14142135623730936
min,0.22399999999999998,0.256,0.0,-11.216,0.0,0.0258,0.0007379999999999999,0.0,0.0686,0.0622,61.93899999999999,3.0
max,0.9209999999999999,0.925,11.0,-2.313,1.0,0.754,0.86,0.0104,0.541,0.841,189.99200000000002,4.0
