,danceability,energy,key,loudness,mode,speechiness,acousticness,instrumentalness,liveness,valence,tempo,time_signature
mean,0.7344799999999997,0.6441800000000001,5.46,-6.6041599999999985,0.52,0.14988800000000002,0.22913239999999999,0.019200778599999996,0.18323600000000004,0.5194359999999998,117.21772000000003,4.06
std,0.12176662858408577,0.1686160582567414,3.7099425156446504,2.6775714198824705,0.5046720495044484,0.12386897560877523,0.21493026786169983,0.13289141953868402,0.14761070112195215,0.20657848907119727,29.34558665983346,0.23989793748209526
min,0.419,0.13699999999999998,0.0,-14.083,0.0,0.0287,0.00116,0.0,0.0537,0.0628,73.51,4.0
max,0.938,0.9129999999999999,11.0,-1.9980000000000002,1.0,0.588,0.882,0.94,0.752,0.9520000000000001,202.00599999999997,5.0
