,danceability,energy,key,loudness,mode,speechiness,acousticness,instrumentalness,liveness,valence,tempo,time_signature
mean,0.6901800000000001,0.6617200000000001,5.5,-6.185680000000001,0.56,0.1357,0.15462116,0.0169069482,0.175016,0.4750000000000001,112.02350000000003,4.0
std,0.14280265961051541,0.18147828790131296,3.9031645978040714,2.4823482582228547,0.5014265364224069,0.1192187134331396,0.1890612427266933,0.09996054723706314,0.10417071028668592,0.19387151225826377,25.746381942172864,0.20203050891044214
min,0.325,0.22,0.0,-16.082,0.0,0.0271,0.000173,0.0,0.0556,0.158,71.855,3.0
max,0.9420000000000001,0.971,11.0,-2.589,1.0,0.47600000000000003,0.787,0.7020000000000001,0.48200000000000004,0.895,180.524,5.0
