,danceability,energy,key,loudness,mode,speechiness,acousticness,instrumentalness,liveness,valence,tempo,time_signature
mean,0.7236200000000003,0.5730379999999999,5.22,-7.227300000000001,0.52,0.14113199999999998,0.2795035999999999,0.021034352,0.18593599999999996,0.4753500000000001,116.39492000000001,3.9
std,0.14355243513313545,0.17421306084030247,3.8876570773436803,3.895685773115838,0.5046720495044485,0.12409057659629114,0.274950322115966,0.1322062969101,0.14948269951088392,0.21791258147079368,25.733144239335566,0.6144518047887594
min,0.43200000000000005,0.0259,0.0,-27.734,0.0,0.0287,0.00268,0.0,0.0355,0.0397,72.541,1.0
max,0.9390000000000001,0.885,11.0,-2.6439999999999997,1.0,0.457,0.988,0.932,0.7170000000000001,0.914,175.041,5.0
