,danceability,energy,key,loudness,mode,speechiness,acousticness,instrumentalness,liveness,valence,tempo,time_signature
mean,0.68082,0.65282,5.64,-6.194160000000002,0.62,0.12979000000000002,0.23076643999999993,0.013716464999999997,0.16066,0.500766,118.69421999999997,3.98
std,0.1272944024612205,0.1328103896230891,3.6295836608377563,1.9359854776820817,0.4903143514780145,0.14534324222757825,0.24302777554479532,0.05724772535840798,0.10392875110441022,0.19707970790872348,32.751600231532535,0.14142135623730936
min,0.414,0.304,0.0,-11.192,0.0,0.0251,0.000314,0.0,0.043,0.0793,61.93899999999999,3.0
max,0.925,0.937,11.0,-2.464,1.0,0.754,0.883,0.358,0.45399999999999996,0.879,189.99200000000002,4.0
