,danceability,energy,key,loudness,mode,speechiness,acousticness,instrumentalness,liveness,valence,tempo,time_signature
mean,0.6258000000000002,0.5552407599999999,5.44,-8.116639999999999,0.66,0.13567000000000004,0.30873049999999996,0.07738042820000002,0.17043800000000003,0.39683599999999997,121.34395999999995,3.98
std,0.18126663188997222,0.22822047837675008,3.5350143607363536,4.213115468318874,0.47851812069840655,0.15699133376575608,0.32236980474339705,0.23943323352567933,0.1350246929646725,0.21808004125053884,29.863904066280412,0.3187987657774485
min,0.213,0.000138,0.0,-20.449,0.0,0.0304,0.000534,0.0,0.0352,0.0383,57.86,3.0
max,0.8740000000000001,0.92,11.0,-2.511,1.0,0.6940000000000001,0.988,0.9440000000000001,0.653,0.9309999999999999,218.15,5.0
