,danceability,energy,key,loudness,mode,speechiness,acousticness,instrumentalness,liveness,valence,tempo,time_signature
mean,0.6185999999999999,0.64565,5.5,-6.61584,0.68,0.088836,0.22116480999999996,0.05398769120000001,0.193708,0.45528399999999986,121.88399999999997,3.96
std,0.14135322668364367,0.1932931645169575,3.9292207255643046,2.3476705376754614,0.47121207149916117,0.0794889640909032,0.25509128779735135,0.15866694719825428,0.16696008302120893,0.2469380351589509,27.367317989879535,0.28284271247461884
min,0.331,0.0645,0.0,-14.765,0.0,0.0267,7.049999999999999e-05,0.0,0.0542,0.0453,80.984,3.0
max,0.87,0.9890000000000001,11.0,-0.787,1.0,0.376,0.9690000000000001,0.7859999999999999,0.7390000000000001,0.943,199.99099999999999,5.0
