,danceability,energy,key,loudness,mode,speechiness,acousticness,instrumentalness,liveness,valence,tempo,time_signature
mean,0.68172,0.6428120000000002,5.44,-6.268719999999998,0.62,0.13131800000000002,0.26208246,0.0157369248,0.16406800000000005,0.426288,126.47489999999996,3.96
std,0.17260418799752722,0.18464979499538237,3.939128671911791,2.801697058890543,0.4903143514780145,0.11112281987944324,0.2563951552961067,0.10628377667718514,0.10043286810560757,0.2202138113520678,31.367680444355198,0.2828427124746189
min,0.19699999999999998,0.0596,0.0,-18.515,0.0,0.0283,0.000308,0.0,0.0692,0.0564,79.992,3.0
max,0.9309999999999999,0.97,11.0,-2.371,1.0,0.41200000000000003,0.905,0.752,0.519,0.929,192.957,5.0
