,danceability,energy,key,loudness,mode,speechiness,acousticness,instrumentalness,liveness,valence,tempo,time_signature
mean,0.6138199999999998,0.6382600000000002,5.24,-6.774200000000002,0.58,0.107158,0.26569124000000005,0.017419182,0.17817999999999998,0.42345199999999994,113.59991999999998,3.92
std,0.13822204703199228,0.1706472444571442,3.4732799296036814,2.166286166484484,0.49856938190328964,0.09383188851366478,0.2828882337374322,0.050828577519113176,0.13293360319025005,0.22309535276309503,30.127052874986713,0.27404751561786983
min,0.284,0.265,0.0,-11.847999999999999,0.0,0.0264,0.000552,0.0,0.06,0.0967,41.93600000000001,3.0
max,0.8,0.98,11.0,-3.133,1.0,0.376,0.9690000000000001,0.27699999999999997,0.638,0.8170000000000001,189.938,4.0
