,danceability,energy,key,loudness,mode,speechiness,acousticness,instrumentalness,liveness,valence,tempo,time_signature
mean,0.7417800000000002,0.6733800000000001,5.38,-6.06964,0.48,0.168954,0.15752411999999996,0.046209432999999994,0.15533999999999995,0.5392799999999999,123.13850000000002,4.04
std,0.12619426067999856,0.14693742802670134,3.5679411544520545,2.301198319243649,0.5046720495044485,0.15764823825368238,0.19849770315780504,0.18343163307988739,0.10162605523211464,0.21022602413709343,32.131511240239426,0.19794866372215744
min,0.423,0.223,0.0,-13.705,0.0,0.0295,0.000376,0.0,0.0574,0.13699999999999998,75.445,4.0
max,0.966,0.987,11.0,-2.4530000000000003,1.0,0.747,0.8440000000000001,0.851,0.38299999999999995,0.9520000000000001,203.878,5.0
