,danceability,energy,key,loudness,mode,speechiness,acousticness,instrumentalness,liveness,valence,tempo,time_signature
mean,0.7708999999999999,0.6340199999999999,5.52,-6.7026,0.6,0.16799399999999998,0.18229266000000005,0.015508714399999998,0.12782799999999997,0.5198999999999999,118.06616000000004,4.0
std,0.1070825068127662,0.1374264166745244,3.3150245481899585,2.2207166245450165,0.49487165930539356,0.13163632246396406,0.15635278125191301,0.07316326554089846,0.07171314751515662,0.19298083335092198,28.613048300296526,0.0
min,0.517,0.301,0.0,-12.095999999999998,0.0,0.0275,0.000143,0.0,0.055,0.131,71.975,4.0
max,0.978,0.882,11.0,-2.9989999999999997,1.0,0.6609999999999999,0.667,0.498,0.414,0.8740000000000001,197.705,4.0
