,danceability,energy,key,loudness,mode,speechiness,acousticness,instrumentalness,liveness,valence,tempo,time_signature
mean,0.7114199999999999,0.5813099999999999,4.9,-7.370400000000002,0.66,0.11734000000000001,0.25928360000000006,0.0182133058,0.15605199999999994,0.41365,125.0221,4.0
std,0.13569580174878257,0.18678998602053326,3.654742515847437,2.607519072660009,0.47851812069840666,0.09401392428350003,0.26101168607632913,0.10542466038030057,0.11575972518760659,0.22088680289659127,25.23988973038592,0.20203050891044214
min,0.358,0.0655,0.0,-15.372,0.0,0.0284,0.0019399999999999999,0.0,0.0446,0.037000000000000005,79.943,3.0
max,0.9209999999999999,0.938,11.0,-2.242,1.0,0.444,0.93,0.74,0.54,0.8109999999999999,173.03,5.0
