,danceability,energy,key,loudness,mode,speechiness,acousticness,instrumentalness,liveness,valence,tempo,time_signature
mean,0.71374,0.61088,5.28,-6.515360000000002,0.54,0.146548,0.24493954000000007,0.0016445978,0.19141400000000006,0.5071800000000001,124.80762000000003,3.86
std,0.14710038360637565,0.15531569430665781,3.4760991507899264,2.1504037661683495,0.5034574339058886,0.11431168497773522,0.25330453886610843,0.011236306726166887,0.14243507938993233,0.19891139346196232,27.404238377607477,0.6064281507654611
min,0.40399999999999997,0.247,0.0,-12.118,0.0,0.028999999999999998,0.000587,0.0,0.055,0.11199999999999999,80.002,1.0
max,0.9490000000000001,0.919,11.0,-2.9610000000000003,1.0,0.451,0.96,0.0795,0.682,0.884,184.02599999999998,4.0
