,danceability,energy,key,loudness,mode,speechiness,acousticness,instrumentalness,liveness,valence,tempo,time_signature
mean,0.74138,0.5612000000000001,5.82,-7.209059999999997,0.5,0.150722,0.31842300000000007,0.0219667984,0.152012,0.48159400000000013,119.78808,3.98
std,0.1301041796062694,0.17044934611736337,3.910686562197884,2.1998533291553595,0.5050762722761054,0.13713647796175565,0.2623278825676923,0.13021001638345356,0.10509037245948588,0.18627559395165222,27.613649379143748,0.1414213562373094
min,0.461,0.175,0.0,-12.89,0.0,0.0287,0.00195,0.0,0.0611,0.0727,75.008,3.0
max,0.9540000000000001,0.9329999999999999,11.0,-2.95,1.0,0.565,0.919,0.915,0.625,0.9129999999999999,191.97099999999998,4.0
