,danceability,energy,key,loudness,mode,speechiness,acousticness,instrumentalness,liveness,valence,tempo,time_signature
mean,0.6742599999999999,0.6507799999999999,5.66,-6.4374400000000005,0.5,0.185788,0.1640118,0.03197695279999999,0.17935600000000002,0.44247600000000004,113.28822000000002,3.9
std,0.14728478730482847,0.1750363565732816,3.491155004480053,2.3182172175521214,0.5050762722761054,0.15960417957802833,0.20688428892213234,0.15669252973254946,0.12748450271563622,0.2299470574027058,25.86865658123667,0.5050762722761053
min,0.207,0.27399999999999997,0.0,-12.532,0.0,0.0275,0.0038,0.0,0.0403,0.0395,72.98899999999999,1.0
max,0.934,0.9129999999999999,11.0,-2.552,1.0,0.6809999999999999,0.934,0.828,0.631,0.9079999999999999,171.72,5.0
