,danceability,energy,key,loudness,mode,speechiness,acousticness,instrumentalness,liveness,valence,tempo,time_signature
mean,0.6081799999999999,0.6392,4.82,-6.77442,0.74,0.11713999999999997,0.19647782000000003,0.021616444800000002,0.184766,0.4619599999999999,121.59361999999997,3.92
std,0.17567173584703435,0.191063617997904,3.05520632924942,3.1511149182730973,0.44308749769345207,0.10518520886163275,0.25545564440320506,0.10863023686111276,0.1346047238307446,0.218583454384389,34.59277161364607,0.2740475156178696
min,0.265,0.11900000000000001,0.0,-16.409000000000002,0.0,0.0235,0.000813,0.0,0.0215,0.0792,54.747,3.0
max,0.927,0.9940000000000001,11.0,-1.712,1.0,0.429,0.966,0.703,0.742,0.9259999999999999,191.702,4.0
