,danceability,energy,key,loudness,mode,speechiness,acousticness,instrumentalness,liveness,valence,tempo,time_signature
mean,0.7322,0.6466599999999997,4.68,-6.222,0.68,0.13958800000000005,0.16340142,0.052770797599999995,0.16117400000000004,0.532732,116.91296,4.04
std,0.1175701267069044,0.16051188652023787,3.6725123469874834,2.7678793105103083,0.4712120714991611,0.1312634935959744,0.18877592591132253,0.16862569131136823,0.11818903366028095,0.2277838963686809,25.402846695661204,0.19794866372215744
min,0.498,0.235,0.0,-16.541,0.0,0.0258,0.000391,0.0,0.0419,0.0681,74.997,4.0
max,0.951,0.935,11.0,-1.865,1.0,0.6990000000000001,0.723,0.81,0.67,0.873,183.957,5.0
