,danceability,energy,key,loudness,mode,speechiness,acousticness,instrumentalness,liveness,valence,tempo,time_signature
mean,0.7390399999999999,0.6515600000000003,5.38,-6.562839999999999,0.46,0.17292400000000005,0.1850382,0.02451505959999999,0.17416799999999996,0.48015599999999997,112.34743999999999,4.04
std,0.11928801708641218,0.13161898628625132,3.486943577146622,2.2293104119106117,0.5034574339058886,0.14100991217149325,0.19637048721158248,0.13735743662321198,0.14655826791374668,0.2125795708502046,29.27651220595285,0.1979486637221575
min,0.423,0.385,0.0,-12.562000000000001,0.0,0.0295,0.0019399999999999999,0.0,0.0537,0.0628,73.51,4.0
max,0.94,0.907,11.0,-2.6439999999999997,1.0,0.588,0.753,0.94,0.647,0.9520000000000001,202.00599999999997,5.0
