,danceability,energy,key,loudness,mode,speechiness,acousticness,instrumentalness,liveness,valence,tempo,time_signature
mean,0.6278800000000001,0.6062000000000002,5.26,-8.038659999999998,0.6,0.13163000000000002,0.19414842000000004,0.0355732094,0.23252799999999993,0.4292,116.35979999999998,4.0
std,0.14497862474397064,0.1970219090686648,3.3855033086767503,2.9249487740848403,0.49487165930539356,0.1410710839055464,0.2364021940139641,0.12907786659139364,0.21647424981427482,0.2190810818125638,27.094199428916102,0.0
min,0.254,0.10099999999999999,0.0,-18.324,0.0,0.0265,0.00011100000000000001,0.0,0.0353,0.0555,69.874,4.0
max,0.856,0.973,11.0,-3.7430000000000003,1.0,0.622,0.96,0.807,0.958,0.932,170.982,4.0
