,danceability,energy,key,loudness,mode,speechiness,acousticness,instrumentalness,liveness,valence,tempo,time_signature
mean,0.7232399999999999,0.58846,4.88,-7.067819999999999,0.6,0.14269600000000002,0.253694,0.014250364999999997,0.16494200000000003,0.494612,125.07044,3.92
std,0.14074880794797343,0.1535541133095617,3.461980086951538,2.7793367267044427,0.49487165930539356,0.12478283496555452,0.260731415194617,0.09340405120405586,0.09636060057335229,0.2023438189754039,27.04120651906144,0.4882287854467161
min,0.319,0.13,0.0,-18.725,0.0,0.0302,0.00122,0.0,0.0672,0.0916,75.801,1.0
max,0.958,0.87,11.0,-2.3169999999999997,1.0,0.503,0.898,0.6609999999999999,0.46,0.898,186.00400000000002,5.0
