,danceability,energy,key,loudness,mode,speechiness,acousticness,instrumentalness,liveness,valence,tempo,time_signature
mean,0.7153400000000001,0.595188,5.46,-6.942519999999999,0.56,0.13645,0.28523820000000005,0.005820542599999998,0.15616599999999997,0.4644680000000001,127.87486000000001,3.92
std,0.12551926594132465,0.16594214585640557,3.8290511426541722,2.9704357217658925,0.5014265364224069,0.13436549036117867,0.24119707886248523,0.02458849011804779,0.08368173089578326,0.18129793996825969,27.526760891613847,0.44446711960297247
min,0.353,0.0674,0.0,-19.18,0.0,0.0289,0.00195,0.0,0.0632,0.0794,86.00299999999999,1.0
max,0.9540000000000001,0.91,11.0,-2.293,1.0,0.565,0.961,0.166,0.395,0.9129999999999999,191.97099999999998,4.0
