,danceability,energy,key,loudness,mode,speechiness,acousticness,instrumentalness,liveness,valence,tempo,time_signature
mean,0.6202400000000001,0.6173740000000002,5.12,-7.2027,0.56,0.13493199999999997,0.195341546,0.019620892,0.150118,0.4041719999999999,117.74252000000004,3.9
std,0.19551737330811841,0.2019823439545837,3.1792695862478877,3.9343622839836003,0.5014265364224069,0.12622101031483612,0.262904912267048,0.07359687009492016,0.09492677670022234,0.22714759028312093,29.632742982431736,0.30304576336566336
min,0.22699999999999998,0.0227,0.0,-27.430999999999997,0.0,0.0261,1.6899999999999997e-05,0.0,0.0215,0.0792,54.747,3.0
max,0.927,0.961,11.0,-2.0380000000000003,1.0,0.473,0.98,0.43,0.426,0.9259999999999999,191.702,4.0
