,danceability,energy,key,loudness,mode,speechiness,acousticness,instrumentalness,liveness,valence,tempo,time_signature
mean,0.62854,0.6109600000000001,4.96,-6.935899999999998,0.54,0.09972599999999998,0.2925681999999999,0.0343093704,0.18639999999999998,0.4157139999999999,119.23664000000002,3.94
std,0.1659699026071552,0.18872460878005198,3.5453907991034432,3.0318649695983413,0.5034574339058886,0.10426025875232635,0.2912922073100327,0.1376341023574804,0.13620012137007986,0.2414708568294716,26.533041076471317,0.313635691430002
min,0.289,0.10099999999999999,0.0,-14.562999999999999,0.0,0.0281,0.00412,0.0,0.0577,0.0833,66.575,3.0
max,0.883,0.9259999999999999,11.0,-1.05,1.0,0.424,0.9540000000000001,0.846,0.65,0.961,178.637,5.0
