,danceability,energy,key,loudness,mode,speechiness,acousticness,instrumentalness,liveness,valence,tempo,time_signature
mean,0.6750399999999999,0.61856,5.96,-7.123699999999999,0.56,0.134358,0.23734120000000003,0.0198830302,0.15436800000000006,0.47189800000000004,120.02300000000002,3.98
std,0.1369321238081563,0.1708111691611649,3.9016480034540715,3.17624959340286,0.5014265364224069,0.11045260704972805,0.26168247069285777,0.11413941388875685,0.11867507937771149,0.19171826107226048,30.32176837568303,0.14142135623730948
min,0.311,0.106,0.0,-22.506999999999998,0.0,0.0259,0.00137,0.0,0.0515,0.0709,46.718,3.0
max,0.9209999999999999,0.895,11.0,-3.089,1.0,0.419,0.9940000000000001,0.805,0.589,0.963,175.957,4.0
