,danceability,energy,key,loudness,mode,speechiness,acousticness,instrumentalness,liveness,valence,tempo,time_signature
mean,0.7017999999999998,0.58173,5.74,-7.102439999999999,0.48,0.12504400000000002,0.2853118000000001,0.027634261000000007,0.15981200000000004,0.46434000000000014,118.67132,4.0
std,0.14213417058884745,0.15966326842988743,4.084865046605528,3.0865088603965036,0.5046720495044484,0.10961341188607406,0.26247505555097955,0.13821773299076004,0.0898796874739124,0.2011123769519552,27.25137086717672,0.20203050891044214
min,0.331,0.0935,0.0,-15.662,0.0,0.0261,0.00381,0.0,0.051,0.1,68.482,3.0
max,0.9470000000000001,0.8859999999999999,11.0,-1.746,1.0,0.457,0.9890000000000001,0.905,0.42100000000000004,0.79,192.09900000000002,5.0
