,danceability,energy,key,loudness,mode,speechiness,acousticness,instrumentalness,liveness,valence,tempo,time_signature
mean,0.6323800000000002,0.7145999999999999,5.92,-5.408980000000001,0.56,0.09879800000000002,0.095713,0.0054795816,0.18057999999999996,0.43380399999999975,120.24111999999997,3.94
std,0.140806262905701,0.1477014363021372,3.613127990751368,1.6451831296862003,0.5014265364224069,0.09271571975558361,0.1529652767995644,0.02469883926666367,0.11204445910586802,0.2032584912602368,29.256381888569134,0.2398979374820953
min,0.36,0.348,0.0,-9.64,0.0,0.0291,0.00011899999999999999,0.0,0.0404,0.0391,73.018,3.0
max,0.9420000000000001,0.988,11.0,-1.413,1.0,0.375,0.809,0.171,0.525,0.8390000000000001,199.90400000000002,4.0
