,danceability,energy,key,loudness,mode,speechiness,acousticness,instrumentalness,liveness,valence,tempo,time_signature
mean,0.6525600000000001,0.63826,5.38,-6.13146,0.52,0.10924800000000001,0.19331932220000006,0.010367005800000002,0.15835400000000002,0.39241200000000004,118.8602,3.92
std,0.14851539602729025,0.18802852692816455,3.421957907158904,2.3094483059724857,0.5046720495044484,0.0941872716388765,0.2110138987028938,0.06810965768984227,0.11324859454910217,0.19609304813412073,26.39576748848426,0.2740475156178697
min,0.35100000000000003,0.174,0.0,-14.765,0.0,0.0239,6.11e-06,0.0,0.0232,0.0778,75.11,3.0
max,0.934,0.9440000000000001,11.0,-2.642,1.0,0.46299999999999997,0.81,0.48200000000000004,0.588,0.835,180.15900000000002,4.0
