,danceability,energy,key,loudness,mode,speechiness,acousticness,instrumentalness,liveness,valence,tempo,time_signature
mean,0.7529199999999999,0.6860400000000003,6.18,-5.09366,0.66,0.16903200000000004,0.2811446,0.012543939000000002,0.18009600000000006,0.5928,122.74956000000002,4.02
std,0.09972448576565583,0.11723497423411441,3.761729953744415,1.8857865203697273,0.47851812069840666,0.11512053211432664,0.21256998249517733,0.06785203696774804,0.14578003553019075,0.20943578237439633,36.95283650274181,0.14142135623730948
min,0.46299999999999997,0.425,0.0,-10.965,0.0,0.0342,0.00903,0.0,0.0501,0.124,74.93,4.0
max,0.882,0.972,11.0,-1.8,1.0,0.479,0.9329999999999999,0.465,0.795,0.9179999999999999,188.00900000000001,5.0
