,danceability,energy,key,loudness,mode,speechiness,acousticness,instrumentalness,liveness,valence,tempo,time_signature
mean,0.7311999999999999,0.7148599999999999,5.8,-5.0418,0.56,0.13878200000000004,0.19211479999999997,0.0008789679999999999,0.16899200000000003,0.5879,125.74086000000001,4.0
std,0.10868433978400804,0.12538007686019892,3.859787453173228,2.0248629684046096,0.5014265364224069,0.09821677750605275,0.16500533971866932,0.0032352244790229607,0.12780300823644847,0.19245166369024416,32.911109089646494,0.0
min,0.499,0.342,0.0,-11.767000000000001,0.0,0.0286,0.0054399999999999995,0.0,0.0528,0.235,77.811,4.0
max,0.9259999999999999,0.9129999999999999,11.0,-1.0979999999999999,1.0,0.386,0.716,0.0212,0.685,0.96,192.06799999999998,4.0
