,danceability,energy,key,loudness,mode,speechiness,acousticness,instrumentalness,liveness,valence,tempo,time_signature
mean,0.7342799999999998,0.6849599999999999,6.3,-5.533199999999999,0.5,0.15959600000000004,0.25970746000000006,0.0214722958,0.17382799999999998,0.6024099999999999,121.04428000000001,4.04
std,0.11970372268434175,0.1581576273912859,3.5927932399883695,2.5843592661095958,0.5050762722761054,0.10914638356307534,0.23652076244740644,0.10070971407924731,0.12650221106400325,0.23722463499598767,34.54739367708053,0.19794866372215753
min,0.42700000000000005,0.21,0.0,-16.541,0.0,0.0287,0.000143,0.0,0.0302,0.0895,74.973,4.0
max,0.978,0.972,11.0,-1.681,1.0,0.38,0.9520000000000001,0.55,0.634,0.9620000000000001,188.023,5.0
