,danceability,energy,key,loudness,mode,speechiness,acousticness,instrumentalness,liveness,valence,tempo,time_signature
mean,0.72856,0.6683199999999999,5.86,-5.531320000000001,0.52,0.12297599999999999,0.2653254,0.00039834820000000004,0.13311,0.6322000000000002,125.22983999999998,4.02
std,0.09895415553658767,0.15711226195667494,3.7958624090674604,2.086531184839115,0.5046720495044485,0.09157961755227202,0.20154107611115116,0.0025990149296975136,0.09008129265121746,0.18897629696955787,38.09802930162864,0.14142135623730942
min,0.395,0.37,0.0,-10.687000000000001,0.0,0.0301,0.00987,0.0,0.0515,0.158,80.09899999999999,4.0
max,0.889,0.935,11.0,-1.567,1.0,0.41,0.795,0.0184,0.38799999999999996,0.9520000000000001,194.115,5.0
