,danceability,energy,key,loudness,mode,speechiness,acousticness,instrumentalness,liveness,valence,tempo,time_signature
mean,0.65386,0.6426599999999998,5.66,-6.689440000000001,0.56,0.11998800000000001,0.25831538000000004,0.0306111542,0.15046199999999998,0.523264,123.10244,3.96
std,0.1594571159802368,0.18372512854028122,3.8630114085849065,2.9410348599339886,0.5014265364224069,0.11327873089626925,0.25939440981710243,0.14753507569413113,0.11785019527574236,0.21075301122113416,30.918924914752154,0.19794866372215741
min,0.26899999999999996,0.121,0.0,-16.252,0.0,0.0304,0.00024900000000000004,0.0,0.0502,0.0862,74.979,3.0
max,0.945,0.932,11.0,-1.7080000000000002,1.0,0.498,0.977,0.903,0.653,0.9309999999999999,197.989,4.0
