,danceability,energy,key,loudness,mode,speechiness,acousticness,instrumentalness,liveness,valence,tempo,time_signature
mean,0.7310599999999998,0.72,5.14,-4.8763000000000005,0.54,0.125872,0.18473946000000002,0.0006581492000000001,0.20602800000000002,0.5822640000000001,119.33833999999999,3.96
std,0.11503014866564684,0.12731224671360297,3.301267536407611,1.9399191467477113,0.5034574339058886,0.0971788778595473,0.21528200394539082,0.002943038143485673,0.16744913822972501,0.21059889117292452,33.78636719430136,0.1979486637221575
min,0.36200000000000004,0.37799999999999995,0.0,-9.454,0.0,0.0272,0.000813,0.0,0.0505,0.0752,77.176,3.0
max,0.922,0.9420000000000001,11.0,-2.0380000000000003,1.0,0.39,0.863,0.0183,0.6970000000000001,0.966,212.11700000000002,4.0
