,danceability,energy,key,loudness,mode,speechiness,acousticness,instrumentalness,liveness,valence,tempo,time_signature
mean,0.7162400000000004,0.68238,5.62,-5.76188,0.44,0.108174,0.28823139999999997,0.0149910852,0.15376600000000004,0.5510680000000001,115.73100000000004,3.98
std,0.11753984300601032,0.17284591344870828,3.55074007807398,2.632067881390011,0.5014265364224069,0.07593360636444317,0.23662093726266326,0.10534612545618859,0.1004968993531235,0.2326631246402122,32.96826472131485,0.14142135623730942
min,0.361,0.18100000000000002,0.0,-15.359000000000002,0.0,0.0319,0.00987,0.0,0.0515,0.0727,74.84899999999999,3.0
max,0.9009999999999999,0.96,11.0,-1.567,1.0,0.336,0.795,0.745,0.413,0.9129999999999999,194.115,4.0
