,danceability,energy,key,loudness,mode,speechiness,acousticness,instrumentalness,liveness,valence,tempo,time_signature
mean,0.7006399999999999,0.6906199999999997,5.5,-5.3228599999999995,0.64,0.08950200000000003,0.14307199999999995,0.00269459,0.169542,0.5126020000000002,113.30985999999997,4.0
std,0.12167969998218725,0.14678929644568914,3.7375644148431797,1.8044653570789213,0.48487322138506106,0.06505439635961804,0.14783963923999627,0.016299203638218598,0.10655316597638867,0.21180978614342263,28.406497377637294,0.20203050891044214
min,0.386,0.34600000000000003,0.0,-11.125,0.0,0.0286,0.0012900000000000001,0.0,0.0404,0.0921,73.433,3.0
max,0.922,0.9570000000000001,11.0,-2.883,1.0,0.35100000000000003,0.616,0.115,0.409,0.872,180.141,5.0
