,danceability,energy,key,loudness,mode,speechiness,acousticness,instrumentalness,liveness,valence,tempo,time_signature
mean,0.72274,0.680284,6.08,-5.5335199999999976,0.56,0.17388599999999996,0.2896346000000001,0.0470834326,0.181478,0.6302600000000002,125.36097999999998,3.92
std,0.12604547446319944,0.15259954310253374,3.7079066100121003,2.29992533365937,0.5014265364224069,0.11937687707253797,0.2467037533959154,0.16534832594130827,0.12985807054516976,0.19236018617294434,36.550635518911655,0.4444671196029721
min,0.359,0.0962,0.0,-15.645999999999999,0.0,0.0287,0.00903,0.0,0.0568,0.244,55.453,1.0
max,0.915,0.972,11.0,-2.331,1.0,0.479,0.966,0.81,0.667,0.94,183.785,4.0
