,danceability,energy,key,loudness,mode,speechiness,acousticness,instrumentalness,liveness,valence,tempo,time_signature
mean,0.6872800000000001,0.6569400000000001,5.34,-6.230499999999999,0.52,0.10881799999999998,0.18184560000000002,0.0006059982,0.15727,0.5300940000000001,125.13274000000001,4.0
std,0.14453628031235138,0.1510487703372926,3.6790082958341266,2.587749366865788,0.5046720495044484,0.08312937713502457,0.1884731536684052,0.0023185912520441976,0.14808846673388124,0.2190500105138606,30.732166774331198,0.20203050891044214
min,0.258,0.374,0.0,-14.964,0.0,0.0294,0.0026100000000000003,0.0,0.0548,0.0967,79.987,3.0
max,0.938,0.971,11.0,-2.082,1.0,0.341,0.8440000000000001,0.0129,0.802,0.965,195.981,5.0
