,danceability,energy,key,loudness,mode,speechiness,acousticness,instrumentalness,liveness,valence,tempo,time_signature
mean,0.7533399999999998,0.6856400000000002,5.62,-5.05646,0.56,0.163168,0.2548166,0.012107175999999997,0.17174,0.6143599999999999,119.38848,4.02
std,0.09809233675783366,0.11563043875791071,3.675012147696153,1.7816034306437647,0.5014265364224069,0.11010582931425382,0.21193574975189522,0.06788829711129415,0.13684516499925553,0.19210868097543757,36.14870547671727,0.14142135623730945
min,0.46299999999999997,0.425,0.0,-10.965,0.0,0.0342,0.00903,0.0,0.0501,0.131,74.93,4.0
max,0.8859999999999999,0.972,11.0,-1.8,1.0,0.433,0.9329999999999999,0.465,0.795,0.9109999999999999,189.905,5.0
