,danceability,energy,key,loudness,mode,speechiness,acousticness,instrumentalness,liveness,valence,tempo,time_signature
mean,0.71468,0.68636,5.66,-5.813500000000001,0.52,0.12902000000000002,0.19740412219999992,0.0099151352,0.18542399999999998,0.547522,118.42862000000001,3.94
std,0.14193954447480198,0.13375331542715158,3.1726509870633866,1.8701499803437134,0.5046720495044484,0.10485023916549366,0.20442099451665344,0.0681336878499597,0.15939562711334695,0.23436311029107407,29.96059647500977,0.23989793748209526
min,0.33299999999999996,0.37799999999999995,0.0,-9.683,0.0,0.028999999999999998,6.11e-06,0.0,0.043,0.0778,71.91199999999999,3.0
max,0.934,0.9440000000000001,11.0,-2.384,1.0,0.46299999999999997,0.8759999999999999,0.48200000000000004,0.6809999999999999,0.905,184.801,4.0
