,danceability,energy,key,loudness,mode,speechiness,acousticness,instrumentalness,liveness,valence,tempo,time_signature
mean,0.7431399999999997,0.6759999999999998,6.1,-5.594940000000004,0.48,0.127634,0.25875200000000004,0.0018574388,0.168422,0.5539420000000002,118.66306,4.0
std,0.10389633962635593,0.16543708342275792,3.4300592010122766,2.6516189695338652,0.5046720495044485,0.08578423243635089,0.19759114067556116,0.00921651866172809,0.12749471424017417,0.23044255124540214,33.26816587352184,0.0
min,0.38299999999999995,0.18100000000000002,0.0,-15.359000000000002,0.0,0.0376,0.0141,0.0,0.0515,0.0727,80.055,4.0
max,0.9209999999999999,0.914,11.0,-1.567,1.0,0.336,0.745,0.0579,0.72,0.927,201.80700000000002,4.0
