,danceability,energy,key,loudness,mode,speechiness,acousticness,instrumentalness,liveness,valence,tempo,time_signature
mean,0.70686,0.6627400000000003,5.24,-6.1386,0.64,0.10337599999999997,0.20562684,0.013890586199999999,0.14941400000000005,0.5547780000000001,113.80879999999996,3.96
std,0.12877285967064295,0.16166352181526386,3.6002267502285497,2.184333410672371,0.48487322138506106,0.09262704140800353,0.23003010020894474,0.04842538719493795,0.11193051235439944,0.22001214000827413,25.55587299727915,0.1979486637221575
min,0.38799999999999996,0.33799999999999997,0.0,-11.377,0.0,0.0291,0.00028199999999999997,0.0,0.0456,0.0989,78.476,3.0
max,0.9079999999999999,0.9620000000000001,11.0,-2.5780000000000003,1.0,0.447,0.9690000000000001,0.27699999999999997,0.638,0.966,177.78400000000002,4.0
