,danceability,energy,key,loudness,mode,speechiness,acousticness,instrumentalness,liveness,valence,tempo,time_signature
mean,0.64536,0.6963399999999998,4.92,-5.980180000000001,0.56,0.11364400000000002,0.19457680000000008,0.011570409599999996,0.148208,0.520234,127.54876,3.98
std,0.12430816874335544,0.15287391229776418,3.6018136021301537,2.4526824439825896,0.5014265364224069,0.1120313916648693,0.19182738815584668,0.0767317234039142,0.08316765423050046,0.24681551204021493,35.956083616590746,0.2466096643090295
min,0.309,0.297,0.0,-13.1,0.0,0.0268,0.00224,0.0,0.0418,0.0385,75.009,3.0
max,0.841,0.915,11.0,-1.7080000000000002,1.0,0.475,0.679,0.5429999999999999,0.345,0.9309999999999999,199.864,5.0
