,danceability,energy,key,loudness,mode,speechiness,acousticness,instrumentalness,liveness,valence,tempo,time_signature
mean,0.71958,0.679226,4.98,-5.405759999999999,0.58,0.12200799999999999,0.21867319999999998,0.0176597038,0.18848800000000004,0.5312800000000002,118.45,3.92
std,0.14711318563526213,0.1888599381790103,3.7169770469222625,2.714005726611797,0.49856938190328975,0.09282641214566431,0.22305772877230956,0.10528498260383165,0.13223714572768153,0.22859143126762121,31.61218898669644,0.27404751561786983
min,0.28,0.0413,0.0,-19.447,0.0,0.0247,0.00413,0.0,0.0537,0.114,76.983,3.0
max,0.9359999999999999,0.9470000000000001,11.0,-0.145,1.0,0.473,0.973,0.735,0.6890000000000001,0.871,186.125,4.0
