,danceability,energy,key,loudness,mode,speechiness,acousticness,instrumentalness,liveness,valence,tempo,time_signature
mean,0.7587000000000002,0.6899199999999999,6.1,-5.16014,0.52,0.15674600000000002,0.2532106,0.020446221200000007,0.18204399999999998,0.61622,117.10288000000003,3.96
std,0.10636292318553221,0.13320995243813966,3.8926933124110605,1.9338777688618172,0.5046720495044484,0.11001237075150842,0.223021894838116,0.10079695701217983,0.1576354696437192,0.2004676461248975,34.48804930646119,0.1979486637221575
min,0.43799999999999994,0.391,0.0,-11.568,0.0,0.0278,0.00903,0.0,0.0302,0.175,75.014,3.0
max,0.9059999999999999,0.972,11.0,-1.681,1.0,0.42,0.74,0.55,0.6709999999999999,0.95,204.077,4.0
