,danceability,energy,key,loudness,mode,speechiness,acousticness,instrumentalness,liveness,valence,tempo,time_signature
mean,0.7364199999999995,0.6921199999999997,5.62,-5.3044,0.44,0.115258,0.28367999999999993,0.0002571652,0.14565400000000003,0.5871999999999999,127.14943999999997,4.02
std,0.09080189020778213,0.1371651231924798,3.5564830139579504,1.9161550467708262,0.5014265364224069,0.08508287697946067,0.2013884399637189,0.0012698427885022559,0.09339070270118117,0.20713832507357427,36.38067122612876,0.1414213562373095
min,0.395,0.355,0.0,-10.47,0.0,0.0293,0.0036299999999999995,0.0,0.0558,0.11599999999999999,86.00299999999999,4.0
max,0.9009999999999999,0.935,11.0,-1.3869999999999998,1.0,0.37799999999999995,0.795,0.00889,0.38799999999999996,0.9129999999999999,194.115,5.0
