,danceability,energy,key,loudness,mode,speechiness,acousticness,instrumentalness,liveness,valence,tempo,time_signature
mean,0.65746,0.7169599999999999,5.58,-5.5880600000000005,0.5,0.08832600000000002,0.17162720000000004,0.0005194356,0.195684,0.5336400000000001,118.25292000000007,3.96
std,0.12751633908912957,0.16474952664761208,3.9023279289811255,1.8341730318081348,0.5050762722761054,0.07478232032140392,0.22433061388649986,0.0017810123385908648,0.13984663372160702,0.21662322787998256,27.548385912819516,0.19794866372215747
min,0.355,0.2,0.0,-11.062999999999999,0.0,0.0278,0.00037999999999999997,0.0,0.0506,0.13699999999999998,75.016,3.0
max,0.915,0.978,11.0,-2.883,1.0,0.35100000000000003,0.904,0.0101,0.639,0.9209999999999999,179.864,4.0
