,danceability,energy,key,loudness,mode,speechiness,acousticness,instrumentalness,liveness,valence,tempo,time_signature
mean,0.7363,0.67326,5.76,-5.80366,0.64,0.13947600000000002,0.24819820000000004,0.021285477800000004,0.15296800000000002,0.5932800000000001,124.80984000000004,4.02
std,0.11617320812353545,0.14003160138966883,3.739256719767517,1.932543112595633,0.4848732213850611,0.10256802533152408,0.2383153355149262,0.11651905169662839,0.09677234686813867,0.19254218090738306,31.224163614137833,0.14142135623730942
min,0.456,0.319,0.0,-11.306,0.0,0.0334,0.00861,0.0,0.0393,0.14400000000000002,75.801,4.0
max,0.9790000000000001,0.934,11.0,-2.454,1.0,0.48,0.866,0.81,0.46,0.97,186.09599999999998,5.0
