,danceability,energy,key,loudness,mode,speechiness,acousticness,instrumentalness,liveness,valence,tempo,time_signature
mean,0.7267199999999998,0.6659000000000002,5.08,-5.511239999999999,0.5,0.16599,0.283592,0.0003723383999999999,0.146926,0.5909399999999999,136.44312,3.9
std,0.11418996703488696,0.14950725188881953,4.294467252127072,2.443366150478909,0.5050762722761054,0.10517431449061805,0.2008260155112441,0.0017203025998012973,0.102668550934648,0.20282066170961607,38.59694318901855,0.46291004988627565
min,0.435,0.317,0.0,-12.89,0.0,0.0308,0.0181,0.0,0.0494,0.13699999999999998,86.242,1.0
max,0.9440000000000001,0.935,11.0,-1.567,1.0,0.444,0.753,0.00889,0.499,0.961,202.00599999999997,4.0
