,danceability,energy,key,loudness,mode,speechiness,acousticness,instrumentalness,liveness,valence,tempo,time_signature
mean,0.6646399999999999,0.6493639999999998,5.74,-5.564440000000002,0.64,0.15988599999999994,0.3334368000000001,7.384540000000002e-05,0.16849,0.5625800000000001,126.28238000000002,3.98
std,0.16796072913217616,0.1541383036001587,3.5272119995537436,2.3259238424368767,0.48487322138506106,0.11535236347463228,0.24519743739247507,0.00023268628753095617,0.13090212459883832,0.22411167861090128,38.01237475515208,0.2466096643090295
min,0.26899999999999996,0.0962,0.0,-15.645999999999999,0.0,0.0276,0.00554,0.0,0.0568,0.125,55.453,3.0
max,0.915,0.887,11.0,-2.331,1.0,0.419,0.9359999999999999,0.00134,0.667,0.94,204.09599999999998,5.0
