,danceability,energy,key,loudness,mode,speechiness,acousticness,instrumentalness,liveness,valence,tempo,time_signature
mean,0.7119599999999999,0.6729199999999999,4.22,-5.648000000000001,0.46,0.11270600000000003,0.2312488,0.0001660582,0.158924,0.55788,117.7292,4.0
std,0.10499639643962132,0.1557617018239787,3.5126012223050282,2.1363688724524312,0.5034574339058886,0.09153503045282718,0.2054014736711636,0.0007690369624478263,0.09916818029828656,0.22129116842858823,31.841525808225935,0.0
min,0.48100000000000004,0.294,0.0,-9.75,0.0,0.0294,0.0011300000000000001,0.0,0.0601,0.141,74.038,4.0
max,0.965,0.877,11.0,-1.756,1.0,0.426,0.8440000000000001,0.0045,0.396,0.9259999999999999,199.676,4.0
