,danceability,energy,key,loudness,mode,speechiness,acousticness,instrumentalness,liveness,valence,tempo,time_signature
mean,0.7381799999999998,0.7038999999999999,4.64,-5.341379999999999,0.42,0.12111,0.225226,0.0047736181999999995,0.19169199999999997,0.6019599999999999,114.26950000000001,4.06
std,0.14411966258237333,0.1583750714768777,3.623956570447526,1.9904368907147918,0.49856938190328975,0.07773333340626132,0.1970099582068203,0.014609093489733382,0.13915649953654807,0.21936829157136353,26.176149585304653,0.23989793748209534
min,0.325,0.29600000000000004,0.0,-10.109,0.0,0.0326,0.00267,0.0,0.0565,0.12,77.501,4.0
max,0.966,0.9440000000000001,11.0,0.175,1.0,0.342,0.934,0.0816,0.636,0.8959999999999999,180.07299999999998,5.0
