,danceability,energy,key,loudness,mode,speechiness,acousticness,instrumentalness,liveness,valence,tempo,time_signature
mean,0.7166599999999999,0.67862,4.78,-5.854699999999999,0.5,0.12697199999999997,0.24228700000000003,0.0010603896000000001,0.18717799999999993,0.5772,118.30294000000002,4.04
std,0.1507241851860543,0.14566202003828127,3.9707604782346424,1.8715885673155097,0.5050762722761054,0.12271625649506776,0.21952946001223916,0.0054996717599511274,0.1724797063365983,0.22358288423412243,28.04631993932865,0.2828427124746189
min,0.353,0.303,0.0,-10.413,0.0,0.028999999999999998,0.00573,0.0,0.0344,0.152,64.934,3.0
max,0.966,0.9440000000000001,11.0,-0.9279999999999999,1.0,0.733,0.883,0.0384,0.9079999999999999,0.9229999999999999,199.669,5.0
