,danceability,energy,key,loudness,mode,speechiness,acousticness,instrumentalness,liveness,valence,tempo,time_signature
mean,0.64998,0.6592439999999999,5.46,-6.105280000000001,0.56,0.11890599999999996,0.23586779999999996,0.013207127999999999,0.16797600000000007,0.4881080000000001,119.54838000000004,4.02
std,0.15663378450698176,0.18441894758557598,4.066839519020807,3.155631474306316,0.5014265364224069,0.10845641165266086,0.24944520479059204,0.07681164314169833,0.17665629208916922,0.2361501561744656,29.047222831802838,0.2466096643090295
min,0.22699999999999998,0.0842,0.0,-19.49,0.0,0.027999999999999997,0.0018100000000000002,0.0,0.0456,0.0661,70.429,3.0
max,0.894,0.946,11.0,-2.144,1.0,0.475,0.953,0.5429999999999999,0.961,0.9620000000000001,189.891,5.0
