,danceability,energy,key,loudness,mode,speechiness,acousticness,instrumentalness,liveness,valence,tempo,time_signature
mean,0.7148399999999999,0.68958,4.96,-5.358720000000001,0.56,0.15097600000000003,0.2436060000000001,0.00048629460000000006,0.16222599999999993,0.54474,125.17291999999998,4.02
std,0.11635139598190807,0.14040264111708534,3.6642787524300338,1.9607752635847164,0.5014265364224069,0.10909877299671043,0.20964975302360156,0.0015144720810495028,0.12373243814367998,0.19429714357138653,34.16423062319861,0.14142135623730948
min,0.44799999999999995,0.31,0.0,-11.134,0.0,0.031,0.0104,0.0,0.0161,0.1,79.992,4.0
max,0.9259999999999999,0.904,11.0,-1.3869999999999998,1.0,0.486,0.94,0.008740000000000001,0.685,0.9009999999999999,192.06799999999998,5.0
