,danceability,energy,key,loudness,mode,speechiness,acousticness,instrumentalness,liveness,valence,tempo,time_signature
mean,0.7066399999999997,0.67818,5.9,-5.118359999999999,0.6,0.127832,0.23452220000000007,0.000577474,0.18791400000000003,0.5689800000000002,121.71356000000003,3.98
std,0.12420896809450613,0.14350121808485367,3.465574134488058,1.89378354429778,0.49487165930539356,0.09440085272876707,0.1812984241552686,0.003069872594887419,0.14928354203477684,0.2096191385949912,32.098290224768505,0.2466096643090295
min,0.392,0.289,0.0,-10.904000000000002,0.0,0.0298,0.00381,0.0,0.0161,0.158,77.015,3.0
max,0.9259999999999999,0.902,11.0,-1.694,1.0,0.353,0.785,0.0212,0.764,0.91,192.44299999999998,5.0
