,danceability,energy,key,loudness,mode,speechiness,acousticness,instrumentalness,liveness,valence,tempo,time_signature
mean,0.7300999999999999,0.68926,5.04,-5.38108,0.58,0.12432800000000001,0.2830064,0.0167512096,0.16386199999999998,0.6316100000000001,121.95328,3.92
std,0.09974625971198423,0.1553123002606197,3.7359805968993154,2.059338727230027,0.49856938190328975,0.10353744474974318,0.2522930790201534,0.11449342984240767,0.09591127253873757,0.20864326771613145,34.584783100723385,0.44446711960297236
min,0.473,0.18600000000000003,0.0,-12.122,0.0,0.0304,0.00502,0.0,0.0393,0.0605,72.541,1.0
max,0.9109999999999999,0.905,11.0,-1.9240000000000002,1.0,0.501,0.868,0.81,0.39899999999999997,0.9620000000000001,195.919,4.0
