,danceability,energy,key,loudness,mode,speechiness,acousticness,instrumentalness,liveness,valence,tempo,time_signature
mean,0.72214,0.6910000000000001,5.56,-5.620659999999999,0.52,0.12139400000000002,0.24242399999999997,0.00018388359999999996,0.15888400000000003,0.545142,126.0499,4.0
std,0.11276144405472166,0.16888675109042026,3.7370729569697034,2.655111847523028,0.5046720495044484,0.08846173024742024,0.20209787743889376,0.000583017125154579,0.10531471854806024,0.21918604816503282,35.65762083828558,0.0
min,0.38299999999999995,0.18100000000000002,0.0,-15.359000000000002,0.0,0.0298,0.0141,0.0,0.0515,0.0727,88.031,4.0
max,0.9009999999999999,0.96,11.0,-1.567,1.0,0.386,0.7509999999999999,0.00358,0.465,0.9129999999999999,194.115,4.0
