,danceability,energy,key,loudness,mode,speechiness,acousticness,instrumentalness,liveness,valence,tempo,time_signature
mean,0.7185199999999997,0.6657400000000001,5.74,-5.62522,0.44,0.14813599999999996,0.287108,0.0003669049999999999,0.15249199999999996,0.5743000000000003,132.60433999999998,3.96
std,0.12004544037614272,0.13309744933847592,3.778618687255101,2.4129204955736077,0.5014265364224069,0.10501568932346077,0.21836965835435085,0.0013563838978068092,0.0845584614576308,0.22499952380901989,35.42218105593713,0.4499433070863892
min,0.395,0.355,0.0,-12.89,0.0,0.0287,0.0132,0.0,0.0515,0.13699999999999998,86.242,1.0
max,0.9440000000000001,0.935,11.0,-1.3869999999999998,1.0,0.39899999999999997,0.795,0.00889,0.35100000000000003,0.961,194.115,5.0
