,danceability,energy,key,loudness,mode,speechiness,acousticness,instrumentalness,liveness,valence,tempo,time_signature
mean,0.68296,0.6784800000000001,5.48,-5.64374,0.48,0.12129000000000001,0.16631279000000007,0.0033642363999999998,0.16472800000000007,0.48383399999999993,118.15538000000002,4.0
std,0.12517758161418327,0.13705581166154204,3.265403059785597,1.6334101402043668,0.5046720495044484,0.11098777511280149,0.1923624409164311,0.014655512355427528,0.12483918805194702,0.21708933138226758,29.748758013444007,0.0
min,0.33399999999999996,0.25,0.0,-9.376,0.0,0.0302,2.95e-05,0.0,0.0342,0.0397,74.10300000000001,4.0
max,0.914,0.9129999999999999,11.0,-1.715,1.0,0.48700000000000004,0.9129999999999999,0.0783,0.6990000000000001,0.893,196.12099999999998,4.0
