,danceability,energy,key,loudness,mode,speechiness,acousticness,instrumentalness,liveness,valence,tempo,time_signature
mean,0.6994799999999999,0.6902599999999999,5.32,-5.567480000000001,0.6,0.13613,0.18635926000000005,0.0028011592,0.198932,0.554816,119.14848000000003,3.96
std,0.15166359658999332,0.13408523180333884,3.3407807959413636,2.000000767754955,0.4948716593053935,0.10801287196535458,0.19396565367545707,0.019224562346102637,0.13989530551852855,0.22383354544238027,36.782301564991265,0.19794866372215744
min,0.265,0.312,0.0,-11.689,0.0,0.0304,0.000813,0.0,0.0215,0.0998,54.747,3.0
max,0.91,0.895,11.0,-2.54,1.0,0.466,0.845,0.136,0.594,0.966,212.11700000000002,4.0
