,danceability,energy,key,loudness,mode,speechiness,acousticness,instrumentalness,liveness,valence,tempo,time_signature
mean,0.7360599999999999,0.68732,6.28,-5.113540000000001,0.46,0.15368,0.26694460000000003,0.009387947399999999,0.16288800000000006,0.6129199999999999,123.05026000000005,4.02
std,0.1188400416955669,0.12161438556153707,3.7798607036206384,2.0109355849799804,0.5034574339058886,0.11060959843208057,0.22731224175991577,0.06574985013789994,0.12514828859706997,0.2214562047273566,35.26443409142083,0.2466096643090295
min,0.42700000000000005,0.445,0.0,-11.568,0.0,0.0287,0.00903,0.0,0.0302,0.13699999999999998,74.93,3.0
max,0.9059999999999999,0.972,11.0,-1.681,1.0,0.42,0.9329999999999999,0.465,0.634,0.9620000000000001,184.019,5.0
