,danceability,energy,key,loudness,mode,speechiness,acousticness,instrumentalness,liveness,valence,tempo,time_signature
mean,0.7199799999999997,0.7252,5.5,-4.742279999999999,0.48,0.16486600000000007,0.23549900000000004,0.004743687,0.15940000000000001,0.64726,129.54112000000003,3.94
std,0.11055786000173512,0.12199832718826392,3.529756885887382,1.9989823945891947,0.5046720495044485,0.09789378169157403,0.2246218306057848,0.0318079906453132,0.11209799284554565,0.18530678479158805,39.55994906862036,0.4699109772399582
min,0.484,0.315,0.0,-11.42,0.0,0.0287,0.00915,0.0,0.0462,0.158,79.21,1.0
max,0.9079999999999999,0.935,11.0,-1.8659999999999999,1.0,0.43,0.9309999999999999,0.225,0.5,0.934,194.115,5.0
