,danceability,energy,key,loudness,mode,speechiness,acousticness,instrumentalness,liveness,valence,tempo,time_signature
mean,0.7294999999999999,0.6833199999999998,5.56,-5.610400000000001,0.56,0.13625199999999998,0.2724206,0.0002161046,0.159202,0.5836600000000002,120.98436,3.96
std,0.12010102040382845,0.16645590701321425,3.6986484017813854,2.4857559356116545,0.5014265364224069,0.10273194809397741,0.22902540130406887,0.0007804892342867975,0.11570626160891295,0.19127527017257576,34.674402857745434,0.19794866372215744
min,0.313,0.175,0.0,-12.603,0.0,0.0299,0.00923,0.0,0.0515,0.158,81.308,3.0
max,0.9209999999999999,0.914,11.0,-1.567,1.0,0.45299999999999996,0.9329999999999999,0.00513,0.625,0.9690000000000001,201.80700000000002,4.0
