,danceability,energy,key,loudness,mode,speechiness,acousticness,instrumentalness,liveness,valence,tempo,time_signature
mean,0.73342,0.71262,5.7,-5.377680000000001,0.6,0.115062,0.18797199999999992,0.01203586,0.20805200000000001,0.5754000000000001,113.87307999999999,3.98
std,0.09014593383927587,0.126096317251892,3.376086370884707,1.804746569805437,0.49487165930539356,0.08536346274272484,0.22048687405977946,0.07113104636576187,0.17941917655113046,0.21923801249429573,29.692791953493852,0.14142135623730934
min,0.51,0.37799999999999995,0.0,-9.58,0.0,0.031,0.0010400000000000001,0.0,0.0505,0.161,77.01100000000001,3.0
max,0.922,0.945,11.0,-2.074,1.0,0.405,0.9840000000000001,0.49700000000000005,0.784,0.97,195.99,4.0
