,danceability,energy,key,loudness,mode,speechiness,acousticness,instrumentalness,liveness,valence,tempo,time_signature
mean,0.7135199999999999,0.6653399999999998,5.36,-5.653140000000002,0.5,0.10531599999999999,0.18576160000000003,0.0047402314,0.15548999999999996,0.5345679999999998,116.61115999999998,3.96
std,0.12001585609529149,0.16519680409025067,3.75668112317568,1.8693350668740198,0.5050762722761054,0.09328393863984981,0.21974726863116442,0.027110374204417375,0.11215222936268548,0.22679754654397682,27.568193089478598,0.1979486637221575
min,0.33399999999999996,0.115,0.0,-11.415999999999999,0.0,0.0297,0.00264,0.0,0.0349,0.0834,67.531,3.0
max,0.953,0.9009999999999999,11.0,-1.715,1.0,0.425,0.968,0.191,0.634,0.96,180.054,4.0
