,danceability,energy,key,loudness,mode,speechiness,acousticness,instrumentalness,liveness,valence,tempo,time_signature
mean,0.7182400000000001,0.6862599999999999,5.98,-5.309359999999999,0.62,0.17948799999999998,0.2987647999999999,0.0004049435999999999,0.14989799999999998,0.597748,127.89848000000002,4.02
std,0.1251493083790522,0.14735931512836928,3.443360958987244,1.926279407965267,0.4903143514780145,0.11297736750051728,0.23277295957026886,0.001691653444208081,0.12985429116780808,0.23006558003831717,32.61447817053534,0.3187987657774485
min,0.47100000000000003,0.179,0.0,-11.134,0.0,0.0337,0.00112,0.0,0.0161,0.0564,87.866,3.0
max,0.966,0.873,11.0,-1.9480000000000002,1.0,0.45799999999999996,0.94,0.0107,0.737,0.9670000000000001,190.118,5.0
