,danceability,energy,key,loudness,mode,speechiness,acousticness,instrumentalness,liveness,valence,tempo,time_signature
mean,0.65608,0.5982,6.02,-7.710479999999998,0.54,0.12006800000000001,0.23773792,0.0283928802,0.194772,0.46936000000000005,120.02438000000002,4.02
std,0.1755348491477009,0.20897985353539097,3.5998299279554966,3.5216005129857115,0.5034574339058886,0.11419456979834275,0.28840915032752784,0.1173592036064494,0.17022670842504267,0.2353383799154411,25.827816530442604,0.5146823867043384
min,0.205,0.0333,0.0,-22.666,0.0,0.0318,0.0007059999999999999,0.0,0.0353,0.0377,68.685,1.0
max,0.96,0.9570000000000001,11.0,-2.8139999999999996,1.0,0.45,0.9520000000000001,0.7390000000000001,0.836,0.9640000000000001,197.604,5.0
