,danceability,energy,key,loudness,mode,speechiness,acousticness,instrumentalness,liveness,valence,tempo,time_signature
mean,0.6720800000000001,0.6063599999999999,5.4,-6.534299999999999,0.72,0.099122,0.2593220000000001,0.0035770401999999997,0.15919000000000005,0.49825400000000003,124.63043999999998,3.96
std,0.13728784597720667,0.18471144180773935,3.505098327538657,2.697592322189306,0.4535573676110727,0.08927784488749212,0.237778229363379,0.013775077525761693,0.11475592777361734,0.18689207101469893,26.127808447939998,0.1979486637221575
min,0.312,0.10400000000000001,0.0,-15.359000000000002,0.0,0.0308,0.005520000000000001,0.0,0.0222,0.0747,89.95,3.0
max,0.9209999999999999,0.9209999999999999,11.0,-1.936,1.0,0.46399999999999997,0.9790000000000001,0.0734,0.625,0.927,180.08,4.0
