,danceability,energy,key,loudness,mode,speechiness,acousticness,instrumentalness,liveness,valence,tempo,time_signature
mean,0.69298,0.6311000000000002,4.62,-6.8458,0.54,0.11547199999999998,0.21312960000000009,0.04054111219999999,0.162716,0.47286199999999995,119.93979999999999,3.98
std,0.14144711133891158,0.18918603844590945,3.942908902351778,3.4115454933301455,0.5034574339058886,0.09559312809389339,0.24904655149606394,0.15165045536300828,0.08835152045860296,0.19912231180142237,25.707954689677866,0.14142135623730942
min,0.248,0.19699999999999998,0.0,-22.482,0.0,0.0295,0.00107,0.0,0.0574,0.0781,75.014,3.0
max,0.9079999999999999,0.992,11.0,-2.6519999999999997,1.0,0.35700000000000004,0.909,0.94,0.406,0.892,202.00599999999997,4.0
