,danceability,energy,key,loudness,mode,speechiness,acousticness,instrumentalness,liveness,valence,tempo,time_signature
mean,0.6740200000000001,0.66858,5.18,-6.210919999999999,0.6,0.09265600000000002,0.20005161999999996,0.0589393016,0.18187400000000004,0.47719000000000006,122.33044,3.96
std,0.14093123087781037,0.17433208867806624,3.8845061146948967,2.076096885789214,0.49487165930539356,0.07893722682987944,0.23021133901885166,0.18192500733869754,0.14043253708976916,0.21229890581009422,25.294652944809652,0.44994330708638913
min,0.391,0.13699999999999998,0.0,-13.311,0.0,0.0261,0.00043099999999999996,0.0,0.0222,0.0805,79.992,1.0
max,0.9470000000000001,0.978,11.0,-2.7289999999999996,1.0,0.33,0.9279999999999999,0.777,0.898,0.887,179.972,5.0
