,danceability,energy,key,loudness,mode,speechiness,acousticness,instrumentalness,liveness,valence,tempo,time_signature
mean,0.69556,0.6168999999999998,4.92,-6.8566800000000026,0.7,0.082744,0.236868008,0.083379331,0.14410399999999995,0.5537800000000002,118.61426,3.94
std,0.15083037641330604,0.1907205723950457,3.7023985606685854,4.058079129593312,0.4629100498862757,0.057717857598097715,0.251584793312256,0.21201782632404817,0.11996444874739061,0.21648172755996506,20.4046321819836,0.23989793748209529
min,0.306,0.10400000000000001,0.0,-19.558,0.0,0.0304,8.14e-05,0.0,0.0222,0.11199999999999999,87.749,3.0
max,0.975,0.9209999999999999,11.0,-1.694,1.0,0.24,0.9790000000000001,0.873,0.764,0.966,173.827,4.0
