,danceability,energy,key,loudness,mode,speechiness,acousticness,instrumentalness,liveness,valence,tempo,time_signature
mean,0.6691800000000001,0.68084,5.64,-6.30824,0.6,0.114292,0.20878815600000006,0.0711777266,0.206836,0.524706,125.43074000000003,4.02
std,0.14650899394276942,0.1443824795747852,3.5614718351621226,1.845153149553208,0.49487165930539356,0.11181399247985788,0.2360325252152124,0.21784646599774757,0.16750279895316034,0.21757359384533662,23.668692329837107,0.2466096643090295
min,0.345,0.35,0.0,-10.175,0.0,0.0293,8.98e-05,0.0,0.0232,0.0793,75.995,3.0
max,0.98,0.9329999999999999,11.0,-2.384,1.0,0.5529999999999999,0.9590000000000001,0.9109999999999999,0.9229999999999999,0.945,189.99200000000002,5.0
