,danceability,energy,key,loudness,mode,speechiness,acousticness,instrumentalness,liveness,valence,tempo,time_signature
mean,0.694,0.63906,5.74,-6.4683199999999985,0.72,0.09024599999999999,0.26061002000000005,0.0180017196,0.17559600000000003,0.4853200000000002,118.36011999999995,3.96
std,0.13941422642833926,0.1964526644964509,3.9373149454408436,2.6291944404540124,0.4535573676110727,0.07365558906152335,0.2767042488201474,0.09949662274178452,0.11447196780105119,0.18569916861550512,22.378936739200615,0.4499433070863892
min,0.348,0.11900000000000001,0.0,-16.672,0.0,0.0271,0.00043099999999999996,0.0,0.0222,0.1,79.992,1.0
max,0.9470000000000001,0.996,11.0,-2.7289999999999996,1.0,0.33,0.9279999999999999,0.7,0.614,0.8240000000000001,172.065,5.0
