,danceability,energy,key,loudness,mode,speechiness,acousticness,instrumentalness,liveness,valence,tempo,time_signature
mean,0.66366,0.6179000000000001,5.42,-7.130339999999998,0.6,0.11970000000000003,0.28613220000000006,0.07406862019999999,0.16793799999999998,0.4832019999999999,122.52570000000001,4.0
std,0.14401298269139998,0.2130447160114706,3.4939598025794196,3.6504001548055087,0.49487165930539356,0.11526012992800418,0.2505029750386699,0.2465493510289854,0.13086453798505085,0.21779966594490976,27.91788061897074,0.2857142857142857
min,0.319,0.038,0.0,-23.587,0.0,0.0301,0.0020399999999999997,0.0,0.0419,0.0727,74.96300000000001,3.0
max,0.87,0.9590000000000001,11.0,-3.083,1.0,0.5760000000000001,0.991,0.963,0.6579999999999999,0.927,177.91299999999998,5.0
