,danceability,energy,key,loudness,mode,speechiness,acousticness,instrumentalness,liveness,valence,tempo,time_signature
mean,0.7195199999999998,0.6308000000000001,4.66,-6.865900000000002,0.52,0.126536,0.23565448000000003,0.058312804800000013,0.157148,0.54586,123.25562000000005,4.0
std,0.13380678119541456,0.15199449506680252,3.159759742868603,2.9019088246412243,0.5046720495044485,0.120649693217469,0.21553550838794663,0.16646724452838174,0.1370455015157896,0.2294586361728094,24.705089687862017,0.0
min,0.36700000000000005,0.146,0.0,-21.465999999999998,0.0,0.0278,0.000143,0.0,0.0485,0.131,78.616,4.0
max,0.978,0.953,11.0,-1.865,1.0,0.48100000000000004,0.924,0.81,0.795,0.9159999999999999,188.115,4.0
