,danceability,energy,key,loudness,mode,speechiness,acousticness,instrumentalness,liveness,valence,tempo,time_signature
mean,0.68552,0.555058,5.52,-8.254940000000001,0.52,0.13949000000000003,0.3213744559999999,0.069121883,0.16419599999999998,0.46279400000000004,118.44496,4.02
std,0.19636151998447215,0.18339037440522823,3.7101075401103496,4.241838864868656,0.5046720495044485,0.12000601047872729,0.32131864451322645,0.23420049694905928,0.11716785440607184,0.21412815008107378,26.942903129759273,0.2466096643090295
min,0.17,0.0119,0.0,-27.588,0.0,0.0274,6.28e-05,0.0,0.0489,0.0387,62.619,3.0
max,0.958,0.894,11.0,-2.3169999999999997,1.0,0.494,0.995,0.9670000000000001,0.552,0.898,200.125,5.0
