,danceability,energy,key,loudness,mode,speechiness,acousticness,instrumentalness,liveness,valence,tempo,time_signature
mean,0.6872599999999999,0.6450999999999999,4.84,-6.720020000000001,0.58,0.15502599999999997,0.20806414000000004,0.0548744206,0.141844,0.51238,127.01970000000003,3.94
std,0.16478443680228086,0.17647318695565542,3.4128209649460826,2.656016639132168,0.4985693819032897,0.18737644942734932,0.2233692280648481,0.1809115543379632,0.09730683462792385,0.21485779730143495,30.37253982327336,0.469910977239958
min,0.294,0.225,0.0,-14.905999999999999,0.0,0.0287,0.000118,0.0,0.0459,0.175,75.453,1.0
max,0.9490000000000001,0.946,11.0,-2.188,1.0,0.902,0.823,0.872,0.442,0.961,204.077,5.0
