,danceability,energy,key,loudness,mode,speechiness,acousticness,instrumentalness,liveness,valence,tempo,time_signature
mean,0.6615599999999999,0.6913800000000001,4.58,-6.1039200000000005,0.66,0.12394599999999999,0.21299095999999998,0.027256344999999994,0.14272200000000002,0.4345779999999999,117.01482,3.94
std,0.13164363770018955,0.1476117204018705,3.692739705234076,1.9718961747723005,0.47851812069840666,0.11509189444677212,0.21760884938197092,0.11405414055364464,0.10303964818437213,0.23665848492229113,27.52071133223567,0.23989793748209529
min,0.381,0.318,0.0,-12.390999999999998,0.0,0.0242,0.000718,0.0,0.0237,0.0577,68.976,3.0
max,0.9309999999999999,0.996,11.0,-2.258,1.0,0.46299999999999997,0.6970000000000001,0.574,0.462,0.8759999999999999,191.97400000000002,4.0
