,danceability,energy,key,loudness,mode,speechiness,acousticness,instrumentalness,liveness,valence,tempo,time_signature
mean,0.6847,0.64314,4.94,-6.549440000000001,0.54,0.09431400000000002,0.22694178000000004,0.028213756399999998,0.14625000000000005,0.48134,122.17317999999999,4.02
std,0.14034611007165426,0.17953795687593108,3.877775503706069,3.471116594799702,0.5034574339058886,0.07633217154152565,0.24076804063300578,0.09763414119939355,0.07651411034333898,0.20083454556892733,27.14280208918477,0.14142135623730945
min,0.248,0.204,0.0,-22.482,0.0,0.0295,0.000749,0.0,0.0574,0.13699999999999998,83.875,4.0
max,0.909,0.9470000000000001,11.0,-2.6519999999999997,1.0,0.33399999999999996,0.909,0.439,0.406,0.966,202.00599999999997,5.0
