,danceability,energy,key,loudness,mode,speechiness,acousticness,instrumentalness,liveness,valence,tempo,time_signature
mean,0.6872599999999999,0.6221800000000001,5.22,-6.5215,0.7,0.09791999999999998,0.26476116199999994,0.046397318599999994,0.17587999999999998,0.5025600000000001,120.27489999999997,3.88
std,0.15408185076346234,0.21042509840990056,3.6938448527135472,2.9510448460966283,0.46291004988627565,0.091607040100193,0.2651378833169601,0.17199651406440014,0.16068327954871536,0.21220871127938443,24.059139964822908,0.47979587496419057
min,0.306,0.13699999999999998,0.0,-19.558,0.0,0.0293,7.809999999999999e-05,0.0,0.0222,0.106,68.482,1.0
max,0.975,0.958,11.0,-1.936,1.0,0.457,0.9279999999999999,0.871,0.866,0.966,179.505,4.0
