,danceability,energy,key,loudness,mode,speechiness,acousticness,instrumentalness,liveness,valence,tempo,time_signature
mean,0.67202,0.66336,4.94,-6.0224,0.7,0.13329600000000003,0.22112391999999997,0.0270559488,0.238408,0.5379020000000001,114.43265999999998,4.0
std,0.1271904389295911,0.15406926086295455,3.5651945591928023,1.9516094875350285,0.4629100498862757,0.11648376774013956,0.2487131431485892,0.12123920166660711,0.1841469364947681,0.1883996473955711,25.054729272591576,0.20203050891044214
min,0.385,0.268,0.0,-10.854000000000001,0.0,0.027000000000000003,0.00014,0.0,0.0423,0.0901,75.666,3.0
max,0.922,0.925,11.0,-2.126,1.0,0.46399999999999997,0.8390000000000001,0.679,0.7240000000000001,0.847,179.524,5.0
