,danceability,energy,key,loudness,mode,speechiness,acousticness,instrumentalness,liveness,valence,tempo,time_signature
mean,0.67022,0.70498,4.48,-5.682039999999998,0.56,0.119214,0.16709335200000003,0.032079527000000004,0.21199200000000007,0.5363060000000001,117.15081999999998,3.98
std,0.15976236051315307,0.14714167683299145,3.5412438723230157,1.807214588751407,0.5014265364224069,0.11427951770701056,0.16949924736264207,0.14551067994960032,0.15421742647499806,0.22066283303182857,28.140326241302514,0.14142135623730945
min,0.18899999999999997,0.308,0.0,-8.891,0.0,0.0295,3.12e-05,0.0,0.0583,0.0793,75.135,3.0
max,0.9309999999999999,0.93,11.0,-2.867,1.0,0.486,0.733,0.888,0.8079999999999999,0.9179999999999999,199.669,4.0
