,danceability,energy,key,loudness,mode,speechiness,acousticness,instrumentalness,liveness,valence,tempo,time_signature
mean,0.6721,0.69014,6.1,-5.683440000000001,0.72,0.10210799999999999,0.2353576,0.014389687,0.15155600000000002,0.4900800000000002,119.12837999999999,4.02
std,0.11697291680259209,0.13370772419798374,3.615443067098219,1.6425293481675867,0.4535573676110727,0.08364543692495933,0.2362154484533135,0.09895266756887319,0.11264397075271616,0.1863609444938855,23.386261951777218,0.2466096643090295
min,0.414,0.307,0.0,-9.753,0.0,0.0311,0.00175,0.0,0.0237,0.1,79.992,3.0
max,0.884,0.9640000000000001,11.0,-1.746,1.0,0.342,0.7859999999999999,0.7,0.518,0.907,180.01,5.0
