,danceability,energy,key,loudness,mode,speechiness,acousticness,instrumentalness,liveness,valence,tempo,time_signature
mean,0.64116,0.6494399999999998,5.4,-6.761259999999998,0.62,0.10786800000000002,0.25787882,0.0546797558,0.24921600000000005,0.5033000000000002,123.23040000000005,3.92
std,0.16300436453402978,0.18974754011473202,3.7904283318347427,3.1271127050037575,0.49031435147801455,0.1115159079710704,0.2679775771304794,0.21195803339984193,0.25189280710132983,0.19430149620775294,28.362843400390975,0.44446711960297214
min,0.285,0.13699999999999998,0.0,-15.534,0.0,0.0251,0.000811,0.0,0.0222,0.106,67.479,1.0
max,0.975,0.9440000000000001,11.0,-1.936,1.0,0.508,0.9279999999999999,0.9420000000000001,0.96,0.9229999999999999,175.69299999999998,4.0
