,danceability,energy,key,loudness,mode,speechiness,acousticness,instrumentalness,liveness,valence,tempo,time_signature
mean,0.59132,0.639,5.84,-6.88742,0.6,0.102196,0.259992584,0.0676573594,0.18311999999999998,0.46736200000000006,117.35031999999997,3.96
std,0.1605353848717421,0.19416498349683586,3.8298505325979524,2.752524422698375,0.4948716593053935,0.08973943223555175,0.2793689381572364,0.1981585373189309,0.1388274894850969,0.23561606861977122,29.22778725623119,0.4499433070863891
min,0.294,0.125,0.0,-17.201,0.0,0.0274,1.22e-05,0.0,0.0308,0.0681,75.548,1.0
max,0.9129999999999999,0.9620000000000001,11.0,-3.094,1.0,0.371,0.9209999999999999,0.935,0.687,0.9570000000000001,206.93099999999998,5.0
