,danceability,energy,key,loudness,mode,speechiness,acousticness,instrumentalness,liveness,valence,tempo,time_signature
mean,0.6138000000000001,0.6173600000000001,5.88,-7.245580000000001,0.6,0.10432200000000001,0.25644483540000007,0.09822900479999999,0.156808,0.46531399999999984,117.39218000000002,3.9
std,0.16226823346495375,0.2108818955660988,4.063978145530181,2.8653953396788134,0.4948716593053935,0.10213758885514605,0.2949310105034316,0.25340166880653375,0.08908891875479216,0.23420048799161416,30.75252391280681,0.30304576336566325
min,0.22399999999999998,0.139,0.0,-15.102,0.0,0.0232,2.57e-06,0.0,0.0595,0.066,50.071999999999996,3.0
max,0.8740000000000001,0.975,11.0,-1.68,1.0,0.431,0.925,0.953,0.478,0.9540000000000001,189.891,4.0
