,danceability,energy,key,loudness,mode,speechiness,acousticness,instrumentalness,liveness,valence,tempo,time_signature
mean,0.6360200000000001,0.6796799999999997,5.18,-6.647379999999996,0.56,0.141754,0.22321847999999997,0.0575249124,0.14967,0.45554599999999984,126.12848,3.96
std,0.16363005686671406,0.17810400996986828,3.6739013351488037,4.496134747644869,0.5014265364224069,0.1554057601564238,0.2516394139066357,0.18614212073078654,0.08066871343049059,0.2089993645239826,25.310712492281578,0.2828427124746189
min,0.162,0.113,0.0,-34.475,0.0,0.0283,0.00011499999999999999,0.0,0.0404,0.0483,78.457,3.0
max,0.9390000000000001,0.986,11.0,-3.045,1.0,0.9540000000000001,0.9,0.922,0.363,0.7879999999999999,197.923,5.0
