,danceability,energy,key,loudness,mode,speechiness,acousticness,instrumentalness,liveness,valence,tempo,time_signature
mean,0.6995,0.6740800000000003,5.44,-5.96918,0.7,0.106754,0.2549176000000001,0.027863101,0.14403800000000008,0.49706000000000006,124.34337999999998,3.94
std,0.12671505073049788,0.1741106661914561,3.6820579871056025,2.5841197900615507,0.4629100498862757,0.09342835563539954,0.25427286797855725,0.1333963912602814,0.09909702293763442,0.20844608856185023,22.99327018924255,0.5115003939990901
min,0.409,0.13699999999999998,0.0,-17.035,0.0,0.0283,0.0015300000000000001,0.0,0.0237,0.106,84.235,1.0
max,0.9109999999999999,0.9640000000000001,11.0,-1.746,1.0,0.345,0.9279999999999999,0.7,0.495,0.9009999999999999,180.049,5.0
