,danceability,energy,key,loudness,mode,speechiness,acousticness,instrumentalness,liveness,valence,tempo,time_signature
mean,0.6737199999999999,0.6788000000000001,4.98,-5.9741,0.6,0.10451999999999999,0.23896544000000003,0.06620209020000001,0.140216,0.4434159999999999,122.97908,4.02
std,0.12608096524027076,0.15066939074052982,3.484601695974999,1.9535394382337652,0.49487165930539356,0.09122644398217358,0.23759250793796388,0.2053366692946023,0.10514297624216858,0.21437696662749978,25.515178112565046,0.2466096643090295
min,0.414,0.307,0.0,-13.929,0.0,0.0298,0.000252,0.0,0.0237,0.0376,79.992,3.0
max,0.9309999999999999,0.9640000000000001,11.0,-1.746,1.0,0.41200000000000003,0.838,0.8490000000000001,0.48100000000000004,0.8540000000000001,180.01,5.0
