,danceability,energy,key,loudness,mode,speechiness,acousticness,instrumentalness,liveness,valence,tempo,time_signature
mean,0.69526,0.63896,5.56,-6.916439999999997,0.56,0.15667200000000003,0.2741933999999999,0.0075756762,0.17490199999999995,0.5778600000000003,126.92069999999994,3.88
std,0.1416235034685058,0.18544903695118625,3.32068348017546,2.6257670611826627,0.5014265364224069,0.1333908635001143,0.25598089440512733,0.03385957404203009,0.11224510623394407,0.21752156918619472,32.05685724169302,0.6590035768383311
min,0.359,0.114,0.0,-13.955,0.0,0.028999999999999998,0.00237,0.0,0.0618,0.12,68.53399999999999,1.0
max,0.9740000000000001,0.919,11.0,-2.592,1.0,0.5670000000000001,0.961,0.172,0.48200000000000004,0.94,210.16400000000002,5.0
