,danceability,energy,key,loudness,mode,speechiness,acousticness,instrumentalness,liveness,valence,tempo,time_signature
mean,0.6915399999999998,0.6613400000000001,4.92,-5.9496400000000005,0.46,0.12708,0.22423421999999998,0.011219334599999999,0.156384,0.5125920000000002,119.76677999999998,3.98
std,0.12966380547006784,0.15465915255615414,3.6356511361341406,2.7812657136267864,0.5034574339058886,0.1273733849109517,0.2112787081776001,0.039804972868208124,0.11054153593716227,0.24016932533663216,26.282049288199484,0.24660966430902945
min,0.45,0.235,0.0,-16.541,0.0,0.0282,0.000391,0.0,0.0286,0.0681,71.884,3.0
max,0.903,0.993,11.0,-0.7559999999999999,1.0,0.46299999999999997,0.818,0.231,0.627,0.9740000000000001,188.115,5.0
