,danceability,energy,key,loudness,mode,speechiness,acousticness,instrumentalness,liveness,valence,tempo,time_signature
mean,0.6156599999999999,0.6587199999999999,5.76,-6.7648199999999985,0.6,0.11437800000000004,0.19177739399999996,0.07545383279999998,0.187566,0.4970939999999998,130.68354,3.98
std,0.1442654313890807,0.1796198979932403,3.4199892588445717,2.7521656829723415,0.49487165930539356,0.12273753362025683,0.23022918702362158,0.1998537185273588,0.15894154439508218,0.20648550120568576,30.07125380961095,0.24660966430902945
min,0.33399999999999996,0.307,0.0,-15.042,0.0,0.0261,2.95e-05,0.0,0.0536,0.0397,75.01899999999999,3.0
max,0.8690000000000001,0.956,11.0,-2.984,1.0,0.48700000000000004,0.7490000000000001,0.91,0.6990000000000001,0.905,196.12099999999998,5.0
