,danceability,energy,key,loudness,mode,speechiness,acousticness,instrumentalness,liveness,valence,tempo,time_signature
mean,0.69706,0.63234,5.02,-6.747720000000002,0.48,0.12480800000000004,0.26138266,0.030269559799999995,0.15909800000000004,0.49527,124.93774000000002,4.0
std,0.1432056335113523,0.17257623101170125,3.2229407283993776,2.487935592381108,0.5046720495044484,0.141121704372141,0.26767540683977903,0.11357725381883972,0.115508744240072,0.22660249854522518,26.208648053033087,0.0
min,0.318,0.16899999999999998,0.0,-14.043,0.0,0.0275,0.000143,0.0,0.0626,0.0374,71.975,4.0
max,0.978,0.93,11.0,-1.865,1.0,0.6609999999999999,0.9359999999999999,0.6970000000000001,0.6940000000000001,0.877,204.03099999999998,4.0
