,danceability,energy,key,loudness,mode,speechiness,acousticness,instrumentalness,liveness,valence,tempo,time_signature
mean,0.7516999999999999,0.6625399999999999,5.14,-6.500620000000001,0.62,0.172308,0.1818244,0.0135827038,0.15460200000000002,0.5214940000000001,120.94262,3.98
std,0.1010062131853324,0.12876306511875021,3.446441524772105,1.9089010396517874,0.4903143514780145,0.1683808097068993,0.17715440843731636,0.0835380884996693,0.10222278688816733,0.19080847798090034,22.63890206457433,0.1414213562373095
min,0.542,0.391,0.0,-12.777999999999999,0.0,0.0287,0.000143,0.0,0.0523,0.0857,71.975,3.0
max,0.978,0.905,11.0,-3.0460000000000003,1.0,0.902,0.701,0.588,0.525,0.877,179.97400000000002,4.0
