,danceability,energy,key,loudness,mode,speechiness,acousticness,instrumentalness,liveness,valence,tempo,time_signature
mean,0.6942999999999999,0.56042,5.64,-7.298979999999999,0.54,0.127664,0.3095136,0.0542173586,0.19933800000000004,0.466618,112.07619999999999,4.02
std,0.16261940667881994,0.17726770830628816,3.5153308550416935,3.7626036496130753,0.5034574339058886,0.11461616468964257,0.31069796471263117,0.19542970319415495,0.15700792374389055,0.22966397076012185,20.34881263045556,0.2466096643090295
min,0.17,0.131,0.0,-21.958000000000002,0.0,0.0279,0.00122,0.0,0.0489,0.0387,62.948,3.0
max,0.946,0.905,11.0,-2.6039999999999996,1.0,0.444,0.975,0.904,0.79,0.903,171.017,5.0
