,danceability,energy,key,loudness,mode,speechiness,acousticness,instrumentalness,liveness,valence,tempo,time_signature
mean,0.63206,0.6806399999999999,5.46,-6.07922,0.5,0.083066,0.153279,0.03554911,0.1853500000000001,0.4456620000000002,116.03586000000001,3.98
std,0.13400097623768664,0.14980732659666823,3.5353030063827307,2.178241720156092,0.5050762722761054,0.06643446858616792,0.1867007681438676,0.14406126690081503,0.13449272986951782,0.19387023315104568,27.49084783735734,0.2466096643090295
min,0.331,0.301,0.0,-11.975,0.0,0.0288,0.0026100000000000003,0.0,0.0562,0.0681,73.483,3.0
max,0.893,0.9390000000000001,11.0,-1.925,1.0,0.295,0.79,0.8859999999999999,0.667,0.872,195.74,5.0
