,danceability,energy,key,loudness,mode,speechiness,acousticness,instrumentalness,liveness,valence,tempo,time_signature
mean,0.6593200000000001,0.6413000000000001,6.14,-6.624219999999999,0.6,0.11715,0.24610454020000003,0.06903063720000001,0.18098800000000004,0.4789419999999999,121.76463999999996,4.0
std,0.1404544286614425,0.1769458870354875,3.0034673839631774,2.2578262282874775,0.49487165930539356,0.11051802004696808,0.24435979331687682,0.2136112062213765,0.15619872695396983,0.22248188927897675,23.2133499949965,0.2857142857142857
min,0.256,0.267,0.0,-13.020999999999999,0.0,0.0239,6.11e-06,0.0,0.0232,0.0778,71.91199999999999,3.0
max,0.956,0.9440000000000001,11.0,-2.9210000000000003,1.0,0.43799999999999994,0.8390000000000001,0.9109999999999999,0.9229999999999999,0.9470000000000001,175.985,5.0
