,danceability,energy,key,loudness,mode,speechiness,acousticness,instrumentalness,liveness,valence,tempo,time_signature
mean,0.68026,0.6496200000000002,5.6,-6.346139999999999,0.56,0.11883999999999997,0.2313082,0.055407012000000005,0.17059800000000006,0.5062,119.92572000000001,3.96
std,0.16625340996963225,0.16947203610155914,3.1493439550069433,2.275892280815933,0.5014265364224069,0.11551550651275334,0.2579913422481879,0.18418160934584926,0.15441492273503005,0.2326867036184413,26.66123728779139,0.1979486637221575
min,0.29600000000000004,0.297,0.0,-14.040999999999999,0.0,0.0279,1.89e-05,0.0,0.0625,0.11900000000000001,71.884,3.0
max,0.978,0.953,11.0,-1.865,1.0,0.467,0.8340000000000001,0.924,0.795,0.915,188.115,4.0
