,danceability,energy,key,loudness,mode,speechiness,acousticness,instrumentalness,liveness,valence,tempo,time_signature
mean,0.6248,0.6301,5.14,-7.218319999999998,0.6,0.10014400000000002,0.2688334102,0.0747687684,0.19244800000000006,0.441874,116.85244,3.98
std,0.1713546269094164,0.19213900686529967,3.5571715432004547,3.0125519010856383,0.4948716593053936,0.10129921159312029,0.3098940573844706,0.2075332993742285,0.13667521197110666,0.2296334175442703,29.820334822139234,0.3187987657774485
min,0.24100000000000002,0.11599999999999999,0.0,-20.438,0.0,0.0276,4.51e-06,0.0,0.0573,0.0572,64.01899999999999,3.0
max,0.9279999999999999,0.9790000000000001,11.0,-2.701,1.0,0.389,0.991,0.919,0.5770000000000001,0.948,183.53799999999998,5.0
