,danceability,energy,key,loudness,mode,speechiness,acousticness,instrumentalness,liveness,valence,tempo,time_signature
mean,0.6821199999999998,0.65668,4.56,-6.65528,0.6,0.10562000000000003,0.20719444000000006,0.0697066308,0.15629200000000001,0.479002,125.77398000000001,3.98
std,0.13903804207071221,0.2027253535687923,3.881720636784778,3.3632134660112167,0.49487165930539356,0.08161629239112414,0.2594303005788944,0.2021573487816611,0.09086425363009977,0.1968380568085432,26.31921947115872,0.14142135623730948
min,0.248,0.19699999999999998,0.0,-22.482,0.0,0.0295,0.000653,0.0,0.0388,0.0781,83.875,3.0
max,0.909,0.96,11.0,-2.6519999999999997,1.0,0.33399999999999996,0.909,0.94,0.435,0.892,202.00599999999997,4.0
