,danceability,energy,key,loudness,mode,speechiness,acousticness,instrumentalness,liveness,valence,tempo,time_signature
mean,0.62824,0.6733,5.3,-6.439639999999998,0.58,0.07869799999999998,0.21292684,0.006365545400000001,0.169102,0.454418,117.50379999999996,3.94
std,0.142323798689711,0.18844522291853497,3.845219666769935,2.356325293367464,0.4985693819032897,0.06051440877499965,0.2780465240216185,0.018790986556558004,0.10190057877707091,0.231146636636944,25.23504042689329,0.31363569143000214
min,0.264,0.249,0.0,-13.102,0.0,0.0263,0.000332,0.0,0.0404,0.0483,73.433,3.0
max,0.929,0.9590000000000001,11.0,-3.09,1.0,0.282,0.9,0.111,0.43,0.8759999999999999,180.053,5.0
