,danceability,energy,key,loudness,mode,speechiness,acousticness,instrumentalness,liveness,valence,tempo,time_signature
mean,0.6266400000000002,0.5658259999999998,5.56,-7.650999999999999,0.54,0.07996800000000001,0.3495393999999999,0.039257457800000006,0.20450799999999997,0.4203079999999999,123.60372,3.88
std,0.14879416819820568,0.24052483669115365,3.8447419700581382,3.988508436874668,0.5034574339058886,0.08167418206707999,0.31583987953346593,0.18303352636444564,0.17731423143500852,0.18951822037224078,25.78252627545427,0.4797958749641905
min,0.319,0.0499,0.0,-24.677,0.0,0.0263,0.00196,0.0,0.0519,0.0727,70.705,1.0
max,0.9009999999999999,0.9620000000000001,11.0,-2.95,1.0,0.442,0.995,0.937,0.764,0.7609999999999999,179.847,4.0
