,danceability,energy,key,loudness,mode,speechiness,acousticness,instrumentalness,liveness,valence,tempo,time_signature
mean,0.7044799999999999,0.5967899999999999,5.88,-7.05568,0.46,0.09141200000000001,0.28824839999999996,0.0417348408,0.19892200000000002,0.5091439999999999,120.67497999999999,3.94
std,0.1499155190670494,0.175312202271565,3.6847174731779444,3.147848487394499,0.5034574339058886,0.08078541654612305,0.2960279598443915,0.16304853900976812,0.16540411278602055,0.2183777331850031,23.268347363755947,0.4699109772399583
min,0.295,0.0285,0.0,-22.689,0.0,0.0282,0.00122,0.0,0.0606,0.0836,62.474,1.0
max,0.934,0.894,11.0,-2.3169999999999997,1.0,0.41600000000000004,0.993,0.9309999999999999,0.857,0.898,202.81,5.0
