,danceability,energy,key,loudness,mode,speechiness,acousticness,instrumentalness,liveness,valence,tempo,time_signature
mean,0.6248400000000001,0.6255,5.06,-7.362500000000001,0.6,0.07154,0.191574664,0.027852582400000003,0.16484,0.4948139999999999,123.757,3.96
std,0.13916945477674741,0.17982579438592952,3.588018610740531,3.037010232623727,0.4948716593053935,0.07740577682391855,0.21797249075852068,0.09225237323391798,0.09800388163907862,0.24066261252073645,26.851927391773224,0.282842712474619
min,0.258,0.19699999999999998,0.0,-15.93,0.0,0.0235,4.22e-05,0.0,0.0581,0.0967,71.98100000000001,3.0
max,0.922,0.951,11.0,-2.525,1.0,0.382,0.794,0.512,0.43,0.965,197.82,5.0
