,danceability,energy,key,loudness,mode,speechiness,acousticness,instrumentalness,liveness,valence,tempo,time_signature
mean,0.64914,0.611642,5.5,-6.76434,0.5,0.10942400000000002,0.247709388,0.044736428,0.146728,0.473152,118.61557999999997,3.94
std,0.14487630332565132,0.17024197675361857,3.775592938972146,3.0493035913540814,0.5050762722761054,0.11948573915419569,0.2549985236619301,0.17385021383015054,0.1062735112810337,0.20702110238488503,28.773062161802287,0.2398979374820953
min,0.182,0.0651,0.0,-16.541,0.0,0.0282,5.539999999999999e-05,0.0,0.0566,0.038,60.812,3.0
max,0.9,0.9540000000000001,11.0,-1.865,1.0,0.478,0.946,0.8859999999999999,0.647,0.887,188.115,4.0
