,danceability,energy,key,loudness,mode,speechiness,acousticness,instrumentalness,liveness,valence,tempo,time_signature
mean,0.6414799999999998,0.7084199999999997,4.3,-5.76018,0.66,0.128036,0.14384799999999998,0.0396335284,0.18916600000000003,0.496466,123.32409999999999,4.0
std,0.11902139063450495,0.12928628097744785,3.4360038488016267,1.9402568595999063,0.47851812069840666,0.13913406361183756,0.17764443008092176,0.1720377839426432,0.1645611078236995,0.2183494686347123,27.14697115081654,0.0
min,0.35100000000000003,0.29600000000000004,0.0,-10.109,0.0,0.0323,0.00144,0.0,0.0403,0.0793,72.98899999999999,4.0
max,0.8809999999999999,0.9129999999999999,11.0,-2.552,1.0,0.6809999999999999,0.934,0.9109999999999999,0.9229999999999999,0.978,200.00799999999998,4.0
