,danceability,energy,key,loudness,mode,speechiness,acousticness,instrumentalness,liveness,valence,tempo,time_signature
mean,0.72788,0.6773600000000001,5.52,-5.886460000000002,0.56,0.128186,0.251647108,0.012775154199999998,0.175542,0.5899559999999998,122.58330000000002,4.0
std,0.13893746060434412,0.1686759675852382,4.021574470837235,3.236267932514304,0.5014265364224069,0.09676900964963646,0.21596202258876948,0.05552967099905136,0.16921184535416917,0.22873967215226684,32.729265342927505,0.0
min,0.38799999999999996,0.131,0.0,-18.435,0.0,0.0286,5.539999999999999e-05,0.0,0.0462,0.0895,74.003,4.0
max,0.9390000000000001,0.9109999999999999,11.0,-1.9980000000000002,1.0,0.375,0.9520000000000001,0.349,0.802,0.9520000000000001,189.993,4.0
