,danceability,energy,key,loudness,mode,speechiness,acousticness,instrumentalness,liveness,valence,tempo,time_signature
mean,0.7269800000000001,0.6651400000000003,5.98,-5.715199999999999,0.56,0.13797000000000004,0.2942646,0.016850494800000004,0.16443400000000005,0.6277299999999999,125.09294000000001,4.04
std,0.11496290262337601,0.16949974534927592,3.920068720763732,2.8767042153925284,0.5014265364224069,0.0992369011558725,0.24954460319656407,0.0832610295886742,0.11853880034720743,0.2136108231703399,36.54809396767219,0.1979486637221575
min,0.42700000000000005,0.159,0.0,-16.541,0.0,0.0287,0.00903,0.0,0.0302,0.0895,74.93,4.0
max,0.89,0.972,11.0,-1.681,1.0,0.38,0.946,0.465,0.634,0.9620000000000001,196.024,5.0
