,danceability,energy,key,loudness,mode,speechiness,acousticness,instrumentalness,liveness,valence,tempo,time_signature
mean,0.7102200000000002,0.6982199999999998,4.86,-5.4201,0.36,0.09789800000000001,0.224952506,0.015706390400000002,0.19017799999999999,0.557576,115.03532,4.02
std,0.15858343455192825,0.14931411759872446,3.464160527929574,1.812892313629336,0.4848732213850611,0.06845458345442157,0.19899942906277282,0.07690783344009827,0.14214604776031428,0.23214685935890686,28.82206314220169,0.14142135623730948
min,0.18899999999999997,0.29600000000000004,0.0,-10.109,0.0,0.0286,1.89e-05,0.0,0.0565,0.0778,75.028,4.0
max,0.903,0.9440000000000001,11.0,-0.9279999999999999,1.0,0.326,0.934,0.539,0.636,0.892,198.468,5.0
