,danceability,energy,key,loudness,mode,speechiness,acousticness,instrumentalness,liveness,valence,tempo,time_signature
mean,0.7323000000000002,0.67214,5.68,-5.346499999999999,0.66,0.12785600000000005,0.25759479999999996,0.04840065660000001,0.15946600000000002,0.6419600000000001,122.34196,3.86
std,0.086369460305535,0.17078534205611587,3.8515303081094543,2.7002673884983603,0.4785181206984066,0.09025397534350564,0.24352423950994684,0.1904279900660532,0.1156922635305245,0.18755994524744482,35.133296480549674,0.4952838806674206
min,0.534,0.218,0.0,-15.177,0.0,0.028999999999999998,0.000292,0.0,0.0469,0.195,75.233,1.0
max,0.9,0.905,11.0,-1.681,1.0,0.327,0.867,0.81,0.667,0.982,189.993,4.0
