,danceability,energy,key,loudness,mode,speechiness,acousticness,instrumentalness,liveness,valence,tempo,time_signature
mean,0.7233799999999998,0.7140000000000002,5.4,-4.853460000000001,0.64,0.10679199999999996,0.204413,0.015491351,0.15327800000000003,0.6106,121.64822,3.96
std,0.09646335668881459,0.12935160120653275,3.708787138784906,1.577388272960551,0.4848732213850611,0.07533737408945096,0.16891860646235418,0.10055555747092756,0.09756415636986396,0.21194627736715718,33.09305653869193,0.1979486637221575
min,0.43700000000000006,0.38,0.0,-10.904000000000002,0.0,0.0298,0.005520000000000001,0.0,0.0406,0.158,79.49600000000001,3.0
max,0.917,0.919,11.0,-1.694,1.0,0.336,0.6629999999999999,0.71,0.413,0.9540000000000001,201.80700000000002,4.0
