,danceability,energy,key,loudness,mode,speechiness,acousticness,instrumentalness,liveness,valence,tempo,time_signature
mean,0.7025400000000002,0.7103400000000001,5.7,-5.064920000000001,0.58,0.12011000000000002,0.22801083539999997,0.006753728800000002,0.156708,0.587894,124.69173999999997,4.0
std,0.1231690741068006,0.1500455182636936,3.5642785571070434,2.068766544073437,0.4985693819032898,0.09446302861707434,0.19559466806580442,0.03937423019768986,0.08971706283235818,0.20403542750598735,31.908344615067037,0.20203050891044214
min,0.425,0.31,0.0,-11.134,0.0,0.0278,1.77e-06,0.0,0.0559,0.0347,79.992,3.0
max,0.9009999999999999,0.997,11.0,-1.0979999999999999,1.0,0.353,0.94,0.276,0.349,0.9209999999999999,192.06799999999998,5.0
