,danceability,energy,key,loudness,mode,speechiness,acousticness,instrumentalness,liveness,valence,tempo,time_signature
mean,0.7032200000000002,0.7082600000000001,5.58,-5.32368,0.5,0.09666200000000001,0.15735149999999998,0.0005366278,0.180394,0.55686,121.03397999999999,4.0
std,0.11407163699775216,0.14399515439693072,3.6982621401332354,1.7907531130328194,0.5050762722761054,0.07447769393501352,0.1696070607413392,0.00210415727563539,0.09970589487823368,0.2007985090195886,28.416413602353128,0.0
min,0.386,0.377,0.0,-9.65,0.0,0.0305,0.00011499999999999999,0.0,0.0601,0.187,75.016,4.0
max,0.929,0.971,11.0,-1.715,1.0,0.368,0.7979999999999999,0.0129,0.419,0.982,180.141,4.0
