,danceability,energy,key,loudness,mode,speechiness,acousticness,instrumentalness,liveness,valence,tempo,time_signature
mean,0.6722599999999999,0.68526,4.94,-5.9162799999999995,0.5,0.103292,0.23211976999999995,0.006196687999999999,0.16684,0.5033939999999998,118.16825999999999,3.98
std,0.1412172750604904,0.17907845846364182,3.966235041971576,2.393411023657087,0.5050762722761054,0.0904469217219668,0.22463683821046812,0.03245158078822411,0.10915033444842981,0.22680707202917857,29.516140870205163,0.14142135623730948
min,0.258,0.251,0.0,-16.169,0.0,0.0312,7.950000000000001e-05,0.0,0.0404,0.0769,74.038,3.0
max,0.929,0.9329999999999999,11.0,-2.082,1.0,0.425,0.804,0.21899999999999997,0.45,0.9440000000000001,196.072,4.0
