,danceability,energy,key,loudness,mode,speechiness,acousticness,instrumentalness,liveness,valence,tempo,time_signature
mean,0.7451599999999999,0.6180599999999999,6.0,-5.768020000000002,0.56,0.12635800000000005,0.26395599999999997,0.029823306999999993,0.152126,0.59268,120.4954,3.88
std,0.11637384515746954,0.14064551038634945,3.3502969713024497,1.9902802129656136,0.5014265364224069,0.10640304984504217,0.23962819482502898,0.1459277020802387,0.10018538084318428,0.19224988415909042,30.222097484578182,0.5205962045225314
min,0.358,0.225,0.0,-14.454,0.0,0.0291,0.00122,0.0,0.0469,0.171,80.002,1.0
max,0.941,0.9009999999999999,11.0,-2.8139999999999996,1.0,0.415,0.902,0.81,0.46,0.93,195.593,5.0
