,danceability,energy,key,loudness,mode,speechiness,acousticness,instrumentalness,liveness,valence,tempo,time_signature
mean,0.6967999999999998,0.6741399999999997,5.42,-5.430100000000001,0.72,0.11568000000000002,0.2830864000000001,0.0157769082,0.16873800000000003,0.5629799999999999,124.77444,3.96
std,0.1309992989543479,0.16962780504651342,3.3992195983123867,2.152717250644982,0.4535573676110727,0.0756295023959107,0.23012546404755396,0.09896511858963156,0.13632462590658898,0.22727969732540237,31.99807700035764,0.19794866372215747
min,0.272,0.179,0.0,-12.148,0.0,0.0298,0.00182,0.0,0.0344,0.11900000000000001,79.992,3.0
max,0.903,0.9640000000000001,11.0,-1.746,1.0,0.345,0.94,0.7,0.737,0.9209999999999999,182.18400000000003,4.0
