,danceability,energy,key,loudness,mode,speechiness,acousticness,instrumentalness,liveness,valence,tempo,time_signature
mean,0.73976,0.6581800000000001,5.18,-5.54118,0.54,0.11194999999999998,0.31141600000000014,0.0002997101999999998,0.161078,0.5660599999999999,123.00544000000002,3.98
std,0.11825992817622077,0.13759860138112165,3.7345054039651484,2.4169088175280633,0.5034574339058886,0.0800698884776064,0.23626912824841356,0.001278147646944498,0.1102729383606598,0.2335157565806397,32.67493700580096,0.1414213562373095
min,0.303,0.157,0.0,-14.402999999999999,0.0,0.0318,0.0139,0.0,0.0515,0.115,89.859,3.0
max,0.8859999999999999,0.887,11.0,-1.3869999999999998,1.0,0.37799999999999995,0.9470000000000001,0.00889,0.612,0.961,189.983,4.0
