,danceability,energy,key,loudness,mode,speechiness,acousticness,instrumentalness,liveness,valence,tempo,time_signature
mean,0.6234000000000002,0.676764,5.94,-6.004020000000001,0.74,0.069432,0.22323916,0.0334437774,0.16423999999999997,0.495128,117.71154,3.92
std,0.1407275555744474,0.1887672173631333,3.5937019739470646,2.839101923898773,0.44308749769345207,0.05390317259982506,0.23919076933706185,0.13333397595673452,0.14849453367249665,0.27271051485831216,29.25394932780662,0.444467119602972
min,0.276,0.0842,0.0,-19.49,0.0,0.0269,0.000153,0.0,0.0497,0.0778,70.429,1.0
max,0.889,0.95,11.0,-2.2119999999999997,1.0,0.302,0.953,0.809,0.836,0.95,189.891,4.0
