,danceability,energy,key,loudness,mode,speechiness,acousticness,instrumentalness,liveness,valence,tempo,time_signature
mean,0.7325800000000001,0.68088,5.56,-5.30398,0.46,0.11055199999999996,0.28398199999999996,0.0001033878,0.14503600000000003,0.6104340000000001,119.92474000000001,3.96
std,0.11743658123534122,0.15611098093134557,3.7370729569697034,2.287868640888105,0.5034574339058886,0.07985697991294392,0.2175979560697073,0.0003016376355103682,0.09669787529058892,0.2188761122047757,33.49207891842426,0.1979486637221575
min,0.313,0.31,0.0,-10.904000000000002,0.0,0.0298,0.0141,0.0,0.0451,0.0727,80.055,3.0
max,0.917,0.914,11.0,-1.694,1.0,0.336,0.912,0.0018100000000000002,0.413,0.9640000000000001,192.07,4.0
