,danceability,energy,key,loudness,mode,speechiness,acousticness,instrumentalness,liveness,valence,tempo,time_signature
mean,0.64506,0.62112,5.44,-6.523359999999999,0.66,0.07544,0.30021030000000004,0.034337381199999996,0.14069400000000004,0.48926399999999987,111.21433999999998,3.84
std,0.13293260683212255,0.21375836443832302,3.7751064318014356,3.5158167614948534,0.4785181206984066,0.06581598341945052,0.2967534281229184,0.13972480718018915,0.0808930041878197,0.22816375945037945,29.760175612282225,0.5095015571464863
min,0.313,0.139,0.0,-22.085,0.0,0.0232,0.0005139999999999999,0.0,0.0456,0.0862,70.429,1.0
max,0.889,0.9570000000000001,11.0,-2.665,1.0,0.302,0.99,0.9009999999999999,0.348,0.9309999999999999,198.632,4.0
