,danceability,energy,key,loudness,mode,speechiness,acousticness,instrumentalness,liveness,valence,tempo,time_signature
mean,0.69158,0.7099599999999998,6.24,-5.14934,0.58,0.12119800000000003,0.261082,0.0012663869999999997,0.15241400000000002,0.59966,120.17055999999998,3.98
std,0.11537801049646529,0.13505992018662058,3.3960361047094003,1.8839075068287492,0.49856938190328975,0.08755190994315246,0.22420976158909037,0.0063286386519800395,0.10266107902676055,0.19250206571910455,32.263576922642436,0.24660966430902945
min,0.433,0.31,0.0,-11.134,0.0,0.0297,0.00124,0.0,0.0499,0.163,80.04,3.0
max,0.903,0.904,11.0,-1.746,1.0,0.353,0.94,0.0443,0.61,0.9209999999999999,192.06799999999998,5.0
