,danceability,energy,key,loudness,mode,speechiness,acousticness,instrumentalness,liveness,valence,tempo,time_signature
mean,0.7136199999999999,0.63286,5.88,-5.831340000000001,0.62,0.11483600000000001,0.2572548,0.04776095260000002,0.15245400000000006,0.5983939999999999,126.47628,3.96
std,0.10149955061728205,0.17867985394017322,4.013446785749228,2.465619296382529,0.4903143514780145,0.10379352101206334,0.23828594593239855,0.19055342573051054,0.07961496939031258,0.22876357674441522,34.44518060009356,0.1979486637221575
min,0.327,0.19399999999999998,0.0,-15.177,0.0,0.0291,0.000292,0.0,0.0469,0.0605,76.469,3.0
max,0.9,0.905,11.0,-1.865,1.0,0.48,0.8370000000000001,0.81,0.395,0.9640000000000001,195.919,4.0
