,danceability,energy,key,loudness,mode,speechiness,acousticness,instrumentalness,liveness,valence,tempo,time_signature
mean,0.7362600000000001,0.6888600000000001,4.7,-5.537839999999999,0.4,0.12892399999999998,0.20010689799999998,0.0105272304,0.22234599999999993,0.540476,120.19792000000002,4.0
std,0.12977701598338215,0.16016636886152383,3.3396199221602747,1.7783534388499347,0.4948716593053935,0.11708593313791163,0.19159436022727758,0.04873617208616619,0.19336434068612443,0.23565079279930032,29.537781036579197,0.20203050891044214
min,0.424,0.308,0.0,-9.309,0.0,0.0315,1.89e-05,0.0,0.037000000000000005,0.04,77.501,3.0
max,0.9640000000000001,0.9440000000000001,11.0,-0.9279999999999999,1.0,0.53,0.9620000000000001,0.336,0.968,0.892,180.07299999999998,5.0
