,danceability,energy,key,loudness,mode,speechiness,acousticness,instrumentalness,liveness,valence,tempo,time_signature
mean,0.7282,0.67326,5.72,-5.215440000000001,0.7,0.15207400000000007,0.2511425400000001,0.012301949,0.17811800000000003,0.61497,113.18441999999997,4.02
std,0.14600125803204153,0.15309351683843175,3.8494102384226947,2.6296423917657377,0.4629100498862757,0.10670357339616235,0.23770563170315573,0.06788672841904113,0.15420327783117183,0.19851161509224244,30.432841935129407,0.14142135623730948
min,0.302,0.235,0.0,-16.541,0.0,0.0309,0.000197,0.0,0.0501,0.0895,74.93,4.0
max,0.882,0.972,11.0,-1.8,1.0,0.426,0.9329999999999999,0.465,0.795,0.909,185.90099999999998,5.0
