,danceability,energy,key,loudness,mode,speechiness,acousticness,instrumentalness,liveness,valence,tempo,time_signature
mean,0.7009399999999998,0.67001,4.32,-5.469420000000001,0.64,0.10997800000000002,0.25169220000000003,0.0082969042,0.16135199999999997,0.5796200000000001,123.51559999999998,3.98
std,0.11703538798507197,0.14182320447137914,3.4960035492439827,2.059295868266924,0.4848732213850611,0.09079976240641395,0.19680373622728917,0.05525149180059489,0.10524232918869302,0.21648583777971178,31.59320844867821,0.1414213562373094
min,0.433,0.0935,0.0,-13.712,0.0,0.0261,0.00381,0.0,0.0344,0.1,75.05,3.0
max,0.9009999999999999,0.902,11.0,-1.9480000000000002,1.0,0.353,0.924,0.391,0.5429999999999999,0.9640000000000001,192.06799999999998,4.0
