,danceability,energy,key,loudness,mode,speechiness,acousticness,instrumentalness,liveness,valence,tempo,time_signature
mean,0.73584,0.6603599999999998,5.6,-5.59422,0.6,0.14128400000000002,0.2952688000000001,0.02158345600000001,0.16722599999999999,0.58854,121.33148,3.94
std,0.10298689435148176,0.16020863438220878,3.8808793449160355,2.558879348863642,0.49487165930539356,0.11072413478772275,0.25074712885930256,0.11951494027715168,0.1154101166470678,0.20243801873307155,34.45555876377688,0.469910977239958
min,0.473,0.159,0.0,-14.460999999999999,0.0,0.028999999999999998,0.00554,0.0,0.0568,0.14400000000000002,75.003,1.0
max,0.912,0.905,11.0,-1.681,1.0,0.45399999999999996,0.946,0.81,0.498,0.96,186.02900000000002,5.0
