,danceability,energy,key,loudness,mode,speechiness,acousticness,instrumentalness,liveness,valence,tempo,time_signature
mean,0.6141599999999999,0.68964,4.96,-6.24106,0.68,0.0778,0.23994442599999996,0.05783011119999999,0.18458999999999995,0.5494099999999998,128.82956000000001,3.92
std,0.15663780657612514,0.1939207454353558,3.6419326558007294,2.727030136187253,0.47121207149916117,0.10846768539758839,0.2562466532840677,0.16631152950951839,0.13893051302352408,0.2260198133359289,32.07941260223588,0.3404678653660855
min,0.187,0.145,0.0,-15.218,0.0,0.0232,3.2200000000000003e-05,0.0,0.0408,0.0405,79.42699999999999,3.0
max,0.8590000000000001,0.9740000000000001,11.0,-1.3969999999999998,1.0,0.765,0.843,0.8109999999999999,0.672,0.9309999999999999,198.632,5.0
