,danceability,energy,key,loudness,mode,speechiness,acousticness,instrumentalness,liveness,valence,tempo,time_signature
mean,0.7468800000000002,0.67742,4.72,-5.5502600000000015,0.46,0.115592,0.24045939999999993,0.0025163500000000005,0.14317200000000005,0.6070800000000002,121.48288000000001,4.0
std,0.0936704252762235,0.16225466126444818,3.6979862142544992,2.189907227650132,0.5034574339058886,0.1008740654358246,0.2162687601621687,0.014735708384450173,0.09876323789337646,0.20913054608574627,33.84094923684341,0.20203050891044214
min,0.325,0.157,0.0,-14.402999999999999,0.0,0.0286,0.0073,0.0,0.0371,0.142,80.09899999999999,3.0
max,0.889,0.914,11.0,-2.293,1.0,0.5,0.9470000000000001,0.10300000000000001,0.413,0.9520000000000001,191.91099999999997,5.0
