,danceability,energy,key,loudness,mode,speechiness,acousticness,instrumentalness,liveness,valence,tempo,time_signature
mean,0.7272799999999999,0.69278,5.06,-5.527940000000001,0.52,0.09510799999999996,0.2025739399999999,0.0016457352,0.15114200000000003,0.503956,121.99804000000002,4.02
std,0.11468591358798257,0.14869106309693922,3.4841331308475265,1.9511296509186362,0.5046720495044484,0.063354286745094,0.19158244772894165,0.006048998094077062,0.10235541338385377,0.23634410848660167,31.542716556984846,0.14142135623730945
min,0.47600000000000003,0.317,0.0,-12.39,0.0,0.0253,0.000837,0.0,0.0344,0.0778,80.04,4.0
max,0.9329999999999999,0.922,11.0,-1.6469999999999998,1.0,0.271,0.733,0.0384,0.44799999999999995,0.958,195.905,5.0
