,danceability,energy,key,loudness,mode,speechiness,acousticness,instrumentalness,liveness,valence,tempo,time_signature
mean,0.7252,0.6679,4.86,-5.456360000000001,0.64,0.15835400000000002,0.2574988000000001,0.0028661338,0.15667,0.6139500000000001,130.48178,4.0
std,0.13547437441246585,0.1610905753586713,3.984715696718332,2.9633411559472207,0.4848732213850611,0.10879015038324086,0.2551578658890633,0.01839090813714131,0.11384905196203024,0.21259831459197165,37.127018760636474,0.20203050891044214
min,0.3,0.159,0.0,-16.541,0.0,0.0295,0.004070000000000001,0.0,0.0501,0.0895,74.93,3.0
max,0.9179999999999999,0.9109999999999999,11.0,-1.8,1.0,0.426,0.946,0.13,0.605,0.9179999999999999,200.007,5.0
