,danceability,energy,key,loudness,mode,speechiness,acousticness,instrumentalness,liveness,valence,tempo,time_signature
mean,0.7123999999999998,0.66512,5.8,-5.554460000000001,0.58,0.12183800000000002,0.22929600000000006,0.0074231038,0.13506400000000002,0.6076060000000001,124.48916000000003,3.94
std,0.1467146334673859,0.15571463171652253,3.822596617217044,2.5002587964824277,0.49856938190328975,0.0940877269534412,0.21553220694033506,0.03638173015905559,0.0928775093269383,0.20701769263834943,34.765795492391305,0.23989793748209529
min,0.271,0.21899999999999997,0.0,-16.541,0.0,0.0281,0.0104,0.0,0.0439,0.0868,74.68,3.0
max,0.9079999999999999,0.9109999999999999,11.0,-1.9980000000000002,1.0,0.444,0.938,0.225,0.499,0.9570000000000001,191.99400000000003,4.0
