,danceability,energy,key,loudness,mode,speechiness,acousticness,instrumentalness,liveness,valence,tempo,time_signature
mean,0.6879200000000002,0.6900199999999999,5.12,-5.5192,0.58,0.10294400000000001,0.25748400000000005,0.0023446559999999997,0.196738,0.5825,121.43498,3.96
std,0.15124798396362588,0.1749631436407481,3.7777004127065528,2.5756587982296804,0.4985693819032897,0.08526387650543867,0.22503001737183276,0.0158262784912623,0.19331820536755095,0.20561220185344165,30.992350286896833,0.19794866372215747
min,0.215,0.10400000000000001,0.0,-14.08,0.0,0.0299,0.0138,0.0,0.0563,0.158,77.567,3.0
max,0.8759999999999999,0.934,11.0,-1.694,1.0,0.386,0.9790000000000001,0.11199999999999999,0.976,0.9640000000000001,201.80700000000002,4.0
