,danceability,energy,key,loudness,mode,speechiness,acousticness,instrumentalness,liveness,valence,tempo,time_signature
mean,0.7329999999999999,0.6579400000000001,5.86,-5.6715,0.64,0.13157,0.2992546000000001,0.025710490800000003,0.17930799999999994,0.62801,123.69946000000002,4.0
std,0.11304667629084973,0.1552704566035585,4.050749489732909,2.8125262901265584,0.4848732213850611,0.09884417596626004,0.26445348380918776,0.13087818991406922,0.12873651598104857,0.21680788283921895,32.84463901225443,0.2857142857142857
min,0.42700000000000005,0.159,0.0,-16.541,0.0,0.028999999999999998,0.00903,0.0,0.0302,0.0895,74.93,3.0
max,0.9059999999999999,0.972,11.0,-1.681,1.0,0.38,0.946,0.81,0.634,0.9620000000000001,188.023,5.0
