,danceability,energy,key,loudness,mode,speechiness,acousticness,instrumentalness,liveness,valence,tempo,time_signature
mean,0.7316599999999999,0.6836000000000001,5.66,-5.4527600000000005,0.62,0.11196400000000004,0.25639599999999996,0.0005468045999999999,0.1769779999999999,0.6218,121.90985999999997,4.0
std,0.10232433628379109,0.15010363766683443,3.9929018653258246,2.1155371254080118,0.4903143514780145,0.08097065671574853,0.20350330284638565,0.0021977832034354296,0.13861164702071727,0.1877421157886965,33.19701459162143,0.0
min,0.44,0.316,0.0,-12.595,0.0,0.0287,0.0183,0.0,0.0537,0.158,73.51,4.0
max,0.9109999999999999,0.9109999999999999,11.0,-1.9980000000000002,1.0,0.336,0.871,0.0119,0.7759999999999999,0.9179999999999999,189.993,4.0
