,danceability,energy,key,loudness,mode,speechiness,acousticness,instrumentalness,liveness,valence,tempo,time_signature
mean,0.6776599999999999,0.72292,5.66,-5.134280000000001,0.64,0.114168,0.22303143540000012,0.005711799200000001,0.159194,0.5873540000000002,122.91324,3.98
std,0.12480018478531583,0.14258743683388503,3.804454961097635,2.1788836782318843,0.4848732213850611,0.08952510636345404,0.19922104921540806,0.03901221656216709,0.11832211553420513,0.18510840862277742,31.96896143650869,0.24660966430902945
min,0.368,0.31,0.0,-14.019,0.0,0.0278,1.77e-06,0.0,0.0344,0.0347,79.992,3.0
max,0.8759999999999999,0.997,11.0,-1.0979999999999999,1.0,0.353,0.94,0.276,0.6509999999999999,0.9209999999999999,188.048,5.0
