,danceability,energy,key,loudness,mode,speechiness,acousticness,instrumentalness,liveness,valence,tempo,time_signature
mean,0.7349800000000001,0.65718,5.82,-5.278,0.66,0.151564,0.2794014,0.025599879600000007,0.16841800000000004,0.64236,126.24429999999998,3.9
std,0.10428600587043384,0.1610011649089559,3.89499941054723,1.9438928751873348,0.47851812069840666,0.1178890290372558,0.23041443966948788,0.13089654010382867,0.12751843674623708,0.19667467803352784,34.06550173263148,0.4629100498862757
min,0.449,0.19399999999999998,0.0,-12.414000000000001,0.0,0.028999999999999998,0.00554,0.0,0.0568,0.244,75.003,1.0
max,0.915,0.972,11.0,-1.865,1.0,0.45399999999999996,0.7490000000000001,0.81,0.667,0.96,186.02900000000002,4.0
