,danceability,energy,key,loudness,mode,speechiness,acousticness,instrumentalness,liveness,valence,tempo,time_signature
mean,0.72856,0.6357399999999999,5.74,-5.48098,0.64,0.103788,0.2542758,0.023140547600000002,0.165358,0.6119799999999997,124.15942000000001,3.9
std,0.11868929769678097,0.15229573941807417,3.6073055125986335,2.045616463044222,0.4848732213850611,0.08557651222676677,0.2591991290304874,0.1039139198001677,0.10420190191769681,0.19921626951837126,32.812507683087155,0.3642156795423417
min,0.358,0.212,0.0,-14.454,0.0,0.0285,0.00122,0.0,0.0442,0.209,77.332,3.0
max,0.941,0.9009999999999999,11.0,-1.3869999999999998,1.0,0.34600000000000003,0.9309999999999999,0.657,0.46,0.9620000000000001,189.983,5.0
