,danceability,energy,key,loudness,mode,speechiness,acousticness,instrumentalness,liveness,valence,tempo,time_signature
mean,0.7132,0.6767400000000001,5.9,-5.307460000000001,0.66,0.12916600000000003,0.29539859999999996,0.0184473004,0.149944,0.589628,126.94205999999998,3.98
std,0.11395631099823535,0.15330292940210016,3.489049926234232,1.9500209021381056,0.47851812069840666,0.10030399835357655,0.21341947546126916,0.12679456306972497,0.10471851318693191,0.23509460713091831,31.786740309867238,0.24660966430902947
min,0.433,0.179,0.0,-11.134,0.0,0.0281,0.00513,0.0,0.0344,0.0454,79.992,3.0
max,0.9309999999999999,0.8859999999999999,11.0,-1.746,1.0,0.41200000000000003,0.94,0.897,0.61,0.9209999999999999,182.18400000000003,5.0
