,danceability,energy,key,loudness,mode,speechiness,acousticness,instrumentalness,liveness,valence,tempo,time_signature
mean,0.7135399999999998,0.6585799999999999,6.16,-6.2199800000000005,0.54,0.15134199999999998,0.21110505999999998,0.0015013465999999997,0.19322,0.5439200000000002,123.22750000000002,4.0
std,0.11400272284610809,0.15308902172079022,3.632955731486247,2.5776033203623196,0.5034574339058886,0.11723497439078562,0.22728716191910447,0.006254271123667185,0.15176575129226663,0.1892476878245512,33.48594253411361,0.0
min,0.44299999999999995,0.126,0.0,-15.615,0.0,0.0342,0.000813,0.0,0.0505,0.162,70.124,4.0
max,0.9279999999999999,0.8909999999999999,11.0,-2.384,1.0,0.452,0.978,0.0345,0.784,0.847,212.11700000000002,4.0
