,danceability,energy,key,loudness,mode,speechiness,acousticness,instrumentalness,liveness,valence,tempo,time_signature
mean,0.7183799999999999,0.69916,5.9,-5.3108,0.64,0.166234,0.27287008,0.056264515000000015,0.15701,0.62228,122.76260000000002,4.0
std,0.12880690975254397,0.14054825012160377,3.861109071925594,2.3613224157281887,0.48487322138506106,0.12276269228200613,0.22857429705412943,0.1836512718829907,0.12189803073864312,0.18418857240361478,34.97227014685335,0.20203050891044214
min,0.313,0.298,0.0,-12.985999999999999,0.0,0.028999999999999998,0.000824,0.0,0.0501,0.159,77.993,3.0
max,0.912,0.972,11.0,-1.681,1.0,0.556,0.912,0.81,0.667,0.94,184.019,5.0
